date,level,applicationName,instanceId,eventTickCount,eventId,pid,tid,message,activityId
2024-01-30T23:41:06,Error,site-85de4385-0987-4ae5-9917-b7715602956d-AUe,7e7bb2,638422548669661670,0,35932,124,"RequestData:, RequestPath:, RequestExtension:, SessionId:, UserId:, CorrelationId:00000000-0000-0000-0000-000000000000, Elapsed:0, RequestMethod:, RequestContentType:, RequestAccept:, RequestCacheControl:, UserAgent:, HandlerName:, HandlerExecuted:False, VaryByCustom:, MemberName:HandleExceptionAsync, SourceFilePath:C:\__w\1\s\Framework\Adxstudio.Xrm\Identity\MSAL\MsalTokenManager.cs, SourceLineNumber:211, ExceptionMessage:AADSTS9002313: Invalid request. Request is malformed or invalid. Trace ID: 8b108b4f-6d0f-4b05-bedf-9c33f02f0a00 Correlation ID: 7f1262fd-d9d6-4cf4-8c2a-846b2f029137 Timestamp: 2024-01-30 23:41:06Z
Microsoft.Identity.Client.MsalUiRequiredException
   at Microsoft.Identity.Client.OAuth2.OAuth2Client.ThrowServerException(HttpResponse response, RequestContext requestContext)
   at Microsoft.Identity.Client.OAuth2.OAuth2Client.CreateResponse[T](HttpResponse response, RequestContext requestContext)
   at Microsoft.Identity.Client.OAuth2.OAuth2Client.<ExecuteRequestAsync>d__12`1.MoveNext()
--- End of stack trace from previous location where exception was thrown ---
   at System.Runtime.ExceptionServices.ExceptionDispatchInfo.Throw()
   at System.Runtime.CompilerServices.TaskAwaiter.HandleNonSuccessAndDebuggerNotification(Task task)
   at Microsoft.Identity.Client.OAuth2.OAuth2Client.<GetTokenAsync>d__11.MoveNext()
--- End of stack trace from previous location where exception was thrown ---
   at System.Runtime.ExceptionServices.ExceptionDispatchInfo.Throw()
   at System.Runtime.CompilerServices.TaskAwaiter.HandleNonSuccessAndDebuggerNotification(Task task)
   at Microsoft.Identity.Client.OAuth2.TokenClient.<SendHttpAndClearTelemetryAsync>d__11.MoveNext()
--- End of stack trace from previous location where exception was thrown ---
   at System.Runtime.ExceptionServices.ExceptionDispatchInfo.Throw()
   at Microsoft.Identity.Client.OAuth2.TokenClient.<SendHttpAndClearTelemetryAsync>d__11.MoveNext()
--- End of stack trace from previous location where exception was thrown ---
   at System.Runtime.ExceptionServices.ExceptionDispatchInfo.Throw()
   at System.Runtime.CompilerServices.TaskAwaiter.HandleNonSuccessAndDebuggerNotification(Task task)
   at Microsoft.Identity.Client.OAuth2.TokenClient.<SendTokenRequestAsync>d__5.MoveNext()
--- End of stack trace from previous location where exception was thrown ---
   at System.Runtime.ExceptionServices.ExceptionDispatchInfo.Throw()
   at System.Runtime.CompilerServices.TaskAwaiter.HandleNonSuccessAndDebuggerNotification(Task task)
   at Microsoft.Identity.Client.Internal.Requests.RequestBase.<SendTokenRequestAsync>d__25.MoveNext()
--- End of stack trace from previous location where exception was thrown ---
   at System.Runtime.ExceptionServices.ExceptionDispatchInfo.Throw()
   at System.Runtime.CompilerServices.TaskAwaiter.HandleNonSuccessAndDebuggerNotification(Task task)
   at Microsoft.Identity.Client.Internal.Requests.ConfidentialAuthCodeRequest.<ExecuteAsync>d__2.MoveNext()
--- End of stack trace from previous location where exception was thrown ---
   at System.Runtime.ExceptionServices.ExceptionDispatchInfo.Throw()
   at System.Runtime.CompilerServices.TaskAwaiter.HandleNonSuccessAndDebuggerNotification(Task task)
   at Microsoft.Identity.Client.Internal.Requests.RequestBase.<RunAsync>d__12.MoveNext()
--- End of stack trace from previous location where exception was thrown ---
   at System.Runtime.ExceptionServices.ExceptionDispatchInfo.Throw()
   at System.Runtime.CompilerServices.TaskAwaiter.HandleNonSuccessAndDebuggerNotification(Task task)
   at Microsoft.Identity.Client.ApiConfig.Executors.ConfidentialClientExecutor.<ExecuteAsync>d__2.MoveNext()
--- End of stack trace from previous location where exception was thrown ---
   at System.Runtime.ExceptionServices.ExceptionDispatchInfo.Throw()
   at System.Runtime.CompilerServices.TaskAwaiter.HandleNonSuccessAndDebuggerNotification(Task task)
   at Adxstudio.Xrm.Identity.MSAL.MsalTokenProvider.<GetTokenByAuthorizationCodeAsync>d__6.MoveNext() in C:\__w\1\s\Framework\Adxstudio.Xrm\Identity\MSAL\MsalTokenProvider.cs:line 136
--- End of stack trace from previous location where exception was thrown ---
   at System.Runtime.ExceptionServices.ExceptionDispatchInfo.Throw()
   at System.Runtime.CompilerServices.TaskAwaiter.HandleNonSuccessAndDebuggerNotification(Task task)
   at Adxstudio.Xrm.Identity.MSAL.MsalTokenManager.<>c__DisplayClass9_0.<<GetTokenByAuthorizationCodeAsync>b__0>d.MoveNext() in C:\__w\1\s\Framework\Adxstudio.Xrm\Identity\MSAL\MsalTokenManager.cs:line 137
--- End of stack trace from previous location where exception was thrown ---
   at System.Runtime.ExceptionServices.ExceptionDispatchInfo.Throw()
   at System.Runtime.CompilerServices.TaskAwaiter.HandleNonSuccessAndDebuggerNotification(Task task)
   at Adxstudio.Xrm.Identity.MSAL.MsalTokenManager.<HandleExceptionAsync>d__12`1.MoveNext() in C:\__w\1\s\Framework\Adxstudio.Xrm\Identity\MSAL\MsalTokenManager.cs:line 0

Microsoft.Identity.Client

, EventData:GetTokenByAuthorizationCodeAsync failed, ErrorCode: invalid_grant, statusCode: 400, correlationId: 7f1262fd-d9d6-4cf4-8c2a-846b2f029137, Category:Application, ErrorCategory:ApplicationError",8000147b-0001-ce00-b63f-84710c7967bb
2024-01-30T23:41:07,Error,site-85de4385-0987-4ae5-9917-b7715602956d-AUe,7e7bb2,638422548670131197,0,35932,125,"RequestData:, RequestPath:, RequestExtension:, SessionId:, UserId:, CorrelationId:00000000-0000-0000-0000-000000000000, Elapsed:0, RequestMethod:, RequestContentType:, RequestAccept:, RequestCacheControl:, UserAgent:, HandlerName:, HandlerExecuted:False, VaryByCustom:, MemberName:HandleExceptionAsync, SourceFilePath:C:\__w\1\s\Framework\Adxstudio.Xrm\Identity\MSAL\MsalTokenManager.cs, SourceLineNumber:211, ExceptionMessage:AADSTS9002313: Invalid request. Request is malformed or invalid. Trace ID: e1b94880-a8b0-478e-89da-e7144f260600 Correlation ID: 605bbec6-51ad-411f-8791-13e902ac7a83 Timestamp: 2024-01-30 23:41:07Z
Microsoft.Identity.Client.MsalUiRequiredException
   at Microsoft.Identity.Client.OAuth2.OAuth2Client.ThrowServerException(HttpResponse response, RequestContext requestContext)
   at Microsoft.Identity.Client.OAuth2.OAuth2Client.CreateResponse[T](HttpResponse response, RequestContext requestContext)
   at Microsoft.Identity.Client.OAuth2.OAuth2Client.<ExecuteRequestAsync>d__12`1.MoveNext()
--- End of stack trace from previous location where exception was thrown ---
   at System.Runtime.ExceptionServices.ExceptionDispatchInfo.Throw()
   at System.Runtime.CompilerServices.TaskAwaiter.HandleNonSuccessAndDebuggerNotification(Task task)
   at Microsoft.Identity.Client.OAuth2.OAuth2Client.<GetTokenAsync>d__11.MoveNext()
--- End of stack trace from previous location where exception was thrown ---
   at System.Runtime.ExceptionServices.ExceptionDispatchInfo.Throw()
   at System.Runtime.CompilerServices.TaskAwaiter.HandleNonSuccessAndDebuggerNotification(Task task)
   at Microsoft.Identity.Client.OAuth2.TokenClient.<SendHttpAndClearTelemetryAsync>d__11.MoveNext()
--- End of stack trace from previous location where exception was thrown ---
   at System.Runtime.ExceptionServices.ExceptionDispatchInfo.Throw()
   at Microsoft.Identity.Client.OAuth2.TokenClient.<SendHttpAndClearTelemetryAsync>d__11.MoveNext()
--- End of stack trace from previous location where exception was thrown ---
   at System.Runtime.ExceptionServices.ExceptionDispatchInfo.Throw()
   at System.Runtime.CompilerServices.TaskAwaiter.HandleNonSuccessAndDebuggerNotification(Task task)
   at Microsoft.Identity.Client.OAuth2.TokenClient.<SendTokenRequestAsync>d__5.MoveNext()
--- End of stack trace from previous location where exception was thrown ---
   at System.Runtime.ExceptionServices.ExceptionDispatchInfo.Throw()
   at System.Runtime.CompilerServices.TaskAwaiter.HandleNonSuccessAndDebuggerNotification(Task task)
   at Microsoft.Identity.Client.Internal.Requests.RequestBase.<SendTokenRequestAsync>d__25.MoveNext()
--- End of stack trace from previous location where exception was thrown ---
   at System.Runtime.ExceptionServices.ExceptionDispatchInfo.Throw()
   at System.Runtime.CompilerServices.TaskAwaiter.HandleNonSuccessAndDebuggerNotification(Task task)
   at Microsoft.Identity.Client.Internal.Requests.ConfidentialAuthCodeRequest.<ExecuteAsync>d__2.MoveNext()
--- End of stack trace from previous location where exception was thrown ---
   at System.Runtime.ExceptionServices.ExceptionDispatchInfo.Throw()
   at System.Runtime.CompilerServices.TaskAwaiter.HandleNonSuccessAndDebuggerNotification(Task task)
   at Microsoft.Identity.Client.Internal.Requests.RequestBase.<RunAsync>d__12.MoveNext()
--- End of stack trace from previous location where exception was thrown ---
   at System.Runtime.ExceptionServices.ExceptionDispatchInfo.Throw()
   at System.Runtime.CompilerServices.TaskAwaiter.HandleNonSuccessAndDebuggerNotification(Task task)
   at Microsoft.Identity.Client.ApiConfig.Executors.ConfidentialClientExecutor.<ExecuteAsync>d__2.MoveNext()
--- End of stack trace from previous location where exception was thrown ---
   at System.Runtime.ExceptionServices.ExceptionDispatchInfo.Throw()
   at System.Runtime.CompilerServices.TaskAwaiter.HandleNonSuccessAndDebuggerNotification(Task task)
   at Adxstudio.Xrm.Identity.MSAL.MsalTokenProvider.<GetTokenByAuthorizationCodeAsync>d__6.MoveNext() in C:\__w\1\s\Framework\Adxstudio.Xrm\Identity\MSAL\MsalTokenProvider.cs:line 136
--- End of stack trace from previous location where exception was thrown ---
   at System.Runtime.ExceptionServices.ExceptionDispatchInfo.Throw()
   at System.Runtime.CompilerServices.TaskAwaiter.HandleNonSuccessAndDebuggerNotification(Task task)
   at Adxstudio.Xrm.Identity.MSAL.MsalTokenManager.<>c__DisplayClass9_0.<<GetTokenByAuthorizationCodeAsync>b__0>d.MoveNext() in C:\__w\1\s\Framework\Adxstudio.Xrm\Identity\MSAL\MsalTokenManager.cs:line 137
--- End of stack trace from previous location where exception was thrown ---
   at System.Runtime.ExceptionServices.ExceptionDispatchInfo.Throw()
   at System.Runtime.CompilerServices.TaskAwaiter.HandleNonSuccessAndDebuggerNotification(Task task)
   at Adxstudio.Xrm.Identity.MSAL.MsalTokenManager.<HandleExceptionAsync>d__12`1.MoveNext() in C:\__w\1\s\Framework\Adxstudio.Xrm\Identity\MSAL\MsalTokenManager.cs:line 0

Microsoft.Identity.Client

, EventData:GetTokenByAuthorizationCodeAsync failed, ErrorCode: invalid_grant, statusCode: 400, correlationId: 605bbec6-51ad-411f-8791-13e902ac7a83, Category:Application, ErrorCategory:ApplicationError",8000147b-0001-ce00-b63f-84710c7967bb
2024-01-30T23:43:34,Error,site-85de4385-0987-4ae5-9917-b7715602956d-AUe,7e7bb2,638422550148017849,0,35932,203,"RequestData:, RequestPath:/_portal/modal-form-template-path/40096e18-22f9-ed11-8f6e-00224893bfba, RequestExtension:, SessionId:, UserId:Xko9qBMmfhZZhNfk7t1p_YaVwBQqFgFoki5xRUmOjP2cGWo-B-8aClZGyWEFBbyLZHDRARMP3IQ2YSC3zP-seJVLVPothBDAAPr42RruYea7PLAfGSn4wChaluPv2Mnxxc8K9ztwK93gqy_FevbGzg2, CorrelationId:e043c787-7192-4a03-bed8-45d93d3d4ac7, Elapsed:11824.9037, RequestMethod:POST, RequestContentType:application/x-www-form-urlencoded, RequestAccept:text/html,application/xhtml+xml,application/xml;q=0.9,image/avif,image/webp,image/apng,*/*;q=0.8,application/signed-exchange;v=b3;q=0.7, RequestCacheControl:max-age=0, UserAgent:Mozilla/5.0 (Windows NT 10.0; Win64; x64) AppleWebKit/537.36 (KHTML, like Gecko) Chrome/121.0.0.0 Safari/537.36, HandlerName:ASP.areas_portal_pages_form_aspx, HandlerExecuted:False, VaryByCustom:, MemberName:InvokeFuntion, SourceFilePath:C:\__w\1\s\Framework\Adxstudio.Xrm\Services\Pooling\Dataverse\PoolableDataverseConnection.cs, SourceLineNumber:211, ExceptionMessage:Error initiating workflow on record with ID = aaed0c73-b42a-ee11-9965-00224811b992; Error initiating workflow on record with ID = aaed0c73-b42a-ee11-9965-00224811b992; Error initiating workflow on record with ID = aaed0c73-b42a-ee11-9965-00224811b992; Error initiating workflow on record with ID = aaed0c73-b42a-ee11-9965-00224811b992; Error initiating workflow on record with ID = aaed0c73-b42a-ee11-9965-00224811b992; Error initiating workflow on record with ID = aaed0c73-b42a-ee11-9965-00224811b992; This workflow job was canceled because the workflow that started it included an infinite loop. Correct the workflow logic and try again. For information about workflow logic, see Help.
System.ServiceModel.FaultException`1[[Microsoft.Xrm.Sdk.OrganizationServiceFault, Microsoft.Xrm.Sdk, Version=9.0.0.0, Culture=neutral, PublicKey**redacted**]]

Server stack trace: 
   at System.ServiceModel.Channels.ServiceChannel.HandleReply(ProxyOperationRuntime operation, ProxyRpc& rpc)
   at System.ServiceModel.Channels.ServiceChannel.Call(String action, Boolean oneway, ProxyOperationRuntime operation, Object[] ins, Object[] outs, TimeSpan timeout)
   at System.ServiceModel.Channels.ServiceChannelProxy.InvokeService(IMethodCallMessage methodCall, ProxyOperationRuntime operation)
   at System.ServiceModel.Channels.ServiceChannelProxy.Invoke(IMessage message)

Exception rethrown at [0]: 
   at Microsoft.Xrm.Tooling.Connector.CrmServiceClient.Execute(OrganizationRequest request)
   at Adxstudio.Xrm.Services.Pooling.Dataverse.PoolableDataverseConnection.InvokeFuntion[TResult](Func`1 function) in C:\__w\1\s\Framework\Adxstudio.Xrm\Services\Pooling\Dataverse\PoolableDataverseConnection.cs:line 206

mscorlib

, EventData:Error occured while making Dataverse Call, Category:Application, ErrorCategory:ApplicationError",800014d8-0001-ce00-b63f-84710c7967bb
2024-01-30T23:43:34,Error,site-85de4385-0987-4ae5-9917-b7715602956d-AUe,7e7bb2,638422550149424026,0,35932,203,"RequestData:, RequestPath:/_portal/modal-form-template-path/40096e18-22f9-ed11-8f6e-00224893bfba, RequestExtension:, SessionId:, UserId:Xko9qBMmfhZZhNfk7t1p_YaVwBQqFgFoki5xRUmOjP2cGWo-B-8aClZGyWEFBbyLZHDRARMP3IQ2YSC3zP-seJVLVPothBDAAPr42RruYea7PLAfGSn4wChaluPv2Mnxxc8K9ztwK93gqy_FevbGzg2, CorrelationId:e043c787-7192-4a03-bed8-45d93d3d4ac7, Elapsed:11950.9814, RequestMethod:POST, RequestContentType:application/x-www-form-urlencoded, RequestAccept:text/html,application/xhtml+xml,application/xml;q=0.9,image/avif,image/webp,image/apng,*/*;q=0.8,application/signed-exchange;v=b3;q=0.7, RequestCacheControl:max-age=0, UserAgent:Mozilla/5.0 (Windows NT 10.0; Win64; x64) AppleWebKit/537.36 (KHTML, like Gecko) Chrome/121.0.0.0 Safari/537.36, HandlerName:ASP.areas_portal_pages_form_aspx, HandlerExecuted:False, VaryByCustom:, ExceptionMessage:Error initiating workflow on record with ID = aaed0c73-b42a-ee11-9965-00224811b992; Error initiating workflow on record with ID = aaed0c73-b42a-ee11-9965-00224811b992; Error initiating workflow on record with ID = aaed0c73-b42a-ee11-9965-00224811b992; Error initiating workflow on record with ID = aaed0c73-b42a-ee11-9965-00224811b992; Error initiating workflow on record with ID = aaed0c73-b42a-ee11-9965-00224811b992; Error initiating workflow on record with ID = aaed0c73-b42a-ee11-9965-00224811b992; This workflow job was canceled because the workflow that started it included an infinite loop. Correct the workflow logic and try again. For information about workflow logic, see Help.
System.ServiceModel.FaultException`1[[Microsoft.Xrm.Sdk.OrganizationServiceFault, Microsoft.Xrm.Sdk, Version=9.0.0.0, Culture=neutral, PublicKey**redacted**]]

Server stack trace: 
   at System.ServiceModel.Channels.ServiceChannel.HandleReply(ProxyOperationRuntime operation, ProxyRpc& rpc)
   at System.ServiceModel.Channels.ServiceChannel.Call(String action, Boolean oneway, ProxyOperationRuntime operation, Object[] ins, Object[] outs, TimeSpan timeout)
   at System.ServiceModel.Channels.ServiceChannelProxy.InvokeService(IMethodCallMessage methodCall, ProxyOperationRuntime operation)
   at System.ServiceModel.Channels.ServiceChannelProxy.Invoke(IMessage message)

Exception rethrown at [0]: 
   at Microsoft.Xrm.Tooling.Connector.CrmServiceClient.Execute(OrganizationRequest request)
   at Adxstudio.Xrm.Services.Pooling.Dataverse.PoolableDataverseConnection.InvokeFuntion[TResult](Func`1 function) in C:\__w\1\s\Framework\Adxstudio.Xrm\Services\Pooling\Dataverse\PoolableDataverseConnection.cs:line 212
   at Microsoft.Xrm.Client.Services.OrganizationService.InnerOrganizationService.UsingService[TResult](Func`2 action) in C:\__w\1\s\Framework\Microsoft.Xrm.Client\Services\OrganizationService.cs:line 436
   at Adxstudio.Xrm.Services.CachedOrganizationService.InnerExecute(OrganizationRequest request) in C:\__w\1\s\Framework\Adxstudio.Xrm\Services\CachedOrganizationService.cs:line 429
   at Adxstudio.Xrm.Services.OrganizationServiceCache.InnerExecute[TRequest,TResponse,TResult](TRequest query, Func`2 execute, Func`2 selector) in C:\__w\1\s\Framework\Adxstudio.Xrm\Services\OrganizationServiceCache.cs:line 653
   at Adxstudio.Xrm.Services.OrganizationServiceCache.InnerExecute[TRequest,TResponse,TResult](TRequest request, Func`2 execute, Func`2 selector, String selectorCacheKey) in C:\__w\1\s\Framework\Adxstudio.Xrm\Services\OrganizationServiceCache.cs:line 323
   at Adxstudio.Xrm.Services.ContentMapOrganizationServiceCache.Execute[T](OrganizationRequest request, Func`2 execute, Func`2 selector, String selectorCacheKey) in C:\__w\1\s\Framework\Adxstudio.Xrm\Services\ContentMapOrganizationServiceCache.cs:line 36
   at Adxstudio.Xrm.Services.PortalBusOrganizationServiceCache.Execute[T](OrganizationRequest request, Func`2 execute, Func`2 selector, String selectorCacheKey) in C:\__w\1\s\Framework\Adxstudio.Xrm\Services\PortalBusOrganizationServiceCache.cs:line 44
   at Adxstudio.Xrm.Services.CachedOrganizationService.Execute[T](OrganizationRequest request, Func`2 selector, String selectorCacheKey) in C:\__w\1\s\Framework\Adxstudio.Xrm\Services\CachedOrganizationService.cs:line 367
   at Adxstudio.Xrm.Services.CachedOrganizationService.Execute[T](OrganizationRequest request) in C:\__w\1\s\Framework\Adxstudio.Xrm\Services\CachedOrganizationService.cs:line 358
   at Adxstudio.Xrm.Services.CrmOnlineOrganizationService.<>c__DisplayClass26_0.<Execute>b__0() in C:\__w\1\s\Framework\Adxstudio.Xrm\Services\CrmOnlineOrganizationService.cs:line 268
   at Microsoft.Practices.TransientFaultHandling.RetryPolicy.ExecuteAction[TResult](Func`1 func)
   at Microsoft.Xrm.Sdk.Client.OrganizationServiceContext.Execute(OrganizationRequest request)
   at Microsoft.Xrm.Sdk.Client.OrganizationServiceContext.SaveChange(OrganizationRequest request, IList`1 results)

mscorlib

, EventData:, Category:Application, ErrorCategory:ApplicationError",800014d8-0001-ce00-b63f-84710c7967bb
2024-01-30T23:43:34,Error,site-85de4385-0987-4ae5-9917-b7715602956d-AUe,7e7bb2,638422550149424026,0,35932,203,"RequestData:, RequestPath:/_portal/modal-form-template-path/40096e18-22f9-ed11-8f6e-00224893bfba, RequestExtension:, SessionId:, UserId:Xko9qBMmfhZZhNfk7t1p_YaVwBQqFgFoki5xRUmOjP2cGWo-B-8aClZGyWEFBbyLZHDRARMP3IQ2YSC3zP-seJVLVPothBDAAPr42RruYea7PLAfGSn4wChaluPv2Mnxxc8K9ztwK93gqy_FevbGzg2, CorrelationId:e043c787-7192-4a03-bed8-45d93d3d4ac7, Elapsed:11981.9207, MemberName:OnItemUpdated, SourceFilePath:C:\__w\1\s\Framework\Adxstudio.Xrm\Web\UI\WebControls\EntityForm.cs, SourceLineNumber:1526, Category:EntityForm, Message:Saving record failed. Entity.Id is null. This error usually indicates a plugin has failed or a system required field was not provided a value. Please check the system jobs in CRM for possible failed plugin steps. System.ServiceModel.FaultException`1[Microsoft.Xrm.Sdk.OrganizationServiceFault]: Error initiating workflow on record with ID = aaed0c73-b42a-ee11-9965-00224811b992; Error initiating workflow on record with ID = aaed0c73-b42a-ee11-9965-00224811b992; Error initiating workflow on record with ID = aaed0c73-b42a-ee11-9965-00224811b992; Error initiating workflow on record with ID = aaed0c73-b42a-ee11-9965-00224811b992; Error initiating workflow on record with ID = aaed0c73-b42a-ee11-9965-00224811b992; Error initiating workflow on record with ID = aaed0c73-b42a-ee11-9965-00224811b992; This workflow job was canceled because the workflow that started it included an infinite loop. Correct the workflow logic and try again. For information about workflow logic, see Help. (Fault Detail is equal to Exception details: 
Error**redacted**
Message: Error initiating workflow on record with ID = aaed0c73-b42a-ee11-9965-00224811b992; Error initiating workflow on record with ID = aaed0c73-b42a-ee11-9965-00224811b992; Error initiating workflow on record with ID = aaed0c73-b42a-ee11-9965-00224811b992; Error initiating workflow on record with ID = aaed0c73-b42a-ee11-9965-00224811b992; Error initiating workflow on record with ID = aaed0c73-b42a-ee11-9965-00224811b992; Error initiating workflow on record with ID = aaed0c73-b42a-ee11-9965-00224811b992; This workflow job was canceled because the workflow that started it included an infinite loop. Correct the workflow logic and try again. For information about workflow logic, see Help.
TimeStamp: 2024-01-30T23:43:34.7179228Z
--
Exception details: 
Error**redacted**
Message: Error initiating workflow on record with ID = aaed0c73-b42a-ee11-9965-00224811b992; Error initiating workflow on record with ID = aaed0c73-b42a-ee11-9965-00224811b992; Error initia...)., ErrorCategory:UserError",800014d8-0001-ce00-b63f-84710c7967bb
2024-01-30T23:45:21,Error,site-85de4385-0987-4ae5-9917-b7715602956d-AUe,7e7bb2,638422551217758448,0,35932,98,"RequestData:, RequestPath:/_portal/modal-form-template-path/40096e18-22f9-ed11-8f6e-00224893bfba, RequestExtension:, SessionId:, UserId:Xko9qBMmfhZZhNfk7t1p_YaVwBQqFgFoki5xRUmOjP2cGWo-B-8aClZGyWEFBbyLZHDRARMP3IQ2YSC3zP-seJVLVPothBDAAPr42RruYea7PLAfGSn4wChaluPv2Mnxxc8K9ztwK93gqy_FevbGzg2, CorrelationId:59d02fe7-2de9-4d48-abcd-a4ad6fd3be67, Elapsed:5237.5695, RequestMethod:POST, RequestContentType:application/x-www-form-urlencoded, RequestAccept:text/html,application/xhtml+xml,application/xml;q=0.9,image/avif,image/webp,image/apng,*/*;q=0.8,application/signed-exchange;v=b3;q=0.7, RequestCacheControl:max-age=0, UserAgent:Mozilla/5.0 (Windows NT 10.0; Win64; x64) AppleWebKit/537.36 (KHTML, like Gecko) Chrome/121.0.0.0 Safari/537.36, HandlerName:ASP.areas_portal_pages_form_aspx, HandlerExecuted:False, VaryByCustom:, MemberName:InvokeFuntion, SourceFilePath:C:\__w\1\s\Framework\Adxstudio.Xrm\Services\Pooling\Dataverse\PoolableDataverseConnection.cs, SourceLineNumber:211, ExceptionMessage:Error initiating workflow on record with ID = aaed0c73-b42a-ee11-9965-00224811b992; Error initiating workflow on record with ID = e3a0f7b5-7428-ee11-9965-00224893bf1c; Entity: nhfic_Application does not have valid status code
System.ServiceModel.FaultException`1[[Microsoft.Xrm.Sdk.OrganizationServiceFault, Microsoft.Xrm.Sdk, Version=9.0.0.0, Culture=neutral, PublicKey**redacted**]]

Server stack trace: 
   at System.ServiceModel.Channels.ServiceChannel.HandleReply(ProxyOperationRuntime operation, ProxyRpc& rpc)
   at System.ServiceModel.Channels.ServiceChannel.Call(String action, Boolean oneway, ProxyOperationRuntime operation, Object[] ins, Object[] outs, TimeSpan timeout)
   at System.ServiceModel.Channels.ServiceChannelProxy.InvokeService(IMethodCallMessage methodCall, ProxyOperationRuntime operation)
   at System.ServiceModel.Channels.ServiceChannelProxy.Invoke(IMessage message)

Exception rethrown at [0]: 
   at Microsoft.Xrm.Tooling.Connector.CrmServiceClient.Execute(OrganizationRequest request)
   at Adxstudio.Xrm.Services.Pooling.Dataverse.PoolableDataverseConnection.InvokeFuntion[TResult](Func`1 function) in C:\__w\1\s\Framework\Adxstudio.Xrm\Services\Pooling\Dataverse\PoolableDataverseConnection.cs:line 206

mscorlib

, EventData:Error occured while making Dataverse Call, Category:Application, ErrorCategory:ApplicationError",80000b8c-0402-c400-b63f-84710c7967bb
2024-01-30T23:45:21,Error,site-85de4385-0987-4ae5-9917-b7715602956d-AUe,7e7bb2,638422551218383506,0,35932,98,"RequestData:, RequestPath:/_portal/modal-form-template-path/40096e18-22f9-ed11-8f6e-00224893bfba, RequestExtension:, SessionId:, UserId:Xko9qBMmfhZZhNfk7t1p_YaVwBQqFgFoki5xRUmOjP2cGWo-B-8aClZGyWEFBbyLZHDRARMP3IQ2YSC3zP-seJVLVPothBDAAPr42RruYea7PLAfGSn4wChaluPv2Mnxxc8K9ztwK93gqy_FevbGzg2, CorrelationId:59d02fe7-2de9-4d48-abcd-a4ad6fd3be67, Elapsed:5306.0282, RequestMethod:POST, RequestContentType:application/x-www-form-urlencoded, RequestAccept:text/html,application/xhtml+xml,application/xml;q=0.9,image/avif,image/webp,image/apng,*/*;q=0.8,application/signed-exchange;v=b3;q=0.7, RequestCacheControl:max-age=0, UserAgent:Mozilla/5.0 (Windows NT 10.0; Win64; x64) AppleWebKit/537.36 (KHTML, like Gecko) Chrome/121.0.0.0 Safari/537.36, HandlerName:ASP.areas_portal_pages_form_aspx, HandlerExecuted:False, VaryByCustom:, ExceptionMessage:Error initiating workflow on record with ID = aaed0c73-b42a-ee11-9965-00224811b992; Error initiating workflow on record with ID = e3a0f7b5-7428-ee11-9965-00224893bf1c; Entity: nhfic_Application does not have valid status code
System.ServiceModel.FaultException`1[[Microsoft.Xrm.Sdk.OrganizationServiceFault, Microsoft.Xrm.Sdk, Version=9.0.0.0, Culture=neutral, PublicKey**redacted**]]

Server stack trace: 
   at System.ServiceModel.Channels.ServiceChannel.HandleReply(ProxyOperationRuntime operation, ProxyRpc& rpc)
   at System.ServiceModel.Channels.ServiceChannel.Call(String action, Boolean oneway, ProxyOperationRuntime operation, Object[] ins, Object[] outs, TimeSpan timeout)
   at System.ServiceModel.Channels.ServiceChannelProxy.InvokeService(IMethodCallMessage methodCall, ProxyOperationRuntime operation)
   at System.ServiceModel.Channels.ServiceChannelProxy.Invoke(IMessage message)

Exception rethrown at [0]: 
   at Microsoft.Xrm.Tooling.Connector.CrmServiceClient.Execute(OrganizationRequest request)
   at Adxstudio.Xrm.Services.Pooling.Dataverse.PoolableDataverseConnection.InvokeFuntion[TResult](Func`1 function) in C:\__w\1\s\Framework\Adxstudio.Xrm\Services\Pooling\Dataverse\PoolableDataverseConnection.cs:line 212
   at Microsoft.Xrm.Client.Services.OrganizationService.InnerOrganizationService.UsingService[TResult](Func`2 action) in C:\__w\1\s\Framework\Microsoft.Xrm.Client\Services\OrganizationService.cs:line 436
   at Adxstudio.Xrm.Services.CachedOrganizationService.InnerExecute(OrganizationRequest request) in C:\__w\1\s\Framework\Adxstudio.Xrm\Services\CachedOrganizationService.cs:line 429
   at Adxstudio.Xrm.Services.OrganizationServiceCache.InnerExecute[TRequest,TResponse,TResult](TRequest query, Func`2 execute, Func`2 selector) in C:\__w\1\s\Framework\Adxstudio.Xrm\Services\OrganizationServiceCache.cs:line 653
   at Adxstudio.Xrm.Services.OrganizationServiceCache.InnerExecute[TRequest,TResponse,TResult](TRequest request, Func`2 execute, Func`2 selector, String selectorCacheKey) in C:\__w\1\s\Framework\Adxstudio.Xrm\Services\OrganizationServiceCache.cs:line 323
   at Adxstudio.Xrm.Services.ContentMapOrganizationServiceCache.Execute[T](OrganizationRequest request, Func`2 execute, Func`2 selector, String selectorCacheKey) in C:\__w\1\s\Framework\Adxstudio.Xrm\Services\ContentMapOrganizationServiceCache.cs:line 36
   at Adxstudio.Xrm.Services.PortalBusOrganizationServiceCache.Execute[T](OrganizationRequest request, Func`2 execute, Func`2 selector, String selectorCacheKey) in C:\__w\1\s\Framework\Adxstudio.Xrm\Services\PortalBusOrganizationServiceCache.cs:line 44
   at Adxstudio.Xrm.Services.CachedOrganizationService.Execute[T](OrganizationRequest request, Func`2 selector, String selectorCacheKey) in C:\__w\1\s\Framework\Adxstudio.Xrm\Services\CachedOrganizationService.cs:line 367
   at Adxstudio.Xrm.Services.CachedOrganizationService.Execute[T](OrganizationRequest request) in C:\__w\1\s\Framework\Adxstudio.Xrm\Services\CachedOrganizationService.cs:line 358
   at Adxstudio.Xrm.Services.CrmOnlineOrganizationService.<>c__DisplayClass26_0.<Execute>b__0() in C:\__w\1\s\Framework\Adxstudio.Xrm\Services\CrmOnlineOrganizationService.cs:line 268
   at Microsoft.Practices.TransientFaultHandling.RetryPolicy.ExecuteAction[TResult](Func`1 func)
   at Microsoft.Xrm.Sdk.Client.OrganizationServiceContext.Execute(OrganizationRequest request)
   at Microsoft.Xrm.Sdk.Client.OrganizationServiceContext.SaveChange(OrganizationRequest request, IList`1 results)

mscorlib

, EventData:, Category:Application, ErrorCategory:ApplicationError",80000b8c-0402-c400-b63f-84710c7967bb
2024-01-30T23:45:21,Error,site-85de4385-0987-4ae5-9917-b7715602956d-AUe,7e7bb2,638422551218383506,0,35932,98,"RequestData:, RequestPath:/_portal/modal-form-template-path/40096e18-22f9-ed11-8f6e-00224893bfba, RequestExtension:, SessionId:, UserId:Xko9qBMmfhZZhNfk7t1p_YaVwBQqFgFoki5xRUmOjP2cGWo-B-8aClZGyWEFBbyLZHDRARMP3IQ2YSC3zP-seJVLVPothBDAAPr42RruYea7PLAfGSn4wChaluPv2Mnxxc8K9ztwK93gqy_FevbGzg2, CorrelationId:59d02fe7-2de9-4d48-abcd-a4ad6fd3be67, Elapsed:5307.2579, MemberName:OnItemUpdated, SourceFilePath:C:\__w\1\s\Framework\Adxstudio.Xrm\Web\UI\WebControls\EntityForm.cs, SourceLineNumber:1526, Category:EntityForm, Message:Saving record failed. Entity.Id is null. This error usually indicates a plugin has failed or a system required field was not provided a value. Please check the system jobs in CRM for possible failed plugin steps. System.ServiceModel.FaultException`1[Microsoft.Xrm.Sdk.OrganizationServiceFault]: Error initiating workflow on record with ID = aaed0c73-b42a-ee11-9965-00224811b992; Error initiating workflow on record with ID = e3a0f7b5-7428-ee11-9965-00224893bf1c; Entity: nhfic_Application does not have valid status code (Fault Detail is equal to Exception details: 
Error**redacted**
Message: Error initiating workflow on record with ID = aaed0c73-b42a-ee11-9965-00224811b992; Error initiating workflow on record with ID = e3a0f7b5-7428-ee11-9965-00224893bf1c; Entity: nhfic_Application does not have valid status code
TimeStamp: 2024-01-30T23:45:21.7643027Z
--
Exception details: 
Error**redacted**
Message: Error initiating workflow on record with ID = aaed0c73-b42a-ee11-9965-00224811b992; Error initiating workflow on record with ID = e3a0f7b5-7428-ee11-9965-00224893bf1c; Entity: nhfic_Application does not have valid status code
TimeStamp: 2024-01-30T23:45:21.7643027Z
--
Exception details: 
Error**redacted**
Message: Error initiating workflow on record with ID = aaed0c73-b42a-ee11-9965-00224811b992; Error initiating workflow on record with ID = e3a0f7b5-7428-ee11-9965-00224893bf1c; Entity: nhfic_Application does not have valid status code
TimeStamp: 2024-01-30T23:45:21.7643027Z
--
Exception details: 
Error**redacted**
Me...)., ErrorCategory:UserError",80000b8c-0402-c400-b63f-84710c7967bb
