date,level,applicationName,instanceId,eventTickCount,eventId,pid,tid,message,activityId
2024-04-03T13:04:05,Error,site-85de4385-0987-4ae5-9917-b7715602956d-AUe,30857d,638477462458506381,0,359696,137,"RequestData:, RequestPath:/rfcdetails/, RequestExtension:, SessionId:xvvu5szcxytr55tfercmhpzj, UserId:f9EeDp-GO6Q2h3BoUKgj1YZl1y91M--HVbhT-SWZam4Tc8whEJ2jkQ3VGKqYx8ERzHVpMIO6R9wx1XDmTTGCQXEmmJz2BSaxaNgzFj-vM-xpzSlIcEMr7l8n1MRTxoVGEJSvsHOJ3LuqbIeAiJk11Q2, CorrelationId:41548435-069e-4c21-a576-5c9fe4535a3a, Elapsed:690.9123, RequestMethod:GET, RequestContentType:, RequestAccept:text/html,application/xhtml+xml,application/xml;q=0.9,image/avif,image/webp,image/apng,*/*;q=0.8,application/signed-exchange;v=b3;q=0.7, RequestCacheControl:, UserAgent:Mozilla/5.0 (Windows NT 10.0; Win64; x64) AppleWebKit/537.36 (KHTML, like Gecko) Chrome/123.0.0.0 Safari/537.36, HandlerName:ASP.pages_webtemplate_aspx, HandlerExecuted:False, VaryByCustom:user;website;language, MemberName:InternalRenderLiquid, SourceFilePath:C:\__w\1\s\Framework\Adxstudio.Xrm\Web\Mvc\Html\LiquidExtensions.cs, SourceLineNumber:702, ExceptionMessage:Value cannot be null.
Parameter name: key
System.ArgumentNullException
   at System.ThrowHelper.ThrowArgumentNullException(ExceptionArgument argument)
   at System.Collections.Generic.Dictionary`2.FindEntry(TKey key)
   at System.Collections.Generic.Dictionary`2.TryGetValue(TKey key, TValue& value)
   at DotLiquid.DropBase.InvokeDrop(Object name)
   at DotLiquid.Context.LookupAndEvaluate(Object obj, Object key)
   at DotLiquid.Context.Variable(String markup)
   at DotLiquid.Context.Resolve(String key)
   at DotLiquid.Variable.RenderInternal(Context context)
   at DotLiquid.Variable.Render(Context context, TextWriter result)
   at DotLiquid.Block.RenderAll(List`1 list, Context context, TextWriter result)

mscorlib

, EventData:Liquid rendering error, Category:File, ErrorCategory:UserError",4000222a-0001-6100-b63f-84710c7967bb
2024-04-03T13:04:05,Error,site-85de4385-0987-4ae5-9917-b7715602956d-AUe,30857d,638477462458506381,0,359696,137,"RequestData:, RequestPath:/rfcdetails/, RequestExtension:, SessionId:xvvu5szcxytr55tfercmhpzj, UserId:f9EeDp-GO6Q2h3BoUKgj1YZl1y91M--HVbhT-SWZam4Tc8whEJ2jkQ3VGKqYx8ERzHVpMIO6R9wx1XDmTTGCQXEmmJz2BSaxaNgzFj-vM-xpzSlIcEMr7l8n1MRTxoVGEJSvsHOJ3LuqbIeAiJk11Q2, CorrelationId:41548435-069e-4c21-a576-5c9fe4535a3a, Elapsed:693.5049, RequestMethod:GET, RequestContentType:, RequestAccept:text/html,application/xhtml+xml,application/xml;q=0.9,image/avif,image/webp,image/apng,*/*;q=0.8,application/signed-exchange;v=b3;q=0.7, RequestCacheControl:, UserAgent:Mozilla/5.0 (Windows NT 10.0; Win64; x64) AppleWebKit/537.36 (KHTML, like Gecko) Chrome/123.0.0.0 Safari/537.36, HandlerName:ASP.pages_webtemplate_aspx, HandlerExecuted:False, VaryByCustom:user;website;language, MemberName:InternalRenderLiquid, SourceFilePath:C:\__w\1\s\Framework\Adxstudio.Xrm\Web\Mvc\Html\LiquidExtensions.cs, SourceLineNumber:702, ExceptionMessage:Value cannot be null.
Parameter name: key
System.ArgumentNullException
   at System.ThrowHelper.ThrowArgumentNullException(ExceptionArgument argument)
   at System.Collections.Generic.Dictionary`2.FindEntry(TKey key)
   at System.Collections.Generic.Dictionary`2.TryGetValue(TKey key, TValue& value)
   at DotLiquid.DropBase.InvokeDrop(Object name)
   at DotLiquid.Context.LookupAndEvaluate(Object obj, Object key)
   at DotLiquid.Context.Variable(String markup)
   at DotLiquid.Context.Resolve(String key)
   at DotLiquid.Variable.RenderInternal(Context context)
   at DotLiquid.Variable.Render(Context context, TextWriter result)
   at DotLiquid.Block.RenderAll(List`1 list, Context context, TextWriter result)

mscorlib

, EventData:Liquid rendering error, Category:File, ErrorCategory:UserError",4000222a-0001-6100-b63f-84710c7967bb
2024-04-03T13:04:05,Error,site-85de4385-0987-4ae5-9917-b7715602956d-AUe,30857d,638477462458506381,0,359696,137,"RequestData:, RequestPath:/rfcdetails/, RequestExtension:, SessionId:xvvu5szcxytr55tfercmhpzj, UserId:f9EeDp-GO6Q2h3BoUKgj1YZl1y91M--HVbhT-SWZam4Tc8whEJ2jkQ3VGKqYx8ERzHVpMIO6R9wx1XDmTTGCQXEmmJz2BSaxaNgzFj-vM-xpzSlIcEMr7l8n1MRTxoVGEJSvsHOJ3LuqbIeAiJk11Q2, CorrelationId:41548435-069e-4c21-a576-5c9fe4535a3a, Elapsed:694.5782, RequestMethod:GET, RequestContentType:, RequestAccept:text/html,application/xhtml+xml,application/xml;q=0.9,image/avif,image/webp,image/apng,*/*;q=0.8,application/signed-exchange;v=b3;q=0.7, RequestCacheControl:, UserAgent:Mozilla/5.0 (Windows NT 10.0; Win64; x64) AppleWebKit/537.36 (KHTML, like Gecko) Chrome/123.0.0.0 Safari/537.36, HandlerName:ASP.pages_webtemplate_aspx, HandlerExecuted:False, VaryByCustom:user;website;language, MemberName:InternalRenderLiquid, SourceFilePath:C:\__w\1\s\Framework\Adxstudio.Xrm\Web\Mvc\Html\LiquidExtensions.cs, SourceLineNumber:702, ExceptionMessage:Value cannot be null.
Parameter name: key
System.ArgumentNullException
   at System.ThrowHelper.ThrowArgumentNullException(ExceptionArgument argument)
   at System.Collections.Generic.Dictionary`2.FindEntry(TKey key)
   at System.Collections.Generic.Dictionary`2.TryGetValue(TKey key, TValue& value)
   at DotLiquid.DropBase.InvokeDrop(Object name)
   at DotLiquid.Context.LookupAndEvaluate(Object obj, Object key)
   at DotLiquid.Context.Variable(String markup)
   at DotLiquid.Context.Resolve(String key)
   at DotLiquid.Variable.RenderInternal(Context context)
   at DotLiquid.Variable.Render(Context context, TextWriter result)
   at DotLiquid.Block.RenderAll(List`1 list, Context context, TextWriter result)

mscorlib

, EventData:Liquid rendering error (adx_webtemplate::37096e18-22f9-ed11-8f6e-00224893bfba), Category:File, ErrorCategory:UserError",4000222a-0001-6100-b63f-84710c7967bb
2024-04-03T13:04:05,Error,site-85de4385-0987-4ae5-9917-b7715602956d-AUe,30857d,638477462458506381,0,359696,137,"RequestData:, RequestPath:/rfcdetails/, RequestExtension:, SessionId:xvvu5szcxytr55tfercmhpzj, UserId:f9EeDp-GO6Q2h3BoUKgj1YZl1y91M--HVbhT-SWZam4Tc8whEJ2jkQ3VGKqYx8ERzHVpMIO6R9wx1XDmTTGCQXEmmJz2BSaxaNgzFj-vM-xpzSlIcEMr7l8n1MRTxoVGEJSvsHOJ3LuqbIeAiJk11Q2, CorrelationId:41548435-069e-4c21-a576-5c9fe4535a3a, Elapsed:694.8197, RequestMethod:GET, RequestContentType:, RequestAccept:text/html,application/xhtml+xml,application/xml;q=0.9,image/avif,image/webp,image/apng,*/*;q=0.8,application/signed-exchange;v=b3;q=0.7, RequestCacheControl:, UserAgent:Mozilla/5.0 (Windows NT 10.0; Win64; x64) AppleWebKit/537.36 (KHTML, like Gecko) Chrome/123.0.0.0 Safari/537.36, HandlerName:ASP.pages_webtemplate_aspx, HandlerExecuted:False, VaryByCustom:user;website;language, MemberName:InternalRenderLiquid, SourceFilePath:C:\__w\1\s\Framework\Adxstudio.Xrm\Web\Mvc\Html\LiquidExtensions.cs, SourceLineNumber:702, ExceptionMessage:Value cannot be null.
Parameter name: key
System.ArgumentNullException
   at System.ThrowHelper.ThrowArgumentNullException(ExceptionArgument argument)
   at System.Collections.Generic.Dictionary`2.FindEntry(TKey key)
   at System.Collections.Generic.Dictionary`2.TryGetValue(TKey key, TValue& value)
   at DotLiquid.DropBase.InvokeDrop(Object name)
   at DotLiquid.Context.LookupAndEvaluate(Object obj, Object key)
   at DotLiquid.Context.Variable(String markup)
   at DotLiquid.Context.Resolve(String key)
   at DotLiquid.Variable.RenderInternal(Context context)
   at DotLiquid.Variable.Render(Context context, TextWriter result)
   at DotLiquid.Block.RenderAll(List`1 list, Context context, TextWriter result)

mscorlib

, EventData:Liquid rendering error (adx_webtemplate::37096e18-22f9-ed11-8f6e-00224893bfba), Category:File, ErrorCategory:UserError",4000222a-0001-6100-b63f-84710c7967bb
2024-04-03T13:04:18,Error,site-85de4385-0987-4ae5-9917-b7715602956d-AUe,30857d,638477462585384258,0,359696,192,"RequestData:, RequestPath:/rfcdetails/, RequestExtension:, SessionId:xvvu5szcxytr55tfercmhpzj, UserId:f9EeDp-GO6Q2h3BoUKgj1YZl1y91M--HVbhT-SWZam4Tc8whEJ2jkQ3VGKqYx8ERzHVpMIO6R9wx1XDmTTGCQXEmmJz2BSaxaNgzFj-vM-xpzSlIcEMr7l8n1MRTxoVGEJSvsHOJ3LuqbIeAiJk11Q2, CorrelationId:1f41f534-d936-4cac-9ca8-ae324e6e2afd, Elapsed:356.0175, RequestMethod:POST, RequestContentType:application/x-www-form-urlencoded, RequestAccept:text/html,application/xhtml+xml,application/xml;q=0.9,image/avif,image/webp,image/apng,*/*;q=0.8,application/signed-exchange;v=b3;q=0.7, RequestCacheControl:max-age=0, UserAgent:Mozilla/5.0 (Windows NT 10.0; Win64; x64) AppleWebKit/537.36 (KHTML, like Gecko) Chrome/123.0.0.0 Safari/537.36, HandlerName:ASP.pages_webtemplate_aspx, HandlerExecuted:False, VaryByCustom:user;website;language, MemberName:InternalRenderLiquid, SourceFilePath:C:\__w\1\s\Framework\Adxstudio.Xrm\Web\Mvc\Html\LiquidExtensions.cs, SourceLineNumber:702, ExceptionMessage:Value cannot be null.
Parameter name: key
System.ArgumentNullException
   at System.ThrowHelper.ThrowArgumentNullException(ExceptionArgument argument)
   at System.Collections.Generic.Dictionary`2.FindEntry(TKey key)
   at System.Collections.Generic.Dictionary`2.TryGetValue(TKey key, TValue& value)
   at DotLiquid.DropBase.InvokeDrop(Object name)
   at DotLiquid.Context.LookupAndEvaluate(Object obj, Object key)
   at DotLiquid.Context.Variable(String markup)
   at DotLiquid.Context.Resolve(String key)
   at DotLiquid.Variable.RenderInternal(Context context)
   at DotLiquid.Variable.Render(Context context, TextWriter result)
   at DotLiquid.Block.RenderAll(List`1 list, Context context, TextWriter result)

mscorlib

, EventData:Liquid rendering error, Category:File, ErrorCategory:UserError",400053cc-0000-6e00-b63f-84710c7967bb
2024-04-03T13:04:18,Error,site-85de4385-0987-4ae5-9917-b7715602956d-AUe,30857d,638477462585384258,0,359696,192,"RequestData:, RequestPath:/rfcdetails/, RequestExtension:, SessionId:xvvu5szcxytr55tfercmhpzj, UserId:f9EeDp-GO6Q2h3BoUKgj1YZl1y91M--HVbhT-SWZam4Tc8whEJ2jkQ3VGKqYx8ERzHVpMIO6R9wx1XDmTTGCQXEmmJz2BSaxaNgzFj-vM-xpzSlIcEMr7l8n1MRTxoVGEJSvsHOJ3LuqbIeAiJk11Q2, CorrelationId:1f41f534-d936-4cac-9ca8-ae324e6e2afd, Elapsed:356.3182, RequestMethod:POST, RequestContentType:application/x-www-form-urlencoded, RequestAccept:text/html,application/xhtml+xml,application/xml;q=0.9,image/avif,image/webp,image/apng,*/*;q=0.8,application/signed-exchange;v=b3;q=0.7, RequestCacheControl:max-age=0, UserAgent:Mozilla/5.0 (Windows NT 10.0; Win64; x64) AppleWebKit/537.36 (KHTML, like Gecko) Chrome/123.0.0.0 Safari/537.36, HandlerName:ASP.pages_webtemplate_aspx, HandlerExecuted:False, VaryByCustom:user;website;language, MemberName:InternalRenderLiquid, SourceFilePath:C:\__w\1\s\Framework\Adxstudio.Xrm\Web\Mvc\Html\LiquidExtensions.cs, SourceLineNumber:702, ExceptionMessage:Value cannot be null.
Parameter name: key
System.ArgumentNullException
   at System.ThrowHelper.ThrowArgumentNullException(ExceptionArgument argument)
   at System.Collections.Generic.Dictionary`2.FindEntry(TKey key)
   at System.Collections.Generic.Dictionary`2.TryGetValue(TKey key, TValue& value)
   at DotLiquid.DropBase.InvokeDrop(Object name)
   at DotLiquid.Context.LookupAndEvaluate(Object obj, Object key)
   at DotLiquid.Context.Variable(String markup)
   at DotLiquid.Context.Resolve(String key)
   at DotLiquid.Variable.RenderInternal(Context context)
   at DotLiquid.Variable.Render(Context context, TextWriter result)
   at DotLiquid.Block.RenderAll(List`1 list, Context context, TextWriter result)

mscorlib

, EventData:Liquid rendering error, Category:File, ErrorCategory:UserError",400053cc-0000-6e00-b63f-84710c7967bb
2024-04-03T13:04:18,Error,site-85de4385-0987-4ae5-9917-b7715602956d-AUe,30857d,638477462585384258,0,359696,192,"RequestData:, RequestPath:/rfcdetails/, RequestExtension:, SessionId:xvvu5szcxytr55tfercmhpzj, UserId:f9EeDp-GO6Q2h3BoUKgj1YZl1y91M--HVbhT-SWZam4Tc8whEJ2jkQ3VGKqYx8ERzHVpMIO6R9wx1XDmTTGCQXEmmJz2BSaxaNgzFj-vM-xpzSlIcEMr7l8n1MRTxoVGEJSvsHOJ3LuqbIeAiJk11Q2, CorrelationId:1f41f534-d936-4cac-9ca8-ae324e6e2afd, Elapsed:357.2941, RequestMethod:POST, RequestContentType:application/x-www-form-urlencoded, RequestAccept:text/html,application/xhtml+xml,application/xml;q=0.9,image/avif,image/webp,image/apng,*/*;q=0.8,application/signed-exchange;v=b3;q=0.7, RequestCacheControl:max-age=0, UserAgent:Mozilla/5.0 (Windows NT 10.0; Win64; x64) AppleWebKit/537.36 (KHTML, like Gecko) Chrome/123.0.0.0 Safari/537.36, HandlerName:ASP.pages_webtemplate_aspx, HandlerExecuted:False, VaryByCustom:user;website;language, MemberName:InternalRenderLiquid, SourceFilePath:C:\__w\1\s\Framework\Adxstudio.Xrm\Web\Mvc\Html\LiquidExtensions.cs, SourceLineNumber:702, ExceptionMessage:Value cannot be null.
Parameter name: key
System.ArgumentNullException
   at System.ThrowHelper.ThrowArgumentNullException(ExceptionArgument argument)
   at System.Collections.Generic.Dictionary`2.FindEntry(TKey key)
   at System.Collections.Generic.Dictionary`2.TryGetValue(TKey key, TValue& value)
   at DotLiquid.DropBase.InvokeDrop(Object name)
   at DotLiquid.Context.LookupAndEvaluate(Object obj, Object key)
   at DotLiquid.Context.Variable(String markup)
   at DotLiquid.Context.Resolve(String key)
   at DotLiquid.Variable.RenderInternal(Context context)
   at DotLiquid.Variable.Render(Context context, TextWriter result)
   at DotLiquid.Block.RenderAll(List`1 list, Context context, TextWriter result)

mscorlib

, EventData:Liquid rendering error (adx_webtemplate::37096e18-22f9-ed11-8f6e-00224893bfba), Category:File, ErrorCategory:UserError",400053cc-0000-6e00-b63f-84710c7967bb
2024-04-03T13:04:18,Error,site-85de4385-0987-4ae5-9917-b7715602956d-AUe,30857d,638477462585384258,0,359696,192,"RequestData:, RequestPath:/rfcdetails/, RequestExtension:, SessionId:xvvu5szcxytr55tfercmhpzj, UserId:f9EeDp-GO6Q2h3BoUKgj1YZl1y91M--HVbhT-SWZam4Tc8whEJ2jkQ3VGKqYx8ERzHVpMIO6R9wx1XDmTTGCQXEmmJz2BSaxaNgzFj-vM-xpzSlIcEMr7l8n1MRTxoVGEJSvsHOJ3LuqbIeAiJk11Q2, CorrelationId:1f41f534-d936-4cac-9ca8-ae324e6e2afd, Elapsed:357.5556, RequestMethod:POST, RequestContentType:application/x-www-form-urlencoded, RequestAccept:text/html,application/xhtml+xml,application/xml;q=0.9,image/avif,image/webp,image/apng,*/*;q=0.8,application/signed-exchange;v=b3;q=0.7, RequestCacheControl:max-age=0, UserAgent:Mozilla/5.0 (Windows NT 10.0; Win64; x64) AppleWebKit/537.36 (KHTML, like Gecko) Chrome/123.0.0.0 Safari/537.36, HandlerName:ASP.pages_webtemplate_aspx, HandlerExecuted:False, VaryByCustom:user;website;language, MemberName:InternalRenderLiquid, SourceFilePath:C:\__w\1\s\Framework\Adxstudio.Xrm\Web\Mvc\Html\LiquidExtensions.cs, SourceLineNumber:702, ExceptionMessage:Value cannot be null.
Parameter name: key
System.ArgumentNullException
   at System.ThrowHelper.ThrowArgumentNullException(ExceptionArgument argument)
   at System.Collections.Generic.Dictionary`2.FindEntry(TKey key)
   at System.Collections.Generic.Dictionary`2.TryGetValue(TKey key, TValue& value)
   at DotLiquid.DropBase.InvokeDrop(Object name)
   at DotLiquid.Context.LookupAndEvaluate(Object obj, Object key)
   at DotLiquid.Context.Variable(String markup)
   at DotLiquid.Context.Resolve(String key)
   at DotLiquid.Variable.RenderInternal(Context context)
   at DotLiquid.Variable.Render(Context context, TextWriter result)
   at DotLiquid.Block.RenderAll(List`1 list, Context context, TextWriter result)

mscorlib

, EventData:Liquid rendering error (adx_webtemplate::37096e18-22f9-ed11-8f6e-00224893bfba), Category:File, ErrorCategory:UserError",400053cc-0000-6e00-b63f-84710c7967bb
