date,level,applicationName,instanceId,eventTickCount,eventId,pid,tid,message,activityId
2024-03-31T15:48:17,Error,site-85de4385-0987-4ae5-9917-b7715602956d-AUe,30857d,638474968974854890,0,36280,5,"RequestData:, RequestPath:, RequestExtension:, SessionId:, UserId:, CorrelationId:00000000-0000-0000-0000-000000000000, Elapsed:0, RequestMethod:, RequestContentType:, RequestAccept:, RequestCacheControl:, UserAgent:, HandlerName:, HandlerExecuted:False, VaryByCustom:, MemberName:OnSubscriptionErrorAsync, SourceFilePath:C:\__w\1\s\Framework\Adxstudio.Xrm\AspNet\PortalBus\AppDataPortalBusProvider.cs, SourceLineNumber:186, ExceptionMessage:Access is denied
System.ComponentModel.Win32Exception




, EventData:Subscription error: SubscriptionPath: 30857d690375e45a0e7f5e0a574a710da6188d71e1061cb3de78b9fd89c29e6a-36280, Category:PortalBus, ErrorCategory:ApplicationError",
2024-03-31T15:48:31,Error,site-85de4385-0987-4ae5-9917-b7715602956d-AUe,30857d,638474969119388525,0,36280,71,"RequestData:{""IsAuthenticated"":false,""Tags"":[]}, RequestPath:/, RequestExtension:, SessionId:, UserId:, CorrelationId:bad31400-bf61-4c56-952d-bc90e287a61e, Elapsed:926.9365, RequestMethod:GET, RequestContentType:, RequestAccept:, RequestCacheControl:, UserAgent:AlwaysOn, HandlerName:ASP.pages_webtemplate_aspx, HandlerExecuted:False, VaryByCustom:, ExceptionMessage:A task was canceled.
System.Threading.Tasks.TaskCanceledException
   at System.Runtime.CompilerServices.TaskAwaiter.ThrowForNonSuccess(Task task)
   at System.Runtime.CompilerServices.TaskAwaiter.HandleNonSuccessAndDebuggerNotification(Task task)
   at Microsoft.IdentityModel.Protocols.ConfigurationManager`1.<GetConfigurationAsync>d__17.MoveNext()
--- End of stack trace from previous location where exception was thrown ---
   at System.Runtime.ExceptionServices.ExceptionDispatchInfo.Throw()
   at System.Runtime.CompilerServices.TaskAwaiter.ThrowForNonSuccess(Task task)
   at System.Runtime.CompilerServices.TaskAwaiter.HandleNonSuccessAndDebuggerNotification(Task task)
   at Microsoft.Owin.Security.OpenIdConnect.OpenIdConnectAuthenticationHandler.<ApplyResponseChallengeAsync>d__10.MoveNext()
--- End of stack trace from previous location where exception was thrown ---
   at System.Runtime.ExceptionServices.ExceptionDispatchInfo.Throw()
   at System.Runtime.CompilerServices.TaskAwaiter.ThrowForNonSuccess(Task task)
   at System.Runtime.CompilerServices.TaskAwaiter.HandleNonSuccessAndDebuggerNotification(Task task)
   at Microsoft.Owin.Security.Infrastructure.AuthenticationHandler.<ApplyResponseCoreAsync>d__40.MoveNext() in /_/src/Microsoft.Owin.Security/Infrastructure/AuthenticationHandler.cs:line 179
--- End of stack trace from previous location where exception was thrown ---
   at System.Runtime.ExceptionServices.ExceptionDispatchInfo.Throw()
   at System.Runtime.CompilerServices.TaskAwaiter.ThrowForNonSuccess(Task task)
   at System.Runtime.CompilerServices.TaskAwaiter.HandleNonSuccessAndDebuggerNotification(Task task)
   at Microsoft.Owin.Security.Infrastructure.AuthenticationHandler.<ApplyResponseAsync>d__39.MoveNext() in /_/src/Microsoft.Owin.Security/Infrastructure/AuthenticationHandler.cs:line 167
--- End of stack trace from previous location where exception was thrown ---
   at System.Runtime.ExceptionServices.ExceptionDispatchInfo.Throw()
   at System.Runtime.CompilerServices.TaskAwaiter.ThrowForNonSuccess(Task task)
   at System.Runtime.CompilerServices.TaskAwaiter.HandleNonSuccessAndDebuggerNotification(Task task)
   at Microsoft.Owin.Security.Infrastructure.AuthenticationHandler.<TeardownAsync>d__34.MoveNext() in /_/src/Microsoft.Owin.Security/Infrastructure/AuthenticationHandler.cs:line 96
--- End of stack trace from previous location where exception was thrown ---
   at System.Runtime.ExceptionServices.ExceptionDispatchInfo.Throw()
   at System.Runtime.CompilerServices.TaskAwaiter.ThrowForNonSuccess(Task task)
   at System.Runtime.CompilerServices.TaskAwaiter.HandleNonSuccessAndDebuggerNotification(Task task)
   at Microsoft.Owin.Security.Infrastructure.AuthenticationMiddleware`1.<Invoke>d__5.MoveNext() in /_/src/Microsoft.Owin.Security/Infrastructure/AuthenticationMiddleware.cs:line 32
--- End of stack trace from previous location where exception was thrown ---
   at System.Runtime.ExceptionServices.ExceptionDispatchInfo.Throw()
   at System.Runtime.CompilerServices.TaskAwaiter.ThrowForNonSuccess(Task task)
   at System.Runtime.CompilerServices.TaskAwaiter.HandleNonSuccessAndDebuggerNotification(Task task)
   at Microsoft.Owin.Security.Infrastructure.AuthenticationMiddleware`1.<Invoke>d__5.MoveNext() in /_/src/Microsoft.Owin.Security/Infrastructure/AuthenticationMiddleware.cs:line 30
--- End of stack trace from previous location where exception was thrown ---
   at System.Runtime.ExceptionServices.ExceptionDispatchInfo.Throw()
   at System.Runtime.CompilerServices.TaskAwaiter.ThrowForNonSuccess(Task task)
   at System.Runtime.CompilerServices.TaskAwaiter.HandleNonSuccessAndDebuggerNotification(Task task)
   at Microsoft.Owin.Security.Infrastructure.AuthenticationMiddleware`1.<Invoke>d__5.MoveNext() in /_/src/Microsoft.Owin.Security/Infrastructure/AuthenticationMiddleware.cs:line 30
--- End of stack trace from previous location where exception was thrown ---
   at System.Runtime.ExceptionServices.ExceptionDispatchInfo.Throw()
   at System.Runtime.CompilerServices.TaskAwaiter.ThrowForNonSuccess(Task task)
   at System.Runtime.CompilerServices.TaskAwaiter.HandleNonSuccessAndDebuggerNotification(Task task)
   at Microsoft.Owin.Security.Infrastructure.AuthenticationMiddleware`1.<Invoke>d__5.MoveNext() in /_/src/Microsoft.Owin.Security/Infrastructure/AuthenticationMiddleware.cs:line 30
--- End of stack trace from previous location where exception was thrown ---
   at System.Runtime.ExceptionServices.ExceptionDispatchInfo.Throw()
   at System.Runtime.CompilerServices.TaskAwaiter.ThrowForNonSuccess(Task task)
   at System.Runtime.CompilerServices.TaskAwaiter.HandleNonSuccessAndDebuggerNotification(Task task)
   at Microsoft.AspNet.Identity.Owin.IdentityFactoryMiddleware`2.<Invoke>d__5.MoveNext()
--- End of stack trace from previous location where exception was thrown ---
   at System.Runtime.ExceptionServices.ExceptionDispatchInfo.Throw()
   at System.Runtime.CompilerServices.TaskAwaiter.ThrowForNonSuccess(Task task)
   at System.Runtime.CompilerServices.TaskAwaiter.HandleNonSuccessAndDebuggerNotification(Task task)
   at Microsoft.Owin.Security.Infrastructure.AuthenticationMiddleware`1.<Invoke>d__5.MoveNext() in /_/src/Microsoft.Owin.Security/Infrastructure/AuthenticationMiddleware.cs:line 30
--- End of stack trace from previous location where exception was thrown ---
   at System.Runtime.ExceptionServices.ExceptionDispatchInfo.Throw()
   at System.Runtime.CompilerServices.TaskAwaiter.ThrowForNonSuccess(Task task)
   at System.Runtime.CompilerServices.TaskAwaiter.HandleNonSuccessAndDebuggerNotification(Task task)
   at Microsoft.Owin.Security.Infrastructure.AuthenticationMiddleware`1.<Invoke>d__5.MoveNext() in /_/src/Microsoft.Owin.Security/Infrastructure/AuthenticationMiddleware.cs:line 30
--- End of stack trace from previous location where exception was thrown ---
   at System.Runtime.ExceptionServices.ExceptionDispatchInfo.Throw()
   at System.Runtime.CompilerServices.TaskAwaiter.ThrowForNonSuccess(Task task)
   at System.Runtime.CompilerServices.TaskAwaiter.HandleNonSuccessAndDebuggerNotification(Task task)
   at Kentor.OwinCookieSaver.KentorOwinCookieSaverMiddleware.<Invoke>d__2.MoveNext()
--- End of stack trace from previous location where exception was thrown ---
   at System.Runtime.ExceptionServices.ExceptionDispatchInfo.Throw()
   at System.Runtime.CompilerServices.TaskAwaiter.ThrowForNonSuccess(Task task)
   at System.Runtime.CompilerServices.TaskAwaiter.HandleNonSuccessAndDebuggerNotification(Task task)
   at Microsoft.Owin.Security.Infrastructure.AuthenticationMiddleware`1.<Invoke>d__5.MoveNext() in /_/src/Microsoft.Owin.Security/Infrastructure/AuthenticationMiddleware.cs:line 30
--- End of stack trace from previous location where exception was thrown ---
   at System.Runtime.ExceptionServices.ExceptionDispatchInfo.Throw()
   at System.Runtime.CompilerServices.TaskAwaiter.ThrowForNonSuccess(Task task)
   at System.Runtime.CompilerServices.TaskAwaiter.HandleNonSuccessAndDebuggerNotification(Task task)
   at Microsoft.AspNet.Identity.Owin.IdentityFactoryMiddleware`2.<Invoke>d__5.MoveNext()
--- End of stack trace from previous location where exception was thrown ---
   at System.Runtime.ExceptionServices.ExceptionDispatchInfo.Throw()
   at System.Runtime.CompilerServices.TaskAwaiter.ThrowForNonSuccess(Task task)
   at System.Runtime.CompilerServices.TaskAwaiter.HandleNonSuccessAndDebuggerNotification(Task task)
   at Microsoft.AspNet.Identity.Owin.IdentityFactoryMiddleware`2.<Invoke>d__5.MoveNext()
--- End of stack trace from previous location where exception was thrown ---
   at System.Runtime.ExceptionServices.ExceptionDispatchInfo.Throw()
   at System.Runtime.CompilerServices.TaskAwaiter.ThrowForNonSuccess(Task task)
   at System.Runtime.CompilerServices.TaskAwaiter.HandleNonSuccessAndDebuggerNotification(Task task)
   at Microsoft.AspNet.Identity.Owin.IdentityFactoryMiddleware`2.<Invoke>d__5.MoveNext()
--- End of stack trace from previous location where exception was thrown ---
   at System.Runtime.ExceptionServices.ExceptionDispatchInfo.Throw()
   at System.Runtime.CompilerServices.TaskAwaiter.ThrowForNonSuccess(Task task)
   at System.Runtime.CompilerServices.TaskAwaiter.HandleNonSuccessAndDebuggerNotification(Task task)
   at Microsoft.AspNet.Identity.Owin.IdentityFactoryMiddleware`2.<Invoke>d__5.MoveNext()
--- End of stack trace from previous location where exception was thrown ---
   at System.Runtime.ExceptionServices.ExceptionDispatchInfo.Throw()
   at System.Runtime.CompilerServices.TaskAwaiter.ThrowForNonSuccess(Task task)
   at System.Runtime.CompilerServices.TaskAwaiter.HandleNonSuccessAndDebuggerNotification(Task task)
   at Microsoft.AspNet.Identity.Owin.IdentityFactoryMiddleware`2.<Invoke>d__5.MoveNext()
--- End of stack trace from previous location where exception was thrown ---
   at System.Runtime.ExceptionServices.ExceptionDispatchInfo.Throw()
   at System.Runtime.CompilerServices.TaskAwaiter.ThrowForNonSuccess(Task task)
   at System.Runtime.CompilerServices.TaskAwaiter.HandleNonSuccessAndDebuggerNotification(Task task)
   at Microsoft.AspNet.Identity.Owin.IdentityFactoryMiddleware`2.<Invoke>d__5.MoveNext()
--- End of stack trace from previous location where exception was thrown ---
   at System.Runtime.ExceptionServices.ExceptionDispatchInfo.Throw()
   at System.Runtime.CompilerServices.TaskAwaiter.ThrowForNonSuccess(Task task)
   at System.Runtime.CompilerServices.TaskAwaiter.HandleNonSuccessAndDebuggerNotification(Task task)
   at Adxstudio.Xrm.AspNet.Cms.StrictTransportSecurityMiddleware.<Invoke>d__3.MoveNext() in C:\__w\1\s\Framework\Adxstudio.Xrm\AspNet\Cms\StrictTransportSecurityMiddleware.cs:line 50
--- End of stack trace from previous location where exception was thrown ---
   at System.Runtime.ExceptionServices.ExceptionDispatchInfo.Throw()
   at System.Runtime.CompilerServices.TaskAwaiter.ThrowForNonSuccess(Task task)
   at System.Runtime.CompilerServices.TaskAwaiter.HandleNonSuccessAndDebuggerNotification(Task task)
   at Site.Middleware.WebsiteHeaderSettingsMiddleware.<Invoke>d__6.MoveNext() in C:\__w\1\s\Samples\MasterPortal\Middleware\WebsiteHeaderSettingsMiddleware.cs:line 113
--- End of stack trace from previous location where exception was thrown ---
   at System.Runtime.ExceptionServices.ExceptionDispatchInfo.Throw()
   at System.Runtime.CompilerServices.TaskAwaiter.ThrowForNonSuccess(Task task)
   at System.Runtime.CompilerServices.TaskAwaiter.HandleNonSuccessAndDebuggerNotification(Task task)
   at Adxstudio.Xrm.AspNet.Cms.CSPHeaderMiddleware.<Invoke>d__4.MoveNext() in C:\__w\1\s\Framework\Adxstudio.Xrm\AspNet\Cms\CSPHeaderMiddleware.cs:line 81
--- End of stack trace from previous location where exception was thrown ---
   at System.Runtime.ExceptionServices.ExceptionDispatchInfo.Throw()
   at System.Runtime.CompilerServices.TaskAwaiter.ThrowForNonSuccess(Task task)
   at System.Runtime.CompilerServices.TaskAwaiter.HandleNonSuccessAndDebuggerNotification(Task task)
   at Microsoft.AspNet.Identity.Owin.IdentityFactoryMiddleware`2.<Invoke>d__5.MoveNext()
--- End of stack trace from previous location where exception was thrown ---
   at System.Runtime.ExceptionServices.ExceptionDispatchInfo.Throw()
   at System.Runtime.CompilerServices.TaskAwaiter.ThrowForNonSuccess(Task task)
   at System.Runtime.CompilerServices.TaskAwaiter.HandleNonSuccessAndDebuggerNotification(Task task)
   at Microsoft.AspNet.Identity.Owin.IdentityFactoryMiddleware`2.<Invoke>d__5.MoveNext()
--- End of stack trace from previous location where exception was thrown ---
   at System.Runtime.ExceptionServices.ExceptionDispatchInfo.Throw()
   at System.Runtime.CompilerServices.TaskAwaiter.ThrowForNonSuccess(Task task)
   at System.Runtime.CompilerServices.TaskAwaiter.HandleNonSuccessAndDebuggerNotification(Task task)
   at Microsoft.AspNet.Identity.Owin.IdentityFactoryMiddleware`2.<Invoke>d__5.MoveNext()
--- End of stack trace from previous location where exception was thrown ---
   at System.Runtime.ExceptionServices.ExceptionDispatchInfo.Throw()
   at System.Runtime.CompilerServices.TaskAwaiter.ThrowForNonSuccess(Task task)
   at System.Runtime.CompilerServices.TaskAwaiter.HandleNonSuccessAndDebuggerNotification(Task task)
   at Microsoft.AspNet.Identity.Owin.IdentityFactoryMiddleware`2.<Invoke>d__5.MoveNext()
--- End of stack trace from previous location where exception was thrown ---
   at System.Runtime.ExceptionServices.ExceptionDispatchInfo.Throw()
   at System.Runtime.CompilerServices.TaskAwaiter.ThrowForNonSuccess(Task task)
   at System.Runtime.CompilerServices.TaskAwaiter.HandleNonSuccessAndDebuggerNotification(Task task)
   at Microsoft.AspNet.Identity.Owin.IdentityFactoryMiddleware`2.<Invoke>d__5.MoveNext()
--- End of stack trace from previous location where exception was thrown ---
   at System.Runtime.ExceptionServices.ExceptionDispatchInfo.Throw()
   at System.Runtime.CompilerServices.TaskAwaiter.ThrowForNonSuccess(Task task)
   at System.Runtime.CompilerServices.TaskAwaiter.HandleNonSuccessAndDebuggerNotification(Task task)
   at Microsoft.AspNet.Identity.Owin.IdentityFactoryMiddleware`2.<Invoke>d__5.MoveNext()
--- End of stack trace from previous location where exception was thrown ---
   at System.Runtime.ExceptionServices.ExceptionDispatchInfo.Throw()
   at System.Runtime.CompilerServices.TaskAwaiter.ThrowForNonSuccess(Task task)
   at System.Runtime.CompilerServices.TaskAwaiter.HandleNonSuccessAndDebuggerNotification(Task task)
   at Microsoft.AspNet.Identity.Owin.IdentityFactoryMiddleware`2.<Invoke>d__5.MoveNext()
--- End of stack trace from previous location where exception was thrown ---
   at System.Runtime.ExceptionServices.ExceptionDispatchInfo.Throw()
   at System.Runtime.CompilerServices.TaskAwaiter.ThrowForNonSuccess(Task task)
   at System.Runtime.CompilerServices.TaskAwaiter.HandleNonSuccessAndDebuggerNotification(Task task)
   at Site.Middleware.UserTraceMiddleware.<Invoke>d__1.MoveNext() in C:\__w\1\s\Samples\MasterPortal\Middleware\UserTraceMiddleware.cs:line 46
--- End of stack trace from previous location where exception was thrown ---
   at System.Runtime.ExceptionServices.ExceptionDispatchInfo.Throw()
   at System.Runtime.CompilerServices.TaskAwaiter.ThrowForNonSuccess(Task task)
   at System.Runtime.CompilerServices.TaskAwaiter.HandleNonSuccessAndDebuggerNotification(Task task)
   at Adxstudio.Xrm.AspNet.Cms.RequestNotFoundCacheMiddleware.<Invoke>d__5.MoveNext() in C:\__w\1\s\Framework\Adxstudio.Xrm\AspNet\Cms\RequestNotFoundCacheMiddleware.cs:line 91
--- End of stack trace from previous location where exception was thrown ---
   at System.Runtime.ExceptionServices.ExceptionDispatchInfo.Throw()
   at System.Runtime.CompilerServices.TaskAwaiter.ThrowForNonSuccess(Task task)
   at System.Runtime.CompilerServices.TaskAwaiter.HandleNonSuccessAndDebuggerNotification(Task task)
   at Adxstudio.Xrm.AspNet.Cms.BlockUnwantedRequestMiddleware.<Invoke>d__3.MoveNext() in C:\__w\1\s\Framework\Adxstudio.Xrm\AspNet\Cms\BlockUnwantedRequestMiddleware.cs:line 51
--- End of stack trace from previous location where exception was thrown ---
   at System.Runtime.ExceptionServices.ExceptionDispatchInfo.Throw()
   at System.Runtime.CompilerServices.TaskAwaiter.ThrowForNonSuccess(Task task)
   at System.Runtime.CompilerServices.TaskAwaiter.HandleNonSuccessAndDebuggerNotification(Task task)
   at Site.Middleware.BootTrackerMiddleware.<Invoke>d__1.MoveNext() in C:\__w\1\s\Samples\MasterPortal\Middleware\BootTrackerMiddleware.cs:line 31
--- End of stack trace from previous location where exception was thrown ---
   at System.Runtime.ExceptionServices.ExceptionDispatchInfo.Throw()
   at System.Runtime.CompilerServices.TaskAwaiter.ThrowForNonSuccess(Task task)
   at System.Runtime.CompilerServices.TaskAwaiter.HandleNonSuccessAndDebuggerNotification(Task task)
   at Microsoft.AspNet.Identity.Owin.IdentityFactoryMiddleware`2.<Invoke>d__5.MoveNext()
--- End of stack trace from previous location where exception was thrown ---
   at System.Runtime.ExceptionServices.ExceptionDispatchInfo.Throw()
   at System.Runtime.CompilerServices.TaskAwaiter.ThrowForNonSuccess(Task task)
   at System.Runtime.CompilerServices.TaskAwaiter.HandleNonSuccessAndDebuggerNotification(Task task)
   at Adxstudio.Xrm.AspNet.Cms.ScaleOutMiddleware.<Invoke>d__2.MoveNext() in C:\__w\1\s\Framework\Adxstudio.Xrm\AspNet\Cms\ScaleOutMiddleware.cs:line 111
--- End of stack trace from previous location where exception was thrown ---
   at System.Runtime.ExceptionServices.ExceptionDispatchInfo.Throw()
   at System.Runtime.CompilerServices.TaskAwaiter.ThrowForNonSuccess(Task task)
   at System.Runtime.CompilerServices.TaskAwaiter.HandleNonSuccessAndDebuggerNotification(Task task)
   at Adxstudio.Xrm.AspNet.Cms.HealthMiddleware.<Invoke>d__3.MoveNext() in C:\__w\1\s\Framework\Adxstudio.Xrm\AspNet\Cms\HealthMiddleware.cs:line 57
--- End of stack trace from previous location where exception was thrown ---
   at System.Runtime.ExceptionServices.ExceptionDispatchInfo.Throw()
   at System.Runtime.CompilerServices.TaskAwaiter.ThrowForNonSuccess(Task task)
   at System.Runtime.CompilerServices.TaskAwaiter.HandleNonSuccessAndDebuggerNotification(Task task)
   at Adxstudio.Xrm.AspNet.Cms.AppInfoMiddleware.<Invoke>d__6.MoveNext() in C:\__w\1\s\Framework\Adxstudio.Xrm\AspNet\Cms\AppInfoMiddleware.cs:line 69
--- End of stack trace from previous location where exception was thrown ---
   at System.Runtime.ExceptionServices.ExceptionDispatchInfo.Throw()
   at System.Runtime.CompilerServices.TaskAwaiter.ThrowForNonSuccess(Task task)
   at System.Runtime.CompilerServices.TaskAwaiter.HandleNonSuccessAndDebuggerNotification(Task task)
   at Adxstudio.Xrm.AspNet.Cms.RequireSslMiddleware.<Invoke>d__5.MoveNext() in C:\__w\1\s\Framework\Adxstudio.Xrm\AspNet\Cms\RequireSslMiddleware.cs:line 78
--- End of stack trace from previous location where exception was thrown ---
   at System.Runtime.ExceptionServices.ExceptionDispatchInfo.Throw()
   at System.Runtime.CompilerServices.TaskAwaiter.ThrowForNonSuccess(Task task)
   at System.Runtime.CompilerServices.TaskAwaiter.HandleNonSuccessAndDebuggerNotification(Task task)
   at Adxstudio.Xrm.AspNet.Cms.ETWMiddleware.<Invoke>d__4.MoveNext() in C:\__w\1\s\Framework\Adxstudio.Xrm\AspNet\Cms\ETWMiddleware.cs:line 62
--- End of stack trace from previous location where exception was thrown ---
   at System.Runtime.ExceptionServices.ExceptionDispatchInfo.Throw()
   at System.Runtime.CompilerServices.TaskAwaiter.ThrowForNonSuccess(Task task)
   at System.Runtime.CompilerServices.TaskAwaiter.HandleNonSuccessAndDebuggerNotification(Task task)
   at Microsoft.Owin.Host.SystemWeb.IntegratedPipeline.IntegratedPipelineContextStage.<RunApp>d__7.MoveNext() in /_/src/Microsoft.Owin.Host.SystemWeb/IntegratedPipeline/IntegratedPipelineContextStage.cs:line 85
--- End of stack trace from previous location where exception was thrown ---
   at System.Runtime.ExceptionServices.ExceptionDispatchInfo.Throw()
   at System.Runtime.CompilerServices.TaskAwaiter.HandleNonSuccessAndDebuggerNotification(Task task)
   at Microsoft.Owin.Host.SystemWeb.IntegratedPipeline.IntegratedPipelineContext.<DoFinalWork>d__12.MoveNext() in /_/src/Microsoft.Owin.Host.SystemWeb/IntegratedPipeline/IntegratedPipelineContext.cs:line 153
--- End of stack trace from previous location where exception was thrown ---
   at System.Runtime.ExceptionServices.ExceptionDispatchInfo.Throw()
   at Microsoft.Owin.Host.SystemWeb.IntegratedPipeline.StageAsyncResult.End(IAsyncResult ar) in /_/src/Microsoft.Owin.Host.SystemWeb/IntegratedPipeline/StageAsyncResult.cs:line 76
   at System.Web.HttpApplication.AsyncEventExecutionStep.System.Web.HttpApplication.IExecutionStep.Execute()
   at System.Web.HttpApplication.ExecuteStepImpl(IExecutionStep step)
   at System.Web.HttpApplication.ExecuteStep(IExecutionStep step, Boolean& completedSynchronously)

mscorlib

, EventData:ASP.global_asax, Category:Application, ErrorCategory:ApplicationError",40003278-0000-fc00-b63f-84710c7967bb
2024-03-31T15:48:31,Error,site-85de4385-0987-4ae5-9917-b7715602956d-AUe,30857d,638474969119544782,0,36280,69,"RequestData:{""IsAuthenticated"":false,""Tags"":[]}, RequestPath:/, RequestExtension:, SessionId:, UserId:, CorrelationId:eea682aa-3b70-4092-93ab-0f5f6a1df112, Elapsed:1382.2857, RequestMethod:GET, RequestContentType:, RequestAccept:, RequestCacheControl:, UserAgent:AlwaysOn, HandlerName:ASP.pages_webtemplate_aspx, HandlerExecuted:False, VaryByCustom:, ExceptionMessage:A task was canceled.
System.Threading.Tasks.TaskCanceledException
   at System.Runtime.CompilerServices.TaskAwaiter.ThrowForNonSuccess(Task task)
   at System.Runtime.CompilerServices.TaskAwaiter.HandleNonSuccessAndDebuggerNotification(Task task)
   at Microsoft.IdentityModel.Protocols.ConfigurationManager`1.<GetConfigurationAsync>d__17.MoveNext()
--- End of stack trace from previous location where exception was thrown ---
   at System.Runtime.ExceptionServices.ExceptionDispatchInfo.Throw()
   at System.Runtime.CompilerServices.TaskAwaiter.ThrowForNonSuccess(Task task)
   at System.Runtime.CompilerServices.TaskAwaiter.HandleNonSuccessAndDebuggerNotification(Task task)
   at Microsoft.Owin.Security.OpenIdConnect.OpenIdConnectAuthenticationHandler.<ApplyResponseChallengeAsync>d__10.MoveNext()
--- End of stack trace from previous location where exception was thrown ---
   at System.Runtime.ExceptionServices.ExceptionDispatchInfo.Throw()
   at System.Runtime.CompilerServices.TaskAwaiter.ThrowForNonSuccess(Task task)
   at System.Runtime.CompilerServices.TaskAwaiter.HandleNonSuccessAndDebuggerNotification(Task task)
   at Microsoft.Owin.Security.Infrastructure.AuthenticationHandler.<ApplyResponseCoreAsync>d__40.MoveNext() in /_/src/Microsoft.Owin.Security/Infrastructure/AuthenticationHandler.cs:line 179
--- End of stack trace from previous location where exception was thrown ---
   at System.Runtime.ExceptionServices.ExceptionDispatchInfo.Throw()
   at System.Runtime.CompilerServices.TaskAwaiter.ThrowForNonSuccess(Task task)
   at System.Runtime.CompilerServices.TaskAwaiter.HandleNonSuccessAndDebuggerNotification(Task task)
   at Microsoft.Owin.Security.Infrastructure.AuthenticationHandler.<ApplyResponseAsync>d__39.MoveNext() in /_/src/Microsoft.Owin.Security/Infrastructure/AuthenticationHandler.cs:line 167
--- End of stack trace from previous location where exception was thrown ---
   at System.Runtime.ExceptionServices.ExceptionDispatchInfo.Throw()
   at System.Runtime.CompilerServices.TaskAwaiter.ThrowForNonSuccess(Task task)
   at System.Runtime.CompilerServices.TaskAwaiter.HandleNonSuccessAndDebuggerNotification(Task task)
   at Microsoft.Owin.Security.Infrastructure.AuthenticationHandler.<TeardownAsync>d__34.MoveNext() in /_/src/Microsoft.Owin.Security/Infrastructure/AuthenticationHandler.cs:line 96
--- End of stack trace from previous location where exception was thrown ---
   at System.Runtime.ExceptionServices.ExceptionDispatchInfo.Throw()
   at System.Runtime.CompilerServices.TaskAwaiter.ThrowForNonSuccess(Task task)
   at System.Runtime.CompilerServices.TaskAwaiter.HandleNonSuccessAndDebuggerNotification(Task task)
   at Microsoft.Owin.Security.Infrastructure.AuthenticationMiddleware`1.<Invoke>d__5.MoveNext() in /_/src/Microsoft.Owin.Security/Infrastructure/AuthenticationMiddleware.cs:line 32
--- End of stack trace from previous location where exception was thrown ---
   at System.Runtime.ExceptionServices.ExceptionDispatchInfo.Throw()
   at System.Runtime.CompilerServices.TaskAwaiter.ThrowForNonSuccess(Task task)
   at System.Runtime.CompilerServices.TaskAwaiter.HandleNonSuccessAndDebuggerNotification(Task task)
   at Microsoft.Owin.Security.Infrastructure.AuthenticationMiddleware`1.<Invoke>d__5.MoveNext() in /_/src/Microsoft.Owin.Security/Infrastructure/AuthenticationMiddleware.cs:line 30
--- End of stack trace from previous location where exception was thrown ---
   at System.Runtime.ExceptionServices.ExceptionDispatchInfo.Throw()
   at System.Runtime.CompilerServices.TaskAwaiter.ThrowForNonSuccess(Task task)
   at System.Runtime.CompilerServices.TaskAwaiter.HandleNonSuccessAndDebuggerNotification(Task task)
   at Microsoft.Owin.Security.Infrastructure.AuthenticationMiddleware`1.<Invoke>d__5.MoveNext() in /_/src/Microsoft.Owin.Security/Infrastructure/AuthenticationMiddleware.cs:line 30
--- End of stack trace from previous location where exception was thrown ---
   at System.Runtime.ExceptionServices.ExceptionDispatchInfo.Throw()
   at System.Runtime.CompilerServices.TaskAwaiter.ThrowForNonSuccess(Task task)
   at System.Runtime.CompilerServices.TaskAwaiter.HandleNonSuccessAndDebuggerNotification(Task task)
   at Microsoft.Owin.Security.Infrastructure.AuthenticationMiddleware`1.<Invoke>d__5.MoveNext() in /_/src/Microsoft.Owin.Security/Infrastructure/AuthenticationMiddleware.cs:line 30
--- End of stack trace from previous location where exception was thrown ---
   at System.Runtime.ExceptionServices.ExceptionDispatchInfo.Throw()
   at System.Runtime.CompilerServices.TaskAwaiter.ThrowForNonSuccess(Task task)
   at System.Runtime.CompilerServices.TaskAwaiter.HandleNonSuccessAndDebuggerNotification(Task task)
   at Microsoft.AspNet.Identity.Owin.IdentityFactoryMiddleware`2.<Invoke>d__5.MoveNext()
--- End of stack trace from previous location where exception was thrown ---
   at System.Runtime.ExceptionServices.ExceptionDispatchInfo.Throw()
   at System.Runtime.CompilerServices.TaskAwaiter.ThrowForNonSuccess(Task task)
   at System.Runtime.CompilerServices.TaskAwaiter.HandleNonSuccessAndDebuggerNotification(Task task)
   at Microsoft.Owin.Security.Infrastructure.AuthenticationMiddleware`1.<Invoke>d__5.MoveNext() in /_/src/Microsoft.Owin.Security/Infrastructure/AuthenticationMiddleware.cs:line 30
--- End of stack trace from previous location where exception was thrown ---
   at System.Runtime.ExceptionServices.ExceptionDispatchInfo.Throw()
   at System.Runtime.CompilerServices.TaskAwaiter.ThrowForNonSuccess(Task task)
   at System.Runtime.CompilerServices.TaskAwaiter.HandleNonSuccessAndDebuggerNotification(Task task)
   at Microsoft.Owin.Security.Infrastructure.AuthenticationMiddleware`1.<Invoke>d__5.MoveNext() in /_/src/Microsoft.Owin.Security/Infrastructure/AuthenticationMiddleware.cs:line 30
--- End of stack trace from previous location where exception was thrown ---
   at System.Runtime.ExceptionServices.ExceptionDispatchInfo.Throw()
   at System.Runtime.CompilerServices.TaskAwaiter.ThrowForNonSuccess(Task task)
   at System.Runtime.CompilerServices.TaskAwaiter.HandleNonSuccessAndDebuggerNotification(Task task)
   at Kentor.OwinCookieSaver.KentorOwinCookieSaverMiddleware.<Invoke>d__2.MoveNext()
--- End of stack trace from previous location where exception was thrown ---
   at System.Runtime.ExceptionServices.ExceptionDispatchInfo.Throw()
   at System.Runtime.CompilerServices.TaskAwaiter.ThrowForNonSuccess(Task task)
   at System.Runtime.CompilerServices.TaskAwaiter.HandleNonSuccessAndDebuggerNotification(Task task)
   at Microsoft.Owin.Security.Infrastructure.AuthenticationMiddleware`1.<Invoke>d__5.MoveNext() in /_/src/Microsoft.Owin.Security/Infrastructure/AuthenticationMiddleware.cs:line 30
--- End of stack trace from previous location where exception was thrown ---
   at System.Runtime.ExceptionServices.ExceptionDispatchInfo.Throw()
   at System.Runtime.CompilerServices.TaskAwaiter.ThrowForNonSuccess(Task task)
   at System.Runtime.CompilerServices.TaskAwaiter.HandleNonSuccessAndDebuggerNotification(Task task)
   at Microsoft.AspNet.Identity.Owin.IdentityFactoryMiddleware`2.<Invoke>d__5.MoveNext()
--- End of stack trace from previous location where exception was thrown ---
   at System.Runtime.ExceptionServices.ExceptionDispatchInfo.Throw()
   at System.Runtime.CompilerServices.TaskAwaiter.ThrowForNonSuccess(Task task)
   at System.Runtime.CompilerServices.TaskAwaiter.HandleNonSuccessAndDebuggerNotification(Task task)
   at Microsoft.AspNet.Identity.Owin.IdentityFactoryMiddleware`2.<Invoke>d__5.MoveNext()
--- End of stack trace from previous location where exception was thrown ---
   at System.Runtime.ExceptionServices.ExceptionDispatchInfo.Throw()
   at System.Runtime.CompilerServices.TaskAwaiter.ThrowForNonSuccess(Task task)
   at System.Runtime.CompilerServices.TaskAwaiter.HandleNonSuccessAndDebuggerNotification(Task task)
   at Microsoft.AspNet.Identity.Owin.IdentityFactoryMiddleware`2.<Invoke>d__5.MoveNext()
--- End of stack trace from previous location where exception was thrown ---
   at System.Runtime.ExceptionServices.ExceptionDispatchInfo.Throw()
   at System.Runtime.CompilerServices.TaskAwaiter.ThrowForNonSuccess(Task task)
   at System.Runtime.CompilerServices.TaskAwaiter.HandleNonSuccessAndDebuggerNotification(Task task)
   at Microsoft.AspNet.Identity.Owin.IdentityFactoryMiddleware`2.<Invoke>d__5.MoveNext()
--- End of stack trace from previous location where exception was thrown ---
   at System.Runtime.ExceptionServices.ExceptionDispatchInfo.Throw()
   at System.Runtime.CompilerServices.TaskAwaiter.ThrowForNonSuccess(Task task)
   at System.Runtime.CompilerServices.TaskAwaiter.HandleNonSuccessAndDebuggerNotification(Task task)
   at Microsoft.AspNet.Identity.Owin.IdentityFactoryMiddleware`2.<Invoke>d__5.MoveNext()
--- End of stack trace from previous location where exception was thrown ---
   at System.Runtime.ExceptionServices.ExceptionDispatchInfo.Throw()
   at System.Runtime.CompilerServices.TaskAwaiter.ThrowForNonSuccess(Task task)
   at System.Runtime.CompilerServices.TaskAwaiter.HandleNonSuccessAndDebuggerNotification(Task task)
   at Microsoft.AspNet.Identity.Owin.IdentityFactoryMiddleware`2.<Invoke>d__5.MoveNext()
--- End of stack trace from previous location where exception was thrown ---
   at System.Runtime.ExceptionServices.ExceptionDispatchInfo.Throw()
   at System.Runtime.CompilerServices.TaskAwaiter.ThrowForNonSuccess(Task task)
   at System.Runtime.CompilerServices.TaskAwaiter.HandleNonSuccessAndDebuggerNotification(Task task)
   at Adxstudio.Xrm.AspNet.Cms.StrictTransportSecurityMiddleware.<Invoke>d__3.MoveNext() in C:\__w\1\s\Framework\Adxstudio.Xrm\AspNet\Cms\StrictTransportSecurityMiddleware.cs:line 50
--- End of stack trace from previous location where exception was thrown ---
   at System.Runtime.ExceptionServices.ExceptionDispatchInfo.Throw()
   at System.Runtime.CompilerServices.TaskAwaiter.ThrowForNonSuccess(Task task)
   at System.Runtime.CompilerServices.TaskAwaiter.HandleNonSuccessAndDebuggerNotification(Task task)
   at Site.Middleware.WebsiteHeaderSettingsMiddleware.<Invoke>d__6.MoveNext() in C:\__w\1\s\Samples\MasterPortal\Middleware\WebsiteHeaderSettingsMiddleware.cs:line 113
--- End of stack trace from previous location where exception was thrown ---
   at System.Runtime.ExceptionServices.ExceptionDispatchInfo.Throw()
   at System.Runtime.CompilerServices.TaskAwaiter.ThrowForNonSuccess(Task task)
   at System.Runtime.CompilerServices.TaskAwaiter.HandleNonSuccessAndDebuggerNotification(Task task)
   at Adxstudio.Xrm.AspNet.Cms.CSPHeaderMiddleware.<Invoke>d__4.MoveNext() in C:\__w\1\s\Framework\Adxstudio.Xrm\AspNet\Cms\CSPHeaderMiddleware.cs:line 81
--- End of stack trace from previous location where exception was thrown ---
   at System.Runtime.ExceptionServices.ExceptionDispatchInfo.Throw()
   at System.Runtime.CompilerServices.TaskAwaiter.ThrowForNonSuccess(Task task)
   at System.Runtime.CompilerServices.TaskAwaiter.HandleNonSuccessAndDebuggerNotification(Task task)
   at Microsoft.AspNet.Identity.Owin.IdentityFactoryMiddleware`2.<Invoke>d__5.MoveNext()
--- End of stack trace from previous location where exception was thrown ---
   at System.Runtime.ExceptionServices.ExceptionDispatchInfo.Throw()
   at System.Runtime.CompilerServices.TaskAwaiter.ThrowForNonSuccess(Task task)
   at System.Runtime.CompilerServices.TaskAwaiter.HandleNonSuccessAndDebuggerNotification(Task task)
   at Microsoft.AspNet.Identity.Owin.IdentityFactoryMiddleware`2.<Invoke>d__5.MoveNext()
--- End of stack trace from previous location where exception was thrown ---
   at System.Runtime.ExceptionServices.ExceptionDispatchInfo.Throw()
   at System.Runtime.CompilerServices.TaskAwaiter.ThrowForNonSuccess(Task task)
   at System.Runtime.CompilerServices.TaskAwaiter.HandleNonSuccessAndDebuggerNotification(Task task)
   at Microsoft.AspNet.Identity.Owin.IdentityFactoryMiddleware`2.<Invoke>d__5.MoveNext()
--- End of stack trace from previous location where exception was thrown ---
   at System.Runtime.ExceptionServices.ExceptionDispatchInfo.Throw()
   at System.Runtime.CompilerServices.TaskAwaiter.ThrowForNonSuccess(Task task)
   at System.Runtime.CompilerServices.TaskAwaiter.HandleNonSuccessAndDebuggerNotification(Task task)
   at Microsoft.AspNet.Identity.Owin.IdentityFactoryMiddleware`2.<Invoke>d__5.MoveNext()
--- End of stack trace from previous location where exception was thrown ---
   at System.Runtime.ExceptionServices.ExceptionDispatchInfo.Throw()
   at System.Runtime.CompilerServices.TaskAwaiter.ThrowForNonSuccess(Task task)
   at System.Runtime.CompilerServices.TaskAwaiter.HandleNonSuccessAndDebuggerNotification(Task task)
   at Microsoft.AspNet.Identity.Owin.IdentityFactoryMiddleware`2.<Invoke>d__5.MoveNext()
--- End of stack trace from previous location where exception was thrown ---
   at System.Runtime.ExceptionServices.ExceptionDispatchInfo.Throw()
   at System.Runtime.CompilerServices.TaskAwaiter.ThrowForNonSuccess(Task task)
   at System.Runtime.CompilerServices.TaskAwaiter.HandleNonSuccessAndDebuggerNotification(Task task)
   at Microsoft.AspNet.Identity.Owin.IdentityFactoryMiddleware`2.<Invoke>d__5.MoveNext()
--- End of stack trace from previous location where exception was thrown ---
   at System.Runtime.ExceptionServices.ExceptionDispatchInfo.Throw()
   at System.Runtime.CompilerServices.TaskAwaiter.ThrowForNonSuccess(Task task)
   at System.Runtime.CompilerServices.TaskAwaiter.HandleNonSuccessAndDebuggerNotification(Task task)
   at Microsoft.AspNet.Identity.Owin.IdentityFactoryMiddleware`2.<Invoke>d__5.MoveNext()
--- End of stack trace from previous location where exception was thrown ---
   at System.Runtime.ExceptionServices.ExceptionDispatchInfo.Throw()
   at System.Runtime.CompilerServices.TaskAwaiter.ThrowForNonSuccess(Task task)
   at System.Runtime.CompilerServices.TaskAwaiter.HandleNonSuccessAndDebuggerNotification(Task task)
   at Site.Middleware.UserTraceMiddleware.<Invoke>d__1.MoveNext() in C:\__w\1\s\Samples\MasterPortal\Middleware\UserTraceMiddleware.cs:line 46
--- End of stack trace from previous location where exception was thrown ---
   at System.Runtime.ExceptionServices.ExceptionDispatchInfo.Throw()
   at System.Runtime.CompilerServices.TaskAwaiter.ThrowForNonSuccess(Task task)
   at System.Runtime.CompilerServices.TaskAwaiter.HandleNonSuccessAndDebuggerNotification(Task task)
   at Adxstudio.Xrm.AspNet.Cms.RequestNotFoundCacheMiddleware.<Invoke>d__5.MoveNext() in C:\__w\1\s\Framework\Adxstudio.Xrm\AspNet\Cms\RequestNotFoundCacheMiddleware.cs:line 91
--- End of stack trace from previous location where exception was thrown ---
   at System.Runtime.ExceptionServices.ExceptionDispatchInfo.Throw()
   at System.Runtime.CompilerServices.TaskAwaiter.ThrowForNonSuccess(Task task)
   at System.Runtime.CompilerServices.TaskAwaiter.HandleNonSuccessAndDebuggerNotification(Task task)
   at Adxstudio.Xrm.AspNet.Cms.BlockUnwantedRequestMiddleware.<Invoke>d__3.MoveNext() in C:\__w\1\s\Framework\Adxstudio.Xrm\AspNet\Cms\BlockUnwantedRequestMiddleware.cs:line 51
--- End of stack trace from previous location where exception was thrown ---
   at System.Runtime.ExceptionServices.ExceptionDispatchInfo.Throw()
   at System.Runtime.CompilerServices.TaskAwaiter.ThrowForNonSuccess(Task task)
   at System.Runtime.CompilerServices.TaskAwaiter.HandleNonSuccessAndDebuggerNotification(Task task)
   at Site.Middleware.BootTrackerMiddleware.<Invoke>d__1.MoveNext() in C:\__w\1\s\Samples\MasterPortal\Middleware\BootTrackerMiddleware.cs:line 31
--- End of stack trace from previous location where exception was thrown ---
   at System.Runtime.ExceptionServices.ExceptionDispatchInfo.Throw()
   at System.Runtime.CompilerServices.TaskAwaiter.ThrowForNonSuccess(Task task)
   at System.Runtime.CompilerServices.TaskAwaiter.HandleNonSuccessAndDebuggerNotification(Task task)
   at Microsoft.AspNet.Identity.Owin.IdentityFactoryMiddleware`2.<Invoke>d__5.MoveNext()
--- End of stack trace from previous location where exception was thrown ---
   at System.Runtime.ExceptionServices.ExceptionDispatchInfo.Throw()
   at System.Runtime.CompilerServices.TaskAwaiter.ThrowForNonSuccess(Task task)
   at System.Runtime.CompilerServices.TaskAwaiter.HandleNonSuccessAndDebuggerNotification(Task task)
   at Adxstudio.Xrm.AspNet.Cms.ScaleOutMiddleware.<Invoke>d__2.MoveNext() in C:\__w\1\s\Framework\Adxstudio.Xrm\AspNet\Cms\ScaleOutMiddleware.cs:line 111
--- End of stack trace from previous location where exception was thrown ---
   at System.Runtime.ExceptionServices.ExceptionDispatchInfo.Throw()
   at System.Runtime.CompilerServices.TaskAwaiter.ThrowForNonSuccess(Task task)
   at System.Runtime.CompilerServices.TaskAwaiter.HandleNonSuccessAndDebuggerNotification(Task task)
   at Adxstudio.Xrm.AspNet.Cms.HealthMiddleware.<Invoke>d__3.MoveNext() in C:\__w\1\s\Framework\Adxstudio.Xrm\AspNet\Cms\HealthMiddleware.cs:line 57
--- End of stack trace from previous location where exception was thrown ---
   at System.Runtime.ExceptionServices.ExceptionDispatchInfo.Throw()
   at System.Runtime.CompilerServices.TaskAwaiter.ThrowForNonSuccess(Task task)
   at System.Runtime.CompilerServices.TaskAwaiter.HandleNonSuccessAndDebuggerNotification(Task task)
   at Adxstudio.Xrm.AspNet.Cms.AppInfoMiddleware.<Invoke>d__6.MoveNext() in C:\__w\1\s\Framework\Adxstudio.Xrm\AspNet\Cms\AppInfoMiddleware.cs:line 69
--- End of stack trace from previous location where exception was thrown ---
   at System.Runtime.ExceptionServices.ExceptionDispatchInfo.Throw()
   at System.Runtime.CompilerServices.TaskAwaiter.ThrowForNonSuccess(Task task)
   at System.Runtime.CompilerServices.TaskAwaiter.HandleNonSuccessAndDebuggerNotification(Task task)
   at Adxstudio.Xrm.AspNet.Cms.RequireSslMiddleware.<Invoke>d__5.MoveNext() in C:\__w\1\s\Framework\Adxstudio.Xrm\AspNet\Cms\RequireSslMiddleware.cs:line 78
--- End of stack trace from previous location where exception was thrown ---
   at System.Runtime.ExceptionServices.ExceptionDispatchInfo.Throw()
   at System.Runtime.CompilerServices.TaskAwaiter.ThrowForNonSuccess(Task task)
   at System.Runtime.CompilerServices.TaskAwaiter.HandleNonSuccessAndDebuggerNotification(Task task)
   at Adxstudio.Xrm.AspNet.Cms.ETWMiddleware.<Invoke>d__4.MoveNext() in C:\__w\1\s\Framework\Adxstudio.Xrm\AspNet\Cms\ETWMiddleware.cs:line 62
--- End of stack trace from previous location where exception was thrown ---
   at System.Runtime.ExceptionServices.ExceptionDispatchInfo.Throw()
   at System.Runtime.CompilerServices.TaskAwaiter.ThrowForNonSuccess(Task task)
   at System.Runtime.CompilerServices.TaskAwaiter.HandleNonSuccessAndDebuggerNotification(Task task)
   at Microsoft.Owin.Host.SystemWeb.IntegratedPipeline.IntegratedPipelineContextStage.<RunApp>d__7.MoveNext() in /_/src/Microsoft.Owin.Host.SystemWeb/IntegratedPipeline/IntegratedPipelineContextStage.cs:line 85
--- End of stack trace from previous location where exception was thrown ---
   at System.Runtime.ExceptionServices.ExceptionDispatchInfo.Throw()
   at System.Runtime.CompilerServices.TaskAwaiter.HandleNonSuccessAndDebuggerNotification(Task task)
   at Microsoft.Owin.Host.SystemWeb.IntegratedPipeline.IntegratedPipelineContext.<DoFinalWork>d__12.MoveNext() in /_/src/Microsoft.Owin.Host.SystemWeb/IntegratedPipeline/IntegratedPipelineContext.cs:line 153
--- End of stack trace from previous location where exception was thrown ---
   at System.Runtime.ExceptionServices.ExceptionDispatchInfo.Throw()
   at Microsoft.Owin.Host.SystemWeb.IntegratedPipeline.StageAsyncResult.End(IAsyncResult ar) in /_/src/Microsoft.Owin.Host.SystemWeb/IntegratedPipeline/StageAsyncResult.cs:line 76
   at System.Web.HttpApplication.AsyncEventExecutionStep.System.Web.HttpApplication.IExecutionStep.Execute()
   at System.Web.HttpApplication.ExecuteStepImpl(IExecutionStep step)
   at System.Web.HttpApplication.ExecuteStep(IExecutionStep step, Boolean& completedSynchronously)

mscorlib

, EventData:ASP.global_asax, Category:Application, ErrorCategory:ApplicationError",40000fbb-0000-d400-b63f-84710c7967bb
2024-03-31T15:48:32,Error,site-85de4385-0987-4ae5-9917-b7715602956d-AUe,30857d,638474969123138593,0,36280,5,"RequestData:, RequestPath:, RequestExtension:, SessionId:, UserId:, CorrelationId:00000000-0000-0000-0000-000000000000, Elapsed:0, RequestMethod:, RequestContentType:, RequestAccept:, RequestCacheControl:, UserAgent:, HandlerName:, HandlerExecuted:False, VaryByCustom:, MemberName:OnSubscriptionErrorAsync, SourceFilePath:C:\__w\1\s\Framework\Adxstudio.Xrm\AspNet\PortalBus\AppDataPortalBusProvider.cs, SourceLineNumber:186, ExceptionMessage:Access is denied
System.ComponentModel.Win32Exception




, EventData:Subscription error: SubscriptionPath: 30857d690375e45a0e7f5e0a574a710da6188d71e1061cb3de78b9fd89c29e6a-36280, Category:PortalBus, ErrorCategory:ApplicationError",
