date,level,applicationName,instanceId,eventTickCount,eventId,pid,tid,message,activityId
2024-03-14T17:25:26,Error,site-85de4385-0987-4ae5-9917-b7715602956d-AUe,0cce7d,638460339268316771,0,722452,117,"RequestData:, RequestPath:/rfcdetails/, RequestExtension:, SessionId:sfkd3gbnwkgihiflqb1yhvaw, UserId:TWOUG6dgccFFXqYyAxkuRePZRn3_r4SHgS-ThEB8oShEUbO8-T6Z5YR2hMdfVluVfSbRJlj6g5eQE5ElBEG45bXCxWq-NvHoyM6_fAtfttJfxCP8YKR1cvKGcZvqwI_hE5Y1HWRYoYGxhq69x6Yl-w2, CorrelationId:a9a7bb48-4d5a-4f77-b97e-4ad8edbbfb4f, Elapsed:562.2426, RequestMethod:GET, RequestContentType:, RequestAccept:text/html,application/xhtml+xml,application/xml;q=0.9,image/avif,image/webp,image/apng,*/*;q=0.8,application/signed-exchange;v=b3;q=0.7, RequestCacheControl:, UserAgent:Mozilla/5.0 (Windows NT 10.0; Win64; x64) AppleWebKit/537.36 (KHTML, like Gecko) Chrome/122.0.0.0 Safari/537.36, HandlerName:ASP.pages_webtemplate_aspx, HandlerExecuted:False, VaryByCustom:user;website;language, MemberName:InternalRenderLiquid, SourceFilePath:C:\__w\1\s\Framework\Adxstudio.Xrm\Web\Mvc\Html\LiquidExtensions.cs, SourceLineNumber:611, ExceptionMessage:Value cannot be null.
Parameter name: key
System.ArgumentNullException
   at System.ThrowHelper.ThrowArgumentNullException(ExceptionArgument argument)
   at System.Collections.Generic.Dictionary`2.FindEntry(TKey key)
   at System.Collections.Generic.Dictionary`2.TryGetValue(TKey key, TValue& value)
   at DotLiquid.DropBase.InvokeDrop(Object name)
   at DotLiquid.Context.LookupAndEvaluate(Object obj, Object key)
   at DotLiquid.Context.Variable(String markup)
   at DotLiquid.Context.Resolve(String key)
   at DotLiquid.Variable.RenderInternal(Context context)
   at DotLiquid.Variable.Render(Context context, TextWriter result)
   at DotLiquid.Block.RenderAll(List`1 list, Context context, TextWriter result)

mscorlib

, EventData:Liquid rendering error, Category:File, ErrorCategory:UserError",4001a558-0800-de00-b63f-84710c7967bb
2024-03-14T17:25:26,Error,site-85de4385-0987-4ae5-9917-b7715602956d-AUe,0cce7d,638460339268316771,0,722452,117,"RequestData:, RequestPath:/rfcdetails/, RequestExtension:, SessionId:sfkd3gbnwkgihiflqb1yhvaw, UserId:TWOUG6dgccFFXqYyAxkuRePZRn3_r4SHgS-ThEB8oShEUbO8-T6Z5YR2hMdfVluVfSbRJlj6g5eQE5ElBEG45bXCxWq-NvHoyM6_fAtfttJfxCP8YKR1cvKGcZvqwI_hE5Y1HWRYoYGxhq69x6Yl-w2, CorrelationId:a9a7bb48-4d5a-4f77-b97e-4ad8edbbfb4f, Elapsed:564.2655, RequestMethod:GET, RequestContentType:, RequestAccept:text/html,application/xhtml+xml,application/xml;q=0.9,image/avif,image/webp,image/apng,*/*;q=0.8,application/signed-exchange;v=b3;q=0.7, RequestCacheControl:, UserAgent:Mozilla/5.0 (Windows NT 10.0; Win64; x64) AppleWebKit/537.36 (KHTML, like Gecko) Chrome/122.0.0.0 Safari/537.36, HandlerName:ASP.pages_webtemplate_aspx, HandlerExecuted:False, VaryByCustom:user;website;language, MemberName:InternalRenderLiquid, SourceFilePath:C:\__w\1\s\Framework\Adxstudio.Xrm\Web\Mvc\Html\LiquidExtensions.cs, SourceLineNumber:611, ExceptionMessage:Value cannot be null.
Parameter name: key
System.ArgumentNullException
   at System.ThrowHelper.ThrowArgumentNullException(ExceptionArgument argument)
   at System.Collections.Generic.Dictionary`2.FindEntry(TKey key)
   at System.Collections.Generic.Dictionary`2.TryGetValue(TKey key, TValue& value)
   at DotLiquid.DropBase.InvokeDrop(Object name)
   at DotLiquid.Context.LookupAndEvaluate(Object obj, Object key)
   at DotLiquid.Context.Variable(String markup)
   at DotLiquid.Context.Resolve(String key)
   at DotLiquid.Variable.RenderInternal(Context context)
   at DotLiquid.Variable.Render(Context context, TextWriter result)
   at DotLiquid.Block.RenderAll(List`1 list, Context context, TextWriter result)

mscorlib

, EventData:Liquid rendering error, Category:File, ErrorCategory:UserError",4001a558-0800-de00-b63f-84710c7967bb
2024-03-14T17:25:26,Error,site-85de4385-0987-4ae5-9917-b7715602956d-AUe,0cce7d,638460339268316771,0,722452,117,"RequestData:, RequestPath:/rfcdetails/, RequestExtension:, SessionId:sfkd3gbnwkgihiflqb1yhvaw, UserId:TWOUG6dgccFFXqYyAxkuRePZRn3_r4SHgS-ThEB8oShEUbO8-T6Z5YR2hMdfVluVfSbRJlj6g5eQE5ElBEG45bXCxWq-NvHoyM6_fAtfttJfxCP8YKR1cvKGcZvqwI_hE5Y1HWRYoYGxhq69x6Yl-w2, CorrelationId:a9a7bb48-4d5a-4f77-b97e-4ad8edbbfb4f, Elapsed:564.4923, RequestMethod:GET, RequestContentType:, RequestAccept:text/html,application/xhtml+xml,application/xml;q=0.9,image/avif,image/webp,image/apng,*/*;q=0.8,application/signed-exchange;v=b3;q=0.7, RequestCacheControl:, UserAgent:Mozilla/5.0 (Windows NT 10.0; Win64; x64) AppleWebKit/537.36 (KHTML, like Gecko) Chrome/122.0.0.0 Safari/537.36, HandlerName:ASP.pages_webtemplate_aspx, HandlerExecuted:False, VaryByCustom:user;website;language, MemberName:InternalRenderLiquid, SourceFilePath:C:\__w\1\s\Framework\Adxstudio.Xrm\Web\Mvc\Html\LiquidExtensions.cs, SourceLineNumber:611, ExceptionMessage:Value cannot be null.
Parameter name: key
System.ArgumentNullException
   at System.ThrowHelper.ThrowArgumentNullException(ExceptionArgument argument)
   at System.Collections.Generic.Dictionary`2.FindEntry(TKey key)
   at System.Collections.Generic.Dictionary`2.TryGetValue(TKey key, TValue& value)
   at DotLiquid.DropBase.InvokeDrop(Object name)
   at DotLiquid.Context.LookupAndEvaluate(Object obj, Object key)
   at DotLiquid.Context.Variable(String markup)
   at DotLiquid.Context.Resolve(String key)
   at DotLiquid.Variable.RenderInternal(Context context)
   at DotLiquid.Variable.Render(Context context, TextWriter result)
   at DotLiquid.Block.RenderAll(List`1 list, Context context, TextWriter result)

mscorlib

, EventData:Liquid rendering error, Category:File, ErrorCategory:UserError",4001a558-0800-de00-b63f-84710c7967bb
2024-03-14T17:25:26,Error,site-85de4385-0987-4ae5-9917-b7715602956d-AUe,0cce7d,638460339268316771,0,722452,117,"RequestData:, RequestPath:/rfcdetails/, RequestExtension:, SessionId:sfkd3gbnwkgihiflqb1yhvaw, UserId:TWOUG6dgccFFXqYyAxkuRePZRn3_r4SHgS-ThEB8oShEUbO8-T6Z5YR2hMdfVluVfSbRJlj6g5eQE5ElBEG45bXCxWq-NvHoyM6_fAtfttJfxCP8YKR1cvKGcZvqwI_hE5Y1HWRYoYGxhq69x6Yl-w2, CorrelationId:a9a7bb48-4d5a-4f77-b97e-4ad8edbbfb4f, Elapsed:564.6852, RequestMethod:GET, RequestContentType:, RequestAccept:text/html,application/xhtml+xml,application/xml;q=0.9,image/avif,image/webp,image/apng,*/*;q=0.8,application/signed-exchange;v=b3;q=0.7, RequestCacheControl:, UserAgent:Mozilla/5.0 (Windows NT 10.0; Win64; x64) AppleWebKit/537.36 (KHTML, like Gecko) Chrome/122.0.0.0 Safari/537.36, HandlerName:ASP.pages_webtemplate_aspx, HandlerExecuted:False, VaryByCustom:user;website;language, MemberName:InternalRenderLiquid, SourceFilePath:C:\__w\1\s\Framework\Adxstudio.Xrm\Web\Mvc\Html\LiquidExtensions.cs, SourceLineNumber:611, ExceptionMessage:Value cannot be null.
Parameter name: key
System.ArgumentNullException
   at System.ThrowHelper.ThrowArgumentNullException(ExceptionArgument argument)
   at System.Collections.Generic.Dictionary`2.FindEntry(TKey key)
   at System.Collections.Generic.Dictionary`2.TryGetValue(TKey key, TValue& value)
   at DotLiquid.DropBase.InvokeDrop(Object name)
   at DotLiquid.Context.LookupAndEvaluate(Object obj, Object key)
   at DotLiquid.Context.Variable(String markup)
   at DotLiquid.Context.Resolve(String key)
   at DotLiquid.Variable.RenderInternal(Context context)
   at DotLiquid.Variable.Render(Context context, TextWriter result)
   at DotLiquid.Block.RenderAll(List`1 list, Context context, TextWriter result)

mscorlib

, EventData:Liquid rendering error, Category:File, ErrorCategory:UserError",4001a558-0800-de00-b63f-84710c7967bb
2024-03-14T17:25:26,Error,site-85de4385-0987-4ae5-9917-b7715602956d-AUe,0cce7d,638460339268316771,0,722452,117,"RequestData:, RequestPath:/rfcdetails/, RequestExtension:, SessionId:sfkd3gbnwkgihiflqb1yhvaw, UserId:TWOUG6dgccFFXqYyAxkuRePZRn3_r4SHgS-ThEB8oShEUbO8-T6Z5YR2hMdfVluVfSbRJlj6g5eQE5ElBEG45bXCxWq-NvHoyM6_fAtfttJfxCP8YKR1cvKGcZvqwI_hE5Y1HWRYoYGxhq69x6Yl-w2, CorrelationId:a9a7bb48-4d5a-4f77-b97e-4ad8edbbfb4f, Elapsed:565.7584, RequestMethod:GET, RequestContentType:, RequestAccept:text/html,application/xhtml+xml,application/xml;q=0.9,image/avif,image/webp,image/apng,*/*;q=0.8,application/signed-exchange;v=b3;q=0.7, RequestCacheControl:, UserAgent:Mozilla/5.0 (Windows NT 10.0; Win64; x64) AppleWebKit/537.36 (KHTML, like Gecko) Chrome/122.0.0.0 Safari/537.36, HandlerName:ASP.pages_webtemplate_aspx, HandlerExecuted:False, VaryByCustom:user;website;language, MemberName:InternalRenderLiquid, SourceFilePath:C:\__w\1\s\Framework\Adxstudio.Xrm\Web\Mvc\Html\LiquidExtensions.cs, SourceLineNumber:611, ExceptionMessage:Value cannot be null.
Parameter name: key
System.ArgumentNullException
   at System.ThrowHelper.ThrowArgumentNullException(ExceptionArgument argument)
   at System.Collections.Generic.Dictionary`2.FindEntry(TKey key)
   at System.Collections.Generic.Dictionary`2.TryGetValue(TKey key, TValue& value)
   at DotLiquid.DropBase.InvokeDrop(Object name)
   at DotLiquid.Context.LookupAndEvaluate(Object obj, Object key)
   at DotLiquid.Context.Variable(String markup)
   at DotLiquid.Context.Resolve(String key)
   at DotLiquid.Variable.RenderInternal(Context context)
   at DotLiquid.Variable.Render(Context context, TextWriter result)
   at DotLiquid.Block.RenderAll(List`1 list, Context context, TextWriter result)

mscorlib

, EventData:Liquid rendering error (adx_webtemplate::37096e18-22f9-ed11-8f6e-00224893bfba), Category:File, ErrorCategory:UserError",4001a558-0800-de00-b63f-84710c7967bb
2024-03-14T17:25:26,Error,site-85de4385-0987-4ae5-9917-b7715602956d-AUe,0cce7d,638460339268316771,0,722452,117,"RequestData:, RequestPath:/rfcdetails/, RequestExtension:, SessionId:sfkd3gbnwkgihiflqb1yhvaw, UserId:TWOUG6dgccFFXqYyAxkuRePZRn3_r4SHgS-ThEB8oShEUbO8-T6Z5YR2hMdfVluVfSbRJlj6g5eQE5ElBEG45bXCxWq-NvHoyM6_fAtfttJfxCP8YKR1cvKGcZvqwI_hE5Y1HWRYoYGxhq69x6Yl-w2, CorrelationId:a9a7bb48-4d5a-4f77-b97e-4ad8edbbfb4f, Elapsed:566.0127, RequestMethod:GET, RequestContentType:, RequestAccept:text/html,application/xhtml+xml,application/xml;q=0.9,image/avif,image/webp,image/apng,*/*;q=0.8,application/signed-exchange;v=b3;q=0.7, RequestCacheControl:, UserAgent:Mozilla/5.0 (Windows NT 10.0; Win64; x64) AppleWebKit/537.36 (KHTML, like Gecko) Chrome/122.0.0.0 Safari/537.36, HandlerName:ASP.pages_webtemplate_aspx, HandlerExecuted:False, VaryByCustom:user;website;language, MemberName:InternalRenderLiquid, SourceFilePath:C:\__w\1\s\Framework\Adxstudio.Xrm\Web\Mvc\Html\LiquidExtensions.cs, SourceLineNumber:611, ExceptionMessage:Value cannot be null.
Parameter name: key
System.ArgumentNullException
   at System.ThrowHelper.ThrowArgumentNullException(ExceptionArgument argument)
   at System.Collections.Generic.Dictionary`2.FindEntry(TKey key)
   at System.Collections.Generic.Dictionary`2.TryGetValue(TKey key, TValue& value)
   at DotLiquid.DropBase.InvokeDrop(Object name)
   at DotLiquid.Context.LookupAndEvaluate(Object obj, Object key)
   at DotLiquid.Context.Variable(String markup)
   at DotLiquid.Context.Resolve(String key)
   at DotLiquid.Variable.RenderInternal(Context context)
   at DotLiquid.Variable.Render(Context context, TextWriter result)
   at DotLiquid.Block.RenderAll(List`1 list, Context context, TextWriter result)

mscorlib

, EventData:Liquid rendering error (adx_webtemplate::37096e18-22f9-ed11-8f6e-00224893bfba), Category:File, ErrorCategory:UserError",4001a558-0800-de00-b63f-84710c7967bb
2024-03-14T17:25:26,Error,site-85de4385-0987-4ae5-9917-b7715602956d-AUe,0cce7d,638460339268316771,0,722452,117,"RequestData:, RequestPath:/rfcdetails/, RequestExtension:, SessionId:sfkd3gbnwkgihiflqb1yhvaw, UserId:TWOUG6dgccFFXqYyAxkuRePZRn3_r4SHgS-ThEB8oShEUbO8-T6Z5YR2hMdfVluVfSbRJlj6g5eQE5ElBEG45bXCxWq-NvHoyM6_fAtfttJfxCP8YKR1cvKGcZvqwI_hE5Y1HWRYoYGxhq69x6Yl-w2, CorrelationId:a9a7bb48-4d5a-4f77-b97e-4ad8edbbfb4f, Elapsed:566.1995, RequestMethod:GET, RequestContentType:, RequestAccept:text/html,application/xhtml+xml,application/xml;q=0.9,image/avif,image/webp,image/apng,*/*;q=0.8,application/signed-exchange;v=b3;q=0.7, RequestCacheControl:, UserAgent:Mozilla/5.0 (Windows NT 10.0; Win64; x64) AppleWebKit/537.36 (KHTML, like Gecko) Chrome/122.0.0.0 Safari/537.36, HandlerName:ASP.pages_webtemplate_aspx, HandlerExecuted:False, VaryByCustom:user;website;language, MemberName:InternalRenderLiquid, SourceFilePath:C:\__w\1\s\Framework\Adxstudio.Xrm\Web\Mvc\Html\LiquidExtensions.cs, SourceLineNumber:611, ExceptionMessage:Value cannot be null.
Parameter name: key
System.ArgumentNullException
   at System.ThrowHelper.ThrowArgumentNullException(ExceptionArgument argument)
   at System.Collections.Generic.Dictionary`2.FindEntry(TKey key)
   at System.Collections.Generic.Dictionary`2.TryGetValue(TKey key, TValue& value)
   at DotLiquid.DropBase.InvokeDrop(Object name)
   at DotLiquid.Context.LookupAndEvaluate(Object obj, Object key)
   at DotLiquid.Context.Variable(String markup)
   at DotLiquid.Context.Resolve(String key)
   at DotLiquid.Variable.RenderInternal(Context context)
   at DotLiquid.Variable.Render(Context context, TextWriter result)
   at DotLiquid.Block.RenderAll(List`1 list, Context context, TextWriter result)

mscorlib

, EventData:Liquid rendering error (adx_webtemplate::37096e18-22f9-ed11-8f6e-00224893bfba), Category:File, ErrorCategory:UserError",4001a558-0800-de00-b63f-84710c7967bb
2024-03-14T17:25:26,Error,site-85de4385-0987-4ae5-9917-b7715602956d-AUe,0cce7d,638460339268316771,0,722452,117,"RequestData:, RequestPath:/rfcdetails/, RequestExtension:, SessionId:sfkd3gbnwkgihiflqb1yhvaw, UserId:TWOUG6dgccFFXqYyAxkuRePZRn3_r4SHgS-ThEB8oShEUbO8-T6Z5YR2hMdfVluVfSbRJlj6g5eQE5ElBEG45bXCxWq-NvHoyM6_fAtfttJfxCP8YKR1cvKGcZvqwI_hE5Y1HWRYoYGxhq69x6Yl-w2, CorrelationId:a9a7bb48-4d5a-4f77-b97e-4ad8edbbfb4f, Elapsed:566.3854, RequestMethod:GET, RequestContentType:, RequestAccept:text/html,application/xhtml+xml,application/xml;q=0.9,image/avif,image/webp,image/apng,*/*;q=0.8,application/signed-exchange;v=b3;q=0.7, RequestCacheControl:, UserAgent:Mozilla/5.0 (Windows NT 10.0; Win64; x64) AppleWebKit/537.36 (KHTML, like Gecko) Chrome/122.0.0.0 Safari/537.36, HandlerName:ASP.pages_webtemplate_aspx, HandlerExecuted:False, VaryByCustom:user;website;language, MemberName:InternalRenderLiquid, SourceFilePath:C:\__w\1\s\Framework\Adxstudio.Xrm\Web\Mvc\Html\LiquidExtensions.cs, SourceLineNumber:611, ExceptionMessage:Value cannot be null.
Parameter name: key
System.ArgumentNullException
   at System.ThrowHelper.ThrowArgumentNullException(ExceptionArgument argument)
   at System.Collections.Generic.Dictionary`2.FindEntry(TKey key)
   at System.Collections.Generic.Dictionary`2.TryGetValue(TKey key, TValue& value)
   at DotLiquid.DropBase.InvokeDrop(Object name)
   at DotLiquid.Context.LookupAndEvaluate(Object obj, Object key)
   at DotLiquid.Context.Variable(String markup)
   at DotLiquid.Context.Resolve(String key)
   at DotLiquid.Variable.RenderInternal(Context context)
   at DotLiquid.Variable.Render(Context context, TextWriter result)
   at DotLiquid.Block.RenderAll(List`1 list, Context context, TextWriter result)

mscorlib

, EventData:Liquid rendering error (adx_webtemplate::37096e18-22f9-ed11-8f6e-00224893bfba), Category:File, ErrorCategory:UserError",4001a558-0800-de00-b63f-84710c7967bb
2024-03-14T17:27:42,Error,site-85de4385-0987-4ae5-9917-b7715602956d-AUe,0cce7d,638460340620081779,0,722452,59,"RequestData:, RequestPath:/rfcdetails/, RequestExtension:, SessionId:sfkd3gbnwkgihiflqb1yhvaw, UserId:TWOUG6dgccFFXqYyAxkuRePZRn3_r4SHgS-ThEB8oShEUbO8-T6Z5YR2hMdfVluVfSbRJlj6g5eQE5ElBEG45bXCxWq-NvHoyM6_fAtfttJfxCP8YKR1cvKGcZvqwI_hE5Y1HWRYoYGxhq69x6Yl-w2, CorrelationId:b62e096e-e10c-4c14-ac84-20968dfbeaa3, Elapsed:2085.236, RequestMethod:POST, RequestContentType:application/x-www-form-urlencoded, RequestAccept:text/html,application/xhtml+xml,application/xml;q=0.9,image/avif,image/webp,image/apng,*/*;q=0.8,application/signed-exchange;v=b3;q=0.7, RequestCacheControl:max-age=0, UserAgent:Mozilla/5.0 (Windows NT 10.0; Win64; x64) AppleWebKit/537.36 (KHTML, like Gecko) Chrome/122.0.0.0 Safari/537.36, HandlerName:ASP.pages_webtemplate_aspx, HandlerExecuted:False, VaryByCustom:user;website;language, MemberName:InternalRenderLiquid, SourceFilePath:C:\__w\1\s\Framework\Adxstudio.Xrm\Web\Mvc\Html\LiquidExtensions.cs, SourceLineNumber:611, ExceptionMessage:Value cannot be null.
Parameter name: key
System.ArgumentNullException
   at System.ThrowHelper.ThrowArgumentNullException(ExceptionArgument argument)
   at System.Collections.Generic.Dictionary`2.FindEntry(TKey key)
   at System.Collections.Generic.Dictionary`2.TryGetValue(TKey key, TValue& value)
   at DotLiquid.DropBase.InvokeDrop(Object name)
   at DotLiquid.Context.LookupAndEvaluate(Object obj, Object key)
   at DotLiquid.Context.Variable(String markup)
   at DotLiquid.Context.Resolve(String key)
   at DotLiquid.Variable.RenderInternal(Context context)
   at DotLiquid.Variable.Render(Context context, TextWriter result)
   at DotLiquid.Block.RenderAll(List`1 list, Context context, TextWriter result)

mscorlib

, EventData:Liquid rendering error, Category:File, ErrorCategory:UserError",4000a58c-0001-8300-b63f-84710c7967bb
2024-03-14T17:27:42,Error,site-85de4385-0987-4ae5-9917-b7715602956d-AUe,0cce7d,638460340620081779,0,722452,59,"RequestData:, RequestPath:/rfcdetails/, RequestExtension:, SessionId:sfkd3gbnwkgihiflqb1yhvaw, UserId:TWOUG6dgccFFXqYyAxkuRePZRn3_r4SHgS-ThEB8oShEUbO8-T6Z5YR2hMdfVluVfSbRJlj6g5eQE5ElBEG45bXCxWq-NvHoyM6_fAtfttJfxCP8YKR1cvKGcZvqwI_hE5Y1HWRYoYGxhq69x6Yl-w2, CorrelationId:b62e096e-e10c-4c14-ac84-20968dfbeaa3, Elapsed:2085.7718, RequestMethod:POST, RequestContentType:application/x-www-form-urlencoded, RequestAccept:text/html,application/xhtml+xml,application/xml;q=0.9,image/avif,image/webp,image/apng,*/*;q=0.8,application/signed-exchange;v=b3;q=0.7, RequestCacheControl:max-age=0, UserAgent:Mozilla/5.0 (Windows NT 10.0; Win64; x64) AppleWebKit/537.36 (KHTML, like Gecko) Chrome/122.0.0.0 Safari/537.36, HandlerName:ASP.pages_webtemplate_aspx, HandlerExecuted:False, VaryByCustom:user;website;language, MemberName:InternalRenderLiquid, SourceFilePath:C:\__w\1\s\Framework\Adxstudio.Xrm\Web\Mvc\Html\LiquidExtensions.cs, SourceLineNumber:611, ExceptionMessage:Value cannot be null.
Parameter name: key
System.ArgumentNullException
   at System.ThrowHelper.ThrowArgumentNullException(ExceptionArgument argument)
   at System.Collections.Generic.Dictionary`2.FindEntry(TKey key)
   at System.Collections.Generic.Dictionary`2.TryGetValue(TKey key, TValue& value)
   at DotLiquid.DropBase.InvokeDrop(Object name)
   at DotLiquid.Context.LookupAndEvaluate(Object obj, Object key)
   at DotLiquid.Context.Variable(String markup)
   at DotLiquid.Context.Resolve(String key)
   at DotLiquid.Variable.RenderInternal(Context context)
   at DotLiquid.Variable.Render(Context context, TextWriter result)
   at DotLiquid.Block.RenderAll(List`1 list, Context context, TextWriter result)

mscorlib

, EventData:Liquid rendering error, Category:File, ErrorCategory:UserError",4000a58c-0001-8300-b63f-84710c7967bb
2024-03-14T17:27:42,Error,site-85de4385-0987-4ae5-9917-b7715602956d-AUe,0cce7d,638460340620081779,0,722452,59,"RequestData:, RequestPath:/rfcdetails/, RequestExtension:, SessionId:sfkd3gbnwkgihiflqb1yhvaw, UserId:TWOUG6dgccFFXqYyAxkuRePZRn3_r4SHgS-ThEB8oShEUbO8-T6Z5YR2hMdfVluVfSbRJlj6g5eQE5ElBEG45bXCxWq-NvHoyM6_fAtfttJfxCP8YKR1cvKGcZvqwI_hE5Y1HWRYoYGxhq69x6Yl-w2, CorrelationId:b62e096e-e10c-4c14-ac84-20968dfbeaa3, Elapsed:2085.9907, RequestMethod:POST, RequestContentType:application/x-www-form-urlencoded, RequestAccept:text/html,application/xhtml+xml,application/xml;q=0.9,image/avif,image/webp,image/apng,*/*;q=0.8,application/signed-exchange;v=b3;q=0.7, RequestCacheControl:max-age=0, UserAgent:Mozilla/5.0 (Windows NT 10.0; Win64; x64) AppleWebKit/537.36 (KHTML, like Gecko) Chrome/122.0.0.0 Safari/537.36, HandlerName:ASP.pages_webtemplate_aspx, HandlerExecuted:False, VaryByCustom:user;website;language, MemberName:InternalRenderLiquid, SourceFilePath:C:\__w\1\s\Framework\Adxstudio.Xrm\Web\Mvc\Html\LiquidExtensions.cs, SourceLineNumber:611, ExceptionMessage:Value cannot be null.
Parameter name: key
System.ArgumentNullException
   at System.ThrowHelper.ThrowArgumentNullException(ExceptionArgument argument)
   at System.Collections.Generic.Dictionary`2.FindEntry(TKey key)
   at System.Collections.Generic.Dictionary`2.TryGetValue(TKey key, TValue& value)
   at DotLiquid.DropBase.InvokeDrop(Object name)
   at DotLiquid.Context.LookupAndEvaluate(Object obj, Object key)
   at DotLiquid.Context.Variable(String markup)
   at DotLiquid.Context.Resolve(String key)
   at DotLiquid.Variable.RenderInternal(Context context)
   at DotLiquid.Variable.Render(Context context, TextWriter result)
   at DotLiquid.Block.RenderAll(List`1 list, Context context, TextWriter result)

mscorlib

, EventData:Liquid rendering error, Category:File, ErrorCategory:UserError",4000a58c-0001-8300-b63f-84710c7967bb
2024-03-14T17:27:42,Error,site-85de4385-0987-4ae5-9917-b7715602956d-AUe,0cce7d,638460340620081779,0,722452,59,"RequestData:, RequestPath:/rfcdetails/, RequestExtension:, SessionId:sfkd3gbnwkgihiflqb1yhvaw, UserId:TWOUG6dgccFFXqYyAxkuRePZRn3_r4SHgS-ThEB8oShEUbO8-T6Z5YR2hMdfVluVfSbRJlj6g5eQE5ElBEG45bXCxWq-NvHoyM6_fAtfttJfxCP8YKR1cvKGcZvqwI_hE5Y1HWRYoYGxhq69x6Yl-w2, CorrelationId:b62e096e-e10c-4c14-ac84-20968dfbeaa3, Elapsed:2086.1871, RequestMethod:POST, RequestContentType:application/x-www-form-urlencoded, RequestAccept:text/html,application/xhtml+xml,application/xml;q=0.9,image/avif,image/webp,image/apng,*/*;q=0.8,application/signed-exchange;v=b3;q=0.7, RequestCacheControl:max-age=0, UserAgent:Mozilla/5.0 (Windows NT 10.0; Win64; x64) AppleWebKit/537.36 (KHTML, like Gecko) Chrome/122.0.0.0 Safari/537.36, HandlerName:ASP.pages_webtemplate_aspx, HandlerExecuted:False, VaryByCustom:user;website;language, MemberName:InternalRenderLiquid, SourceFilePath:C:\__w\1\s\Framework\Adxstudio.Xrm\Web\Mvc\Html\LiquidExtensions.cs, SourceLineNumber:611, ExceptionMessage:Value cannot be null.
Parameter name: key
System.ArgumentNullException
   at System.ThrowHelper.ThrowArgumentNullException(ExceptionArgument argument)
   at System.Collections.Generic.Dictionary`2.FindEntry(TKey key)
   at System.Collections.Generic.Dictionary`2.TryGetValue(TKey key, TValue& value)
   at DotLiquid.DropBase.InvokeDrop(Object name)
   at DotLiquid.Context.LookupAndEvaluate(Object obj, Object key)
   at DotLiquid.Context.Variable(String markup)
   at DotLiquid.Context.Resolve(String key)
   at DotLiquid.Variable.RenderInternal(Context context)
   at DotLiquid.Variable.Render(Context context, TextWriter result)
   at DotLiquid.Block.RenderAll(List`1 list, Context context, TextWriter result)

mscorlib

, EventData:Liquid rendering error, Category:File, ErrorCategory:UserError",4000a58c-0001-8300-b63f-84710c7967bb
2024-03-14T17:27:42,Error,site-85de4385-0987-4ae5-9917-b7715602956d-AUe,0cce7d,638460340621331280,0,722452,59,"RequestData:, RequestPath:/rfcdetails/, RequestExtension:, SessionId:sfkd3gbnwkgihiflqb1yhvaw, UserId:TWOUG6dgccFFXqYyAxkuRePZRn3_r4SHgS-ThEB8oShEUbO8-T6Z5YR2hMdfVluVfSbRJlj6g5eQE5ElBEG45bXCxWq-NvHoyM6_fAtfttJfxCP8YKR1cvKGcZvqwI_hE5Y1HWRYoYGxhq69x6Yl-w2, CorrelationId:b62e096e-e10c-4c14-ac84-20968dfbeaa3, Elapsed:2206.0551, RequestMethod:POST, RequestContentType:application/x-www-form-urlencoded, RequestAccept:text/html,application/xhtml+xml,application/xml;q=0.9,image/avif,image/webp,image/apng,*/*;q=0.8,application/signed-exchange;v=b3;q=0.7, RequestCacheControl:max-age=0, UserAgent:Mozilla/5.0 (Windows NT 10.0; Win64; x64) AppleWebKit/537.36 (KHTML, like Gecko) Chrome/122.0.0.0 Safari/537.36, HandlerName:ASP.pages_webtemplate_aspx, HandlerExecuted:False, VaryByCustom:user;website;language, MemberName:InternalRenderLiquid, SourceFilePath:C:\__w\1\s\Framework\Adxstudio.Xrm\Web\Mvc\Html\LiquidExtensions.cs, SourceLineNumber:611, ExceptionMessage:Value cannot be null.
Parameter name: key
System.ArgumentNullException
   at System.ThrowHelper.ThrowArgumentNullException(ExceptionArgument argument)
   at System.Collections.Generic.Dictionary`2.FindEntry(TKey key)
   at System.Collections.Generic.Dictionary`2.TryGetValue(TKey key, TValue& value)
   at DotLiquid.DropBase.InvokeDrop(Object name)
   at DotLiquid.Context.LookupAndEvaluate(Object obj, Object key)
   at DotLiquid.Context.Variable(String markup)
   at DotLiquid.Context.Resolve(String key)
   at DotLiquid.Variable.RenderInternal(Context context)
   at DotLiquid.Variable.Render(Context context, TextWriter result)
   at DotLiquid.Block.RenderAll(List`1 list, Context context, TextWriter result)

mscorlib

, EventData:Liquid rendering error (adx_webtemplate::37096e18-22f9-ed11-8f6e-00224893bfba), Category:File, ErrorCategory:UserError",4000a58c-0001-8300-b63f-84710c7967bb
2024-03-14T17:27:42,Error,site-85de4385-0987-4ae5-9917-b7715602956d-AUe,0cce7d,638460340621331280,0,722452,59,"RequestData:, RequestPath:/rfcdetails/, RequestExtension:, SessionId:sfkd3gbnwkgihiflqb1yhvaw, UserId:TWOUG6dgccFFXqYyAxkuRePZRn3_r4SHgS-ThEB8oShEUbO8-T6Z5YR2hMdfVluVfSbRJlj6g5eQE5ElBEG45bXCxWq-NvHoyM6_fAtfttJfxCP8YKR1cvKGcZvqwI_hE5Y1HWRYoYGxhq69x6Yl-w2, CorrelationId:b62e096e-e10c-4c14-ac84-20968dfbeaa3, Elapsed:2206.3884, RequestMethod:POST, RequestContentType:application/x-www-form-urlencoded, RequestAccept:text/html,application/xhtml+xml,application/xml;q=0.9,image/avif,image/webp,image/apng,*/*;q=0.8,application/signed-exchange;v=b3;q=0.7, RequestCacheControl:max-age=0, UserAgent:Mozilla/5.0 (Windows NT 10.0; Win64; x64) AppleWebKit/537.36 (KHTML, like Gecko) Chrome/122.0.0.0 Safari/537.36, HandlerName:ASP.pages_webtemplate_aspx, HandlerExecuted:False, VaryByCustom:user;website;language, MemberName:InternalRenderLiquid, SourceFilePath:C:\__w\1\s\Framework\Adxstudio.Xrm\Web\Mvc\Html\LiquidExtensions.cs, SourceLineNumber:611, ExceptionMessage:Value cannot be null.
Parameter name: key
System.ArgumentNullException
   at System.ThrowHelper.ThrowArgumentNullException(ExceptionArgument argument)
   at System.Collections.Generic.Dictionary`2.FindEntry(TKey key)
   at System.Collections.Generic.Dictionary`2.TryGetValue(TKey key, TValue& value)
   at DotLiquid.DropBase.InvokeDrop(Object name)
   at DotLiquid.Context.LookupAndEvaluate(Object obj, Object key)
   at DotLiquid.Context.Variable(String markup)
   at DotLiquid.Context.Resolve(String key)
   at DotLiquid.Variable.RenderInternal(Context context)
   at DotLiquid.Variable.Render(Context context, TextWriter result)
   at DotLiquid.Block.RenderAll(List`1 list, Context context, TextWriter result)

mscorlib

, EventData:Liquid rendering error (adx_webtemplate::37096e18-22f9-ed11-8f6e-00224893bfba), Category:File, ErrorCategory:UserError",4000a58c-0001-8300-b63f-84710c7967bb
2024-03-14T17:27:42,Error,site-85de4385-0987-4ae5-9917-b7715602956d-AUe,0cce7d,638460340621331280,0,722452,59,"RequestData:, RequestPath:/rfcdetails/, RequestExtension:, SessionId:sfkd3gbnwkgihiflqb1yhvaw, UserId:TWOUG6dgccFFXqYyAxkuRePZRn3_r4SHgS-ThEB8oShEUbO8-T6Z5YR2hMdfVluVfSbRJlj6g5eQE5ElBEG45bXCxWq-NvHoyM6_fAtfttJfxCP8YKR1cvKGcZvqwI_hE5Y1HWRYoYGxhq69x6Yl-w2, CorrelationId:b62e096e-e10c-4c14-ac84-20968dfbeaa3, Elapsed:2206.5858, RequestMethod:POST, RequestContentType:application/x-www-form-urlencoded, RequestAccept:text/html,application/xhtml+xml,application/xml;q=0.9,image/avif,image/webp,image/apng,*/*;q=0.8,application/signed-exchange;v=b3;q=0.7, RequestCacheControl:max-age=0, UserAgent:Mozilla/5.0 (Windows NT 10.0; Win64; x64) AppleWebKit/537.36 (KHTML, like Gecko) Chrome/122.0.0.0 Safari/537.36, HandlerName:ASP.pages_webtemplate_aspx, HandlerExecuted:False, VaryByCustom:user;website;language, MemberName:InternalRenderLiquid, SourceFilePath:C:\__w\1\s\Framework\Adxstudio.Xrm\Web\Mvc\Html\LiquidExtensions.cs, SourceLineNumber:611, ExceptionMessage:Value cannot be null.
Parameter name: key
System.ArgumentNullException
   at System.ThrowHelper.ThrowArgumentNullException(ExceptionArgument argument)
   at System.Collections.Generic.Dictionary`2.FindEntry(TKey key)
   at System.Collections.Generic.Dictionary`2.TryGetValue(TKey key, TValue& value)
   at DotLiquid.DropBase.InvokeDrop(Object name)
   at DotLiquid.Context.LookupAndEvaluate(Object obj, Object key)
   at DotLiquid.Context.Variable(String markup)
   at DotLiquid.Context.Resolve(String key)
   at DotLiquid.Variable.RenderInternal(Context context)
   at DotLiquid.Variable.Render(Context context, TextWriter result)
   at DotLiquid.Block.RenderAll(List`1 list, Context context, TextWriter result)

mscorlib

, EventData:Liquid rendering error (adx_webtemplate::37096e18-22f9-ed11-8f6e-00224893bfba), Category:File, ErrorCategory:UserError",4000a58c-0001-8300-b63f-84710c7967bb
2024-03-14T17:27:42,Error,site-85de4385-0987-4ae5-9917-b7715602956d-AUe,0cce7d,638460340621331280,0,722452,59,"RequestData:, RequestPath:/rfcdetails/, RequestExtension:, SessionId:sfkd3gbnwkgihiflqb1yhvaw, UserId:TWOUG6dgccFFXqYyAxkuRePZRn3_r4SHgS-ThEB8oShEUbO8-T6Z5YR2hMdfVluVfSbRJlj6g5eQE5ElBEG45bXCxWq-NvHoyM6_fAtfttJfxCP8YKR1cvKGcZvqwI_hE5Y1HWRYoYGxhq69x6Yl-w2, CorrelationId:b62e096e-e10c-4c14-ac84-20968dfbeaa3, Elapsed:2206.7647, RequestMethod:POST, RequestContentType:application/x-www-form-urlencoded, RequestAccept:text/html,application/xhtml+xml,application/xml;q=0.9,image/avif,image/webp,image/apng,*/*;q=0.8,application/signed-exchange;v=b3;q=0.7, RequestCacheControl:max-age=0, UserAgent:Mozilla/5.0 (Windows NT 10.0; Win64; x64) AppleWebKit/537.36 (KHTML, like Gecko) Chrome/122.0.0.0 Safari/537.36, HandlerName:ASP.pages_webtemplate_aspx, HandlerExecuted:False, VaryByCustom:user;website;language, MemberName:InternalRenderLiquid, SourceFilePath:C:\__w\1\s\Framework\Adxstudio.Xrm\Web\Mvc\Html\LiquidExtensions.cs, SourceLineNumber:611, ExceptionMessage:Value cannot be null.
Parameter name: key
System.ArgumentNullException
   at System.ThrowHelper.ThrowArgumentNullException(ExceptionArgument argument)
   at System.Collections.Generic.Dictionary`2.FindEntry(TKey key)
   at System.Collections.Generic.Dictionary`2.TryGetValue(TKey key, TValue& value)
   at DotLiquid.DropBase.InvokeDrop(Object name)
   at DotLiquid.Context.LookupAndEvaluate(Object obj, Object key)
   at DotLiquid.Context.Variable(String markup)
   at DotLiquid.Context.Resolve(String key)
   at DotLiquid.Variable.RenderInternal(Context context)
   at DotLiquid.Variable.Render(Context context, TextWriter result)
   at DotLiquid.Block.RenderAll(List`1 list, Context context, TextWriter result)

mscorlib

, EventData:Liquid rendering error (adx_webtemplate::37096e18-22f9-ed11-8f6e-00224893bfba), Category:File, ErrorCategory:UserError",4000a58c-0001-8300-b63f-84710c7967bb
2024-03-14T17:29:13,Error,site-85de4385-0987-4ae5-9917-b7715602956d-AUe,0cce7d,638460341530274180,0,722452,112,"RequestData:, RequestPath:/rfcdetails/, RequestExtension:, SessionId:sfkd3gbnwkgihiflqb1yhvaw, UserId:TWOUG6dgccFFXqYyAxkuRePZRn3_r4SHgS-ThEB8oShEUbO8-T6Z5YR2hMdfVluVfSbRJlj6g5eQE5ElBEG45bXCxWq-NvHoyM6_fAtfttJfxCP8YKR1cvKGcZvqwI_hE5Y1HWRYoYGxhq69x6Yl-w2, CorrelationId:e5bee5e6-ed29-4901-870b-25d86ad67366, Elapsed:283.6033, RequestMethod:GET, RequestContentType:, RequestAccept:text/html,application/xhtml+xml,application/xml;q=0.9,image/avif,image/webp,image/apng,*/*;q=0.8,application/signed-exchange;v=b3;q=0.7, RequestCacheControl:, UserAgent:Mozilla/5.0 (Windows NT 10.0; Win64; x64) AppleWebKit/537.36 (KHTML, like Gecko) Chrome/122.0.0.0 Safari/537.36, HandlerName:ASP.pages_webtemplate_aspx, HandlerExecuted:False, VaryByCustom:user;website;language, MemberName:InternalRenderLiquid, SourceFilePath:C:\__w\1\s\Framework\Adxstudio.Xrm\Web\Mvc\Html\LiquidExtensions.cs, SourceLineNumber:611, ExceptionMessage:Value cannot be null.
Parameter name: key
System.ArgumentNullException
   at System.ThrowHelper.ThrowArgumentNullException(ExceptionArgument argument)
   at System.Collections.Generic.Dictionary`2.FindEntry(TKey key)
   at System.Collections.Generic.Dictionary`2.TryGetValue(TKey key, TValue& value)
   at DotLiquid.DropBase.InvokeDrop(Object name)
   at DotLiquid.Context.LookupAndEvaluate(Object obj, Object key)
   at DotLiquid.Context.Variable(String markup)
   at DotLiquid.Context.Resolve(String key)
   at DotLiquid.Variable.RenderInternal(Context context)
   at DotLiquid.Variable.Render(Context context, TextWriter result)
   at DotLiquid.Block.RenderAll(List`1 list, Context context, TextWriter result)

mscorlib

, EventData:Liquid rendering error, Category:File, ErrorCategory:UserError",4000a5c0-0001-8300-b63f-84710c7967bb
2024-03-14T17:29:13,Error,site-85de4385-0987-4ae5-9917-b7715602956d-AUe,0cce7d,638460341530274180,0,722452,112,"RequestData:, RequestPath:/rfcdetails/, RequestExtension:, SessionId:sfkd3gbnwkgihiflqb1yhvaw, UserId:TWOUG6dgccFFXqYyAxkuRePZRn3_r4SHgS-ThEB8oShEUbO8-T6Z5YR2hMdfVluVfSbRJlj6g5eQE5ElBEG45bXCxWq-NvHoyM6_fAtfttJfxCP8YKR1cvKGcZvqwI_hE5Y1HWRYoYGxhq69x6Yl-w2, CorrelationId:e5bee5e6-ed29-4901-870b-25d86ad67366, Elapsed:283.9857, RequestMethod:GET, RequestContentType:, RequestAccept:text/html,application/xhtml+xml,application/xml;q=0.9,image/avif,image/webp,image/apng,*/*;q=0.8,application/signed-exchange;v=b3;q=0.7, RequestCacheControl:, UserAgent:Mozilla/5.0 (Windows NT 10.0; Win64; x64) AppleWebKit/537.36 (KHTML, like Gecko) Chrome/122.0.0.0 Safari/537.36, HandlerName:ASP.pages_webtemplate_aspx, HandlerExecuted:False, VaryByCustom:user;website;language, MemberName:InternalRenderLiquid, SourceFilePath:C:\__w\1\s\Framework\Adxstudio.Xrm\Web\Mvc\Html\LiquidExtensions.cs, SourceLineNumber:611, ExceptionMessage:Value cannot be null.
Parameter name: key
System.ArgumentNullException
   at System.ThrowHelper.ThrowArgumentNullException(ExceptionArgument argument)
   at System.Collections.Generic.Dictionary`2.FindEntry(TKey key)
   at System.Collections.Generic.Dictionary`2.TryGetValue(TKey key, TValue& value)
   at DotLiquid.DropBase.InvokeDrop(Object name)
   at DotLiquid.Context.LookupAndEvaluate(Object obj, Object key)
   at DotLiquid.Context.Variable(String markup)
   at DotLiquid.Context.Resolve(String key)
   at DotLiquid.Variable.RenderInternal(Context context)
   at DotLiquid.Variable.Render(Context context, TextWriter result)
   at DotLiquid.Block.RenderAll(List`1 list, Context context, TextWriter result)

mscorlib

, EventData:Liquid rendering error, Category:File, ErrorCategory:UserError",4000a5c0-0001-8300-b63f-84710c7967bb
2024-03-14T17:29:13,Error,site-85de4385-0987-4ae5-9917-b7715602956d-AUe,0cce7d,638460341530274180,0,722452,112,"RequestData:, RequestPath:/rfcdetails/, RequestExtension:, SessionId:sfkd3gbnwkgihiflqb1yhvaw, UserId:TWOUG6dgccFFXqYyAxkuRePZRn3_r4SHgS-ThEB8oShEUbO8-T6Z5YR2hMdfVluVfSbRJlj6g5eQE5ElBEG45bXCxWq-NvHoyM6_fAtfttJfxCP8YKR1cvKGcZvqwI_hE5Y1HWRYoYGxhq69x6Yl-w2, CorrelationId:e5bee5e6-ed29-4901-870b-25d86ad67366, Elapsed:284.1968, RequestMethod:GET, RequestContentType:, RequestAccept:text/html,application/xhtml+xml,application/xml;q=0.9,image/avif,image/webp,image/apng,*/*;q=0.8,application/signed-exchange;v=b3;q=0.7, RequestCacheControl:, UserAgent:Mozilla/5.0 (Windows NT 10.0; Win64; x64) AppleWebKit/537.36 (KHTML, like Gecko) Chrome/122.0.0.0 Safari/537.36, HandlerName:ASP.pages_webtemplate_aspx, HandlerExecuted:False, VaryByCustom:user;website;language, MemberName:InternalRenderLiquid, SourceFilePath:C:\__w\1\s\Framework\Adxstudio.Xrm\Web\Mvc\Html\LiquidExtensions.cs, SourceLineNumber:611, ExceptionMessage:Value cannot be null.
Parameter name: key
System.ArgumentNullException
   at System.ThrowHelper.ThrowArgumentNullException(ExceptionArgument argument)
   at System.Collections.Generic.Dictionary`2.FindEntry(TKey key)
   at System.Collections.Generic.Dictionary`2.TryGetValue(TKey key, TValue& value)
   at DotLiquid.DropBase.InvokeDrop(Object name)
   at DotLiquid.Context.LookupAndEvaluate(Object obj, Object key)
   at DotLiquid.Context.Variable(String markup)
   at DotLiquid.Context.Resolve(String key)
   at DotLiquid.Variable.RenderInternal(Context context)
   at DotLiquid.Variable.Render(Context context, TextWriter result)
   at DotLiquid.Block.RenderAll(List`1 list, Context context, TextWriter result)

mscorlib

, EventData:Liquid rendering error, Category:File, ErrorCategory:UserError",4000a5c0-0001-8300-b63f-84710c7967bb
2024-03-14T17:29:13,Error,site-85de4385-0987-4ae5-9917-b7715602956d-AUe,0cce7d,638460341530274180,0,722452,112,"RequestData:, RequestPath:/rfcdetails/, RequestExtension:, SessionId:sfkd3gbnwkgihiflqb1yhvaw, UserId:TWOUG6dgccFFXqYyAxkuRePZRn3_r4SHgS-ThEB8oShEUbO8-T6Z5YR2hMdfVluVfSbRJlj6g5eQE5ElBEG45bXCxWq-NvHoyM6_fAtfttJfxCP8YKR1cvKGcZvqwI_hE5Y1HWRYoYGxhq69x6Yl-w2, CorrelationId:e5bee5e6-ed29-4901-870b-25d86ad67366, Elapsed:284.4083, RequestMethod:GET, RequestContentType:, RequestAccept:text/html,application/xhtml+xml,application/xml;q=0.9,image/avif,image/webp,image/apng,*/*;q=0.8,application/signed-exchange;v=b3;q=0.7, RequestCacheControl:, UserAgent:Mozilla/5.0 (Windows NT 10.0; Win64; x64) AppleWebKit/537.36 (KHTML, like Gecko) Chrome/122.0.0.0 Safari/537.36, HandlerName:ASP.pages_webtemplate_aspx, HandlerExecuted:False, VaryByCustom:user;website;language, MemberName:InternalRenderLiquid, SourceFilePath:C:\__w\1\s\Framework\Adxstudio.Xrm\Web\Mvc\Html\LiquidExtensions.cs, SourceLineNumber:611, ExceptionMessage:Value cannot be null.
Parameter name: key
System.ArgumentNullException
   at System.ThrowHelper.ThrowArgumentNullException(ExceptionArgument argument)
   at System.Collections.Generic.Dictionary`2.FindEntry(TKey key)
   at System.Collections.Generic.Dictionary`2.TryGetValue(TKey key, TValue& value)
   at DotLiquid.DropBase.InvokeDrop(Object name)
   at DotLiquid.Context.LookupAndEvaluate(Object obj, Object key)
   at DotLiquid.Context.Variable(String markup)
   at DotLiquid.Context.Resolve(String key)
   at DotLiquid.Variable.RenderInternal(Context context)
   at DotLiquid.Variable.Render(Context context, TextWriter result)
   at DotLiquid.Block.RenderAll(List`1 list, Context context, TextWriter result)

mscorlib

, EventData:Liquid rendering error, Category:File, ErrorCategory:UserError",4000a5c0-0001-8300-b63f-84710c7967bb
2024-03-14T17:29:13,Error,site-85de4385-0987-4ae5-9917-b7715602956d-AUe,0cce7d,638460341530430485,0,722452,112,"RequestData:, RequestPath:/rfcdetails/, RequestExtension:, SessionId:sfkd3gbnwkgihiflqb1yhvaw, UserId:TWOUG6dgccFFXqYyAxkuRePZRn3_r4SHgS-ThEB8oShEUbO8-T6Z5YR2hMdfVluVfSbRJlj6g5eQE5ElBEG45bXCxWq-NvHoyM6_fAtfttJfxCP8YKR1cvKGcZvqwI_hE5Y1HWRYoYGxhq69x6Yl-w2, CorrelationId:e5bee5e6-ed29-4901-870b-25d86ad67366, Elapsed:285.6344, RequestMethod:GET, RequestContentType:, RequestAccept:text/html,application/xhtml+xml,application/xml;q=0.9,image/avif,image/webp,image/apng,*/*;q=0.8,application/signed-exchange;v=b3;q=0.7, RequestCacheControl:, UserAgent:Mozilla/5.0 (Windows NT 10.0; Win64; x64) AppleWebKit/537.36 (KHTML, like Gecko) Chrome/122.0.0.0 Safari/537.36, HandlerName:ASP.pages_webtemplate_aspx, HandlerExecuted:False, VaryByCustom:user;website;language, MemberName:InternalRenderLiquid, SourceFilePath:C:\__w\1\s\Framework\Adxstudio.Xrm\Web\Mvc\Html\LiquidExtensions.cs, SourceLineNumber:611, ExceptionMessage:Value cannot be null.
Parameter name: key
System.ArgumentNullException
   at System.ThrowHelper.ThrowArgumentNullException(ExceptionArgument argument)
   at System.Collections.Generic.Dictionary`2.FindEntry(TKey key)
   at System.Collections.Generic.Dictionary`2.TryGetValue(TKey key, TValue& value)
   at DotLiquid.DropBase.InvokeDrop(Object name)
   at DotLiquid.Context.LookupAndEvaluate(Object obj, Object key)
   at DotLiquid.Context.Variable(String markup)
   at DotLiquid.Context.Resolve(String key)
   at DotLiquid.Variable.RenderInternal(Context context)
   at DotLiquid.Variable.Render(Context context, TextWriter result)
   at DotLiquid.Block.RenderAll(List`1 list, Context context, TextWriter result)

mscorlib

, EventData:Liquid rendering error (adx_webtemplate::37096e18-22f9-ed11-8f6e-00224893bfba), Category:File, ErrorCategory:UserError",4000a5c0-0001-8300-b63f-84710c7967bb
2024-03-14T17:29:13,Error,site-85de4385-0987-4ae5-9917-b7715602956d-AUe,0cce7d,638460341530430485,0,722452,112,"RequestData:, RequestPath:/rfcdetails/, RequestExtension:, SessionId:sfkd3gbnwkgihiflqb1yhvaw, UserId:TWOUG6dgccFFXqYyAxkuRePZRn3_r4SHgS-ThEB8oShEUbO8-T6Z5YR2hMdfVluVfSbRJlj6g5eQE5ElBEG45bXCxWq-NvHoyM6_fAtfttJfxCP8YKR1cvKGcZvqwI_hE5Y1HWRYoYGxhq69x6Yl-w2, CorrelationId:e5bee5e6-ed29-4901-870b-25d86ad67366, Elapsed:285.9397, RequestMethod:GET, RequestContentType:, RequestAccept:text/html,application/xhtml+xml,application/xml;q=0.9,image/avif,image/webp,image/apng,*/*;q=0.8,application/signed-exchange;v=b3;q=0.7, RequestCacheControl:, UserAgent:Mozilla/5.0 (Windows NT 10.0; Win64; x64) AppleWebKit/537.36 (KHTML, like Gecko) Chrome/122.0.0.0 Safari/537.36, HandlerName:ASP.pages_webtemplate_aspx, HandlerExecuted:False, VaryByCustom:user;website;language, MemberName:InternalRenderLiquid, SourceFilePath:C:\__w\1\s\Framework\Adxstudio.Xrm\Web\Mvc\Html\LiquidExtensions.cs, SourceLineNumber:611, ExceptionMessage:Value cannot be null.
Parameter name: key
System.ArgumentNullException
   at System.ThrowHelper.ThrowArgumentNullException(ExceptionArgument argument)
   at System.Collections.Generic.Dictionary`2.FindEntry(TKey key)
   at System.Collections.Generic.Dictionary`2.TryGetValue(TKey key, TValue& value)
   at DotLiquid.DropBase.InvokeDrop(Object name)
   at DotLiquid.Context.LookupAndEvaluate(Object obj, Object key)
   at DotLiquid.Context.Variable(String markup)
   at DotLiquid.Context.Resolve(String key)
   at DotLiquid.Variable.RenderInternal(Context context)
   at DotLiquid.Variable.Render(Context context, TextWriter result)
   at DotLiquid.Block.RenderAll(List`1 list, Context context, TextWriter result)

mscorlib

, EventData:Liquid rendering error (adx_webtemplate::37096e18-22f9-ed11-8f6e-00224893bfba), Category:File, ErrorCategory:UserError",4000a5c0-0001-8300-b63f-84710c7967bb
2024-03-14T17:29:13,Error,site-85de4385-0987-4ae5-9917-b7715602956d-AUe,0cce7d,638460341530430485,0,722452,112,"RequestData:, RequestPath:/rfcdetails/, RequestExtension:, SessionId:sfkd3gbnwkgihiflqb1yhvaw, UserId:TWOUG6dgccFFXqYyAxkuRePZRn3_r4SHgS-ThEB8oShEUbO8-T6Z5YR2hMdfVluVfSbRJlj6g5eQE5ElBEG45bXCxWq-NvHoyM6_fAtfttJfxCP8YKR1cvKGcZvqwI_hE5Y1HWRYoYGxhq69x6Yl-w2, CorrelationId:e5bee5e6-ed29-4901-870b-25d86ad67366, Elapsed:286.1358, RequestMethod:GET, RequestContentType:, RequestAccept:text/html,application/xhtml+xml,application/xml;q=0.9,image/avif,image/webp,image/apng,*/*;q=0.8,application/signed-exchange;v=b3;q=0.7, RequestCacheControl:, UserAgent:Mozilla/5.0 (Windows NT 10.0; Win64; x64) AppleWebKit/537.36 (KHTML, like Gecko) Chrome/122.0.0.0 Safari/537.36, HandlerName:ASP.pages_webtemplate_aspx, HandlerExecuted:False, VaryByCustom:user;website;language, MemberName:InternalRenderLiquid, SourceFilePath:C:\__w\1\s\Framework\Adxstudio.Xrm\Web\Mvc\Html\LiquidExtensions.cs, SourceLineNumber:611, ExceptionMessage:Value cannot be null.
Parameter name: key
System.ArgumentNullException
   at System.ThrowHelper.ThrowArgumentNullException(ExceptionArgument argument)
   at System.Collections.Generic.Dictionary`2.FindEntry(TKey key)
   at System.Collections.Generic.Dictionary`2.TryGetValue(TKey key, TValue& value)
   at DotLiquid.DropBase.InvokeDrop(Object name)
   at DotLiquid.Context.LookupAndEvaluate(Object obj, Object key)
   at DotLiquid.Context.Variable(String markup)
   at DotLiquid.Context.Resolve(String key)
   at DotLiquid.Variable.RenderInternal(Context context)
   at DotLiquid.Variable.Render(Context context, TextWriter result)
   at DotLiquid.Block.RenderAll(List`1 list, Context context, TextWriter result)

mscorlib

, EventData:Liquid rendering error (adx_webtemplate::37096e18-22f9-ed11-8f6e-00224893bfba), Category:File, ErrorCategory:UserError",4000a5c0-0001-8300-b63f-84710c7967bb
2024-03-14T17:29:13,Error,site-85de4385-0987-4ae5-9917-b7715602956d-AUe,0cce7d,638460341530430485,0,722452,112,"RequestData:, RequestPath:/rfcdetails/, RequestExtension:, SessionId:sfkd3gbnwkgihiflqb1yhvaw, UserId:TWOUG6dgccFFXqYyAxkuRePZRn3_r4SHgS-ThEB8oShEUbO8-T6Z5YR2hMdfVluVfSbRJlj6g5eQE5ElBEG45bXCxWq-NvHoyM6_fAtfttJfxCP8YKR1cvKGcZvqwI_hE5Y1HWRYoYGxhq69x6Yl-w2, CorrelationId:e5bee5e6-ed29-4901-870b-25d86ad67366, Elapsed:286.3153, RequestMethod:GET, RequestContentType:, RequestAccept:text/html,application/xhtml+xml,application/xml;q=0.9,image/avif,image/webp,image/apng,*/*;q=0.8,application/signed-exchange;v=b3;q=0.7, RequestCacheControl:, UserAgent:Mozilla/5.0 (Windows NT 10.0; Win64; x64) AppleWebKit/537.36 (KHTML, like Gecko) Chrome/122.0.0.0 Safari/537.36, HandlerName:ASP.pages_webtemplate_aspx, HandlerExecuted:False, VaryByCustom:user;website;language, MemberName:InternalRenderLiquid, SourceFilePath:C:\__w\1\s\Framework\Adxstudio.Xrm\Web\Mvc\Html\LiquidExtensions.cs, SourceLineNumber:611, ExceptionMessage:Value cannot be null.
Parameter name: key
System.ArgumentNullException
   at System.ThrowHelper.ThrowArgumentNullException(ExceptionArgument argument)
   at System.Collections.Generic.Dictionary`2.FindEntry(TKey key)
   at System.Collections.Generic.Dictionary`2.TryGetValue(TKey key, TValue& value)
   at DotLiquid.DropBase.InvokeDrop(Object name)
   at DotLiquid.Context.LookupAndEvaluate(Object obj, Object key)
   at DotLiquid.Context.Variable(String markup)
   at DotLiquid.Context.Resolve(String key)
   at DotLiquid.Variable.RenderInternal(Context context)
   at DotLiquid.Variable.Render(Context context, TextWriter result)
   at DotLiquid.Block.RenderAll(List`1 list, Context context, TextWriter result)

mscorlib

, EventData:Liquid rendering error (adx_webtemplate::37096e18-22f9-ed11-8f6e-00224893bfba), Category:File, ErrorCategory:UserError",4000a5c0-0001-8300-b63f-84710c7967bb
