date,level,applicationName,instanceId,eventTickCount,eventId,pid,tid,message,activityId
2024-02-19T17:03:14,Error,site-85de4385-0987-4ae5-9917-b7715602956d-AUe,7e7bb2,638439589944283468,0,35932,39,"RequestData:, RequestPath:/_services/about, RequestExtension:, SessionId:, UserId:0F1NeYY-QVZg9r3ZmvhKxsqaHN0RHGuhIvYP_aLPbRruOUaDmoifFab1FJ3rC9o_VpJJD5xchTnYiKEngbj2RRAj4lYUY0ACwns2dg1h4fItlPOG43oPxV6W0ogM_XZvT2IXTl2s-D7G5xsS6SSB8g2, CorrelationId:bd727f30-4a20-41c2-aa6c-45acfe673ed0, Elapsed:926.3077, MemberName:PopulateVirtualEntitiesActualSource, SourceFilePath:C:\__w\1\s\Framework\Adxstudio.Xrm\Caching\VirtualEntitiesCacheHelper.cs, SourceLineNumber:125, Category:Application, Message:The web api getDataSourceId for virtual entity returned empty DataSourceId, ErrorCategory:ApplicationError",8004b014-0400-7800-b63f-84710c7967bb
2024-02-19T17:03:14,Error,site-85de4385-0987-4ae5-9917-b7715602956d-AUe,7e7bb2,638439589948970779,0,35932,39,"RequestData:, RequestPath:/_services/about, RequestExtension:, SessionId:, UserId:0F1NeYY-QVZg9r3ZmvhKxsqaHN0RHGuhIvYP_aLPbRruOUaDmoifFab1FJ3rC9o_VpJJD5xchTnYiKEngbj2RRAj4lYUY0ACwns2dg1h4fItlPOG43oPxV6W0ogM_XZvT2IXTl2s-D7G5xsS6SSB8g2, CorrelationId:bd727f30-4a20-41c2-aa6c-45acfe673ed0, Elapsed:1396.423, MemberName:PopulateVirtualEntitiesActualSource, SourceFilePath:C:\__w\1\s\Framework\Adxstudio.Xrm\Caching\VirtualEntitiesCacheHelper.cs, SourceLineNumber:125, Category:Application, Message:The web api getDataSourceId for virtual entity returned empty DataSourceId, ErrorCategory:ApplicationError",8004b014-0400-7800-b63f-84710c7967bb
2024-02-19T17:03:15,Error,site-85de4385-0987-4ae5-9917-b7715602956d-AUe,7e7bb2,638439589954595874,0,35932,39,"RequestData:, RequestPath:/_services/about, RequestExtension:, SessionId:, UserId:0F1NeYY-QVZg9r3ZmvhKxsqaHN0RHGuhIvYP_aLPbRruOUaDmoifFab1FJ3rC9o_VpJJD5xchTnYiKEngbj2RRAj4lYUY0ACwns2dg1h4fItlPOG43oPxV6W0ogM_XZvT2IXTl2s-D7G5xsS6SSB8g2, CorrelationId:bd727f30-4a20-41c2-aa6c-45acfe673ed0, Elapsed:1962.3656, MemberName:PopulateVirtualEntitiesActualSource, SourceFilePath:C:\__w\1\s\Framework\Adxstudio.Xrm\Caching\VirtualEntitiesCacheHelper.cs, SourceLineNumber:125, Category:Application, Message:The web api getDataSourceId for virtual entity returned empty DataSourceId, ErrorCategory:ApplicationError",8004b014-0400-7800-b63f-84710c7967bb
2024-02-19T17:03:15,Error,site-85de4385-0987-4ae5-9917-b7715602956d-AUe,7e7bb2,638439589957408009,0,35932,39,"RequestData:, RequestPath:/_services/about, RequestExtension:, SessionId:, UserId:0F1NeYY-QVZg9r3ZmvhKxsqaHN0RHGuhIvYP_aLPbRruOUaDmoifFab1FJ3rC9o_VpJJD5xchTnYiKEngbj2RRAj4lYUY0ACwns2dg1h4fItlPOG43oPxV6W0ogM_XZvT2IXTl2s-D7G5xsS6SSB8g2, CorrelationId:bd727f30-4a20-41c2-aa6c-45acfe673ed0, Elapsed:2243.9938, MemberName:PopulateVirtualEntitiesActualSource, SourceFilePath:C:\__w\1\s\Framework\Adxstudio.Xrm\Caching\VirtualEntitiesCacheHelper.cs, SourceLineNumber:125, Category:Application, Message:The web api getDataSourceId for virtual entity returned empty DataSourceId, ErrorCategory:ApplicationError",8004b014-0400-7800-b63f-84710c7967bb
2024-02-19T17:03:15,Error,site-85de4385-0987-4ae5-9917-b7715602956d-AUe,7e7bb2,638439589959127529,0,35932,39,"RequestData:, RequestPath:/_services/about, RequestExtension:, SessionId:, UserId:0F1NeYY-QVZg9r3ZmvhKxsqaHN0RHGuhIvYP_aLPbRruOUaDmoifFab1FJ3rC9o_VpJJD5xchTnYiKEngbj2RRAj4lYUY0ACwns2dg1h4fItlPOG43oPxV6W0ogM_XZvT2IXTl2s-D7G5xsS6SSB8g2, CorrelationId:bd727f30-4a20-41c2-aa6c-45acfe673ed0, Elapsed:2416.195, MemberName:PopulateVirtualEntitiesActualSource, SourceFilePath:C:\__w\1\s\Framework\Adxstudio.Xrm\Caching\VirtualEntitiesCacheHelper.cs, SourceLineNumber:125, Category:Application, Message:The web api getDataSourceId for virtual entity returned empty DataSourceId, ErrorCategory:ApplicationError",8004b014-0400-7800-b63f-84710c7967bb
2024-02-19T17:03:15,Error,site-85de4385-0987-4ae5-9917-b7715602956d-AUe,7e7bb2,638439589959908493,0,35932,39,"RequestData:, RequestPath:/_services/about, RequestExtension:, SessionId:, UserId:0F1NeYY-QVZg9r3ZmvhKxsqaHN0RHGuhIvYP_aLPbRruOUaDmoifFab1FJ3rC9o_VpJJD5xchTnYiKEngbj2RRAj4lYUY0ACwns2dg1h4fItlPOG43oPxV6W0ogM_XZvT2IXTl2s-D7G5xsS6SSB8g2, CorrelationId:bd727f30-4a20-41c2-aa6c-45acfe673ed0, Elapsed:2497.4593, MemberName:PopulateVirtualEntitiesActualSource, SourceFilePath:C:\__w\1\s\Framework\Adxstudio.Xrm\Caching\VirtualEntitiesCacheHelper.cs, SourceLineNumber:125, Category:Application, Message:The web api getDataSourceId for virtual entity returned empty DataSourceId, ErrorCategory:ApplicationError",8004b014-0400-7800-b63f-84710c7967bb
2024-02-19T17:03:16,Error,site-85de4385-0987-4ae5-9917-b7715602956d-AUe,7e7bb2,638439589961940018,0,35932,39,"RequestData:, RequestPath:/_services/about, RequestExtension:, SessionId:, UserId:0F1NeYY-QVZg9r3ZmvhKxsqaHN0RHGuhIvYP_aLPbRruOUaDmoifFab1FJ3rC9o_VpJJD5xchTnYiKEngbj2RRAj4lYUY0ACwns2dg1h4fItlPOG43oPxV6W0ogM_XZvT2IXTl2s-D7G5xsS6SSB8g2, CorrelationId:bd727f30-4a20-41c2-aa6c-45acfe673ed0, Elapsed:2693.8648, MemberName:PopulateVirtualEntitiesActualSource, SourceFilePath:C:\__w\1\s\Framework\Adxstudio.Xrm\Caching\VirtualEntitiesCacheHelper.cs, SourceLineNumber:125, Category:Application, Message:The web api getDataSourceId for virtual entity returned empty DataSourceId, ErrorCategory:ApplicationError",8004b014-0400-7800-b63f-84710c7967bb
2024-02-19T17:03:16,Error,site-85de4385-0987-4ae5-9917-b7715602956d-AUe,7e7bb2,638439589962564311,0,35932,39,"RequestData:, RequestPath:/_services/about, RequestExtension:, SessionId:, UserId:0F1NeYY-QVZg9r3ZmvhKxsqaHN0RHGuhIvYP_aLPbRruOUaDmoifFab1FJ3rC9o_VpJJD5xchTnYiKEngbj2RRAj4lYUY0ACwns2dg1h4fItlPOG43oPxV6W0ogM_XZvT2IXTl2s-D7G5xsS6SSB8g2, CorrelationId:bd727f30-4a20-41c2-aa6c-45acfe673ed0, Elapsed:2760.4197, MemberName:PopulateVirtualEntitiesActualSource, SourceFilePath:C:\__w\1\s\Framework\Adxstudio.Xrm\Caching\VirtualEntitiesCacheHelper.cs, SourceLineNumber:125, Category:Application, Message:The web api getDataSourceId for virtual entity returned empty DataSourceId, ErrorCategory:ApplicationError",8004b014-0400-7800-b63f-84710c7967bb
2024-02-19T17:03:16,Error,site-85de4385-0987-4ae5-9917-b7715602956d-AUe,7e7bb2,638439589963502586,0,35932,39,"RequestData:, RequestPath:/_services/about, RequestExtension:, SessionId:, UserId:0F1NeYY-QVZg9r3ZmvhKxsqaHN0RHGuhIvYP_aLPbRruOUaDmoifFab1FJ3rC9o_VpJJD5xchTnYiKEngbj2RRAj4lYUY0ACwns2dg1h4fItlPOG43oPxV6W0ogM_XZvT2IXTl2s-D7G5xsS6SSB8g2, CorrelationId:bd727f30-4a20-41c2-aa6c-45acfe673ed0, Elapsed:2857.6819, MemberName:PopulateVirtualEntitiesActualSource, SourceFilePath:C:\__w\1\s\Framework\Adxstudio.Xrm\Caching\VirtualEntitiesCacheHelper.cs, SourceLineNumber:125, Category:Application, Message:The web api getDataSourceId for virtual entity returned empty DataSourceId, ErrorCategory:ApplicationError",8004b014-0400-7800-b63f-84710c7967bb
2024-02-19T17:03:16,Error,site-85de4385-0987-4ae5-9917-b7715602956d-AUe,7e7bb2,638439589964127370,0,35932,39,"RequestData:, RequestPath:/_services/about, RequestExtension:, SessionId:, UserId:0F1NeYY-QVZg9r3ZmvhKxsqaHN0RHGuhIvYP_aLPbRruOUaDmoifFab1FJ3rC9o_VpJJD5xchTnYiKEngbj2RRAj4lYUY0ACwns2dg1h4fItlPOG43oPxV6W0ogM_XZvT2IXTl2s-D7G5xsS6SSB8g2, CorrelationId:bd727f30-4a20-41c2-aa6c-45acfe673ed0, Elapsed:2915.6255, MemberName:PopulateVirtualEntitiesActualSource, SourceFilePath:C:\__w\1\s\Framework\Adxstudio.Xrm\Caching\VirtualEntitiesCacheHelper.cs, SourceLineNumber:125, Category:Application, Message:The web api getDataSourceId for virtual entity returned empty DataSourceId, ErrorCategory:ApplicationError",8004b014-0400-7800-b63f-84710c7967bb
2024-02-19T17:03:16,Error,site-85de4385-0987-4ae5-9917-b7715602956d-AUe,7e7bb2,638439589964908648,0,35932,39,"RequestData:, RequestPath:/_services/about, RequestExtension:, SessionId:, UserId:0F1NeYY-QVZg9r3ZmvhKxsqaHN0RHGuhIvYP_aLPbRruOUaDmoifFab1FJ3rC9o_VpJJD5xchTnYiKEngbj2RRAj4lYUY0ACwns2dg1h4fItlPOG43oPxV6W0ogM_XZvT2IXTl2s-D7G5xsS6SSB8g2, CorrelationId:bd727f30-4a20-41c2-aa6c-45acfe673ed0, Elapsed:2984.9294, MemberName:PopulateVirtualEntitiesActualSource, SourceFilePath:C:\__w\1\s\Framework\Adxstudio.Xrm\Caching\VirtualEntitiesCacheHelper.cs, SourceLineNumber:125, Category:Application, Message:The web api getDataSourceId for virtual entity returned empty DataSourceId, ErrorCategory:ApplicationError",8004b014-0400-7800-b63f-84710c7967bb
2024-02-19T17:03:16,Error,site-85de4385-0987-4ae5-9917-b7715602956d-AUe,7e7bb2,638439589969752483,0,35932,39,"RequestData:, RequestPath:/_services/about, RequestExtension:, SessionId:, UserId:0F1NeYY-QVZg9r3ZmvhKxsqaHN0RHGuhIvYP_aLPbRruOUaDmoifFab1FJ3rC9o_VpJJD5xchTnYiKEngbj2RRAj4lYUY0ACwns2dg1h4fItlPOG43oPxV6W0ogM_XZvT2IXTl2s-D7G5xsS6SSB8g2, CorrelationId:bd727f30-4a20-41c2-aa6c-45acfe673ed0, Elapsed:3472.1868, MemberName:PopulateVirtualEntitiesActualSource, SourceFilePath:C:\__w\1\s\Framework\Adxstudio.Xrm\Caching\VirtualEntitiesCacheHelper.cs, SourceLineNumber:125, Category:Application, Message:The web api getDataSourceId for virtual entity returned empty DataSourceId, ErrorCategory:ApplicationError",8004b014-0400-7800-b63f-84710c7967bb
2024-02-19T17:03:17,Error,site-85de4385-0987-4ae5-9917-b7715602956d-AUe,7e7bb2,638439589973970801,0,35932,39,"RequestData:, RequestPath:/_services/about, RequestExtension:, SessionId:, UserId:0F1NeYY-QVZg9r3ZmvhKxsqaHN0RHGuhIvYP_aLPbRruOUaDmoifFab1FJ3rC9o_VpJJD5xchTnYiKEngbj2RRAj4lYUY0ACwns2dg1h4fItlPOG43oPxV6W0ogM_XZvT2IXTl2s-D7G5xsS6SSB8g2, CorrelationId:bd727f30-4a20-41c2-aa6c-45acfe673ed0, Elapsed:3892.0768, MemberName:PopulateVirtualEntitiesActualSource, SourceFilePath:C:\__w\1\s\Framework\Adxstudio.Xrm\Caching\VirtualEntitiesCacheHelper.cs, SourceLineNumber:125, Category:Application, Message:The web api getDataSourceId for virtual entity returned empty DataSourceId, ErrorCategory:ApplicationError",8004b014-0400-7800-b63f-84710c7967bb
2024-02-19T17:03:17,Error,site-85de4385-0987-4ae5-9917-b7715602956d-AUe,7e7bb2,638439589978814715,0,35932,39,"RequestData:, RequestPath:/_services/about, RequestExtension:, SessionId:, UserId:0F1NeYY-QVZg9r3ZmvhKxsqaHN0RHGuhIvYP_aLPbRruOUaDmoifFab1FJ3rC9o_VpJJD5xchTnYiKEngbj2RRAj4lYUY0ACwns2dg1h4fItlPOG43oPxV6W0ogM_XZvT2IXTl2s-D7G5xsS6SSB8g2, CorrelationId:bd727f30-4a20-41c2-aa6c-45acfe673ed0, Elapsed:4384.0075, MemberName:PopulateVirtualEntitiesActualSource, SourceFilePath:C:\__w\1\s\Framework\Adxstudio.Xrm\Caching\VirtualEntitiesCacheHelper.cs, SourceLineNumber:125, Category:Application, Message:The web api getDataSourceId for virtual entity returned empty DataSourceId, ErrorCategory:ApplicationError",8004b014-0400-7800-b63f-84710c7967bb
2024-02-19T17:03:17,Error,site-85de4385-0987-4ae5-9917-b7715602956d-AUe,7e7bb2,638439589979440368,0,35932,39,"RequestData:, RequestPath:/_services/about, RequestExtension:, SessionId:, UserId:0F1NeYY-QVZg9r3ZmvhKxsqaHN0RHGuhIvYP_aLPbRruOUaDmoifFab1FJ3rC9o_VpJJD5xchTnYiKEngbj2RRAj4lYUY0ACwns2dg1h4fItlPOG43oPxV6W0ogM_XZvT2IXTl2s-D7G5xsS6SSB8g2, CorrelationId:bd727f30-4a20-41c2-aa6c-45acfe673ed0, Elapsed:4451.9855, MemberName:PopulateVirtualEntitiesActualSource, SourceFilePath:C:\__w\1\s\Framework\Adxstudio.Xrm\Caching\VirtualEntitiesCacheHelper.cs, SourceLineNumber:125, Category:Application, Message:The web api getDataSourceId for virtual entity returned empty DataSourceId, ErrorCategory:ApplicationError",8004b014-0400-7800-b63f-84710c7967bb
2024-02-19T17:03:18,Error,site-85de4385-0987-4ae5-9917-b7715602956d-AUe,7e7bb2,638439589980065900,0,35932,39,"RequestData:, RequestPath:/_services/about, RequestExtension:, SessionId:, UserId:0F1NeYY-QVZg9r3ZmvhKxsqaHN0RHGuhIvYP_aLPbRruOUaDmoifFab1FJ3rC9o_VpJJD5xchTnYiKEngbj2RRAj4lYUY0ACwns2dg1h4fItlPOG43oPxV6W0ogM_XZvT2IXTl2s-D7G5xsS6SSB8g2, CorrelationId:bd727f30-4a20-41c2-aa6c-45acfe673ed0, Elapsed:4511.5775, MemberName:PopulateVirtualEntitiesActualSource, SourceFilePath:C:\__w\1\s\Framework\Adxstudio.Xrm\Caching\VirtualEntitiesCacheHelper.cs, SourceLineNumber:125, Category:Application, Message:The web api getDataSourceId for virtual entity returned empty DataSourceId, ErrorCategory:ApplicationError",8004b014-0400-7800-b63f-84710c7967bb
2024-02-19T17:03:18,Error,site-85de4385-0987-4ae5-9917-b7715602956d-AUe,7e7bb2,638439589980846652,0,35932,39,"RequestData:, RequestPath:/_services/about, RequestExtension:, SessionId:, UserId:0F1NeYY-QVZg9r3ZmvhKxsqaHN0RHGuhIvYP_aLPbRruOUaDmoifFab1FJ3rC9o_VpJJD5xchTnYiKEngbj2RRAj4lYUY0ACwns2dg1h4fItlPOG43oPxV6W0ogM_XZvT2IXTl2s-D7G5xsS6SSB8g2, CorrelationId:bd727f30-4a20-41c2-aa6c-45acfe673ed0, Elapsed:4580.9008, MemberName:PopulateVirtualEntitiesActualSource, SourceFilePath:C:\__w\1\s\Framework\Adxstudio.Xrm\Caching\VirtualEntitiesCacheHelper.cs, SourceLineNumber:125, Category:Application, Message:The web api getDataSourceId for virtual entity returned empty DataSourceId, ErrorCategory:ApplicationError",8004b014-0400-7800-b63f-84710c7967bb
2024-02-19T17:03:18,Error,site-85de4385-0987-4ae5-9917-b7715602956d-AUe,7e7bb2,638439589981471982,0,35932,39,"RequestData:, RequestPath:/_services/about, RequestExtension:, SessionId:, UserId:0F1NeYY-QVZg9r3ZmvhKxsqaHN0RHGuhIvYP_aLPbRruOUaDmoifFab1FJ3rC9o_VpJJD5xchTnYiKEngbj2RRAj4lYUY0ACwns2dg1h4fItlPOG43oPxV6W0ogM_XZvT2IXTl2s-D7G5xsS6SSB8g2, CorrelationId:bd727f30-4a20-41c2-aa6c-45acfe673ed0, Elapsed:4648.9115, MemberName:PopulateVirtualEntitiesActualSource, SourceFilePath:C:\__w\1\s\Framework\Adxstudio.Xrm\Caching\VirtualEntitiesCacheHelper.cs, SourceLineNumber:125, Category:Application, Message:The web api getDataSourceId for virtual entity returned empty DataSourceId, ErrorCategory:ApplicationError",8004b014-0400-7800-b63f-84710c7967bb
2024-02-19T17:03:18,Error,site-85de4385-0987-4ae5-9917-b7715602956d-AUe,7e7bb2,638439589982095994,0,35932,39,"RequestData:, RequestPath:/_services/about, RequestExtension:, SessionId:, UserId:0F1NeYY-QVZg9r3ZmvhKxsqaHN0RHGuhIvYP_aLPbRruOUaDmoifFab1FJ3rC9o_VpJJD5xchTnYiKEngbj2RRAj4lYUY0ACwns2dg1h4fItlPOG43oPxV6W0ogM_XZvT2IXTl2s-D7G5xsS6SSB8g2, CorrelationId:bd727f30-4a20-41c2-aa6c-45acfe673ed0, Elapsed:4704.2062, MemberName:PopulateVirtualEntitiesActualSource, SourceFilePath:C:\__w\1\s\Framework\Adxstudio.Xrm\Caching\VirtualEntitiesCacheHelper.cs, SourceLineNumber:125, Category:Application, Message:The web api getDataSourceId for virtual entity returned empty DataSourceId, ErrorCategory:ApplicationError",8004b014-0400-7800-b63f-84710c7967bb
2024-02-19T17:03:18,Error,site-85de4385-0987-4ae5-9917-b7715602956d-AUe,7e7bb2,638439589982564730,0,35932,39,"RequestData:, RequestPath:/_services/about, RequestExtension:, SessionId:, UserId:0F1NeYY-QVZg9r3ZmvhKxsqaHN0RHGuhIvYP_aLPbRruOUaDmoifFab1FJ3rC9o_VpJJD5xchTnYiKEngbj2RRAj4lYUY0ACwns2dg1h4fItlPOG43oPxV6W0ogM_XZvT2IXTl2s-D7G5xsS6SSB8g2, CorrelationId:bd727f30-4a20-41c2-aa6c-45acfe673ed0, Elapsed:4755.595, MemberName:PopulateVirtualEntitiesActualSource, SourceFilePath:C:\__w\1\s\Framework\Adxstudio.Xrm\Caching\VirtualEntitiesCacheHelper.cs, SourceLineNumber:125, Category:Application, Message:The web api getDataSourceId for virtual entity returned empty DataSourceId, ErrorCategory:ApplicationError",8004b014-0400-7800-b63f-84710c7967bb
2024-02-19T17:03:18,Error,site-85de4385-0987-4ae5-9917-b7715602956d-AUe,7e7bb2,638439589983189775,0,35932,39,"RequestData:, RequestPath:/_services/about, RequestExtension:, SessionId:, UserId:0F1NeYY-QVZg9r3ZmvhKxsqaHN0RHGuhIvYP_aLPbRruOUaDmoifFab1FJ3rC9o_VpJJD5xchTnYiKEngbj2RRAj4lYUY0ACwns2dg1h4fItlPOG43oPxV6W0ogM_XZvT2IXTl2s-D7G5xsS6SSB8g2, CorrelationId:bd727f30-4a20-41c2-aa6c-45acfe673ed0, Elapsed:4820.6756, MemberName:PopulateVirtualEntitiesActualSource, SourceFilePath:C:\__w\1\s\Framework\Adxstudio.Xrm\Caching\VirtualEntitiesCacheHelper.cs, SourceLineNumber:125, Category:Application, Message:The web api getDataSourceId for virtual entity returned empty DataSourceId, ErrorCategory:ApplicationError",8004b014-0400-7800-b63f-84710c7967bb
2024-02-19T17:03:18,Error,site-85de4385-0987-4ae5-9917-b7715602956d-AUe,7e7bb2,638439589983659034,0,35932,39,"RequestData:, RequestPath:/_services/about, RequestExtension:, SessionId:, UserId:0F1NeYY-QVZg9r3ZmvhKxsqaHN0RHGuhIvYP_aLPbRruOUaDmoifFab1FJ3rC9o_VpJJD5xchTnYiKEngbj2RRAj4lYUY0ACwns2dg1h4fItlPOG43oPxV6W0ogM_XZvT2IXTl2s-D7G5xsS6SSB8g2, CorrelationId:bd727f30-4a20-41c2-aa6c-45acfe673ed0, Elapsed:4873.987, MemberName:PopulateVirtualEntitiesActualSource, SourceFilePath:C:\__w\1\s\Framework\Adxstudio.Xrm\Caching\VirtualEntitiesCacheHelper.cs, SourceLineNumber:125, Category:Application, Message:The web api getDataSourceId for virtual entity returned empty DataSourceId, ErrorCategory:ApplicationError",8004b014-0400-7800-b63f-84710c7967bb
2024-02-19T17:03:18,Error,site-85de4385-0987-4ae5-9917-b7715602956d-AUe,7e7bb2,638439589984440781,0,35932,39,"RequestData:, RequestPath:/_services/about, RequestExtension:, SessionId:, UserId:0F1NeYY-QVZg9r3ZmvhKxsqaHN0RHGuhIvYP_aLPbRruOUaDmoifFab1FJ3rC9o_VpJJD5xchTnYiKEngbj2RRAj4lYUY0ACwns2dg1h4fItlPOG43oPxV6W0ogM_XZvT2IXTl2s-D7G5xsS6SSB8g2, CorrelationId:bd727f30-4a20-41c2-aa6c-45acfe673ed0, Elapsed:4939.5286, MemberName:PopulateVirtualEntitiesActualSource, SourceFilePath:C:\__w\1\s\Framework\Adxstudio.Xrm\Caching\VirtualEntitiesCacheHelper.cs, SourceLineNumber:125, Category:Application, Message:The web api getDataSourceId for virtual entity returned empty DataSourceId, ErrorCategory:ApplicationError",8004b014-0400-7800-b63f-84710c7967bb
2024-02-19T17:03:18,Error,site-85de4385-0987-4ae5-9917-b7715602956d-AUe,7e7bb2,638439589984909272,0,35932,39,"RequestData:, RequestPath:/_services/about, RequestExtension:, SessionId:, UserId:0F1NeYY-QVZg9r3ZmvhKxsqaHN0RHGuhIvYP_aLPbRruOUaDmoifFab1FJ3rC9o_VpJJD5xchTnYiKEngbj2RRAj4lYUY0ACwns2dg1h4fItlPOG43oPxV6W0ogM_XZvT2IXTl2s-D7G5xsS6SSB8g2, CorrelationId:bd727f30-4a20-41c2-aa6c-45acfe673ed0, Elapsed:4996.2227, MemberName:PopulateVirtualEntitiesActualSource, SourceFilePath:C:\__w\1\s\Framework\Adxstudio.Xrm\Caching\VirtualEntitiesCacheHelper.cs, SourceLineNumber:125, Category:Application, Message:The web api getDataSourceId for virtual entity returned empty DataSourceId, ErrorCategory:ApplicationError",8004b014-0400-7800-b63f-84710c7967bb
2024-02-19T17:03:18,Error,site-85de4385-0987-4ae5-9917-b7715602956d-AUe,7e7bb2,638439589985690612,0,35932,39,"RequestData:, RequestPath:/_services/about, RequestExtension:, SessionId:, UserId:0F1NeYY-QVZg9r3ZmvhKxsqaHN0RHGuhIvYP_aLPbRruOUaDmoifFab1FJ3rC9o_VpJJD5xchTnYiKEngbj2RRAj4lYUY0ACwns2dg1h4fItlPOG43oPxV6W0ogM_XZvT2IXTl2s-D7G5xsS6SSB8g2, CorrelationId:bd727f30-4a20-41c2-aa6c-45acfe673ed0, Elapsed:5067.6479, MemberName:PopulateVirtualEntitiesActualSource, SourceFilePath:C:\__w\1\s\Framework\Adxstudio.Xrm\Caching\VirtualEntitiesCacheHelper.cs, SourceLineNumber:125, Category:Application, Message:The web api getDataSourceId for virtual entity returned empty DataSourceId, ErrorCategory:ApplicationError",8004b014-0400-7800-b63f-84710c7967bb
2024-02-19T17:03:18,Error,site-85de4385-0987-4ae5-9917-b7715602956d-AUe,7e7bb2,638439589986159409,0,35932,39,"RequestData:, RequestPath:/_services/about, RequestExtension:, SessionId:, UserId:0F1NeYY-QVZg9r3ZmvhKxsqaHN0RHGuhIvYP_aLPbRruOUaDmoifFab1FJ3rC9o_VpJJD5xchTnYiKEngbj2RRAj4lYUY0ACwns2dg1h4fItlPOG43oPxV6W0ogM_XZvT2IXTl2s-D7G5xsS6SSB8g2, CorrelationId:bd727f30-4a20-41c2-aa6c-45acfe673ed0, Elapsed:5122.0435, MemberName:PopulateVirtualEntitiesActualSource, SourceFilePath:C:\__w\1\s\Framework\Adxstudio.Xrm\Caching\VirtualEntitiesCacheHelper.cs, SourceLineNumber:125, Category:Application, Message:The web api getDataSourceId for virtual entity returned empty DataSourceId, ErrorCategory:ApplicationError",8004b014-0400-7800-b63f-84710c7967bb
2024-02-19T17:03:18,Error,site-85de4385-0987-4ae5-9917-b7715602956d-AUe,7e7bb2,638439589986784125,0,35932,39,"RequestData:, RequestPath:/_services/about, RequestExtension:, SessionId:, UserId:0F1NeYY-QVZg9r3ZmvhKxsqaHN0RHGuhIvYP_aLPbRruOUaDmoifFab1FJ3rC9o_VpJJD5xchTnYiKEngbj2RRAj4lYUY0ACwns2dg1h4fItlPOG43oPxV6W0ogM_XZvT2IXTl2s-D7G5xsS6SSB8g2, CorrelationId:bd727f30-4a20-41c2-aa6c-45acfe673ed0, Elapsed:5180.4174, MemberName:PopulateVirtualEntitiesActualSource, SourceFilePath:C:\__w\1\s\Framework\Adxstudio.Xrm\Caching\VirtualEntitiesCacheHelper.cs, SourceLineNumber:125, Category:Application, Message:The web api getDataSourceId for virtual entity returned empty DataSourceId, ErrorCategory:ApplicationError",8004b014-0400-7800-b63f-84710c7967bb
2024-02-19T17:03:18,Error,site-85de4385-0987-4ae5-9917-b7715602956d-AUe,7e7bb2,638439589987409090,0,35932,39,"RequestData:, RequestPath:/_services/about, RequestExtension:, SessionId:, UserId:0F1NeYY-QVZg9r3ZmvhKxsqaHN0RHGuhIvYP_aLPbRruOUaDmoifFab1FJ3rC9o_VpJJD5xchTnYiKEngbj2RRAj4lYUY0ACwns2dg1h4fItlPOG43oPxV6W0ogM_XZvT2IXTl2s-D7G5xsS6SSB8g2, CorrelationId:bd727f30-4a20-41c2-aa6c-45acfe673ed0, Elapsed:5235.9739, MemberName:PopulateVirtualEntitiesActualSource, SourceFilePath:C:\__w\1\s\Framework\Adxstudio.Xrm\Caching\VirtualEntitiesCacheHelper.cs, SourceLineNumber:125, Category:Application, Message:The web api getDataSourceId for virtual entity returned empty DataSourceId, ErrorCategory:ApplicationError",8004b014-0400-7800-b63f-84710c7967bb
2024-02-19T17:03:18,Error,site-85de4385-0987-4ae5-9917-b7715602956d-AUe,7e7bb2,638439589988034105,0,35932,39,"RequestData:, RequestPath:/_services/about, RequestExtension:, SessionId:, UserId:0F1NeYY-QVZg9r3ZmvhKxsqaHN0RHGuhIvYP_aLPbRruOUaDmoifFab1FJ3rC9o_VpJJD5xchTnYiKEngbj2RRAj4lYUY0ACwns2dg1h4fItlPOG43oPxV6W0ogM_XZvT2IXTl2s-D7G5xsS6SSB8g2, CorrelationId:bd727f30-4a20-41c2-aa6c-45acfe673ed0, Elapsed:5304.008, MemberName:PopulateVirtualEntitiesActualSource, SourceFilePath:C:\__w\1\s\Framework\Adxstudio.Xrm\Caching\VirtualEntitiesCacheHelper.cs, SourceLineNumber:125, Category:Application, Message:The web api getDataSourceId for virtual entity returned empty DataSourceId, ErrorCategory:ApplicationError",8004b014-0400-7800-b63f-84710c7967bb
2024-02-19T17:03:18,Error,site-85de4385-0987-4ae5-9917-b7715602956d-AUe,7e7bb2,638439589988659174,0,35932,39,"RequestData:, RequestPath:/_services/about, RequestExtension:, SessionId:, UserId:0F1NeYY-QVZg9r3ZmvhKxsqaHN0RHGuhIvYP_aLPbRruOUaDmoifFab1FJ3rC9o_VpJJD5xchTnYiKEngbj2RRAj4lYUY0ACwns2dg1h4fItlPOG43oPxV6W0ogM_XZvT2IXTl2s-D7G5xsS6SSB8g2, CorrelationId:bd727f30-4a20-41c2-aa6c-45acfe673ed0, Elapsed:5360.2976, MemberName:PopulateVirtualEntitiesActualSource, SourceFilePath:C:\__w\1\s\Framework\Adxstudio.Xrm\Caching\VirtualEntitiesCacheHelper.cs, SourceLineNumber:125, Category:Application, Message:The web api getDataSourceId for virtual entity returned empty DataSourceId, ErrorCategory:ApplicationError",8004b014-0400-7800-b63f-84710c7967bb
2024-02-19T17:03:18,Error,site-85de4385-0987-4ae5-9917-b7715602956d-AUe,7e7bb2,638439589989284216,0,35932,39,"RequestData:, RequestPath:/_services/about, RequestExtension:, SessionId:, UserId:0F1NeYY-QVZg9r3ZmvhKxsqaHN0RHGuhIvYP_aLPbRruOUaDmoifFab1FJ3rC9o_VpJJD5xchTnYiKEngbj2RRAj4lYUY0ACwns2dg1h4fItlPOG43oPxV6W0ogM_XZvT2IXTl2s-D7G5xsS6SSB8g2, CorrelationId:bd727f30-4a20-41c2-aa6c-45acfe673ed0, Elapsed:5423.7985, MemberName:PopulateVirtualEntitiesActualSource, SourceFilePath:C:\__w\1\s\Framework\Adxstudio.Xrm\Caching\VirtualEntitiesCacheHelper.cs, SourceLineNumber:125, Category:Application, Message:The web api getDataSourceId for virtual entity returned empty DataSourceId, ErrorCategory:ApplicationError",8004b014-0400-7800-b63f-84710c7967bb
2024-02-19T17:03:18,Error,site-85de4385-0987-4ae5-9917-b7715602956d-AUe,7e7bb2,638439589989909187,0,35932,39,"RequestData:, RequestPath:/_services/about, RequestExtension:, SessionId:, UserId:0F1NeYY-QVZg9r3ZmvhKxsqaHN0RHGuhIvYP_aLPbRruOUaDmoifFab1FJ3rC9o_VpJJD5xchTnYiKEngbj2RRAj4lYUY0ACwns2dg1h4fItlPOG43oPxV6W0ogM_XZvT2IXTl2s-D7G5xsS6SSB8g2, CorrelationId:bd727f30-4a20-41c2-aa6c-45acfe673ed0, Elapsed:5487.4296, MemberName:PopulateVirtualEntitiesActualSource, SourceFilePath:C:\__w\1\s\Framework\Adxstudio.Xrm\Caching\VirtualEntitiesCacheHelper.cs, SourceLineNumber:125, Category:Application, Message:The web api getDataSourceId for virtual entity returned empty DataSourceId, ErrorCategory:ApplicationError",8004b014-0400-7800-b63f-84710c7967bb
2024-02-19T17:03:19,Error,site-85de4385-0987-4ae5-9917-b7715602956d-AUe,7e7bb2,638439589990847241,0,35932,39,"RequestData:, RequestPath:/_services/about, RequestExtension:, SessionId:, UserId:0F1NeYY-QVZg9r3ZmvhKxsqaHN0RHGuhIvYP_aLPbRruOUaDmoifFab1FJ3rC9o_VpJJD5xchTnYiKEngbj2RRAj4lYUY0ACwns2dg1h4fItlPOG43oPxV6W0ogM_XZvT2IXTl2s-D7G5xsS6SSB8g2, CorrelationId:bd727f30-4a20-41c2-aa6c-45acfe673ed0, Elapsed:5585.2398, MemberName:PopulateVirtualEntitiesActualSource, SourceFilePath:C:\__w\1\s\Framework\Adxstudio.Xrm\Caching\VirtualEntitiesCacheHelper.cs, SourceLineNumber:125, Category:Application, Message:The web api getDataSourceId for virtual entity returned empty DataSourceId, ErrorCategory:ApplicationError",8004b014-0400-7800-b63f-84710c7967bb
2024-02-19T17:03:19,Error,site-85de4385-0987-4ae5-9917-b7715602956d-AUe,7e7bb2,638439589991471695,0,35932,39,"RequestData:, RequestPath:/_services/about, RequestExtension:, SessionId:, UserId:0F1NeYY-QVZg9r3ZmvhKxsqaHN0RHGuhIvYP_aLPbRruOUaDmoifFab1FJ3rC9o_VpJJD5xchTnYiKEngbj2RRAj4lYUY0ACwns2dg1h4fItlPOG43oPxV6W0ogM_XZvT2IXTl2s-D7G5xsS6SSB8g2, CorrelationId:bd727f30-4a20-41c2-aa6c-45acfe673ed0, Elapsed:5641.1336, MemberName:PopulateVirtualEntitiesActualSource, SourceFilePath:C:\__w\1\s\Framework\Adxstudio.Xrm\Caching\VirtualEntitiesCacheHelper.cs, SourceLineNumber:125, Category:Application, Message:The web api getDataSourceId for virtual entity returned empty DataSourceId, ErrorCategory:ApplicationError",8004b014-0400-7800-b63f-84710c7967bb
2024-02-19T17:03:19,Error,site-85de4385-0987-4ae5-9917-b7715602956d-AUe,7e7bb2,638439589992096228,0,35932,39,"RequestData:, RequestPath:/_services/about, RequestExtension:, SessionId:, UserId:0F1NeYY-QVZg9r3ZmvhKxsqaHN0RHGuhIvYP_aLPbRruOUaDmoifFab1FJ3rC9o_VpJJD5xchTnYiKEngbj2RRAj4lYUY0ACwns2dg1h4fItlPOG43oPxV6W0ogM_XZvT2IXTl2s-D7G5xsS6SSB8g2, CorrelationId:bd727f30-4a20-41c2-aa6c-45acfe673ed0, Elapsed:5702.1814, MemberName:PopulateVirtualEntitiesActualSource, SourceFilePath:C:\__w\1\s\Framework\Adxstudio.Xrm\Caching\VirtualEntitiesCacheHelper.cs, SourceLineNumber:125, Category:Application, Message:The web api getDataSourceId for virtual entity returned empty DataSourceId, ErrorCategory:ApplicationError",8004b014-0400-7800-b63f-84710c7967bb
2024-02-19T17:03:19,Error,site-85de4385-0987-4ae5-9917-b7715602956d-AUe,7e7bb2,638439589992721928,0,35932,39,"RequestData:, RequestPath:/_services/about, RequestExtension:, SessionId:, UserId:0F1NeYY-QVZg9r3ZmvhKxsqaHN0RHGuhIvYP_aLPbRruOUaDmoifFab1FJ3rC9o_VpJJD5xchTnYiKEngbj2RRAj4lYUY0ACwns2dg1h4fItlPOG43oPxV6W0ogM_XZvT2IXTl2s-D7G5xsS6SSB8g2, CorrelationId:bd727f30-4a20-41c2-aa6c-45acfe673ed0, Elapsed:5769.0032, MemberName:PopulateVirtualEntitiesActualSource, SourceFilePath:C:\__w\1\s\Framework\Adxstudio.Xrm\Caching\VirtualEntitiesCacheHelper.cs, SourceLineNumber:125, Category:Application, Message:The web api getDataSourceId for virtual entity returned empty DataSourceId, ErrorCategory:ApplicationError",8004b014-0400-7800-b63f-84710c7967bb
2024-02-19T17:03:19,Error,site-85de4385-0987-4ae5-9917-b7715602956d-AUe,7e7bb2,638439589993346966,0,35932,39,"RequestData:, RequestPath:/_services/about, RequestExtension:, SessionId:, UserId:0F1NeYY-QVZg9r3ZmvhKxsqaHN0RHGuhIvYP_aLPbRruOUaDmoifFab1FJ3rC9o_VpJJD5xchTnYiKEngbj2RRAj4lYUY0ACwns2dg1h4fItlPOG43oPxV6W0ogM_XZvT2IXTl2s-D7G5xsS6SSB8g2, CorrelationId:bd727f30-4a20-41c2-aa6c-45acfe673ed0, Elapsed:5829.68, MemberName:PopulateVirtualEntitiesActualSource, SourceFilePath:C:\__w\1\s\Framework\Adxstudio.Xrm\Caching\VirtualEntitiesCacheHelper.cs, SourceLineNumber:125, Category:Application, Message:The web api getDataSourceId for virtual entity returned empty DataSourceId, ErrorCategory:ApplicationError",8004b014-0400-7800-b63f-84710c7967bb
2024-02-19T17:03:19,Error,site-85de4385-0987-4ae5-9917-b7715602956d-AUe,7e7bb2,638439589993971842,0,35932,39,"RequestData:, RequestPath:/_services/about, RequestExtension:, SessionId:, UserId:0F1NeYY-QVZg9r3ZmvhKxsqaHN0RHGuhIvYP_aLPbRruOUaDmoifFab1FJ3rC9o_VpJJD5xchTnYiKEngbj2RRAj4lYUY0ACwns2dg1h4fItlPOG43oPxV6W0ogM_XZvT2IXTl2s-D7G5xsS6SSB8g2, CorrelationId:bd727f30-4a20-41c2-aa6c-45acfe673ed0, Elapsed:5890.4617, MemberName:PopulateVirtualEntitiesActualSource, SourceFilePath:C:\__w\1\s\Framework\Adxstudio.Xrm\Caching\VirtualEntitiesCacheHelper.cs, SourceLineNumber:125, Category:Application, Message:The web api getDataSourceId for virtual entity returned empty DataSourceId, ErrorCategory:ApplicationError",8004b014-0400-7800-b63f-84710c7967bb
2024-02-19T17:03:19,Error,site-85de4385-0987-4ae5-9917-b7715602956d-AUe,7e7bb2,638439589994440402,0,35932,39,"RequestData:, RequestPath:/_services/about, RequestExtension:, SessionId:, UserId:0F1NeYY-QVZg9r3ZmvhKxsqaHN0RHGuhIvYP_aLPbRruOUaDmoifFab1FJ3rC9o_VpJJD5xchTnYiKEngbj2RRAj4lYUY0ACwns2dg1h4fItlPOG43oPxV6W0ogM_XZvT2IXTl2s-D7G5xsS6SSB8g2, CorrelationId:bd727f30-4a20-41c2-aa6c-45acfe673ed0, Elapsed:5949.0821, MemberName:PopulateVirtualEntitiesActualSource, SourceFilePath:C:\__w\1\s\Framework\Adxstudio.Xrm\Caching\VirtualEntitiesCacheHelper.cs, SourceLineNumber:125, Category:Application, Message:The web api getDataSourceId for virtual entity returned empty DataSourceId, ErrorCategory:ApplicationError",8004b014-0400-7800-b63f-84710c7967bb
2024-02-19T17:03:19,Error,site-85de4385-0987-4ae5-9917-b7715602956d-AUe,7e7bb2,638439589995065058,0,35932,39,"RequestData:, RequestPath:/_services/about, RequestExtension:, SessionId:, UserId:0F1NeYY-QVZg9r3ZmvhKxsqaHN0RHGuhIvYP_aLPbRruOUaDmoifFab1FJ3rC9o_VpJJD5xchTnYiKEngbj2RRAj4lYUY0ACwns2dg1h4fItlPOG43oPxV6W0ogM_XZvT2IXTl2s-D7G5xsS6SSB8g2, CorrelationId:bd727f30-4a20-41c2-aa6c-45acfe673ed0, Elapsed:6004.2878, MemberName:PopulateVirtualEntitiesActualSource, SourceFilePath:C:\__w\1\s\Framework\Adxstudio.Xrm\Caching\VirtualEntitiesCacheHelper.cs, SourceLineNumber:125, Category:Application, Message:The web api getDataSourceId for virtual entity returned empty DataSourceId, ErrorCategory:ApplicationError",8004b014-0400-7800-b63f-84710c7967bb
2024-02-19T17:03:19,Error,site-85de4385-0987-4ae5-9917-b7715602956d-AUe,7e7bb2,638439589995534316,0,35932,39,"RequestData:, RequestPath:/_services/about, RequestExtension:, SessionId:, UserId:0F1NeYY-QVZg9r3ZmvhKxsqaHN0RHGuhIvYP_aLPbRruOUaDmoifFab1FJ3rC9o_VpJJD5xchTnYiKEngbj2RRAj4lYUY0ACwns2dg1h4fItlPOG43oPxV6W0ogM_XZvT2IXTl2s-D7G5xsS6SSB8g2, CorrelationId:bd727f30-4a20-41c2-aa6c-45acfe673ed0, Elapsed:6058.8906, MemberName:PopulateVirtualEntitiesActualSource, SourceFilePath:C:\__w\1\s\Framework\Adxstudio.Xrm\Caching\VirtualEntitiesCacheHelper.cs, SourceLineNumber:125, Category:Application, Message:The web api getDataSourceId for virtual entity returned empty DataSourceId, ErrorCategory:ApplicationError",8004b014-0400-7800-b63f-84710c7967bb
2024-02-19T17:03:19,Error,site-85de4385-0987-4ae5-9917-b7715602956d-AUe,7e7bb2,638439589996159841,0,35932,39,"RequestData:, RequestPath:/_services/about, RequestExtension:, SessionId:, UserId:0F1NeYY-QVZg9r3ZmvhKxsqaHN0RHGuhIvYP_aLPbRruOUaDmoifFab1FJ3rC9o_VpJJD5xchTnYiKEngbj2RRAj4lYUY0ACwns2dg1h4fItlPOG43oPxV6W0ogM_XZvT2IXTl2s-D7G5xsS6SSB8g2, CorrelationId:bd727f30-4a20-41c2-aa6c-45acfe673ed0, Elapsed:6113.9504, MemberName:PopulateVirtualEntitiesActualSource, SourceFilePath:C:\__w\1\s\Framework\Adxstudio.Xrm\Caching\VirtualEntitiesCacheHelper.cs, SourceLineNumber:125, Category:Application, Message:The web api getDataSourceId for virtual entity returned empty DataSourceId, ErrorCategory:ApplicationError",8004b014-0400-7800-b63f-84710c7967bb
2024-02-19T17:03:19,Error,site-85de4385-0987-4ae5-9917-b7715602956d-AUe,7e7bb2,638439589996628080,0,35932,39,"RequestData:, RequestPath:/_services/about, RequestExtension:, SessionId:, UserId:0F1NeYY-QVZg9r3ZmvhKxsqaHN0RHGuhIvYP_aLPbRruOUaDmoifFab1FJ3rC9o_VpJJD5xchTnYiKEngbj2RRAj4lYUY0ACwns2dg1h4fItlPOG43oPxV6W0ogM_XZvT2IXTl2s-D7G5xsS6SSB8g2, CorrelationId:bd727f30-4a20-41c2-aa6c-45acfe673ed0, Elapsed:6169.874, MemberName:PopulateVirtualEntitiesActualSource, SourceFilePath:C:\__w\1\s\Framework\Adxstudio.Xrm\Caching\VirtualEntitiesCacheHelper.cs, SourceLineNumber:125, Category:Application, Message:The web api getDataSourceId for virtual entity returned empty DataSourceId, ErrorCategory:ApplicationError",8004b014-0400-7800-b63f-84710c7967bb
2024-02-19T17:03:19,Error,site-85de4385-0987-4ae5-9917-b7715602956d-AUe,7e7bb2,638439589997253285,0,35932,39,"RequestData:, RequestPath:/_services/about, RequestExtension:, SessionId:, UserId:0F1NeYY-QVZg9r3ZmvhKxsqaHN0RHGuhIvYP_aLPbRruOUaDmoifFab1FJ3rC9o_VpJJD5xchTnYiKEngbj2RRAj4lYUY0ACwns2dg1h4fItlPOG43oPxV6W0ogM_XZvT2IXTl2s-D7G5xsS6SSB8g2, CorrelationId:bd727f30-4a20-41c2-aa6c-45acfe673ed0, Elapsed:6222.3568, MemberName:PopulateVirtualEntitiesActualSource, SourceFilePath:C:\__w\1\s\Framework\Adxstudio.Xrm\Caching\VirtualEntitiesCacheHelper.cs, SourceLineNumber:125, Category:Application, Message:The web api getDataSourceId for virtual entity returned empty DataSourceId, ErrorCategory:ApplicationError",8004b014-0400-7800-b63f-84710c7967bb
2024-02-19T17:03:19,Error,site-85de4385-0987-4ae5-9917-b7715602956d-AUe,7e7bb2,638439589997878104,0,35932,39,"RequestData:, RequestPath:/_services/about, RequestExtension:, SessionId:, UserId:0F1NeYY-QVZg9r3ZmvhKxsqaHN0RHGuhIvYP_aLPbRruOUaDmoifFab1FJ3rC9o_VpJJD5xchTnYiKEngbj2RRAj4lYUY0ACwns2dg1h4fItlPOG43oPxV6W0ogM_XZvT2IXTl2s-D7G5xsS6SSB8g2, CorrelationId:bd727f30-4a20-41c2-aa6c-45acfe673ed0, Elapsed:6281.9254, MemberName:PopulateVirtualEntitiesActualSource, SourceFilePath:C:\__w\1\s\Framework\Adxstudio.Xrm\Caching\VirtualEntitiesCacheHelper.cs, SourceLineNumber:125, Category:Application, Message:The web api getDataSourceId for virtual entity returned empty DataSourceId, ErrorCategory:ApplicationError",8004b014-0400-7800-b63f-84710c7967bb
2024-02-19T17:03:19,Error,site-85de4385-0987-4ae5-9917-b7715602956d-AUe,7e7bb2,638439589998503141,0,35932,39,"RequestData:, RequestPath:/_services/about, RequestExtension:, SessionId:, UserId:0F1NeYY-QVZg9r3ZmvhKxsqaHN0RHGuhIvYP_aLPbRruOUaDmoifFab1FJ3rC9o_VpJJD5xchTnYiKEngbj2RRAj4lYUY0ACwns2dg1h4fItlPOG43oPxV6W0ogM_XZvT2IXTl2s-D7G5xsS6SSB8g2, CorrelationId:bd727f30-4a20-41c2-aa6c-45acfe673ed0, Elapsed:6346.1737, MemberName:PopulateVirtualEntitiesActualSource, SourceFilePath:C:\__w\1\s\Framework\Adxstudio.Xrm\Caching\VirtualEntitiesCacheHelper.cs, SourceLineNumber:125, Category:Application, Message:The web api getDataSourceId for virtual entity returned empty DataSourceId, ErrorCategory:ApplicationError",8004b014-0400-7800-b63f-84710c7967bb
2024-02-19T17:03:19,Error,site-85de4385-0987-4ae5-9917-b7715602956d-AUe,7e7bb2,638439589999284445,0,35932,39,"RequestData:, RequestPath:/_services/about, RequestExtension:, SessionId:, UserId:0F1NeYY-QVZg9r3ZmvhKxsqaHN0RHGuhIvYP_aLPbRruOUaDmoifFab1FJ3rC9o_VpJJD5xchTnYiKEngbj2RRAj4lYUY0ACwns2dg1h4fItlPOG43oPxV6W0ogM_XZvT2IXTl2s-D7G5xsS6SSB8g2, CorrelationId:bd727f30-4a20-41c2-aa6c-45acfe673ed0, Elapsed:6433.8339, MemberName:PopulateVirtualEntitiesActualSource, SourceFilePath:C:\__w\1\s\Framework\Adxstudio.Xrm\Caching\VirtualEntitiesCacheHelper.cs, SourceLineNumber:125, Category:Application, Message:The web api getDataSourceId for virtual entity returned empty DataSourceId, ErrorCategory:ApplicationError",8004b014-0400-7800-b63f-84710c7967bb
2024-02-19T17:03:19,Error,site-85de4385-0987-4ae5-9917-b7715602956d-AUe,7e7bb2,638439589999909391,0,35932,39,"RequestData:, RequestPath:/_services/about, RequestExtension:, SessionId:, UserId:0F1NeYY-QVZg9r3ZmvhKxsqaHN0RHGuhIvYP_aLPbRruOUaDmoifFab1FJ3rC9o_VpJJD5xchTnYiKEngbj2RRAj4lYUY0ACwns2dg1h4fItlPOG43oPxV6W0ogM_XZvT2IXTl2s-D7G5xsS6SSB8g2, CorrelationId:bd727f30-4a20-41c2-aa6c-45acfe673ed0, Elapsed:6491.9776, MemberName:PopulateVirtualEntitiesActualSource, SourceFilePath:C:\__w\1\s\Framework\Adxstudio.Xrm\Caching\VirtualEntitiesCacheHelper.cs, SourceLineNumber:125, Category:Application, Message:The web api getDataSourceId for virtual entity returned empty DataSourceId, ErrorCategory:ApplicationError",8004b014-0400-7800-b63f-84710c7967bb
2024-02-19T17:03:20,Error,site-85de4385-0987-4ae5-9917-b7715602956d-AUe,7e7bb2,638439590000534939,0,35932,39,"RequestData:, RequestPath:/_services/about, RequestExtension:, SessionId:, UserId:0F1NeYY-QVZg9r3ZmvhKxsqaHN0RHGuhIvYP_aLPbRruOUaDmoifFab1FJ3rC9o_VpJJD5xchTnYiKEngbj2RRAj4lYUY0ACwns2dg1h4fItlPOG43oPxV6W0ogM_XZvT2IXTl2s-D7G5xsS6SSB8g2, CorrelationId:bd727f30-4a20-41c2-aa6c-45acfe673ed0, Elapsed:6550.391, MemberName:PopulateVirtualEntitiesActualSource, SourceFilePath:C:\__w\1\s\Framework\Adxstudio.Xrm\Caching\VirtualEntitiesCacheHelper.cs, SourceLineNumber:125, Category:Application, Message:The web api getDataSourceId for virtual entity returned empty DataSourceId, ErrorCategory:ApplicationError",8004b014-0400-7800-b63f-84710c7967bb
2024-02-19T17:03:20,Error,site-85de4385-0987-4ae5-9917-b7715602956d-AUe,7e7bb2,638439590001160270,0,35932,39,"RequestData:, RequestPath:/_services/about, RequestExtension:, SessionId:, UserId:0F1NeYY-QVZg9r3ZmvhKxsqaHN0RHGuhIvYP_aLPbRruOUaDmoifFab1FJ3rC9o_VpJJD5xchTnYiKEngbj2RRAj4lYUY0ACwns2dg1h4fItlPOG43oPxV6W0ogM_XZvT2IXTl2s-D7G5xsS6SSB8g2, CorrelationId:bd727f30-4a20-41c2-aa6c-45acfe673ed0, Elapsed:6610.7313, MemberName:PopulateVirtualEntitiesActualSource, SourceFilePath:C:\__w\1\s\Framework\Adxstudio.Xrm\Caching\VirtualEntitiesCacheHelper.cs, SourceLineNumber:125, Category:Application, Message:The web api getDataSourceId for virtual entity returned empty DataSourceId, ErrorCategory:ApplicationError",8004b014-0400-7800-b63f-84710c7967bb
2024-02-19T17:03:20,Error,site-85de4385-0987-4ae5-9917-b7715602956d-AUe,7e7bb2,638439590001783932,0,35932,39,"RequestData:, RequestPath:/_services/about, RequestExtension:, SessionId:, UserId:0F1NeYY-QVZg9r3ZmvhKxsqaHN0RHGuhIvYP_aLPbRruOUaDmoifFab1FJ3rC9o_VpJJD5xchTnYiKEngbj2RRAj4lYUY0ACwns2dg1h4fItlPOG43oPxV6W0ogM_XZvT2IXTl2s-D7G5xsS6SSB8g2, CorrelationId:bd727f30-4a20-41c2-aa6c-45acfe673ed0, Elapsed:6672.1947, MemberName:PopulateVirtualEntitiesActualSource, SourceFilePath:C:\__w\1\s\Framework\Adxstudio.Xrm\Caching\VirtualEntitiesCacheHelper.cs, SourceLineNumber:125, Category:Application, Message:The web api getDataSourceId for virtual entity returned empty DataSourceId, ErrorCategory:ApplicationError",8004b014-0400-7800-b63f-84710c7967bb
2024-02-19T17:03:20,Error,site-85de4385-0987-4ae5-9917-b7715602956d-AUe,7e7bb2,638439590002566234,0,35932,39,"RequestData:, RequestPath:/_services/about, RequestExtension:, SessionId:, UserId:0F1NeYY-QVZg9r3ZmvhKxsqaHN0RHGuhIvYP_aLPbRruOUaDmoifFab1FJ3rC9o_VpJJD5xchTnYiKEngbj2RRAj4lYUY0ACwns2dg1h4fItlPOG43oPxV6W0ogM_XZvT2IXTl2s-D7G5xsS6SSB8g2, CorrelationId:bd727f30-4a20-41c2-aa6c-45acfe673ed0, Elapsed:6760.0362, MemberName:PopulateVirtualEntitiesActualSource, SourceFilePath:C:\__w\1\s\Framework\Adxstudio.Xrm\Caching\VirtualEntitiesCacheHelper.cs, SourceLineNumber:125, Category:Application, Message:The web api getDataSourceId for virtual entity returned empty DataSourceId, ErrorCategory:ApplicationError",8004b014-0400-7800-b63f-84710c7967bb
2024-02-19T17:03:20,Error,site-85de4385-0987-4ae5-9917-b7715602956d-AUe,7e7bb2,638439590003190749,0,35932,39,"RequestData:, RequestPath:/_services/about, RequestExtension:, SessionId:, UserId:0F1NeYY-QVZg9r3ZmvhKxsqaHN0RHGuhIvYP_aLPbRruOUaDmoifFab1FJ3rC9o_VpJJD5xchTnYiKEngbj2RRAj4lYUY0ACwns2dg1h4fItlPOG43oPxV6W0ogM_XZvT2IXTl2s-D7G5xsS6SSB8g2, CorrelationId:bd727f30-4a20-41c2-aa6c-45acfe673ed0, Elapsed:6823.265, MemberName:PopulateVirtualEntitiesActualSource, SourceFilePath:C:\__w\1\s\Framework\Adxstudio.Xrm\Caching\VirtualEntitiesCacheHelper.cs, SourceLineNumber:125, Category:Application, Message:The web api getDataSourceId for virtual entity returned empty DataSourceId, ErrorCategory:ApplicationError",8004b014-0400-7800-b63f-84710c7967bb
2024-02-19T17:03:20,Error,site-85de4385-0987-4ae5-9917-b7715602956d-AUe,7e7bb2,638439590003815793,0,35932,39,"RequestData:, RequestPath:/_services/about, RequestExtension:, SessionId:, UserId:0F1NeYY-QVZg9r3ZmvhKxsqaHN0RHGuhIvYP_aLPbRruOUaDmoifFab1FJ3rC9o_VpJJD5xchTnYiKEngbj2RRAj4lYUY0ACwns2dg1h4fItlPOG43oPxV6W0ogM_XZvT2IXTl2s-D7G5xsS6SSB8g2, CorrelationId:bd727f30-4a20-41c2-aa6c-45acfe673ed0, Elapsed:6875.2532, MemberName:PopulateVirtualEntitiesActualSource, SourceFilePath:C:\__w\1\s\Framework\Adxstudio.Xrm\Caching\VirtualEntitiesCacheHelper.cs, SourceLineNumber:125, Category:Application, Message:The web api getDataSourceId for virtual entity returned empty DataSourceId, ErrorCategory:ApplicationError",8004b014-0400-7800-b63f-84710c7967bb
2024-02-19T17:03:20,Error,site-85de4385-0987-4ae5-9917-b7715602956d-AUe,7e7bb2,638439590004440874,0,35932,39,"RequestData:, RequestPath:/_services/about, RequestExtension:, SessionId:, UserId:0F1NeYY-QVZg9r3ZmvhKxsqaHN0RHGuhIvYP_aLPbRruOUaDmoifFab1FJ3rC9o_VpJJD5xchTnYiKEngbj2RRAj4lYUY0ACwns2dg1h4fItlPOG43oPxV6W0ogM_XZvT2IXTl2s-D7G5xsS6SSB8g2, CorrelationId:bd727f30-4a20-41c2-aa6c-45acfe673ed0, Elapsed:6938.7415, MemberName:PopulateVirtualEntitiesActualSource, SourceFilePath:C:\__w\1\s\Framework\Adxstudio.Xrm\Caching\VirtualEntitiesCacheHelper.cs, SourceLineNumber:125, Category:Application, Message:The web api getDataSourceId for virtual entity returned empty DataSourceId, ErrorCategory:ApplicationError",8004b014-0400-7800-b63f-84710c7967bb
2024-02-19T17:03:20,Error,site-85de4385-0987-4ae5-9917-b7715602956d-AUe,7e7bb2,638439590005065218,0,35932,39,"RequestData:, RequestPath:/_services/about, RequestExtension:, SessionId:, UserId:0F1NeYY-QVZg9r3ZmvhKxsqaHN0RHGuhIvYP_aLPbRruOUaDmoifFab1FJ3rC9o_VpJJD5xchTnYiKEngbj2RRAj4lYUY0ACwns2dg1h4fItlPOG43oPxV6W0ogM_XZvT2IXTl2s-D7G5xsS6SSB8g2, CorrelationId:bd727f30-4a20-41c2-aa6c-45acfe673ed0, Elapsed:7001.1294, MemberName:PopulateVirtualEntitiesActualSource, SourceFilePath:C:\__w\1\s\Framework\Adxstudio.Xrm\Caching\VirtualEntitiesCacheHelper.cs, SourceLineNumber:125, Category:Application, Message:The web api getDataSourceId for virtual entity returned empty DataSourceId, ErrorCategory:ApplicationError",8004b014-0400-7800-b63f-84710c7967bb
2024-02-19T17:03:21,Error,site-85de4385-0987-4ae5-9917-b7715602956d-AUe,7e7bb2,638439590017409314,0,35932,201,"RequestData:, RequestPath:/_services/about, RequestExtension:, SessionId:, UserId:0F1NeYY-QVZg9r3ZmvhKxsqaHN0RHGuhIvYP_aLPbRruOUaDmoifFab1FJ3rC9o_VpJJD5xchTnYiKEngbj2RRAj4lYUY0ACwns2dg1h4fItlPOG43oPxV6W0ogM_XZvT2IXTl2s-D7G5xsS6SSB8g2, CorrelationId:604275ac-1424-49ef-87ff-7fe1250c0696, Elapsed:104.5155, MemberName:PopulateVirtualEntitiesActualSource, SourceFilePath:C:\__w\1\s\Framework\Adxstudio.Xrm\Caching\VirtualEntitiesCacheHelper.cs, SourceLineNumber:125, Category:Application, Message:The web api getDataSourceId for virtual entity returned empty DataSourceId, ErrorCategory:ApplicationError",8004b016-0400-7800-b63f-84710c7967bb
2024-02-19T17:03:21,Error,site-85de4385-0987-4ae5-9917-b7715602956d-AUe,7e7bb2,638439590017878062,0,35932,201,"RequestData:, RequestPath:/_services/about, RequestExtension:, SessionId:, UserId:0F1NeYY-QVZg9r3ZmvhKxsqaHN0RHGuhIvYP_aLPbRruOUaDmoifFab1FJ3rC9o_VpJJD5xchTnYiKEngbj2RRAj4lYUY0ACwns2dg1h4fItlPOG43oPxV6W0ogM_XZvT2IXTl2s-D7G5xsS6SSB8g2, CorrelationId:604275ac-1424-49ef-87ff-7fe1250c0696, Elapsed:157.5575, MemberName:PopulateVirtualEntitiesActualSource, SourceFilePath:C:\__w\1\s\Framework\Adxstudio.Xrm\Caching\VirtualEntitiesCacheHelper.cs, SourceLineNumber:125, Category:Application, Message:The web api getDataSourceId for virtual entity returned empty DataSourceId, ErrorCategory:ApplicationError",8004b016-0400-7800-b63f-84710c7967bb
2024-02-19T17:03:21,Error,site-85de4385-0987-4ae5-9917-b7715602956d-AUe,7e7bb2,638439590018503631,0,35932,201,"RequestData:, RequestPath:/_services/about, RequestExtension:, SessionId:, UserId:0F1NeYY-QVZg9r3ZmvhKxsqaHN0RHGuhIvYP_aLPbRruOUaDmoifFab1FJ3rC9o_VpJJD5xchTnYiKEngbj2RRAj4lYUY0ACwns2dg1h4fItlPOG43oPxV6W0ogM_XZvT2IXTl2s-D7G5xsS6SSB8g2, CorrelationId:604275ac-1424-49ef-87ff-7fe1250c0696, Elapsed:211.6046, MemberName:PopulateVirtualEntitiesActualSource, SourceFilePath:C:\__w\1\s\Framework\Adxstudio.Xrm\Caching\VirtualEntitiesCacheHelper.cs, SourceLineNumber:125, Category:Application, Message:The web api getDataSourceId for virtual entity returned empty DataSourceId, ErrorCategory:ApplicationError",8004b016-0400-7800-b63f-84710c7967bb
2024-02-19T17:03:21,Error,site-85de4385-0987-4ae5-9917-b7715602956d-AUe,7e7bb2,638439590018971809,0,35932,201,"RequestData:, RequestPath:/_services/about, RequestExtension:, SessionId:, UserId:0F1NeYY-QVZg9r3ZmvhKxsqaHN0RHGuhIvYP_aLPbRruOUaDmoifFab1FJ3rC9o_VpJJD5xchTnYiKEngbj2RRAj4lYUY0ACwns2dg1h4fItlPOG43oPxV6W0ogM_XZvT2IXTl2s-D7G5xsS6SSB8g2, CorrelationId:604275ac-1424-49ef-87ff-7fe1250c0696, Elapsed:266.8138, MemberName:PopulateVirtualEntitiesActualSource, SourceFilePath:C:\__w\1\s\Framework\Adxstudio.Xrm\Caching\VirtualEntitiesCacheHelper.cs, SourceLineNumber:125, Category:Application, Message:The web api getDataSourceId for virtual entity returned empty DataSourceId, ErrorCategory:ApplicationError",8004b016-0400-7800-b63f-84710c7967bb
2024-02-19T17:03:21,Error,site-85de4385-0987-4ae5-9917-b7715602956d-AUe,7e7bb2,638439590019597338,0,35932,201,"RequestData:, RequestPath:/_services/about, RequestExtension:, SessionId:, UserId:0F1NeYY-QVZg9r3ZmvhKxsqaHN0RHGuhIvYP_aLPbRruOUaDmoifFab1FJ3rC9o_VpJJD5xchTnYiKEngbj2RRAj4lYUY0ACwns2dg1h4fItlPOG43oPxV6W0ogM_XZvT2IXTl2s-D7G5xsS6SSB8g2, CorrelationId:604275ac-1424-49ef-87ff-7fe1250c0696, Elapsed:323.9295, MemberName:PopulateVirtualEntitiesActualSource, SourceFilePath:C:\__w\1\s\Framework\Adxstudio.Xrm\Caching\VirtualEntitiesCacheHelper.cs, SourceLineNumber:125, Category:Application, Message:The web api getDataSourceId for virtual entity returned empty DataSourceId, ErrorCategory:ApplicationError",8004b016-0400-7800-b63f-84710c7967bb
2024-02-19T17:03:22,Error,site-85de4385-0987-4ae5-9917-b7715602956d-AUe,7e7bb2,638439590020534890,0,35932,201,"RequestData:, RequestPath:/_services/about, RequestExtension:, SessionId:, UserId:0F1NeYY-QVZg9r3ZmvhKxsqaHN0RHGuhIvYP_aLPbRruOUaDmoifFab1FJ3rC9o_VpJJD5xchTnYiKEngbj2RRAj4lYUY0ACwns2dg1h4fItlPOG43oPxV6W0ogM_XZvT2IXTl2s-D7G5xsS6SSB8g2, CorrelationId:604275ac-1424-49ef-87ff-7fe1250c0696, Elapsed:418.3157, MemberName:PopulateVirtualEntitiesActualSource, SourceFilePath:C:\__w\1\s\Framework\Adxstudio.Xrm\Caching\VirtualEntitiesCacheHelper.cs, SourceLineNumber:125, Category:Application, Message:The web api getDataSourceId for virtual entity returned empty DataSourceId, ErrorCategory:ApplicationError",8004b016-0400-7800-b63f-84710c7967bb
2024-02-19T17:03:22,Error,site-85de4385-0987-4ae5-9917-b7715602956d-AUe,7e7bb2,638439590021003612,0,35932,201,"RequestData:, RequestPath:/_services/about, RequestExtension:, SessionId:, UserId:0F1NeYY-QVZg9r3ZmvhKxsqaHN0RHGuhIvYP_aLPbRruOUaDmoifFab1FJ3rC9o_VpJJD5xchTnYiKEngbj2RRAj4lYUY0ACwns2dg1h4fItlPOG43oPxV6W0ogM_XZvT2IXTl2s-D7G5xsS6SSB8g2, CorrelationId:604275ac-1424-49ef-87ff-7fe1250c0696, Elapsed:473.9412, MemberName:PopulateVirtualEntitiesActualSource, SourceFilePath:C:\__w\1\s\Framework\Adxstudio.Xrm\Caching\VirtualEntitiesCacheHelper.cs, SourceLineNumber:125, Category:Application, Message:The web api getDataSourceId for virtual entity returned empty DataSourceId, ErrorCategory:ApplicationError",8004b016-0400-7800-b63f-84710c7967bb
2024-02-19T17:03:22,Error,site-85de4385-0987-4ae5-9917-b7715602956d-AUe,7e7bb2,638439590021785064,0,35932,201,"RequestData:, RequestPath:/_services/about, RequestExtension:, SessionId:, UserId:0F1NeYY-QVZg9r3ZmvhKxsqaHN0RHGuhIvYP_aLPbRruOUaDmoifFab1FJ3rC9o_VpJJD5xchTnYiKEngbj2RRAj4lYUY0ACwns2dg1h4fItlPOG43oPxV6W0ogM_XZvT2IXTl2s-D7G5xsS6SSB8g2, CorrelationId:604275ac-1424-49ef-87ff-7fe1250c0696, Elapsed:546.3858, MemberName:PopulateVirtualEntitiesActualSource, SourceFilePath:C:\__w\1\s\Framework\Adxstudio.Xrm\Caching\VirtualEntitiesCacheHelper.cs, SourceLineNumber:125, Category:Application, Message:The web api getDataSourceId for virtual entity returned empty DataSourceId, ErrorCategory:ApplicationError",8004b016-0400-7800-b63f-84710c7967bb
2024-02-19T17:03:22,Error,site-85de4385-0987-4ae5-9917-b7715602956d-AUe,7e7bb2,638439590022410138,0,35932,201,"RequestData:, RequestPath:/_services/about, RequestExtension:, SessionId:, UserId:0F1NeYY-QVZg9r3ZmvhKxsqaHN0RHGuhIvYP_aLPbRruOUaDmoifFab1FJ3rC9o_VpJJD5xchTnYiKEngbj2RRAj4lYUY0ACwns2dg1h4fItlPOG43oPxV6W0ogM_XZvT2IXTl2s-D7G5xsS6SSB8g2, CorrelationId:604275ac-1424-49ef-87ff-7fe1250c0696, Elapsed:606.0012, MemberName:PopulateVirtualEntitiesActualSource, SourceFilePath:C:\__w\1\s\Framework\Adxstudio.Xrm\Caching\VirtualEntitiesCacheHelper.cs, SourceLineNumber:125, Category:Application, Message:The web api getDataSourceId for virtual entity returned empty DataSourceId, ErrorCategory:ApplicationError",8004b016-0400-7800-b63f-84710c7967bb
2024-02-19T17:03:22,Error,site-85de4385-0987-4ae5-9917-b7715602956d-AUe,7e7bb2,638439590023035109,0,35932,201,"RequestData:, RequestPath:/_services/about, RequestExtension:, SessionId:, UserId:0F1NeYY-QVZg9r3ZmvhKxsqaHN0RHGuhIvYP_aLPbRruOUaDmoifFab1FJ3rC9o_VpJJD5xchTnYiKEngbj2RRAj4lYUY0ACwns2dg1h4fItlPOG43oPxV6W0ogM_XZvT2IXTl2s-D7G5xsS6SSB8g2, CorrelationId:604275ac-1424-49ef-87ff-7fe1250c0696, Elapsed:674.3659, MemberName:PopulateVirtualEntitiesActualSource, SourceFilePath:C:\__w\1\s\Framework\Adxstudio.Xrm\Caching\VirtualEntitiesCacheHelper.cs, SourceLineNumber:125, Category:Application, Message:The web api getDataSourceId for virtual entity returned empty DataSourceId, ErrorCategory:ApplicationError",8004b016-0400-7800-b63f-84710c7967bb
2024-02-19T17:03:22,Error,site-85de4385-0987-4ae5-9917-b7715602956d-AUe,7e7bb2,638439590023659946,0,35932,201,"RequestData:, RequestPath:/_services/about, RequestExtension:, SessionId:, UserId:0F1NeYY-QVZg9r3ZmvhKxsqaHN0RHGuhIvYP_aLPbRruOUaDmoifFab1FJ3rC9o_VpJJD5xchTnYiKEngbj2RRAj4lYUY0ACwns2dg1h4fItlPOG43oPxV6W0ogM_XZvT2IXTl2s-D7G5xsS6SSB8g2, CorrelationId:604275ac-1424-49ef-87ff-7fe1250c0696, Elapsed:731.0296, MemberName:PopulateVirtualEntitiesActualSource, SourceFilePath:C:\__w\1\s\Framework\Adxstudio.Xrm\Caching\VirtualEntitiesCacheHelper.cs, SourceLineNumber:125, Category:Application, Message:The web api getDataSourceId for virtual entity returned empty DataSourceId, ErrorCategory:ApplicationError",8004b016-0400-7800-b63f-84710c7967bb
2024-02-19T17:03:22,Error,site-85de4385-0987-4ae5-9917-b7715602956d-AUe,7e7bb2,638439590024128761,0,35932,201,"RequestData:, RequestPath:/_services/about, RequestExtension:, SessionId:, UserId:0F1NeYY-QVZg9r3ZmvhKxsqaHN0RHGuhIvYP_aLPbRruOUaDmoifFab1FJ3rC9o_VpJJD5xchTnYiKEngbj2RRAj4lYUY0ACwns2dg1h4fItlPOG43oPxV6W0ogM_XZvT2IXTl2s-D7G5xsS6SSB8g2, CorrelationId:604275ac-1424-49ef-87ff-7fe1250c0696, Elapsed:785.4556, MemberName:PopulateVirtualEntitiesActualSource, SourceFilePath:C:\__w\1\s\Framework\Adxstudio.Xrm\Caching\VirtualEntitiesCacheHelper.cs, SourceLineNumber:125, Category:Application, Message:The web api getDataSourceId for virtual entity returned empty DataSourceId, ErrorCategory:ApplicationError",8004b016-0400-7800-b63f-84710c7967bb
2024-02-19T17:03:22,Error,site-85de4385-0987-4ae5-9917-b7715602956d-AUe,7e7bb2,638439590024753765,0,35932,201,"RequestData:, RequestPath:/_services/about, RequestExtension:, SessionId:, UserId:0F1NeYY-QVZg9r3ZmvhKxsqaHN0RHGuhIvYP_aLPbRruOUaDmoifFab1FJ3rC9o_VpJJD5xchTnYiKEngbj2RRAj4lYUY0ACwns2dg1h4fItlPOG43oPxV6W0ogM_XZvT2IXTl2s-D7G5xsS6SSB8g2, CorrelationId:604275ac-1424-49ef-87ff-7fe1250c0696, Elapsed:842.2238, MemberName:PopulateVirtualEntitiesActualSource, SourceFilePath:C:\__w\1\s\Framework\Adxstudio.Xrm\Caching\VirtualEntitiesCacheHelper.cs, SourceLineNumber:125, Category:Application, Message:The web api getDataSourceId for virtual entity returned empty DataSourceId, ErrorCategory:ApplicationError",8004b016-0400-7800-b63f-84710c7967bb
2024-02-19T17:03:22,Error,site-85de4385-0987-4ae5-9917-b7715602956d-AUe,7e7bb2,638439590025378703,0,35932,201,"RequestData:, RequestPath:/_services/about, RequestExtension:, SessionId:, UserId:0F1NeYY-QVZg9r3ZmvhKxsqaHN0RHGuhIvYP_aLPbRruOUaDmoifFab1FJ3rC9o_VpJJD5xchTnYiKEngbj2RRAj4lYUY0ACwns2dg1h4fItlPOG43oPxV6W0ogM_XZvT2IXTl2s-D7G5xsS6SSB8g2, CorrelationId:604275ac-1424-49ef-87ff-7fe1250c0696, Elapsed:898.2725, MemberName:PopulateVirtualEntitiesActualSource, SourceFilePath:C:\__w\1\s\Framework\Adxstudio.Xrm\Caching\VirtualEntitiesCacheHelper.cs, SourceLineNumber:125, Category:Application, Message:The web api getDataSourceId for virtual entity returned empty DataSourceId, ErrorCategory:ApplicationError",8004b016-0400-7800-b63f-84710c7967bb
2024-02-19T17:03:22,Error,site-85de4385-0987-4ae5-9917-b7715602956d-AUe,7e7bb2,638439590026003727,0,35932,201,"RequestData:, RequestPath:/_services/about, RequestExtension:, SessionId:, UserId:0F1NeYY-QVZg9r3ZmvhKxsqaHN0RHGuhIvYP_aLPbRruOUaDmoifFab1FJ3rC9o_VpJJD5xchTnYiKEngbj2RRAj4lYUY0ACwns2dg1h4fItlPOG43oPxV6W0ogM_XZvT2IXTl2s-D7G5xsS6SSB8g2, CorrelationId:604275ac-1424-49ef-87ff-7fe1250c0696, Elapsed:969.3318, MemberName:PopulateVirtualEntitiesActualSource, SourceFilePath:C:\__w\1\s\Framework\Adxstudio.Xrm\Caching\VirtualEntitiesCacheHelper.cs, SourceLineNumber:125, Category:Application, Message:The web api getDataSourceId for virtual entity returned empty DataSourceId, ErrorCategory:ApplicationError",8004b016-0400-7800-b63f-84710c7967bb
2024-02-19T17:03:22,Error,site-85de4385-0987-4ae5-9917-b7715602956d-AUe,7e7bb2,638439590026784994,0,35932,201,"RequestData:, RequestPath:/_services/about, RequestExtension:, SessionId:, UserId:0F1NeYY-QVZg9r3ZmvhKxsqaHN0RHGuhIvYP_aLPbRruOUaDmoifFab1FJ3rC9o_VpJJD5xchTnYiKEngbj2RRAj4lYUY0ACwns2dg1h4fItlPOG43oPxV6W0ogM_XZvT2IXTl2s-D7G5xsS6SSB8g2, CorrelationId:604275ac-1424-49ef-87ff-7fe1250c0696, Elapsed:1039.6284, MemberName:PopulateVirtualEntitiesActualSource, SourceFilePath:C:\__w\1\s\Framework\Adxstudio.Xrm\Caching\VirtualEntitiesCacheHelper.cs, SourceLineNumber:125, Category:Application, Message:The web api getDataSourceId for virtual entity returned empty DataSourceId, ErrorCategory:ApplicationError",8004b016-0400-7800-b63f-84710c7967bb
2024-02-19T17:03:22,Error,site-85de4385-0987-4ae5-9917-b7715602956d-AUe,7e7bb2,638439590027254010,0,35932,201,"RequestData:, RequestPath:/_services/about, RequestExtension:, SessionId:, UserId:0F1NeYY-QVZg9r3ZmvhKxsqaHN0RHGuhIvYP_aLPbRruOUaDmoifFab1FJ3rC9o_VpJJD5xchTnYiKEngbj2RRAj4lYUY0ACwns2dg1h4fItlPOG43oPxV6W0ogM_XZvT2IXTl2s-D7G5xsS6SSB8g2, CorrelationId:604275ac-1424-49ef-87ff-7fe1250c0696, Elapsed:1096.7414, MemberName:PopulateVirtualEntitiesActualSource, SourceFilePath:C:\__w\1\s\Framework\Adxstudio.Xrm\Caching\VirtualEntitiesCacheHelper.cs, SourceLineNumber:125, Category:Application, Message:The web api getDataSourceId for virtual entity returned empty DataSourceId, ErrorCategory:ApplicationError",8004b016-0400-7800-b63f-84710c7967bb
2024-02-19T17:03:22,Error,site-85de4385-0987-4ae5-9917-b7715602956d-AUe,7e7bb2,638439590027878798,0,35932,201,"RequestData:, RequestPath:/_services/about, RequestExtension:, SessionId:, UserId:0F1NeYY-QVZg9r3ZmvhKxsqaHN0RHGuhIvYP_aLPbRruOUaDmoifFab1FJ3rC9o_VpJJD5xchTnYiKEngbj2RRAj4lYUY0ACwns2dg1h4fItlPOG43oPxV6W0ogM_XZvT2IXTl2s-D7G5xsS6SSB8g2, CorrelationId:604275ac-1424-49ef-87ff-7fe1250c0696, Elapsed:1151.5234, MemberName:PopulateVirtualEntitiesActualSource, SourceFilePath:C:\__w\1\s\Framework\Adxstudio.Xrm\Caching\VirtualEntitiesCacheHelper.cs, SourceLineNumber:125, Category:Application, Message:The web api getDataSourceId for virtual entity returned empty DataSourceId, ErrorCategory:ApplicationError",8004b016-0400-7800-b63f-84710c7967bb
2024-02-19T17:03:22,Error,site-85de4385-0987-4ae5-9917-b7715602956d-AUe,7e7bb2,638439590028503831,0,35932,201,"RequestData:, RequestPath:/_services/about, RequestExtension:, SessionId:, UserId:0F1NeYY-QVZg9r3ZmvhKxsqaHN0RHGuhIvYP_aLPbRruOUaDmoifFab1FJ3rC9o_VpJJD5xchTnYiKEngbj2RRAj4lYUY0ACwns2dg1h4fItlPOG43oPxV6W0ogM_XZvT2IXTl2s-D7G5xsS6SSB8g2, CorrelationId:604275ac-1424-49ef-87ff-7fe1250c0696, Elapsed:1221.0668, MemberName:PopulateVirtualEntitiesActualSource, SourceFilePath:C:\__w\1\s\Framework\Adxstudio.Xrm\Caching\VirtualEntitiesCacheHelper.cs, SourceLineNumber:125, Category:Application, Message:The web api getDataSourceId for virtual entity returned empty DataSourceId, ErrorCategory:ApplicationError",8004b016-0400-7800-b63f-84710c7967bb
2024-02-19T17:03:22,Error,site-85de4385-0987-4ae5-9917-b7715602956d-AUe,7e7bb2,638439590029285309,0,35932,201,"RequestData:, RequestPath:/_services/about, RequestExtension:, SessionId:, UserId:0F1NeYY-QVZg9r3ZmvhKxsqaHN0RHGuhIvYP_aLPbRruOUaDmoifFab1FJ3rC9o_VpJJD5xchTnYiKEngbj2RRAj4lYUY0ACwns2dg1h4fItlPOG43oPxV6W0ogM_XZvT2IXTl2s-D7G5xsS6SSB8g2, CorrelationId:604275ac-1424-49ef-87ff-7fe1250c0696, Elapsed:1288.9639, MemberName:PopulateVirtualEntitiesActualSource, SourceFilePath:C:\__w\1\s\Framework\Adxstudio.Xrm\Caching\VirtualEntitiesCacheHelper.cs, SourceLineNumber:125, Category:Application, Message:The web api getDataSourceId for virtual entity returned empty DataSourceId, ErrorCategory:ApplicationError",8004b016-0400-7800-b63f-84710c7967bb
2024-02-19T17:03:22,Error,site-85de4385-0987-4ae5-9917-b7715602956d-AUe,7e7bb2,638439590029753803,0,35932,201,"RequestData:, RequestPath:/_services/about, RequestExtension:, SessionId:, UserId:0F1NeYY-QVZg9r3ZmvhKxsqaHN0RHGuhIvYP_aLPbRruOUaDmoifFab1FJ3rC9o_VpJJD5xchTnYiKEngbj2RRAj4lYUY0ACwns2dg1h4fItlPOG43oPxV6W0ogM_XZvT2IXTl2s-D7G5xsS6SSB8g2, CorrelationId:604275ac-1424-49ef-87ff-7fe1250c0696, Elapsed:1345.4973, MemberName:PopulateVirtualEntitiesActualSource, SourceFilePath:C:\__w\1\s\Framework\Adxstudio.Xrm\Caching\VirtualEntitiesCacheHelper.cs, SourceLineNumber:125, Category:Application, Message:The web api getDataSourceId for virtual entity returned empty DataSourceId, ErrorCategory:ApplicationError",8004b016-0400-7800-b63f-84710c7967bb
2024-02-19T17:03:23,Error,site-85de4385-0987-4ae5-9917-b7715602956d-AUe,7e7bb2,638439590030378840,0,35932,201,"RequestData:, RequestPath:/_services/about, RequestExtension:, SessionId:, UserId:0F1NeYY-QVZg9r3ZmvhKxsqaHN0RHGuhIvYP_aLPbRruOUaDmoifFab1FJ3rC9o_VpJJD5xchTnYiKEngbj2RRAj4lYUY0ACwns2dg1h4fItlPOG43oPxV6W0ogM_XZvT2IXTl2s-D7G5xsS6SSB8g2, CorrelationId:604275ac-1424-49ef-87ff-7fe1250c0696, Elapsed:1400.4703, MemberName:PopulateVirtualEntitiesActualSource, SourceFilePath:C:\__w\1\s\Framework\Adxstudio.Xrm\Caching\VirtualEntitiesCacheHelper.cs, SourceLineNumber:125, Category:Application, Message:The web api getDataSourceId for virtual entity returned empty DataSourceId, ErrorCategory:ApplicationError",8004b016-0400-7800-b63f-84710c7967bb
2024-02-19T17:03:23,Error,site-85de4385-0987-4ae5-9917-b7715602956d-AUe,7e7bb2,638439590030847066,0,35932,201,"RequestData:, RequestPath:/_services/about, RequestExtension:, SessionId:, UserId:0F1NeYY-QVZg9r3ZmvhKxsqaHN0RHGuhIvYP_aLPbRruOUaDmoifFab1FJ3rC9o_VpJJD5xchTnYiKEngbj2RRAj4lYUY0ACwns2dg1h4fItlPOG43oPxV6W0ogM_XZvT2IXTl2s-D7G5xsS6SSB8g2, CorrelationId:604275ac-1424-49ef-87ff-7fe1250c0696, Elapsed:1454.7527, MemberName:PopulateVirtualEntitiesActualSource, SourceFilePath:C:\__w\1\s\Framework\Adxstudio.Xrm\Caching\VirtualEntitiesCacheHelper.cs, SourceLineNumber:125, Category:Application, Message:The web api getDataSourceId for virtual entity returned empty DataSourceId, ErrorCategory:ApplicationError",8004b016-0400-7800-b63f-84710c7967bb
2024-02-19T17:03:23,Error,site-85de4385-0987-4ae5-9917-b7715602956d-AUe,7e7bb2,638439590031473014,0,35932,201,"RequestData:, RequestPath:/_services/about, RequestExtension:, SessionId:, UserId:0F1NeYY-QVZg9r3ZmvhKxsqaHN0RHGuhIvYP_aLPbRruOUaDmoifFab1FJ3rC9o_VpJJD5xchTnYiKEngbj2RRAj4lYUY0ACwns2dg1h4fItlPOG43oPxV6W0ogM_XZvT2IXTl2s-D7G5xsS6SSB8g2, CorrelationId:604275ac-1424-49ef-87ff-7fe1250c0696, Elapsed:1518.029, MemberName:PopulateVirtualEntitiesActualSource, SourceFilePath:C:\__w\1\s\Framework\Adxstudio.Xrm\Caching\VirtualEntitiesCacheHelper.cs, SourceLineNumber:125, Category:Application, Message:The web api getDataSourceId for virtual entity returned empty DataSourceId, ErrorCategory:ApplicationError",8004b016-0400-7800-b63f-84710c7967bb
2024-02-19T17:03:23,Error,site-85de4385-0987-4ae5-9917-b7715602956d-AUe,7e7bb2,638439590032097717,0,35932,201,"RequestData:, RequestPath:/_services/about, RequestExtension:, SessionId:, UserId:0F1NeYY-QVZg9r3ZmvhKxsqaHN0RHGuhIvYP_aLPbRruOUaDmoifFab1FJ3rC9o_VpJJD5xchTnYiKEngbj2RRAj4lYUY0ACwns2dg1h4fItlPOG43oPxV6W0ogM_XZvT2IXTl2s-D7G5xsS6SSB8g2, CorrelationId:604275ac-1424-49ef-87ff-7fe1250c0696, Elapsed:1575.5118, MemberName:PopulateVirtualEntitiesActualSource, SourceFilePath:C:\__w\1\s\Framework\Adxstudio.Xrm\Caching\VirtualEntitiesCacheHelper.cs, SourceLineNumber:125, Category:Application, Message:The web api getDataSourceId for virtual entity returned empty DataSourceId, ErrorCategory:ApplicationError",8004b016-0400-7800-b63f-84710c7967bb
2024-02-19T17:03:23,Error,site-85de4385-0987-4ae5-9917-b7715602956d-AUe,7e7bb2,638439590032722777,0,35932,201,"RequestData:, RequestPath:/_services/about, RequestExtension:, SessionId:, UserId:0F1NeYY-QVZg9r3ZmvhKxsqaHN0RHGuhIvYP_aLPbRruOUaDmoifFab1FJ3rC9o_VpJJD5xchTnYiKEngbj2RRAj4lYUY0ACwns2dg1h4fItlPOG43oPxV6W0ogM_XZvT2IXTl2s-D7G5xsS6SSB8g2, CorrelationId:604275ac-1424-49ef-87ff-7fe1250c0696, Elapsed:1634.5006, MemberName:PopulateVirtualEntitiesActualSource, SourceFilePath:C:\__w\1\s\Framework\Adxstudio.Xrm\Caching\VirtualEntitiesCacheHelper.cs, SourceLineNumber:125, Category:Application, Message:The web api getDataSourceId for virtual entity returned empty DataSourceId, ErrorCategory:ApplicationError",8004b016-0400-7800-b63f-84710c7967bb
2024-02-19T17:03:23,Error,site-85de4385-0987-4ae5-9917-b7715602956d-AUe,7e7bb2,638439590033191567,0,35932,201,"RequestData:, RequestPath:/_services/about, RequestExtension:, SessionId:, UserId:0F1NeYY-QVZg9r3ZmvhKxsqaHN0RHGuhIvYP_aLPbRruOUaDmoifFab1FJ3rC9o_VpJJD5xchTnYiKEngbj2RRAj4lYUY0ACwns2dg1h4fItlPOG43oPxV6W0ogM_XZvT2IXTl2s-D7G5xsS6SSB8g2, CorrelationId:604275ac-1424-49ef-87ff-7fe1250c0696, Elapsed:1692.2893, MemberName:PopulateVirtualEntitiesActualSource, SourceFilePath:C:\__w\1\s\Framework\Adxstudio.Xrm\Caching\VirtualEntitiesCacheHelper.cs, SourceLineNumber:125, Category:Application, Message:The web api getDataSourceId for virtual entity returned empty DataSourceId, ErrorCategory:ApplicationError",8004b016-0400-7800-b63f-84710c7967bb
2024-02-19T17:03:23,Error,site-85de4385-0987-4ae5-9917-b7715602956d-AUe,7e7bb2,638439590033816471,0,35932,201,"RequestData:, RequestPath:/_services/about, RequestExtension:, SessionId:, UserId:0F1NeYY-QVZg9r3ZmvhKxsqaHN0RHGuhIvYP_aLPbRruOUaDmoifFab1FJ3rC9o_VpJJD5xchTnYiKEngbj2RRAj4lYUY0ACwns2dg1h4fItlPOG43oPxV6W0ogM_XZvT2IXTl2s-D7G5xsS6SSB8g2, CorrelationId:604275ac-1424-49ef-87ff-7fe1250c0696, Elapsed:1748.3578, MemberName:PopulateVirtualEntitiesActualSource, SourceFilePath:C:\__w\1\s\Framework\Adxstudio.Xrm\Caching\VirtualEntitiesCacheHelper.cs, SourceLineNumber:125, Category:Application, Message:The web api getDataSourceId for virtual entity returned empty DataSourceId, ErrorCategory:ApplicationError",8004b016-0400-7800-b63f-84710c7967bb
2024-02-19T17:03:23,Error,site-85de4385-0987-4ae5-9917-b7715602956d-AUe,7e7bb2,638439590034440903,0,35932,201,"RequestData:, RequestPath:/_services/about, RequestExtension:, SessionId:, UserId:0F1NeYY-QVZg9r3ZmvhKxsqaHN0RHGuhIvYP_aLPbRruOUaDmoifFab1FJ3rC9o_VpJJD5xchTnYiKEngbj2RRAj4lYUY0ACwns2dg1h4fItlPOG43oPxV6W0ogM_XZvT2IXTl2s-D7G5xsS6SSB8g2, CorrelationId:604275ac-1424-49ef-87ff-7fe1250c0696, Elapsed:1803.7483, MemberName:PopulateVirtualEntitiesActualSource, SourceFilePath:C:\__w\1\s\Framework\Adxstudio.Xrm\Caching\VirtualEntitiesCacheHelper.cs, SourceLineNumber:125, Category:Application, Message:The web api getDataSourceId for virtual entity returned empty DataSourceId, ErrorCategory:ApplicationError",8004b016-0400-7800-b63f-84710c7967bb
2024-02-19T17:03:23,Error,site-85de4385-0987-4ae5-9917-b7715602956d-AUe,7e7bb2,638439590035378445,0,35932,201,"RequestData:, RequestPath:/_services/about, RequestExtension:, SessionId:, UserId:0F1NeYY-QVZg9r3ZmvhKxsqaHN0RHGuhIvYP_aLPbRruOUaDmoifFab1FJ3rC9o_VpJJD5xchTnYiKEngbj2RRAj4lYUY0ACwns2dg1h4fItlPOG43oPxV6W0ogM_XZvT2IXTl2s-D7G5xsS6SSB8g2, CorrelationId:604275ac-1424-49ef-87ff-7fe1250c0696, Elapsed:1909.3743, MemberName:PopulateVirtualEntitiesActualSource, SourceFilePath:C:\__w\1\s\Framework\Adxstudio.Xrm\Caching\VirtualEntitiesCacheHelper.cs, SourceLineNumber:125, Category:Application, Message:The web api getDataSourceId for virtual entity returned empty DataSourceId, ErrorCategory:ApplicationError",8004b016-0400-7800-b63f-84710c7967bb
2024-02-19T17:03:23,Error,site-85de4385-0987-4ae5-9917-b7715602956d-AUe,7e7bb2,638439590036004037,0,35932,201,"RequestData:, RequestPath:/_services/about, RequestExtension:, SessionId:, UserId:0F1NeYY-QVZg9r3ZmvhKxsqaHN0RHGuhIvYP_aLPbRruOUaDmoifFab1FJ3rC9o_VpJJD5xchTnYiKEngbj2RRAj4lYUY0ACwns2dg1h4fItlPOG43oPxV6W0ogM_XZvT2IXTl2s-D7G5xsS6SSB8g2, CorrelationId:604275ac-1424-49ef-87ff-7fe1250c0696, Elapsed:1966.1739, MemberName:PopulateVirtualEntitiesActualSource, SourceFilePath:C:\__w\1\s\Framework\Adxstudio.Xrm\Caching\VirtualEntitiesCacheHelper.cs, SourceLineNumber:125, Category:Application, Message:The web api getDataSourceId for virtual entity returned empty DataSourceId, ErrorCategory:ApplicationError",8004b016-0400-7800-b63f-84710c7967bb
2024-02-19T17:03:23,Error,site-85de4385-0987-4ae5-9917-b7715602956d-AUe,7e7bb2,638439590036628452,0,35932,201,"RequestData:, RequestPath:/_services/about, RequestExtension:, SessionId:, UserId:0F1NeYY-QVZg9r3ZmvhKxsqaHN0RHGuhIvYP_aLPbRruOUaDmoifFab1FJ3rC9o_VpJJD5xchTnYiKEngbj2RRAj4lYUY0ACwns2dg1h4fItlPOG43oPxV6W0ogM_XZvT2IXTl2s-D7G5xsS6SSB8g2, CorrelationId:604275ac-1424-49ef-87ff-7fe1250c0696, Elapsed:2023.6912, MemberName:PopulateVirtualEntitiesActualSource, SourceFilePath:C:\__w\1\s\Framework\Adxstudio.Xrm\Caching\VirtualEntitiesCacheHelper.cs, SourceLineNumber:125, Category:Application, Message:The web api getDataSourceId for virtual entity returned empty DataSourceId, ErrorCategory:ApplicationError",8004b016-0400-7800-b63f-84710c7967bb
2024-02-19T17:03:23,Error,site-85de4385-0987-4ae5-9917-b7715602956d-AUe,7e7bb2,638439590037097259,0,35932,201,"RequestData:, RequestPath:/_services/about, RequestExtension:, SessionId:, UserId:0F1NeYY-QVZg9r3ZmvhKxsqaHN0RHGuhIvYP_aLPbRruOUaDmoifFab1FJ3rC9o_VpJJD5xchTnYiKEngbj2RRAj4lYUY0ACwns2dg1h4fItlPOG43oPxV6W0ogM_XZvT2IXTl2s-D7G5xsS6SSB8g2, CorrelationId:604275ac-1424-49ef-87ff-7fe1250c0696, Elapsed:2076.6335, MemberName:PopulateVirtualEntitiesActualSource, SourceFilePath:C:\__w\1\s\Framework\Adxstudio.Xrm\Caching\VirtualEntitiesCacheHelper.cs, SourceLineNumber:125, Category:Application, Message:The web api getDataSourceId for virtual entity returned empty DataSourceId, ErrorCategory:ApplicationError",8004b016-0400-7800-b63f-84710c7967bb
2024-02-19T17:03:23,Error,site-85de4385-0987-4ae5-9917-b7715602956d-AUe,7e7bb2,638439590037723018,0,35932,201,"RequestData:, RequestPath:/_services/about, RequestExtension:, SessionId:, UserId:0F1NeYY-QVZg9r3ZmvhKxsqaHN0RHGuhIvYP_aLPbRruOUaDmoifFab1FJ3rC9o_VpJJD5xchTnYiKEngbj2RRAj4lYUY0ACwns2dg1h4fItlPOG43oPxV6W0ogM_XZvT2IXTl2s-D7G5xsS6SSB8g2, CorrelationId:604275ac-1424-49ef-87ff-7fe1250c0696, Elapsed:2132.3374, MemberName:PopulateVirtualEntitiesActualSource, SourceFilePath:C:\__w\1\s\Framework\Adxstudio.Xrm\Caching\VirtualEntitiesCacheHelper.cs, SourceLineNumber:125, Category:Application, Message:The web api getDataSourceId for virtual entity returned empty DataSourceId, ErrorCategory:ApplicationError",8004b016-0400-7800-b63f-84710c7967bb
2024-02-19T17:03:23,Error,site-85de4385-0987-4ae5-9917-b7715602956d-AUe,7e7bb2,638439590038191758,0,35932,201,"RequestData:, RequestPath:/_services/about, RequestExtension:, SessionId:, UserId:0F1NeYY-QVZg9r3ZmvhKxsqaHN0RHGuhIvYP_aLPbRruOUaDmoifFab1FJ3rC9o_VpJJD5xchTnYiKEngbj2RRAj4lYUY0ACwns2dg1h4fItlPOG43oPxV6W0ogM_XZvT2IXTl2s-D7G5xsS6SSB8g2, CorrelationId:604275ac-1424-49ef-87ff-7fe1250c0696, Elapsed:2188.8473, MemberName:PopulateVirtualEntitiesActualSource, SourceFilePath:C:\__w\1\s\Framework\Adxstudio.Xrm\Caching\VirtualEntitiesCacheHelper.cs, SourceLineNumber:125, Category:Application, Message:The web api getDataSourceId for virtual entity returned empty DataSourceId, ErrorCategory:ApplicationError",8004b016-0400-7800-b63f-84710c7967bb
2024-02-19T17:03:23,Error,site-85de4385-0987-4ae5-9917-b7715602956d-AUe,7e7bb2,638439590038816012,0,35932,201,"RequestData:, RequestPath:/_services/about, RequestExtension:, SessionId:, UserId:0F1NeYY-QVZg9r3ZmvhKxsqaHN0RHGuhIvYP_aLPbRruOUaDmoifFab1FJ3rC9o_VpJJD5xchTnYiKEngbj2RRAj4lYUY0ACwns2dg1h4fItlPOG43oPxV6W0ogM_XZvT2IXTl2s-D7G5xsS6SSB8g2, CorrelationId:604275ac-1424-49ef-87ff-7fe1250c0696, Elapsed:2242.1382, MemberName:PopulateVirtualEntitiesActualSource, SourceFilePath:C:\__w\1\s\Framework\Adxstudio.Xrm\Caching\VirtualEntitiesCacheHelper.cs, SourceLineNumber:125, Category:Application, Message:The web api getDataSourceId for virtual entity returned empty DataSourceId, ErrorCategory:ApplicationError",8004b016-0400-7800-b63f-84710c7967bb
2024-02-19T17:03:23,Error,site-85de4385-0987-4ae5-9917-b7715602956d-AUe,7e7bb2,638439590039285730,0,35932,201,"RequestData:, RequestPath:/_services/about, RequestExtension:, SessionId:, UserId:0F1NeYY-QVZg9r3ZmvhKxsqaHN0RHGuhIvYP_aLPbRruOUaDmoifFab1FJ3rC9o_VpJJD5xchTnYiKEngbj2RRAj4lYUY0ACwns2dg1h4fItlPOG43oPxV6W0ogM_XZvT2IXTl2s-D7G5xsS6SSB8g2, CorrelationId:604275ac-1424-49ef-87ff-7fe1250c0696, Elapsed:2296.8634, MemberName:PopulateVirtualEntitiesActualSource, SourceFilePath:C:\__w\1\s\Framework\Adxstudio.Xrm\Caching\VirtualEntitiesCacheHelper.cs, SourceLineNumber:125, Category:Application, Message:The web api getDataSourceId for virtual entity returned empty DataSourceId, ErrorCategory:ApplicationError",8004b016-0400-7800-b63f-84710c7967bb
2024-02-19T17:03:23,Error,site-85de4385-0987-4ae5-9917-b7715602956d-AUe,7e7bb2,638439590039910299,0,35932,201,"RequestData:, RequestPath:/_services/about, RequestExtension:, SessionId:, UserId:0F1NeYY-QVZg9r3ZmvhKxsqaHN0RHGuhIvYP_aLPbRruOUaDmoifFab1FJ3rC9o_VpJJD5xchTnYiKEngbj2RRAj4lYUY0ACwns2dg1h4fItlPOG43oPxV6W0ogM_XZvT2IXTl2s-D7G5xsS6SSB8g2, CorrelationId:604275ac-1424-49ef-87ff-7fe1250c0696, Elapsed:2358.4582, MemberName:PopulateVirtualEntitiesActualSource, SourceFilePath:C:\__w\1\s\Framework\Adxstudio.Xrm\Caching\VirtualEntitiesCacheHelper.cs, SourceLineNumber:125, Category:Application, Message:The web api getDataSourceId for virtual entity returned empty DataSourceId, ErrorCategory:ApplicationError",8004b016-0400-7800-b63f-84710c7967bb
2024-02-19T17:03:24,Error,site-85de4385-0987-4ae5-9917-b7715602956d-AUe,7e7bb2,638439590040379067,0,35932,201,"RequestData:, RequestPath:/_services/about, RequestExtension:, SessionId:, UserId:0F1NeYY-QVZg9r3ZmvhKxsqaHN0RHGuhIvYP_aLPbRruOUaDmoifFab1FJ3rC9o_VpJJD5xchTnYiKEngbj2RRAj4lYUY0ACwns2dg1h4fItlPOG43oPxV6W0ogM_XZvT2IXTl2s-D7G5xsS6SSB8g2, CorrelationId:604275ac-1424-49ef-87ff-7fe1250c0696, Elapsed:2411.1751, MemberName:PopulateVirtualEntitiesActualSource, SourceFilePath:C:\__w\1\s\Framework\Adxstudio.Xrm\Caching\VirtualEntitiesCacheHelper.cs, SourceLineNumber:125, Category:Application, Message:The web api getDataSourceId for virtual entity returned empty DataSourceId, ErrorCategory:ApplicationError",8004b016-0400-7800-b63f-84710c7967bb
2024-02-19T17:03:24,Error,site-85de4385-0987-4ae5-9917-b7715602956d-AUe,7e7bb2,638439590041004134,0,35932,201,"RequestData:, RequestPath:/_services/about, RequestExtension:, SessionId:, UserId:0F1NeYY-QVZg9r3ZmvhKxsqaHN0RHGuhIvYP_aLPbRruOUaDmoifFab1FJ3rC9o_VpJJD5xchTnYiKEngbj2RRAj4lYUY0ACwns2dg1h4fItlPOG43oPxV6W0ogM_XZvT2IXTl2s-D7G5xsS6SSB8g2, CorrelationId:604275ac-1424-49ef-87ff-7fe1250c0696, Elapsed:2473.8027, MemberName:PopulateVirtualEntitiesActualSource, SourceFilePath:C:\__w\1\s\Framework\Adxstudio.Xrm\Caching\VirtualEntitiesCacheHelper.cs, SourceLineNumber:125, Category:Application, Message:The web api getDataSourceId for virtual entity returned empty DataSourceId, ErrorCategory:ApplicationError",8004b016-0400-7800-b63f-84710c7967bb
2024-02-19T17:03:24,Error,site-85de4385-0987-4ae5-9917-b7715602956d-AUe,7e7bb2,638439590041785365,0,35932,201,"RequestData:, RequestPath:/_services/about, RequestExtension:, SessionId:, UserId:0F1NeYY-QVZg9r3ZmvhKxsqaHN0RHGuhIvYP_aLPbRruOUaDmoifFab1FJ3rC9o_VpJJD5xchTnYiKEngbj2RRAj4lYUY0ACwns2dg1h4fItlPOG43oPxV6W0ogM_XZvT2IXTl2s-D7G5xsS6SSB8g2, CorrelationId:604275ac-1424-49ef-87ff-7fe1250c0696, Elapsed:2538.4445, MemberName:PopulateVirtualEntitiesActualSource, SourceFilePath:C:\__w\1\s\Framework\Adxstudio.Xrm\Caching\VirtualEntitiesCacheHelper.cs, SourceLineNumber:125, Category:Application, Message:The web api getDataSourceId for virtual entity returned empty DataSourceId, ErrorCategory:ApplicationError",8004b016-0400-7800-b63f-84710c7967bb
2024-02-19T17:03:24,Error,site-85de4385-0987-4ae5-9917-b7715602956d-AUe,7e7bb2,638439590042254100,0,35932,201,"RequestData:, RequestPath:/_services/about, RequestExtension:, SessionId:, UserId:0F1NeYY-QVZg9r3ZmvhKxsqaHN0RHGuhIvYP_aLPbRruOUaDmoifFab1FJ3rC9o_VpJJD5xchTnYiKEngbj2RRAj4lYUY0ACwns2dg1h4fItlPOG43oPxV6W0ogM_XZvT2IXTl2s-D7G5xsS6SSB8g2, CorrelationId:604275ac-1424-49ef-87ff-7fe1250c0696, Elapsed:2591.9862, MemberName:PopulateVirtualEntitiesActualSource, SourceFilePath:C:\__w\1\s\Framework\Adxstudio.Xrm\Caching\VirtualEntitiesCacheHelper.cs, SourceLineNumber:125, Category:Application, Message:The web api getDataSourceId for virtual entity returned empty DataSourceId, ErrorCategory:ApplicationError",8004b016-0400-7800-b63f-84710c7967bb
2024-02-19T17:03:24,Error,site-85de4385-0987-4ae5-9917-b7715602956d-AUe,7e7bb2,638439590042722350,0,35932,201,"RequestData:, RequestPath:/_services/about, RequestExtension:, SessionId:, UserId:0F1NeYY-QVZg9r3ZmvhKxsqaHN0RHGuhIvYP_aLPbRruOUaDmoifFab1FJ3rC9o_VpJJD5xchTnYiKEngbj2RRAj4lYUY0ACwns2dg1h4fItlPOG43oPxV6W0ogM_XZvT2IXTl2s-D7G5xsS6SSB8g2, CorrelationId:604275ac-1424-49ef-87ff-7fe1250c0696, Elapsed:2646.2882, MemberName:PopulateVirtualEntitiesActualSource, SourceFilePath:C:\__w\1\s\Framework\Adxstudio.Xrm\Caching\VirtualEntitiesCacheHelper.cs, SourceLineNumber:125, Category:Application, Message:The web api getDataSourceId for virtual entity returned empty DataSourceId, ErrorCategory:ApplicationError",8004b016-0400-7800-b63f-84710c7967bb
2024-02-19T17:03:24,Error,site-85de4385-0987-4ae5-9917-b7715602956d-AUe,7e7bb2,638439590043347915,0,35932,201,"RequestData:, RequestPath:/_services/about, RequestExtension:, SessionId:, UserId:0F1NeYY-QVZg9r3ZmvhKxsqaHN0RHGuhIvYP_aLPbRruOUaDmoifFab1FJ3rC9o_VpJJD5xchTnYiKEngbj2RRAj4lYUY0ACwns2dg1h4fItlPOG43oPxV6W0ogM_XZvT2IXTl2s-D7G5xsS6SSB8g2, CorrelationId:604275ac-1424-49ef-87ff-7fe1250c0696, Elapsed:2702.1893, MemberName:PopulateVirtualEntitiesActualSource, SourceFilePath:C:\__w\1\s\Framework\Adxstudio.Xrm\Caching\VirtualEntitiesCacheHelper.cs, SourceLineNumber:125, Category:Application, Message:The web api getDataSourceId for virtual entity returned empty DataSourceId, ErrorCategory:ApplicationError",8004b016-0400-7800-b63f-84710c7967bb
2024-02-19T17:03:24,Error,site-85de4385-0987-4ae5-9917-b7715602956d-AUe,7e7bb2,638439590043972970,0,35932,201,"RequestData:, RequestPath:/_services/about, RequestExtension:, SessionId:, UserId:0F1NeYY-QVZg9r3ZmvhKxsqaHN0RHGuhIvYP_aLPbRruOUaDmoifFab1FJ3rC9o_VpJJD5xchTnYiKEngbj2RRAj4lYUY0ACwns2dg1h4fItlPOG43oPxV6W0ogM_XZvT2IXTl2s-D7G5xsS6SSB8g2, CorrelationId:604275ac-1424-49ef-87ff-7fe1250c0696, Elapsed:2757.3535, MemberName:PopulateVirtualEntitiesActualSource, SourceFilePath:C:\__w\1\s\Framework\Adxstudio.Xrm\Caching\VirtualEntitiesCacheHelper.cs, SourceLineNumber:125, Category:Application, Message:The web api getDataSourceId for virtual entity returned empty DataSourceId, ErrorCategory:ApplicationError",8004b016-0400-7800-b63f-84710c7967bb
2024-02-19T17:03:24,Error,site-85de4385-0987-4ae5-9917-b7715602956d-AUe,7e7bb2,638439590044441181,0,35932,201,"RequestData:, RequestPath:/_services/about, RequestExtension:, SessionId:, UserId:0F1NeYY-QVZg9r3ZmvhKxsqaHN0RHGuhIvYP_aLPbRruOUaDmoifFab1FJ3rC9o_VpJJD5xchTnYiKEngbj2RRAj4lYUY0ACwns2dg1h4fItlPOG43oPxV6W0ogM_XZvT2IXTl2s-D7G5xsS6SSB8g2, CorrelationId:604275ac-1424-49ef-87ff-7fe1250c0696, Elapsed:2816.3879, MemberName:PopulateVirtualEntitiesActualSource, SourceFilePath:C:\__w\1\s\Framework\Adxstudio.Xrm\Caching\VirtualEntitiesCacheHelper.cs, SourceLineNumber:125, Category:Application, Message:The web api getDataSourceId for virtual entity returned empty DataSourceId, ErrorCategory:ApplicationError",8004b016-0400-7800-b63f-84710c7967bb
2024-02-19T17:03:24,Error,site-85de4385-0987-4ae5-9917-b7715602956d-AUe,7e7bb2,638439590045066771,0,35932,201,"RequestData:, RequestPath:/_services/about, RequestExtension:, SessionId:, UserId:0F1NeYY-QVZg9r3ZmvhKxsqaHN0RHGuhIvYP_aLPbRruOUaDmoifFab1FJ3rC9o_VpJJD5xchTnYiKEngbj2RRAj4lYUY0ACwns2dg1h4fItlPOG43oPxV6W0ogM_XZvT2IXTl2s-D7G5xsS6SSB8g2, CorrelationId:604275ac-1424-49ef-87ff-7fe1250c0696, Elapsed:2872.9176, MemberName:PopulateVirtualEntitiesActualSource, SourceFilePath:C:\__w\1\s\Framework\Adxstudio.Xrm\Caching\VirtualEntitiesCacheHelper.cs, SourceLineNumber:125, Category:Application, Message:The web api getDataSourceId for virtual entity returned empty DataSourceId, ErrorCategory:ApplicationError",8004b016-0400-7800-b63f-84710c7967bb
2024-02-19T17:03:24,Error,site-85de4385-0987-4ae5-9917-b7715602956d-AUe,7e7bb2,638439590045534914,0,35932,201,"RequestData:, RequestPath:/_services/about, RequestExtension:, SessionId:, UserId:0F1NeYY-QVZg9r3ZmvhKxsqaHN0RHGuhIvYP_aLPbRruOUaDmoifFab1FJ3rC9o_VpJJD5xchTnYiKEngbj2RRAj4lYUY0ACwns2dg1h4fItlPOG43oPxV6W0ogM_XZvT2IXTl2s-D7G5xsS6SSB8g2, CorrelationId:604275ac-1424-49ef-87ff-7fe1250c0696, Elapsed:2927.174, MemberName:PopulateVirtualEntitiesActualSource, SourceFilePath:C:\__w\1\s\Framework\Adxstudio.Xrm\Caching\VirtualEntitiesCacheHelper.cs, SourceLineNumber:125, Category:Application, Message:The web api getDataSourceId for virtual entity returned empty DataSourceId, ErrorCategory:ApplicationError",8004b016-0400-7800-b63f-84710c7967bb
2024-02-19T17:03:24,Error,site-85de4385-0987-4ae5-9917-b7715602956d-AUe,7e7bb2,638439590046160631,0,35932,201,"RequestData:, RequestPath:/_services/about, RequestExtension:, SessionId:, UserId:0F1NeYY-QVZg9r3ZmvhKxsqaHN0RHGuhIvYP_aLPbRruOUaDmoifFab1FJ3rC9o_VpJJD5xchTnYiKEngbj2RRAj4lYUY0ACwns2dg1h4fItlPOG43oPxV6W0ogM_XZvT2IXTl2s-D7G5xsS6SSB8g2, CorrelationId:604275ac-1424-49ef-87ff-7fe1250c0696, Elapsed:2981.201, MemberName:PopulateVirtualEntitiesActualSource, SourceFilePath:C:\__w\1\s\Framework\Adxstudio.Xrm\Caching\VirtualEntitiesCacheHelper.cs, SourceLineNumber:125, Category:Application, Message:The web api getDataSourceId for virtual entity returned empty DataSourceId, ErrorCategory:ApplicationError",8004b016-0400-7800-b63f-84710c7967bb
2024-02-19T17:03:24,Error,site-85de4385-0987-4ae5-9917-b7715602956d-AUe,7e7bb2,638439590046629205,0,35932,201,"RequestData:, RequestPath:/_services/about, RequestExtension:, SessionId:, UserId:0F1NeYY-QVZg9r3ZmvhKxsqaHN0RHGuhIvYP_aLPbRruOUaDmoifFab1FJ3rC9o_VpJJD5xchTnYiKEngbj2RRAj4lYUY0ACwns2dg1h4fItlPOG43oPxV6W0ogM_XZvT2IXTl2s-D7G5xsS6SSB8g2, CorrelationId:604275ac-1424-49ef-87ff-7fe1250c0696, Elapsed:3035.309, MemberName:PopulateVirtualEntitiesActualSource, SourceFilePath:C:\__w\1\s\Framework\Adxstudio.Xrm\Caching\VirtualEntitiesCacheHelper.cs, SourceLineNumber:125, Category:Application, Message:The web api getDataSourceId for virtual entity returned empty DataSourceId, ErrorCategory:ApplicationError",8004b016-0400-7800-b63f-84710c7967bb
2024-02-19T17:03:24,Error,site-85de4385-0987-4ae5-9917-b7715602956d-AUe,7e7bb2,638439590047253704,0,35932,201,"RequestData:, RequestPath:/_services/about, RequestExtension:, SessionId:, UserId:0F1NeYY-QVZg9r3ZmvhKxsqaHN0RHGuhIvYP_aLPbRruOUaDmoifFab1FJ3rC9o_VpJJD5xchTnYiKEngbj2RRAj4lYUY0ACwns2dg1h4fItlPOG43oPxV6W0ogM_XZvT2IXTl2s-D7G5xsS6SSB8g2, CorrelationId:604275ac-1424-49ef-87ff-7fe1250c0696, Elapsed:3088.8067, MemberName:PopulateVirtualEntitiesActualSource, SourceFilePath:C:\__w\1\s\Framework\Adxstudio.Xrm\Caching\VirtualEntitiesCacheHelper.cs, SourceLineNumber:125, Category:Application, Message:The web api getDataSourceId for virtual entity returned empty DataSourceId, ErrorCategory:ApplicationError",8004b016-0400-7800-b63f-84710c7967bb
2024-02-19T17:03:24,Error,site-85de4385-0987-4ae5-9917-b7715602956d-AUe,7e7bb2,638439590047722446,0,35932,201,"RequestData:, RequestPath:/_services/about, RequestExtension:, SessionId:, UserId:0F1NeYY-QVZg9r3ZmvhKxsqaHN0RHGuhIvYP_aLPbRruOUaDmoifFab1FJ3rC9o_VpJJD5xchTnYiKEngbj2RRAj4lYUY0ACwns2dg1h4fItlPOG43oPxV6W0ogM_XZvT2IXTl2s-D7G5xsS6SSB8g2, CorrelationId:604275ac-1424-49ef-87ff-7fe1250c0696, Elapsed:3145.0008, MemberName:PopulateVirtualEntitiesActualSource, SourceFilePath:C:\__w\1\s\Framework\Adxstudio.Xrm\Caching\VirtualEntitiesCacheHelper.cs, SourceLineNumber:125, Category:Application, Message:The web api getDataSourceId for virtual entity returned empty DataSourceId, ErrorCategory:ApplicationError",8004b016-0400-7800-b63f-84710c7967bb
2024-02-19T17:03:24,Error,site-85de4385-0987-4ae5-9917-b7715602956d-AUe,7e7bb2,638439590048347997,0,35932,201,"RequestData:, RequestPath:/_services/about, RequestExtension:, SessionId:, UserId:0F1NeYY-QVZg9r3ZmvhKxsqaHN0RHGuhIvYP_aLPbRruOUaDmoifFab1FJ3rC9o_VpJJD5xchTnYiKEngbj2RRAj4lYUY0ACwns2dg1h4fItlPOG43oPxV6W0ogM_XZvT2IXTl2s-D7G5xsS6SSB8g2, CorrelationId:604275ac-1424-49ef-87ff-7fe1250c0696, Elapsed:3200.796, MemberName:PopulateVirtualEntitiesActualSource, SourceFilePath:C:\__w\1\s\Framework\Adxstudio.Xrm\Caching\VirtualEntitiesCacheHelper.cs, SourceLineNumber:125, Category:Application, Message:The web api getDataSourceId for virtual entity returned empty DataSourceId, ErrorCategory:ApplicationError",8004b016-0400-7800-b63f-84710c7967bb
2024-02-19T17:03:24,Error,site-85de4385-0987-4ae5-9917-b7715602956d-AUe,7e7bb2,638439590049285540,0,35932,201,"RequestData:, RequestPath:/_services/about, RequestExtension:, SessionId:, UserId:0F1NeYY-QVZg9r3ZmvhKxsqaHN0RHGuhIvYP_aLPbRruOUaDmoifFab1FJ3rC9o_VpJJD5xchTnYiKEngbj2RRAj4lYUY0ACwns2dg1h4fItlPOG43oPxV6W0ogM_XZvT2IXTl2s-D7G5xsS6SSB8g2, CorrelationId:604275ac-1424-49ef-87ff-7fe1250c0696, Elapsed:3289.2023, MemberName:PopulateVirtualEntitiesActualSource, SourceFilePath:C:\__w\1\s\Framework\Adxstudio.Xrm\Caching\VirtualEntitiesCacheHelper.cs, SourceLineNumber:125, Category:Application, Message:The web api getDataSourceId for virtual entity returned empty DataSourceId, ErrorCategory:ApplicationError",8004b016-0400-7800-b63f-84710c7967bb
2024-02-19T17:03:24,Error,site-85de4385-0987-4ae5-9917-b7715602956d-AUe,7e7bb2,638439590049754279,0,35932,201,"RequestData:, RequestPath:/_services/about, RequestExtension:, SessionId:, UserId:0F1NeYY-QVZg9r3ZmvhKxsqaHN0RHGuhIvYP_aLPbRruOUaDmoifFab1FJ3rC9o_VpJJD5xchTnYiKEngbj2RRAj4lYUY0ACwns2dg1h4fItlPOG43oPxV6W0ogM_XZvT2IXTl2s-D7G5xsS6SSB8g2, CorrelationId:604275ac-1424-49ef-87ff-7fe1250c0696, Elapsed:3344.8483, MemberName:PopulateVirtualEntitiesActualSource, SourceFilePath:C:\__w\1\s\Framework\Adxstudio.Xrm\Caching\VirtualEntitiesCacheHelper.cs, SourceLineNumber:125, Category:Application, Message:The web api getDataSourceId for virtual entity returned empty DataSourceId, ErrorCategory:ApplicationError",8004b016-0400-7800-b63f-84710c7967bb
2024-02-19T17:03:25,Error,site-85de4385-0987-4ae5-9917-b7715602956d-AUe,7e7bb2,638439590050535013,0,35932,201,"RequestData:, RequestPath:/_services/about, RequestExtension:, SessionId:, UserId:0F1NeYY-QVZg9r3ZmvhKxsqaHN0RHGuhIvYP_aLPbRruOUaDmoifFab1FJ3rC9o_VpJJD5xchTnYiKEngbj2RRAj4lYUY0ACwns2dg1h4fItlPOG43oPxV6W0ogM_XZvT2IXTl2s-D7G5xsS6SSB8g2, CorrelationId:604275ac-1424-49ef-87ff-7fe1250c0696, Elapsed:3413.968, MemberName:PopulateVirtualEntitiesActualSource, SourceFilePath:C:\__w\1\s\Framework\Adxstudio.Xrm\Caching\VirtualEntitiesCacheHelper.cs, SourceLineNumber:125, Category:Application, Message:The web api getDataSourceId for virtual entity returned empty DataSourceId, ErrorCategory:ApplicationError",8004b016-0400-7800-b63f-84710c7967bb
