date,level,applicationName,instanceId,eventTickCount,eventId,pid,tid,message,activityId
2024-04-03T21:11:04,Error,site-85de4385-0987-4ae5-9917-b7715602956d-AUe,30857d,638477754649016031,0,359696,57,"RequestData:, RequestPath:, RequestExtension:, SessionId:, UserId:, CorrelationId:00000000-0000-0000-0000-000000000000, Elapsed:0, RequestMethod:, RequestContentType:, RequestAccept:, RequestCacheControl:, UserAgent:, HandlerName:, HandlerExecuted:False, VaryByCustom:, MemberName:OnSubscriptionErrorAsync, SourceFilePath:C:\__w\1\s\Framework\Adxstudio.Xrm\AspNet\PortalBus\AppDataPortalBusProvider.cs, SourceLineNumber:186, ExceptionMessage:Access is denied
System.ComponentModel.Win32Exception




, EventData:Subscription error: SubscriptionPath: 30857d690375e45a0e7f5e0a574a710da6188d71e1061cb3de78b9fd89c29e6a-359696, Category:PortalBus, ErrorCategory:ApplicationError",
