date,level,applicationName,instanceId,eventTickCount,eventId,pid,tid,message,activityId
2024-03-29T06:01:40,Error,site-85de4385-0987-4ae5-9917-b7715602956d-AUe,0cce7d,638472889000442221,0,567192,101,"RequestData:, RequestPath:, RequestExtension:, SessionId:, UserId:, CorrelationId:00000000-0000-0000-0000-000000000000, Elapsed:0, RequestMethod:, RequestContentType:, RequestAccept:, RequestCacheControl:, UserAgent:, HandlerName:, HandlerExecuted:False, VaryByCustom:, MemberName:OnSubscriptionErrorAsync, SourceFilePath:C:\__w\1\s\Framework\Adxstudio.Xrm\AspNet\PortalBus\AppDataPortalBusProvider.cs, SourceLineNumber:186, ExceptionMessage:The specified network name is no longer available
System.ComponentModel.Win32Exception




, EventData:Subscription error: SubscriptionPath: 0cce7db56fa05f3e85e4e47785620d3cebb44af825880f3beee14540eabafa9f-567192, Category:PortalBus, ErrorCategory:ApplicationError",
2024-03-29T06:03:50,Error,site-85de4385-0987-4ae5-9917-b7715602956d-AUe,0cce7d,638472890305169135,0,567192,184,"RequestData:, RequestPath:, RequestExtension:, SessionId:, UserId:, CorrelationId:22af53a4-d45e-4610-8389-95d303bcae20, Elapsed:0, RequestMethod:, RequestContentType:, RequestAccept:, RequestCacheControl:, UserAgent:, HandlerName:, HandlerExecuted:False, VaryByCustom:, MemberName:ConfigurePortal, SourceFilePath:C:\__w\1\s\Samples\MasterPortal\App_Start\Startup.cs, SourceLineNumber:96, ExceptionMessage:One or more errors occurred.
System.AggregateException
   at System.Threading.Tasks.Task.ThrowIfExceptional(Boolean includeTaskCanceledExceptions)
   at System.Threading.Tasks.Task.Wait(Int32 millisecondsTimeout, CancellationToken cancellationToken)
   at FluentScheduler.JobManager.<>c__DisplayClass42_0.<RunJob>b__0() in C:\Users\Talles\GitHub\FluentScheduler\Library\JobManager.cs:line 439
   at System.Threading.Tasks.Task.Execute()

mscorlib

Unable to find a connection string with the name 'Xrm'.
System.Configuration.ConfigurationErrorsException
   at Microsoft.Xrm.Client.CrmConnection.GetConnectionStringSettings(String connectionStringName) in C:\__w\1\s\Framework\Microsoft.Xrm.Client\CrmConnection.cs:line 247
   at Site.Areas.Account.Models.ApplicationDbContext.Create() in C:\__w\1\s\Samples\MasterPortal\Areas\Account\Models\IdentityModels.cs:line 94
   at Adxstudio.Xrm.Services.Cache.Extensions.<>c__DisplayClass1_0.<ConfigureEventHubCacheInvalidationAsync>b__0() in C:\__w\1\s\Framework\Adxstudio.Xrm\Services\Cache\Extensions.cs:line 159
   at System.Threading.Tasks.Task.Execute()

Microsoft.Xrm.Client

, EventData:Exception in scheduled job, Category:Application, ErrorCategory:ApplicationError",
