date,level,applicationName,instanceId,eventTickCount,eventId,pid,tid,message,activityId
2024-02-18T09:58:55,Error,site-85de4385-0987-4ae5-9917-b7715602956d-AUe,7e7bb2,638438471359699561,0,35932,254,"RequestData:, RequestPath:/_services/about, RequestExtension:, SessionId:, UserId:FmRMOMwI45tagvLWMvRmuHwm24wCpC08AMtVn6Jjqn1MT6iX01DSx5w5TG2bbsuzMWVQarT1IewpojXGv0sohhUOBBRQHfX9v3LowvckVPY-VwISfORxlgDUekMq4Rt7TS2sI9t3PaBsKmueNw-xMg2, CorrelationId:ddded0da-1764-421c-b0d5-32a8312448d3, Elapsed:751.1376, MemberName:PopulateVirtualEntitiesActualSource, SourceFilePath:C:\__w\1\s\Framework\Adxstudio.Xrm\Caching\VirtualEntitiesCacheHelper.cs, SourceLineNumber:125, Category:Application, Message:The web api getDataSourceId for virtual entity returned empty DataSourceId, ErrorCategory:ApplicationError",80058748-0000-c100-b63f-84710c7967bb
2024-02-18T09:58:56,Error,site-85de4385-0987-4ae5-9917-b7715602956d-AUe,7e7bb2,638438471360169185,0,35932,254,"RequestData:, RequestPath:/_services/about, RequestExtension:, SessionId:, UserId:FmRMOMwI45tagvLWMvRmuHwm24wCpC08AMtVn6Jjqn1MT6iX01DSx5w5TG2bbsuzMWVQarT1IewpojXGv0sohhUOBBRQHfX9v3LowvckVPY-VwISfORxlgDUekMq4Rt7TS2sI9t3PaBsKmueNw-xMg2, CorrelationId:ddded0da-1764-421c-b0d5-32a8312448d3, Elapsed:796.4798, MemberName:PopulateVirtualEntitiesActualSource, SourceFilePath:C:\__w\1\s\Framework\Adxstudio.Xrm\Caching\VirtualEntitiesCacheHelper.cs, SourceLineNumber:125, Category:Application, Message:The web api getDataSourceId for virtual entity returned empty DataSourceId, ErrorCategory:ApplicationError",80058748-0000-c100-b63f-84710c7967bb
2024-02-18T09:58:56,Error,site-85de4385-0987-4ae5-9917-b7715602956d-AUe,7e7bb2,638438471360637837,0,35932,254,"RequestData:, RequestPath:/_services/about, RequestExtension:, SessionId:, UserId:FmRMOMwI45tagvLWMvRmuHwm24wCpC08AMtVn6Jjqn1MT6iX01DSx5w5TG2bbsuzMWVQarT1IewpojXGv0sohhUOBBRQHfX9v3LowvckVPY-VwISfORxlgDUekMq4Rt7TS2sI9t3PaBsKmueNw-xMg2, CorrelationId:ddded0da-1764-421c-b0d5-32a8312448d3, Elapsed:841.3264, MemberName:PopulateVirtualEntitiesActualSource, SourceFilePath:C:\__w\1\s\Framework\Adxstudio.Xrm\Caching\VirtualEntitiesCacheHelper.cs, SourceLineNumber:125, Category:Application, Message:The web api getDataSourceId for virtual entity returned empty DataSourceId, ErrorCategory:ApplicationError",80058748-0000-c100-b63f-84710c7967bb
2024-02-18T09:58:56,Error,site-85de4385-0987-4ae5-9917-b7715602956d-AUe,7e7bb2,638438471361105979,0,35932,254,"RequestData:, RequestPath:/_services/about, RequestExtension:, SessionId:, UserId:FmRMOMwI45tagvLWMvRmuHwm24wCpC08AMtVn6Jjqn1MT6iX01DSx5w5TG2bbsuzMWVQarT1IewpojXGv0sohhUOBBRQHfX9v3LowvckVPY-VwISfORxlgDUekMq4Rt7TS2sI9t3PaBsKmueNw-xMg2, CorrelationId:ddded0da-1764-421c-b0d5-32a8312448d3, Elapsed:889.4037, MemberName:PopulateVirtualEntitiesActualSource, SourceFilePath:C:\__w\1\s\Framework\Adxstudio.Xrm\Caching\VirtualEntitiesCacheHelper.cs, SourceLineNumber:125, Category:Application, Message:The web api getDataSourceId for virtual entity returned empty DataSourceId, ErrorCategory:ApplicationError",80058748-0000-c100-b63f-84710c7967bb
2024-02-18T09:58:56,Error,site-85de4385-0987-4ae5-9917-b7715602956d-AUe,7e7bb2,638438471361575114,0,35932,254,"RequestData:, RequestPath:/_services/about, RequestExtension:, SessionId:, UserId:FmRMOMwI45tagvLWMvRmuHwm24wCpC08AMtVn6Jjqn1MT6iX01DSx5w5TG2bbsuzMWVQarT1IewpojXGv0sohhUOBBRQHfX9v3LowvckVPY-VwISfORxlgDUekMq4Rt7TS2sI9t3PaBsKmueNw-xMg2, CorrelationId:ddded0da-1764-421c-b0d5-32a8312448d3, Elapsed:933.8727, MemberName:PopulateVirtualEntitiesActualSource, SourceFilePath:C:\__w\1\s\Framework\Adxstudio.Xrm\Caching\VirtualEntitiesCacheHelper.cs, SourceLineNumber:125, Category:Application, Message:The web api getDataSourceId for virtual entity returned empty DataSourceId, ErrorCategory:ApplicationError",80058748-0000-c100-b63f-84710c7967bb
2024-02-18T09:58:56,Error,site-85de4385-0987-4ae5-9917-b7715602956d-AUe,7e7bb2,638438471362043876,0,35932,254,"RequestData:, RequestPath:/_services/about, RequestExtension:, SessionId:, UserId:FmRMOMwI45tagvLWMvRmuHwm24wCpC08AMtVn6Jjqn1MT6iX01DSx5w5TG2bbsuzMWVQarT1IewpojXGv0sohhUOBBRQHfX9v3LowvckVPY-VwISfORxlgDUekMq4Rt7TS2sI9t3PaBsKmueNw-xMg2, CorrelationId:ddded0da-1764-421c-b0d5-32a8312448d3, Elapsed:977.8206, MemberName:PopulateVirtualEntitiesActualSource, SourceFilePath:C:\__w\1\s\Framework\Adxstudio.Xrm\Caching\VirtualEntitiesCacheHelper.cs, SourceLineNumber:125, Category:Application, Message:The web api getDataSourceId for virtual entity returned empty DataSourceId, ErrorCategory:ApplicationError",80058748-0000-c100-b63f-84710c7967bb
2024-02-18T09:58:56,Error,site-85de4385-0987-4ae5-9917-b7715602956d-AUe,7e7bb2,638438471362355862,0,35932,254,"RequestData:, RequestPath:/_services/about, RequestExtension:, SessionId:, UserId:FmRMOMwI45tagvLWMvRmuHwm24wCpC08AMtVn6Jjqn1MT6iX01DSx5w5TG2bbsuzMWVQarT1IewpojXGv0sohhUOBBRQHfX9v3LowvckVPY-VwISfORxlgDUekMq4Rt7TS2sI9t3PaBsKmueNw-xMg2, CorrelationId:ddded0da-1764-421c-b0d5-32a8312448d3, Elapsed:1020.469, MemberName:PopulateVirtualEntitiesActualSource, SourceFilePath:C:\__w\1\s\Framework\Adxstudio.Xrm\Caching\VirtualEntitiesCacheHelper.cs, SourceLineNumber:125, Category:Application, Message:The web api getDataSourceId for virtual entity returned empty DataSourceId, ErrorCategory:ApplicationError",80058748-0000-c100-b63f-84710c7967bb
2024-02-18T09:58:56,Error,site-85de4385-0987-4ae5-9917-b7715602956d-AUe,7e7bb2,638438471362825440,0,35932,254,"RequestData:, RequestPath:/_services/about, RequestExtension:, SessionId:, UserId:FmRMOMwI45tagvLWMvRmuHwm24wCpC08AMtVn6Jjqn1MT6iX01DSx5w5TG2bbsuzMWVQarT1IewpojXGv0sohhUOBBRQHfX9v3LowvckVPY-VwISfORxlgDUekMq4Rt7TS2sI9t3PaBsKmueNw-xMg2, CorrelationId:ddded0da-1764-421c-b0d5-32a8312448d3, Elapsed:1063.3947, MemberName:PopulateVirtualEntitiesActualSource, SourceFilePath:C:\__w\1\s\Framework\Adxstudio.Xrm\Caching\VirtualEntitiesCacheHelper.cs, SourceLineNumber:125, Category:Application, Message:The web api getDataSourceId for virtual entity returned empty DataSourceId, ErrorCategory:ApplicationError",80058748-0000-c100-b63f-84710c7967bb
2024-02-18T09:58:56,Error,site-85de4385-0987-4ae5-9917-b7715602956d-AUe,7e7bb2,638438471363293380,0,35932,254,"RequestData:, RequestPath:/_services/about, RequestExtension:, SessionId:, UserId:FmRMOMwI45tagvLWMvRmuHwm24wCpC08AMtVn6Jjqn1MT6iX01DSx5w5TG2bbsuzMWVQarT1IewpojXGv0sohhUOBBRQHfX9v3LowvckVPY-VwISfORxlgDUekMq4Rt7TS2sI9t3PaBsKmueNw-xMg2, CorrelationId:ddded0da-1764-421c-b0d5-32a8312448d3, Elapsed:1108.9436, MemberName:PopulateVirtualEntitiesActualSource, SourceFilePath:C:\__w\1\s\Framework\Adxstudio.Xrm\Caching\VirtualEntitiesCacheHelper.cs, SourceLineNumber:125, Category:Application, Message:The web api getDataSourceId for virtual entity returned empty DataSourceId, ErrorCategory:ApplicationError",80058748-0000-c100-b63f-84710c7967bb
2024-02-18T09:58:56,Error,site-85de4385-0987-4ae5-9917-b7715602956d-AUe,7e7bb2,638438471363762667,0,35932,254,"RequestData:, RequestPath:/_services/about, RequestExtension:, SessionId:, UserId:FmRMOMwI45tagvLWMvRmuHwm24wCpC08AMtVn6Jjqn1MT6iX01DSx5w5TG2bbsuzMWVQarT1IewpojXGv0sohhUOBBRQHfX9v3LowvckVPY-VwISfORxlgDUekMq4Rt7TS2sI9t3PaBsKmueNw-xMg2, CorrelationId:ddded0da-1764-421c-b0d5-32a8312448d3, Elapsed:1152.9606, MemberName:PopulateVirtualEntitiesActualSource, SourceFilePath:C:\__w\1\s\Framework\Adxstudio.Xrm\Caching\VirtualEntitiesCacheHelper.cs, SourceLineNumber:125, Category:Application, Message:The web api getDataSourceId for virtual entity returned empty DataSourceId, ErrorCategory:ApplicationError",80058748-0000-c100-b63f-84710c7967bb
2024-02-18T09:58:56,Error,site-85de4385-0987-4ae5-9917-b7715602956d-AUe,7e7bb2,638438471364231678,0,35932,254,"RequestData:, RequestPath:/_services/about, RequestExtension:, SessionId:, UserId:FmRMOMwI45tagvLWMvRmuHwm24wCpC08AMtVn6Jjqn1MT6iX01DSx5w5TG2bbsuzMWVQarT1IewpojXGv0sohhUOBBRQHfX9v3LowvckVPY-VwISfORxlgDUekMq4Rt7TS2sI9t3PaBsKmueNw-xMg2, CorrelationId:ddded0da-1764-421c-b0d5-32a8312448d3, Elapsed:1196.5239, MemberName:PopulateVirtualEntitiesActualSource, SourceFilePath:C:\__w\1\s\Framework\Adxstudio.Xrm\Caching\VirtualEntitiesCacheHelper.cs, SourceLineNumber:125, Category:Application, Message:The web api getDataSourceId for virtual entity returned empty DataSourceId, ErrorCategory:ApplicationError",80058748-0000-c100-b63f-84710c7967bb
2024-02-18T09:58:56,Error,site-85de4385-0987-4ae5-9917-b7715602956d-AUe,7e7bb2,638438471364700190,0,35932,254,"RequestData:, RequestPath:/_services/about, RequestExtension:, SessionId:, UserId:FmRMOMwI45tagvLWMvRmuHwm24wCpC08AMtVn6Jjqn1MT6iX01DSx5w5TG2bbsuzMWVQarT1IewpojXGv0sohhUOBBRQHfX9v3LowvckVPY-VwISfORxlgDUekMq4Rt7TS2sI9t3PaBsKmueNw-xMg2, CorrelationId:ddded0da-1764-421c-b0d5-32a8312448d3, Elapsed:1246.8572, MemberName:PopulateVirtualEntitiesActualSource, SourceFilePath:C:\__w\1\s\Framework\Adxstudio.Xrm\Caching\VirtualEntitiesCacheHelper.cs, SourceLineNumber:125, Category:Application, Message:The web api getDataSourceId for virtual entity returned empty DataSourceId, ErrorCategory:ApplicationError",80058748-0000-c100-b63f-84710c7967bb
2024-02-18T09:58:56,Error,site-85de4385-0987-4ae5-9917-b7715602956d-AUe,7e7bb2,638438471365169103,0,35932,254,"RequestData:, RequestPath:/_services/about, RequestExtension:, SessionId:, UserId:FmRMOMwI45tagvLWMvRmuHwm24wCpC08AMtVn6Jjqn1MT6iX01DSx5w5TG2bbsuzMWVQarT1IewpojXGv0sohhUOBBRQHfX9v3LowvckVPY-VwISfORxlgDUekMq4Rt7TS2sI9t3PaBsKmueNw-xMg2, CorrelationId:ddded0da-1764-421c-b0d5-32a8312448d3, Elapsed:1290.9443, MemberName:PopulateVirtualEntitiesActualSource, SourceFilePath:C:\__w\1\s\Framework\Adxstudio.Xrm\Caching\VirtualEntitiesCacheHelper.cs, SourceLineNumber:125, Category:Application, Message:The web api getDataSourceId for virtual entity returned empty DataSourceId, ErrorCategory:ApplicationError",80058748-0000-c100-b63f-84710c7967bb
2024-02-18T09:58:56,Error,site-85de4385-0987-4ae5-9917-b7715602956d-AUe,7e7bb2,638438471365637765,0,35932,254,"RequestData:, RequestPath:/_services/about, RequestExtension:, SessionId:, UserId:FmRMOMwI45tagvLWMvRmuHwm24wCpC08AMtVn6Jjqn1MT6iX01DSx5w5TG2bbsuzMWVQarT1IewpojXGv0sohhUOBBRQHfX9v3LowvckVPY-VwISfORxlgDUekMq4Rt7TS2sI9t3PaBsKmueNw-xMg2, CorrelationId:ddded0da-1764-421c-b0d5-32a8312448d3, Elapsed:1334.6051, MemberName:PopulateVirtualEntitiesActualSource, SourceFilePath:C:\__w\1\s\Framework\Adxstudio.Xrm\Caching\VirtualEntitiesCacheHelper.cs, SourceLineNumber:125, Category:Application, Message:The web api getDataSourceId for virtual entity returned empty DataSourceId, ErrorCategory:ApplicationError",80058748-0000-c100-b63f-84710c7967bb
2024-02-18T09:58:56,Error,site-85de4385-0987-4ae5-9917-b7715602956d-AUe,7e7bb2,638438471366106454,0,35932,254,"RequestData:, RequestPath:/_services/about, RequestExtension:, SessionId:, UserId:FmRMOMwI45tagvLWMvRmuHwm24wCpC08AMtVn6Jjqn1MT6iX01DSx5w5TG2bbsuzMWVQarT1IewpojXGv0sohhUOBBRQHfX9v3LowvckVPY-VwISfORxlgDUekMq4Rt7TS2sI9t3PaBsKmueNw-xMg2, CorrelationId:ddded0da-1764-421c-b0d5-32a8312448d3, Elapsed:1384.2257, MemberName:PopulateVirtualEntitiesActualSource, SourceFilePath:C:\__w\1\s\Framework\Adxstudio.Xrm\Caching\VirtualEntitiesCacheHelper.cs, SourceLineNumber:125, Category:Application, Message:The web api getDataSourceId for virtual entity returned empty DataSourceId, ErrorCategory:ApplicationError",80058748-0000-c100-b63f-84710c7967bb
2024-02-18T09:58:56,Error,site-85de4385-0987-4ae5-9917-b7715602956d-AUe,7e7bb2,638438471366575489,0,35932,254,"RequestData:, RequestPath:/_services/about, RequestExtension:, SessionId:, UserId:FmRMOMwI45tagvLWMvRmuHwm24wCpC08AMtVn6Jjqn1MT6iX01DSx5w5TG2bbsuzMWVQarT1IewpojXGv0sohhUOBBRQHfX9v3LowvckVPY-VwISfORxlgDUekMq4Rt7TS2sI9t3PaBsKmueNw-xMg2, CorrelationId:ddded0da-1764-421c-b0d5-32a8312448d3, Elapsed:1428.3956, MemberName:PopulateVirtualEntitiesActualSource, SourceFilePath:C:\__w\1\s\Framework\Adxstudio.Xrm\Caching\VirtualEntitiesCacheHelper.cs, SourceLineNumber:125, Category:Application, Message:The web api getDataSourceId for virtual entity returned empty DataSourceId, ErrorCategory:ApplicationError",80058748-0000-c100-b63f-84710c7967bb
2024-02-18T09:58:56,Error,site-85de4385-0987-4ae5-9917-b7715602956d-AUe,7e7bb2,638438471366887205,0,35932,254,"RequestData:, RequestPath:/_services/about, RequestExtension:, SessionId:, UserId:FmRMOMwI45tagvLWMvRmuHwm24wCpC08AMtVn6Jjqn1MT6iX01DSx5w5TG2bbsuzMWVQarT1IewpojXGv0sohhUOBBRQHfX9v3LowvckVPY-VwISfORxlgDUekMq4Rt7TS2sI9t3PaBsKmueNw-xMg2, CorrelationId:ddded0da-1764-421c-b0d5-32a8312448d3, Elapsed:1470.8612, MemberName:PopulateVirtualEntitiesActualSource, SourceFilePath:C:\__w\1\s\Framework\Adxstudio.Xrm\Caching\VirtualEntitiesCacheHelper.cs, SourceLineNumber:125, Category:Application, Message:The web api getDataSourceId for virtual entity returned empty DataSourceId, ErrorCategory:ApplicationError",80058748-0000-c100-b63f-84710c7967bb
2024-02-18T09:58:56,Error,site-85de4385-0987-4ae5-9917-b7715602956d-AUe,7e7bb2,638438471367824833,0,35932,254,"RequestData:, RequestPath:/_services/about, RequestExtension:, SessionId:, UserId:FmRMOMwI45tagvLWMvRmuHwm24wCpC08AMtVn6Jjqn1MT6iX01DSx5w5TG2bbsuzMWVQarT1IewpojXGv0sohhUOBBRQHfX9v3LowvckVPY-VwISfORxlgDUekMq4Rt7TS2sI9t3PaBsKmueNw-xMg2, CorrelationId:ddded0da-1764-421c-b0d5-32a8312448d3, Elapsed:1562.0674, MemberName:PopulateVirtualEntitiesActualSource, SourceFilePath:C:\__w\1\s\Framework\Adxstudio.Xrm\Caching\VirtualEntitiesCacheHelper.cs, SourceLineNumber:125, Category:Application, Message:The web api getDataSourceId for virtual entity returned empty DataSourceId, ErrorCategory:ApplicationError",80058748-0000-c100-b63f-84710c7967bb
2024-02-18T09:58:56,Error,site-85de4385-0987-4ae5-9917-b7715602956d-AUe,7e7bb2,638438471368294000,0,35932,254,"RequestData:, RequestPath:/_services/about, RequestExtension:, SessionId:, UserId:FmRMOMwI45tagvLWMvRmuHwm24wCpC08AMtVn6Jjqn1MT6iX01DSx5w5TG2bbsuzMWVQarT1IewpojXGv0sohhUOBBRQHfX9v3LowvckVPY-VwISfORxlgDUekMq4Rt7TS2sI9t3PaBsKmueNw-xMg2, CorrelationId:ddded0da-1764-421c-b0d5-32a8312448d3, Elapsed:1605.5554, MemberName:PopulateVirtualEntitiesActualSource, SourceFilePath:C:\__w\1\s\Framework\Adxstudio.Xrm\Caching\VirtualEntitiesCacheHelper.cs, SourceLineNumber:125, Category:Application, Message:The web api getDataSourceId for virtual entity returned empty DataSourceId, ErrorCategory:ApplicationError",80058748-0000-c100-b63f-84710c7967bb
2024-02-18T09:58:56,Error,site-85de4385-0987-4ae5-9917-b7715602956d-AUe,7e7bb2,638438471368762773,0,35932,254,"RequestData:, RequestPath:/_services/about, RequestExtension:, SessionId:, UserId:FmRMOMwI45tagvLWMvRmuHwm24wCpC08AMtVn6Jjqn1MT6iX01DSx5w5TG2bbsuzMWVQarT1IewpojXGv0sohhUOBBRQHfX9v3LowvckVPY-VwISfORxlgDUekMq4Rt7TS2sI9t3PaBsKmueNw-xMg2, CorrelationId:ddded0da-1764-421c-b0d5-32a8312448d3, Elapsed:1648.8885, MemberName:PopulateVirtualEntitiesActualSource, SourceFilePath:C:\__w\1\s\Framework\Adxstudio.Xrm\Caching\VirtualEntitiesCacheHelper.cs, SourceLineNumber:125, Category:Application, Message:The web api getDataSourceId for virtual entity returned empty DataSourceId, ErrorCategory:ApplicationError",80058748-0000-c100-b63f-84710c7967bb
2024-02-18T09:58:56,Error,site-85de4385-0987-4ae5-9917-b7715602956d-AUe,7e7bb2,638438471369231816,0,35932,254,"RequestData:, RequestPath:/_services/about, RequestExtension:, SessionId:, UserId:FmRMOMwI45tagvLWMvRmuHwm24wCpC08AMtVn6Jjqn1MT6iX01DSx5w5TG2bbsuzMWVQarT1IewpojXGv0sohhUOBBRQHfX9v3LowvckVPY-VwISfORxlgDUekMq4Rt7TS2sI9t3PaBsKmueNw-xMg2, CorrelationId:ddded0da-1764-421c-b0d5-32a8312448d3, Elapsed:1694.0881, MemberName:PopulateVirtualEntitiesActualSource, SourceFilePath:C:\__w\1\s\Framework\Adxstudio.Xrm\Caching\VirtualEntitiesCacheHelper.cs, SourceLineNumber:125, Category:Application, Message:The web api getDataSourceId for virtual entity returned empty DataSourceId, ErrorCategory:ApplicationError",80058748-0000-c100-b63f-84710c7967bb
2024-02-18T09:58:56,Error,site-85de4385-0987-4ae5-9917-b7715602956d-AUe,7e7bb2,638438471369543516,0,35932,254,"RequestData:, RequestPath:/_services/about, RequestExtension:, SessionId:, UserId:FmRMOMwI45tagvLWMvRmuHwm24wCpC08AMtVn6Jjqn1MT6iX01DSx5w5TG2bbsuzMWVQarT1IewpojXGv0sohhUOBBRQHfX9v3LowvckVPY-VwISfORxlgDUekMq4Rt7TS2sI9t3PaBsKmueNw-xMg2, CorrelationId:ddded0da-1764-421c-b0d5-32a8312448d3, Elapsed:1738.0133, MemberName:PopulateVirtualEntitiesActualSource, SourceFilePath:C:\__w\1\s\Framework\Adxstudio.Xrm\Caching\VirtualEntitiesCacheHelper.cs, SourceLineNumber:125, Category:Application, Message:The web api getDataSourceId for virtual entity returned empty DataSourceId, ErrorCategory:ApplicationError",80058748-0000-c100-b63f-84710c7967bb
2024-02-18T09:58:57,Error,site-85de4385-0987-4ae5-9917-b7715602956d-AUe,7e7bb2,638438471370012258,0,35932,254,"RequestData:, RequestPath:/_services/about, RequestExtension:, SessionId:, UserId:FmRMOMwI45tagvLWMvRmuHwm24wCpC08AMtVn6Jjqn1MT6iX01DSx5w5TG2bbsuzMWVQarT1IewpojXGv0sohhUOBBRQHfX9v3LowvckVPY-VwISfORxlgDUekMq4Rt7TS2sI9t3PaBsKmueNw-xMg2, CorrelationId:ddded0da-1764-421c-b0d5-32a8312448d3, Elapsed:1781.3711, MemberName:PopulateVirtualEntitiesActualSource, SourceFilePath:C:\__w\1\s\Framework\Adxstudio.Xrm\Caching\VirtualEntitiesCacheHelper.cs, SourceLineNumber:125, Category:Application, Message:The web api getDataSourceId for virtual entity returned empty DataSourceId, ErrorCategory:ApplicationError",80058748-0000-c100-b63f-84710c7967bb
2024-02-18T09:58:57,Error,site-85de4385-0987-4ae5-9917-b7715602956d-AUe,7e7bb2,638438471370481104,0,35932,254,"RequestData:, RequestPath:/_services/about, RequestExtension:, SessionId:, UserId:FmRMOMwI45tagvLWMvRmuHwm24wCpC08AMtVn6Jjqn1MT6iX01DSx5w5TG2bbsuzMWVQarT1IewpojXGv0sohhUOBBRQHfX9v3LowvckVPY-VwISfORxlgDUekMq4Rt7TS2sI9t3PaBsKmueNw-xMg2, CorrelationId:ddded0da-1764-421c-b0d5-32a8312448d3, Elapsed:1825.4843, MemberName:PopulateVirtualEntitiesActualSource, SourceFilePath:C:\__w\1\s\Framework\Adxstudio.Xrm\Caching\VirtualEntitiesCacheHelper.cs, SourceLineNumber:125, Category:Application, Message:The web api getDataSourceId for virtual entity returned empty DataSourceId, ErrorCategory:ApplicationError",80058748-0000-c100-b63f-84710c7967bb
2024-02-18T09:58:57,Error,site-85de4385-0987-4ae5-9917-b7715602956d-AUe,7e7bb2,638438471370949947,0,35932,254,"RequestData:, RequestPath:/_services/about, RequestExtension:, SessionId:, UserId:FmRMOMwI45tagvLWMvRmuHwm24wCpC08AMtVn6Jjqn1MT6iX01DSx5w5TG2bbsuzMWVQarT1IewpojXGv0sohhUOBBRQHfX9v3LowvckVPY-VwISfORxlgDUekMq4Rt7TS2sI9t3PaBsKmueNw-xMg2, CorrelationId:ddded0da-1764-421c-b0d5-32a8312448d3, Elapsed:1870.1123, MemberName:PopulateVirtualEntitiesActualSource, SourceFilePath:C:\__w\1\s\Framework\Adxstudio.Xrm\Caching\VirtualEntitiesCacheHelper.cs, SourceLineNumber:125, Category:Application, Message:The web api getDataSourceId for virtual entity returned empty DataSourceId, ErrorCategory:ApplicationError",80058748-0000-c100-b63f-84710c7967bb
2024-02-18T09:58:57,Error,site-85de4385-0987-4ae5-9917-b7715602956d-AUe,7e7bb2,638438471371419123,0,35932,254,"RequestData:, RequestPath:/_services/about, RequestExtension:, SessionId:, UserId:FmRMOMwI45tagvLWMvRmuHwm24wCpC08AMtVn6Jjqn1MT6iX01DSx5w5TG2bbsuzMWVQarT1IewpojXGv0sohhUOBBRQHfX9v3LowvckVPY-VwISfORxlgDUekMq4Rt7TS2sI9t3PaBsKmueNw-xMg2, CorrelationId:ddded0da-1764-421c-b0d5-32a8312448d3, Elapsed:1914.8457, MemberName:PopulateVirtualEntitiesActualSource, SourceFilePath:C:\__w\1\s\Framework\Adxstudio.Xrm\Caching\VirtualEntitiesCacheHelper.cs, SourceLineNumber:125, Category:Application, Message:The web api getDataSourceId for virtual entity returned empty DataSourceId, ErrorCategory:ApplicationError",80058748-0000-c100-b63f-84710c7967bb
2024-02-18T09:58:57,Error,site-85de4385-0987-4ae5-9917-b7715602956d-AUe,7e7bb2,638438471371888049,0,35932,254,"RequestData:, RequestPath:/_services/about, RequestExtension:, SessionId:, UserId:FmRMOMwI45tagvLWMvRmuHwm24wCpC08AMtVn6Jjqn1MT6iX01DSx5w5TG2bbsuzMWVQarT1IewpojXGv0sohhUOBBRQHfX9v3LowvckVPY-VwISfORxlgDUekMq4Rt7TS2sI9t3PaBsKmueNw-xMg2, CorrelationId:ddded0da-1764-421c-b0d5-32a8312448d3, Elapsed:1971.6051, MemberName:PopulateVirtualEntitiesActualSource, SourceFilePath:C:\__w\1\s\Framework\Adxstudio.Xrm\Caching\VirtualEntitiesCacheHelper.cs, SourceLineNumber:125, Category:Application, Message:The web api getDataSourceId for virtual entity returned empty DataSourceId, ErrorCategory:ApplicationError",80058748-0000-c100-b63f-84710c7967bb
2024-02-18T09:58:57,Error,site-85de4385-0987-4ae5-9917-b7715602956d-AUe,7e7bb2,638438471372356824,0,35932,254,"RequestData:, RequestPath:/_services/about, RequestExtension:, SessionId:, UserId:FmRMOMwI45tagvLWMvRmuHwm24wCpC08AMtVn6Jjqn1MT6iX01DSx5w5TG2bbsuzMWVQarT1IewpojXGv0sohhUOBBRQHfX9v3LowvckVPY-VwISfORxlgDUekMq4Rt7TS2sI9t3PaBsKmueNw-xMg2, CorrelationId:ddded0da-1764-421c-b0d5-32a8312448d3, Elapsed:2015.5468, MemberName:PopulateVirtualEntitiesActualSource, SourceFilePath:C:\__w\1\s\Framework\Adxstudio.Xrm\Caching\VirtualEntitiesCacheHelper.cs, SourceLineNumber:125, Category:Application, Message:The web api getDataSourceId for virtual entity returned empty DataSourceId, ErrorCategory:ApplicationError",80058748-0000-c100-b63f-84710c7967bb
2024-02-18T09:58:57,Error,site-85de4385-0987-4ae5-9917-b7715602956d-AUe,7e7bb2,638438471372825311,0,35932,254,"RequestData:, RequestPath:/_services/about, RequestExtension:, SessionId:, UserId:FmRMOMwI45tagvLWMvRmuHwm24wCpC08AMtVn6Jjqn1MT6iX01DSx5w5TG2bbsuzMWVQarT1IewpojXGv0sohhUOBBRQHfX9v3LowvckVPY-VwISfORxlgDUekMq4Rt7TS2sI9t3PaBsKmueNw-xMg2, CorrelationId:ddded0da-1764-421c-b0d5-32a8312448d3, Elapsed:2057.6638, MemberName:PopulateVirtualEntitiesActualSource, SourceFilePath:C:\__w\1\s\Framework\Adxstudio.Xrm\Caching\VirtualEntitiesCacheHelper.cs, SourceLineNumber:125, Category:Application, Message:The web api getDataSourceId for virtual entity returned empty DataSourceId, ErrorCategory:ApplicationError",80058748-0000-c100-b63f-84710c7967bb
2024-02-18T09:58:57,Error,site-85de4385-0987-4ae5-9917-b7715602956d-AUe,7e7bb2,638438471373293576,0,35932,254,"RequestData:, RequestPath:/_services/about, RequestExtension:, SessionId:, UserId:FmRMOMwI45tagvLWMvRmuHwm24wCpC08AMtVn6Jjqn1MT6iX01DSx5w5TG2bbsuzMWVQarT1IewpojXGv0sohhUOBBRQHfX9v3LowvckVPY-VwISfORxlgDUekMq4Rt7TS2sI9t3PaBsKmueNw-xMg2, CorrelationId:ddded0da-1764-421c-b0d5-32a8312448d3, Elapsed:2100.3944, MemberName:PopulateVirtualEntitiesActualSource, SourceFilePath:C:\__w\1\s\Framework\Adxstudio.Xrm\Caching\VirtualEntitiesCacheHelper.cs, SourceLineNumber:125, Category:Application, Message:The web api getDataSourceId for virtual entity returned empty DataSourceId, ErrorCategory:ApplicationError",80058748-0000-c100-b63f-84710c7967bb
2024-02-18T09:58:57,Error,site-85de4385-0987-4ae5-9917-b7715602956d-AUe,7e7bb2,638438471373763085,0,35932,254,"RequestData:, RequestPath:/_services/about, RequestExtension:, SessionId:, UserId:FmRMOMwI45tagvLWMvRmuHwm24wCpC08AMtVn6Jjqn1MT6iX01DSx5w5TG2bbsuzMWVQarT1IewpojXGv0sohhUOBBRQHfX9v3LowvckVPY-VwISfORxlgDUekMq4Rt7TS2sI9t3PaBsKmueNw-xMg2, CorrelationId:ddded0da-1764-421c-b0d5-32a8312448d3, Elapsed:2149.2867, MemberName:PopulateVirtualEntitiesActualSource, SourceFilePath:C:\__w\1\s\Framework\Adxstudio.Xrm\Caching\VirtualEntitiesCacheHelper.cs, SourceLineNumber:125, Category:Application, Message:The web api getDataSourceId for virtual entity returned empty DataSourceId, ErrorCategory:ApplicationError",80058748-0000-c100-b63f-84710c7967bb
2024-02-18T09:58:57,Error,site-85de4385-0987-4ae5-9917-b7715602956d-AUe,7e7bb2,638438471374074939,0,35932,254,"RequestData:, RequestPath:/_services/about, RequestExtension:, SessionId:, UserId:FmRMOMwI45tagvLWMvRmuHwm24wCpC08AMtVn6Jjqn1MT6iX01DSx5w5TG2bbsuzMWVQarT1IewpojXGv0sohhUOBBRQHfX9v3LowvckVPY-VwISfORxlgDUekMq4Rt7TS2sI9t3PaBsKmueNw-xMg2, CorrelationId:ddded0da-1764-421c-b0d5-32a8312448d3, Elapsed:2192.3932, MemberName:PopulateVirtualEntitiesActualSource, SourceFilePath:C:\__w\1\s\Framework\Adxstudio.Xrm\Caching\VirtualEntitiesCacheHelper.cs, SourceLineNumber:125, Category:Application, Message:The web api getDataSourceId for virtual entity returned empty DataSourceId, ErrorCategory:ApplicationError",80058748-0000-c100-b63f-84710c7967bb
2024-02-18T09:58:57,Error,site-85de4385-0987-4ae5-9917-b7715602956d-AUe,7e7bb2,638438471374544519,0,35932,254,"RequestData:, RequestPath:/_services/about, RequestExtension:, SessionId:, UserId:FmRMOMwI45tagvLWMvRmuHwm24wCpC08AMtVn6Jjqn1MT6iX01DSx5w5TG2bbsuzMWVQarT1IewpojXGv0sohhUOBBRQHfX9v3LowvckVPY-VwISfORxlgDUekMq4Rt7TS2sI9t3PaBsKmueNw-xMg2, CorrelationId:ddded0da-1764-421c-b0d5-32a8312448d3, Elapsed:2236.2393, MemberName:PopulateVirtualEntitiesActualSource, SourceFilePath:C:\__w\1\s\Framework\Adxstudio.Xrm\Caching\VirtualEntitiesCacheHelper.cs, SourceLineNumber:125, Category:Application, Message:The web api getDataSourceId for virtual entity returned empty DataSourceId, ErrorCategory:ApplicationError",80058748-0000-c100-b63f-84710c7967bb
2024-02-18T09:58:57,Error,site-85de4385-0987-4ae5-9917-b7715602956d-AUe,7e7bb2,638438471375012878,0,35932,254,"RequestData:, RequestPath:/_services/about, RequestExtension:, SessionId:, UserId:FmRMOMwI45tagvLWMvRmuHwm24wCpC08AMtVn6Jjqn1MT6iX01DSx5w5TG2bbsuzMWVQarT1IewpojXGv0sohhUOBBRQHfX9v3LowvckVPY-VwISfORxlgDUekMq4Rt7TS2sI9t3PaBsKmueNw-xMg2, CorrelationId:ddded0da-1764-421c-b0d5-32a8312448d3, Elapsed:2278.4445, MemberName:PopulateVirtualEntitiesActualSource, SourceFilePath:C:\__w\1\s\Framework\Adxstudio.Xrm\Caching\VirtualEntitiesCacheHelper.cs, SourceLineNumber:125, Category:Application, Message:The web api getDataSourceId for virtual entity returned empty DataSourceId, ErrorCategory:ApplicationError",80058748-0000-c100-b63f-84710c7967bb
2024-02-18T09:58:57,Error,site-85de4385-0987-4ae5-9917-b7715602956d-AUe,7e7bb2,638438471375481628,0,35932,254,"RequestData:, RequestPath:/_services/about, RequestExtension:, SessionId:, UserId:FmRMOMwI45tagvLWMvRmuHwm24wCpC08AMtVn6Jjqn1MT6iX01DSx5w5TG2bbsuzMWVQarT1IewpojXGv0sohhUOBBRQHfX9v3LowvckVPY-VwISfORxlgDUekMq4Rt7TS2sI9t3PaBsKmueNw-xMg2, CorrelationId:ddded0da-1764-421c-b0d5-32a8312448d3, Elapsed:2322.4612, MemberName:PopulateVirtualEntitiesActualSource, SourceFilePath:C:\__w\1\s\Framework\Adxstudio.Xrm\Caching\VirtualEntitiesCacheHelper.cs, SourceLineNumber:125, Category:Application, Message:The web api getDataSourceId for virtual entity returned empty DataSourceId, ErrorCategory:ApplicationError",80058748-0000-c100-b63f-84710c7967bb
2024-02-18T09:58:57,Error,site-85de4385-0987-4ae5-9917-b7715602956d-AUe,7e7bb2,638438471375950716,0,35932,254,"RequestData:, RequestPath:/_services/about, RequestExtension:, SessionId:, UserId:FmRMOMwI45tagvLWMvRmuHwm24wCpC08AMtVn6Jjqn1MT6iX01DSx5w5TG2bbsuzMWVQarT1IewpojXGv0sohhUOBBRQHfX9v3LowvckVPY-VwISfORxlgDUekMq4Rt7TS2sI9t3PaBsKmueNw-xMg2, CorrelationId:ddded0da-1764-421c-b0d5-32a8312448d3, Elapsed:2376.9438, MemberName:PopulateVirtualEntitiesActualSource, SourceFilePath:C:\__w\1\s\Framework\Adxstudio.Xrm\Caching\VirtualEntitiesCacheHelper.cs, SourceLineNumber:125, Category:Application, Message:The web api getDataSourceId for virtual entity returned empty DataSourceId, ErrorCategory:ApplicationError",80058748-0000-c100-b63f-84710c7967bb
2024-02-18T09:58:57,Error,site-85de4385-0987-4ae5-9917-b7715602956d-AUe,7e7bb2,638438471376418801,0,35932,254,"RequestData:, RequestPath:/_services/about, RequestExtension:, SessionId:, UserId:FmRMOMwI45tagvLWMvRmuHwm24wCpC08AMtVn6Jjqn1MT6iX01DSx5w5TG2bbsuzMWVQarT1IewpojXGv0sohhUOBBRQHfX9v3LowvckVPY-VwISfORxlgDUekMq4Rt7TS2sI9t3PaBsKmueNw-xMg2, CorrelationId:ddded0da-1764-421c-b0d5-32a8312448d3, Elapsed:2421.0672, MemberName:PopulateVirtualEntitiesActualSource, SourceFilePath:C:\__w\1\s\Framework\Adxstudio.Xrm\Caching\VirtualEntitiesCacheHelper.cs, SourceLineNumber:125, Category:Application, Message:The web api getDataSourceId for virtual entity returned empty DataSourceId, ErrorCategory:ApplicationError",80058748-0000-c100-b63f-84710c7967bb
2024-02-18T09:58:57,Error,site-85de4385-0987-4ae5-9917-b7715602956d-AUe,7e7bb2,638438471376888010,0,35932,254,"RequestData:, RequestPath:/_services/about, RequestExtension:, SessionId:, UserId:FmRMOMwI45tagvLWMvRmuHwm24wCpC08AMtVn6Jjqn1MT6iX01DSx5w5TG2bbsuzMWVQarT1IewpojXGv0sohhUOBBRQHfX9v3LowvckVPY-VwISfORxlgDUekMq4Rt7TS2sI9t3PaBsKmueNw-xMg2, CorrelationId:ddded0da-1764-421c-b0d5-32a8312448d3, Elapsed:2464.8502, MemberName:PopulateVirtualEntitiesActualSource, SourceFilePath:C:\__w\1\s\Framework\Adxstudio.Xrm\Caching\VirtualEntitiesCacheHelper.cs, SourceLineNumber:125, Category:Application, Message:The web api getDataSourceId for virtual entity returned empty DataSourceId, ErrorCategory:ApplicationError",80058748-0000-c100-b63f-84710c7967bb
2024-02-18T09:58:57,Error,site-85de4385-0987-4ae5-9917-b7715602956d-AUe,7e7bb2,638438471377356703,0,35932,254,"RequestData:, RequestPath:/_services/about, RequestExtension:, SessionId:, UserId:FmRMOMwI45tagvLWMvRmuHwm24wCpC08AMtVn6Jjqn1MT6iX01DSx5w5TG2bbsuzMWVQarT1IewpojXGv0sohhUOBBRQHfX9v3LowvckVPY-VwISfORxlgDUekMq4Rt7TS2sI9t3PaBsKmueNw-xMg2, CorrelationId:ddded0da-1764-421c-b0d5-32a8312448d3, Elapsed:2508.9371, MemberName:PopulateVirtualEntitiesActualSource, SourceFilePath:C:\__w\1\s\Framework\Adxstudio.Xrm\Caching\VirtualEntitiesCacheHelper.cs, SourceLineNumber:125, Category:Application, Message:The web api getDataSourceId for virtual entity returned empty DataSourceId, ErrorCategory:ApplicationError",80058748-0000-c100-b63f-84710c7967bb
2024-02-18T09:58:57,Error,site-85de4385-0987-4ae5-9917-b7715602956d-AUe,7e7bb2,638438471377668764,0,35932,254,"RequestData:, RequestPath:/_services/about, RequestExtension:, SessionId:, UserId:FmRMOMwI45tagvLWMvRmuHwm24wCpC08AMtVn6Jjqn1MT6iX01DSx5w5TG2bbsuzMWVQarT1IewpojXGv0sohhUOBBRQHfX9v3LowvckVPY-VwISfORxlgDUekMq4Rt7TS2sI9t3PaBsKmueNw-xMg2, CorrelationId:ddded0da-1764-421c-b0d5-32a8312448d3, Elapsed:2551.1702, MemberName:PopulateVirtualEntitiesActualSource, SourceFilePath:C:\__w\1\s\Framework\Adxstudio.Xrm\Caching\VirtualEntitiesCacheHelper.cs, SourceLineNumber:125, Category:Application, Message:The web api getDataSourceId for virtual entity returned empty DataSourceId, ErrorCategory:ApplicationError",80058748-0000-c100-b63f-84710c7967bb
2024-02-18T09:58:57,Error,site-85de4385-0987-4ae5-9917-b7715602956d-AUe,7e7bb2,638438471378138055,0,35932,254,"RequestData:, RequestPath:/_services/about, RequestExtension:, SessionId:, UserId:FmRMOMwI45tagvLWMvRmuHwm24wCpC08AMtVn6Jjqn1MT6iX01DSx5w5TG2bbsuzMWVQarT1IewpojXGv0sohhUOBBRQHfX9v3LowvckVPY-VwISfORxlgDUekMq4Rt7TS2sI9t3PaBsKmueNw-xMg2, CorrelationId:ddded0da-1764-421c-b0d5-32a8312448d3, Elapsed:2593.9855, MemberName:PopulateVirtualEntitiesActualSource, SourceFilePath:C:\__w\1\s\Framework\Adxstudio.Xrm\Caching\VirtualEntitiesCacheHelper.cs, SourceLineNumber:125, Category:Application, Message:The web api getDataSourceId for virtual entity returned empty DataSourceId, ErrorCategory:ApplicationError",80058748-0000-c100-b63f-84710c7967bb
2024-02-18T09:58:57,Error,site-85de4385-0987-4ae5-9917-b7715602956d-AUe,7e7bb2,638438471378606935,0,35932,254,"RequestData:, RequestPath:/_services/about, RequestExtension:, SessionId:, UserId:FmRMOMwI45tagvLWMvRmuHwm24wCpC08AMtVn6Jjqn1MT6iX01DSx5w5TG2bbsuzMWVQarT1IewpojXGv0sohhUOBBRQHfX9v3LowvckVPY-VwISfORxlgDUekMq4Rt7TS2sI9t3PaBsKmueNw-xMg2, CorrelationId:ddded0da-1764-421c-b0d5-32a8312448d3, Elapsed:2638.6997, MemberName:PopulateVirtualEntitiesActualSource, SourceFilePath:C:\__w\1\s\Framework\Adxstudio.Xrm\Caching\VirtualEntitiesCacheHelper.cs, SourceLineNumber:125, Category:Application, Message:The web api getDataSourceId for virtual entity returned empty DataSourceId, ErrorCategory:ApplicationError",80058748-0000-c100-b63f-84710c7967bb
2024-02-18T09:58:57,Error,site-85de4385-0987-4ae5-9917-b7715602956d-AUe,7e7bb2,638438471379075795,0,35932,254,"RequestData:, RequestPath:/_services/about, RequestExtension:, SessionId:, UserId:FmRMOMwI45tagvLWMvRmuHwm24wCpC08AMtVn6Jjqn1MT6iX01DSx5w5TG2bbsuzMWVQarT1IewpojXGv0sohhUOBBRQHfX9v3LowvckVPY-VwISfORxlgDUekMq4Rt7TS2sI9t3PaBsKmueNw-xMg2, CorrelationId:ddded0da-1764-421c-b0d5-32a8312448d3, Elapsed:2685.5002, MemberName:PopulateVirtualEntitiesActualSource, SourceFilePath:C:\__w\1\s\Framework\Adxstudio.Xrm\Caching\VirtualEntitiesCacheHelper.cs, SourceLineNumber:125, Category:Application, Message:The web api getDataSourceId for virtual entity returned empty DataSourceId, ErrorCategory:ApplicationError",80058748-0000-c100-b63f-84710c7967bb
2024-02-18T09:58:57,Error,site-85de4385-0987-4ae5-9917-b7715602956d-AUe,7e7bb2,638438471379544607,0,35932,254,"RequestData:, RequestPath:/_services/about, RequestExtension:, SessionId:, UserId:FmRMOMwI45tagvLWMvRmuHwm24wCpC08AMtVn6Jjqn1MT6iX01DSx5w5TG2bbsuzMWVQarT1IewpojXGv0sohhUOBBRQHfX9v3LowvckVPY-VwISfORxlgDUekMq4Rt7TS2sI9t3PaBsKmueNw-xMg2, CorrelationId:ddded0da-1764-421c-b0d5-32a8312448d3, Elapsed:2728.8114, MemberName:PopulateVirtualEntitiesActualSource, SourceFilePath:C:\__w\1\s\Framework\Adxstudio.Xrm\Caching\VirtualEntitiesCacheHelper.cs, SourceLineNumber:125, Category:Application, Message:The web api getDataSourceId for virtual entity returned empty DataSourceId, ErrorCategory:ApplicationError",80058748-0000-c100-b63f-84710c7967bb
2024-02-18T09:58:57,Error,site-85de4385-0987-4ae5-9917-b7715602956d-AUe,7e7bb2,638438471379856398,0,35932,254,"RequestData:, RequestPath:/_services/about, RequestExtension:, SessionId:, UserId:FmRMOMwI45tagvLWMvRmuHwm24wCpC08AMtVn6Jjqn1MT6iX01DSx5w5TG2bbsuzMWVQarT1IewpojXGv0sohhUOBBRQHfX9v3LowvckVPY-VwISfORxlgDUekMq4Rt7TS2sI9t3PaBsKmueNw-xMg2, CorrelationId:ddded0da-1764-421c-b0d5-32a8312448d3, Elapsed:2770.1263, MemberName:PopulateVirtualEntitiesActualSource, SourceFilePath:C:\__w\1\s\Framework\Adxstudio.Xrm\Caching\VirtualEntitiesCacheHelper.cs, SourceLineNumber:125, Category:Application, Message:The web api getDataSourceId for virtual entity returned empty DataSourceId, ErrorCategory:ApplicationError",80058748-0000-c100-b63f-84710c7967bb
2024-02-18T09:58:58,Error,site-85de4385-0987-4ae5-9917-b7715602956d-AUe,7e7bb2,638438471380326646,0,35932,254,"RequestData:, RequestPath:/_services/about, RequestExtension:, SessionId:, UserId:FmRMOMwI45tagvLWMvRmuHwm24wCpC08AMtVn6Jjqn1MT6iX01DSx5w5TG2bbsuzMWVQarT1IewpojXGv0sohhUOBBRQHfX9v3LowvckVPY-VwISfORxlgDUekMq4Rt7TS2sI9t3PaBsKmueNw-xMg2, CorrelationId:ddded0da-1764-421c-b0d5-32a8312448d3, Elapsed:2812.4312, MemberName:PopulateVirtualEntitiesActualSource, SourceFilePath:C:\__w\1\s\Framework\Adxstudio.Xrm\Caching\VirtualEntitiesCacheHelper.cs, SourceLineNumber:125, Category:Application, Message:The web api getDataSourceId for virtual entity returned empty DataSourceId, ErrorCategory:ApplicationError",80058748-0000-c100-b63f-84710c7967bb
2024-02-18T09:58:58,Error,site-85de4385-0987-4ae5-9917-b7715602956d-AUe,7e7bb2,638438471380793870,0,35932,254,"RequestData:, RequestPath:/_services/about, RequestExtension:, SessionId:, UserId:FmRMOMwI45tagvLWMvRmuHwm24wCpC08AMtVn6Jjqn1MT6iX01DSx5w5TG2bbsuzMWVQarT1IewpojXGv0sohhUOBBRQHfX9v3LowvckVPY-VwISfORxlgDUekMq4Rt7TS2sI9t3PaBsKmueNw-xMg2, CorrelationId:ddded0da-1764-421c-b0d5-32a8312448d3, Elapsed:2854.3566, MemberName:PopulateVirtualEntitiesActualSource, SourceFilePath:C:\__w\1\s\Framework\Adxstudio.Xrm\Caching\VirtualEntitiesCacheHelper.cs, SourceLineNumber:125, Category:Application, Message:The web api getDataSourceId for virtual entity returned empty DataSourceId, ErrorCategory:ApplicationError",80058748-0000-c100-b63f-84710c7967bb
2024-02-18T09:58:58,Error,site-85de4385-0987-4ae5-9917-b7715602956d-AUe,7e7bb2,638438471381263112,0,35932,254,"RequestData:, RequestPath:/_services/about, RequestExtension:, SessionId:, UserId:FmRMOMwI45tagvLWMvRmuHwm24wCpC08AMtVn6Jjqn1MT6iX01DSx5w5TG2bbsuzMWVQarT1IewpojXGv0sohhUOBBRQHfX9v3LowvckVPY-VwISfORxlgDUekMq4Rt7TS2sI9t3PaBsKmueNw-xMg2, CorrelationId:ddded0da-1764-421c-b0d5-32a8312448d3, Elapsed:2897.3933, MemberName:PopulateVirtualEntitiesActualSource, SourceFilePath:C:\__w\1\s\Framework\Adxstudio.Xrm\Caching\VirtualEntitiesCacheHelper.cs, SourceLineNumber:125, Category:Application, Message:The web api getDataSourceId for virtual entity returned empty DataSourceId, ErrorCategory:ApplicationError",80058748-0000-c100-b63f-84710c7967bb
2024-02-18T09:58:58,Error,site-85de4385-0987-4ae5-9917-b7715602956d-AUe,7e7bb2,638438471381732403,0,35932,254,"RequestData:, RequestPath:/_services/about, RequestExtension:, SessionId:, UserId:FmRMOMwI45tagvLWMvRmuHwm24wCpC08AMtVn6Jjqn1MT6iX01DSx5w5TG2bbsuzMWVQarT1IewpojXGv0sohhUOBBRQHfX9v3LowvckVPY-VwISfORxlgDUekMq4Rt7TS2sI9t3PaBsKmueNw-xMg2, CorrelationId:ddded0da-1764-421c-b0d5-32a8312448d3, Elapsed:2944.4367, MemberName:PopulateVirtualEntitiesActualSource, SourceFilePath:C:\__w\1\s\Framework\Adxstudio.Xrm\Caching\VirtualEntitiesCacheHelper.cs, SourceLineNumber:125, Category:Application, Message:The web api getDataSourceId for virtual entity returned empty DataSourceId, ErrorCategory:ApplicationError",80058748-0000-c100-b63f-84710c7967bb
2024-02-18T09:58:58,Error,site-85de4385-0987-4ae5-9917-b7715602956d-AUe,7e7bb2,638438471382044632,0,35932,254,"RequestData:, RequestPath:/_services/about, RequestExtension:, SessionId:, UserId:FmRMOMwI45tagvLWMvRmuHwm24wCpC08AMtVn6Jjqn1MT6iX01DSx5w5TG2bbsuzMWVQarT1IewpojXGv0sohhUOBBRQHfX9v3LowvckVPY-VwISfORxlgDUekMq4Rt7TS2sI9t3PaBsKmueNw-xMg2, CorrelationId:ddded0da-1764-421c-b0d5-32a8312448d3, Elapsed:2987.104, MemberName:PopulateVirtualEntitiesActualSource, SourceFilePath:C:\__w\1\s\Framework\Adxstudio.Xrm\Caching\VirtualEntitiesCacheHelper.cs, SourceLineNumber:125, Category:Application, Message:The web api getDataSourceId for virtual entity returned empty DataSourceId, ErrorCategory:ApplicationError",80058748-0000-c100-b63f-84710c7967bb
2024-02-18T09:58:58,Error,site-85de4385-0987-4ae5-9917-b7715602956d-AUe,7e7bb2,638438471382513414,0,35932,254,"RequestData:, RequestPath:/_services/about, RequestExtension:, SessionId:, UserId:FmRMOMwI45tagvLWMvRmuHwm24wCpC08AMtVn6Jjqn1MT6iX01DSx5w5TG2bbsuzMWVQarT1IewpojXGv0sohhUOBBRQHfX9v3LowvckVPY-VwISfORxlgDUekMq4Rt7TS2sI9t3PaBsKmueNw-xMg2, CorrelationId:ddded0da-1764-421c-b0d5-32a8312448d3, Elapsed:3030.0436, MemberName:PopulateVirtualEntitiesActualSource, SourceFilePath:C:\__w\1\s\Framework\Adxstudio.Xrm\Caching\VirtualEntitiesCacheHelper.cs, SourceLineNumber:125, Category:Application, Message:The web api getDataSourceId for virtual entity returned empty DataSourceId, ErrorCategory:ApplicationError",80058748-0000-c100-b63f-84710c7967bb
2024-02-18T09:58:58,Error,site-85de4385-0987-4ae5-9917-b7715602956d-AUe,7e7bb2,638438471382982013,0,35932,254,"RequestData:, RequestPath:/_services/about, RequestExtension:, SessionId:, UserId:FmRMOMwI45tagvLWMvRmuHwm24wCpC08AMtVn6Jjqn1MT6iX01DSx5w5TG2bbsuzMWVQarT1IewpojXGv0sohhUOBBRQHfX9v3LowvckVPY-VwISfORxlgDUekMq4Rt7TS2sI9t3PaBsKmueNw-xMg2, CorrelationId:ddded0da-1764-421c-b0d5-32a8312448d3, Elapsed:3073.0807, MemberName:PopulateVirtualEntitiesActualSource, SourceFilePath:C:\__w\1\s\Framework\Adxstudio.Xrm\Caching\VirtualEntitiesCacheHelper.cs, SourceLineNumber:125, Category:Application, Message:The web api getDataSourceId for virtual entity returned empty DataSourceId, ErrorCategory:ApplicationError",80058748-0000-c100-b63f-84710c7967bb
2024-02-18T09:58:58,Error,site-85de4385-0987-4ae5-9917-b7715602956d-AUe,7e7bb2,638438471383450952,0,35932,254,"RequestData:, RequestPath:/_services/about, RequestExtension:, SessionId:, UserId:FmRMOMwI45tagvLWMvRmuHwm24wCpC08AMtVn6Jjqn1MT6iX01DSx5w5TG2bbsuzMWVQarT1IewpojXGv0sohhUOBBRQHfX9v3LowvckVPY-VwISfORxlgDUekMq4Rt7TS2sI9t3PaBsKmueNw-xMg2, CorrelationId:ddded0da-1764-421c-b0d5-32a8312448d3, Elapsed:3117.0134, MemberName:PopulateVirtualEntitiesActualSource, SourceFilePath:C:\__w\1\s\Framework\Adxstudio.Xrm\Caching\VirtualEntitiesCacheHelper.cs, SourceLineNumber:125, Category:Application, Message:The web api getDataSourceId for virtual entity returned empty DataSourceId, ErrorCategory:ApplicationError",80058748-0000-c100-b63f-84710c7967bb
2024-02-18T09:58:58,Error,site-85de4385-0987-4ae5-9917-b7715602956d-AUe,7e7bb2,638438471383762710,0,35932,254,"RequestData:, RequestPath:/_services/about, RequestExtension:, SessionId:, UserId:FmRMOMwI45tagvLWMvRmuHwm24wCpC08AMtVn6Jjqn1MT6iX01DSx5w5TG2bbsuzMWVQarT1IewpojXGv0sohhUOBBRQHfX9v3LowvckVPY-VwISfORxlgDUekMq4Rt7TS2sI9t3PaBsKmueNw-xMg2, CorrelationId:ddded0da-1764-421c-b0d5-32a8312448d3, Elapsed:3160.7348, MemberName:PopulateVirtualEntitiesActualSource, SourceFilePath:C:\__w\1\s\Framework\Adxstudio.Xrm\Caching\VirtualEntitiesCacheHelper.cs, SourceLineNumber:125, Category:Application, Message:The web api getDataSourceId for virtual entity returned empty DataSourceId, ErrorCategory:ApplicationError",80058748-0000-c100-b63f-84710c7967bb
2024-02-18T09:58:58,Error,site-85de4385-0987-4ae5-9917-b7715602956d-AUe,7e7bb2,638438471384232293,0,35932,254,"RequestData:, RequestPath:/_services/about, RequestExtension:, SessionId:, UserId:FmRMOMwI45tagvLWMvRmuHwm24wCpC08AMtVn6Jjqn1MT6iX01DSx5w5TG2bbsuzMWVQarT1IewpojXGv0sohhUOBBRQHfX9v3LowvckVPY-VwISfORxlgDUekMq4Rt7TS2sI9t3PaBsKmueNw-xMg2, CorrelationId:ddded0da-1764-421c-b0d5-32a8312448d3, Elapsed:3204.0115, MemberName:PopulateVirtualEntitiesActualSource, SourceFilePath:C:\__w\1\s\Framework\Adxstudio.Xrm\Caching\VirtualEntitiesCacheHelper.cs, SourceLineNumber:125, Category:Application, Message:The web api getDataSourceId for virtual entity returned empty DataSourceId, ErrorCategory:ApplicationError",80058748-0000-c100-b63f-84710c7967bb
2024-02-18T09:58:58,Error,site-85de4385-0987-4ae5-9917-b7715602956d-AUe,7e7bb2,638438471384700744,0,35932,254,"RequestData:, RequestPath:/_services/about, RequestExtension:, SessionId:, UserId:FmRMOMwI45tagvLWMvRmuHwm24wCpC08AMtVn6Jjqn1MT6iX01DSx5w5TG2bbsuzMWVQarT1IewpojXGv0sohhUOBBRQHfX9v3LowvckVPY-VwISfORxlgDUekMq4Rt7TS2sI9t3PaBsKmueNw-xMg2, CorrelationId:ddded0da-1764-421c-b0d5-32a8312448d3, Elapsed:3250.6231, MemberName:PopulateVirtualEntitiesActualSource, SourceFilePath:C:\__w\1\s\Framework\Adxstudio.Xrm\Caching\VirtualEntitiesCacheHelper.cs, SourceLineNumber:125, Category:Application, Message:The web api getDataSourceId for virtual entity returned empty DataSourceId, ErrorCategory:ApplicationError",80058748-0000-c100-b63f-84710c7967bb
