date,level,applicationName,instanceId,eventTickCount,eventId,pid,tid,message,activityId
2024-02-05T07:13:52,Error,site-85de4385-0987-4ae5-9917-b7715602956d-AUe,7e7bb2,638427140321856908,0,35932,32,"RequestData:, RequestPath:/_services/about, RequestExtension:, SessionId:, UserId:3tZel8GASEic9EaDKmA6cMS4j3KbF_PeiA3BfLVbDdE-9Kovlpku117z48xZK1RF3Vc15Tc3A-80W-QwTJnYq5rXlibCp0QbxlQvjH3GV_W683sWPuJ-jDA27hkqseN7_9ZKRNFUxgfMxchwZYDSHg2, CorrelationId:a87268dc-a901-41b3-91b3-d1a141ee5c8e, Elapsed:271.1436, MemberName:PopulateVirtualEntitiesActualSource, SourceFilePath:C:\__w\1\s\Framework\Adxstudio.Xrm\Caching\VirtualEntitiesCacheHelper.cs, SourceLineNumber:125, Category:Application, Message:The web api getDataSourceId for virtual entity returned empty DataSourceId, ErrorCategory:ApplicationError",8001c50a-0402-e300-b63f-84710c7967bb
2024-02-05T07:13:52,Error,site-85de4385-0987-4ae5-9917-b7715602956d-AUe,7e7bb2,638427140322325676,0,35932,32,"RequestData:, RequestPath:/_services/about, RequestExtension:, SessionId:, UserId:3tZel8GASEic9EaDKmA6cMS4j3KbF_PeiA3BfLVbDdE-9Kovlpku117z48xZK1RF3Vc15Tc3A-80W-QwTJnYq5rXlibCp0QbxlQvjH3GV_W683sWPuJ-jDA27hkqseN7_9ZKRNFUxgfMxchwZYDSHg2, CorrelationId:a87268dc-a901-41b3-91b3-d1a141ee5c8e, Elapsed:320.8708, MemberName:PopulateVirtualEntitiesActualSource, SourceFilePath:C:\__w\1\s\Framework\Adxstudio.Xrm\Caching\VirtualEntitiesCacheHelper.cs, SourceLineNumber:125, Category:Application, Message:The web api getDataSourceId for virtual entity returned empty DataSourceId, ErrorCategory:ApplicationError",8001c50a-0402-e300-b63f-84710c7967bb
2024-02-05T07:13:52,Error,site-85de4385-0987-4ae5-9917-b7715602956d-AUe,7e7bb2,638427140322794475,0,35932,32,"RequestData:, RequestPath:/_services/about, RequestExtension:, SessionId:, UserId:3tZel8GASEic9EaDKmA6cMS4j3KbF_PeiA3BfLVbDdE-9Kovlpku117z48xZK1RF3Vc15Tc3A-80W-QwTJnYq5rXlibCp0QbxlQvjH3GV_W683sWPuJ-jDA27hkqseN7_9ZKRNFUxgfMxchwZYDSHg2, CorrelationId:a87268dc-a901-41b3-91b3-d1a141ee5c8e, Elapsed:369.1215, MemberName:PopulateVirtualEntitiesActualSource, SourceFilePath:C:\__w\1\s\Framework\Adxstudio.Xrm\Caching\VirtualEntitiesCacheHelper.cs, SourceLineNumber:125, Category:Application, Message:The web api getDataSourceId for virtual entity returned empty DataSourceId, ErrorCategory:ApplicationError",8001c50a-0402-e300-b63f-84710c7967bb
2024-02-05T07:13:52,Error,site-85de4385-0987-4ae5-9917-b7715602956d-AUe,7e7bb2,638427140323263860,0,35932,32,"RequestData:, RequestPath:/_services/about, RequestExtension:, SessionId:, UserId:3tZel8GASEic9EaDKmA6cMS4j3KbF_PeiA3BfLVbDdE-9Kovlpku117z48xZK1RF3Vc15Tc3A-80W-QwTJnYq5rXlibCp0QbxlQvjH3GV_W683sWPuJ-jDA27hkqseN7_9ZKRNFUxgfMxchwZYDSHg2, CorrelationId:a87268dc-a901-41b3-91b3-d1a141ee5c8e, Elapsed:417.2602, MemberName:PopulateVirtualEntitiesActualSource, SourceFilePath:C:\__w\1\s\Framework\Adxstudio.Xrm\Caching\VirtualEntitiesCacheHelper.cs, SourceLineNumber:125, Category:Application, Message:The web api getDataSourceId for virtual entity returned empty DataSourceId, ErrorCategory:ApplicationError",8001c50a-0402-e300-b63f-84710c7967bb
2024-02-05T07:13:52,Error,site-85de4385-0987-4ae5-9917-b7715602956d-AUe,7e7bb2,638427140323732598,0,35932,32,"RequestData:, RequestPath:/_services/about, RequestExtension:, SessionId:, UserId:3tZel8GASEic9EaDKmA6cMS4j3KbF_PeiA3BfLVbDdE-9Kovlpku117z48xZK1RF3Vc15Tc3A-80W-QwTJnYq5rXlibCp0QbxlQvjH3GV_W683sWPuJ-jDA27hkqseN7_9ZKRNFUxgfMxchwZYDSHg2, CorrelationId:a87268dc-a901-41b3-91b3-d1a141ee5c8e, Elapsed:465.5344, MemberName:PopulateVirtualEntitiesActualSource, SourceFilePath:C:\__w\1\s\Framework\Adxstudio.Xrm\Caching\VirtualEntitiesCacheHelper.cs, SourceLineNumber:125, Category:Application, Message:The web api getDataSourceId for virtual entity returned empty DataSourceId, ErrorCategory:ApplicationError",8001c50a-0402-e300-b63f-84710c7967bb
2024-02-05T07:13:52,Error,site-85de4385-0987-4ae5-9917-b7715602956d-AUe,7e7bb2,638427140324201251,0,35932,32,"RequestData:, RequestPath:/_services/about, RequestExtension:, SessionId:, UserId:3tZel8GASEic9EaDKmA6cMS4j3KbF_PeiA3BfLVbDdE-9Kovlpku117z48xZK1RF3Vc15Tc3A-80W-QwTJnYq5rXlibCp0QbxlQvjH3GV_W683sWPuJ-jDA27hkqseN7_9ZKRNFUxgfMxchwZYDSHg2, CorrelationId:a87268dc-a901-41b3-91b3-d1a141ee5c8e, Elapsed:512.828, MemberName:PopulateVirtualEntitiesActualSource, SourceFilePath:C:\__w\1\s\Framework\Adxstudio.Xrm\Caching\VirtualEntitiesCacheHelper.cs, SourceLineNumber:125, Category:Application, Message:The web api getDataSourceId for virtual entity returned empty DataSourceId, ErrorCategory:ApplicationError",8001c50a-0402-e300-b63f-84710c7967bb
2024-02-05T07:13:52,Error,site-85de4385-0987-4ae5-9917-b7715602956d-AUe,7e7bb2,638427140324669961,0,35932,32,"RequestData:, RequestPath:/_services/about, RequestExtension:, SessionId:, UserId:3tZel8GASEic9EaDKmA6cMS4j3KbF_PeiA3BfLVbDdE-9Kovlpku117z48xZK1RF3Vc15Tc3A-80W-QwTJnYq5rXlibCp0QbxlQvjH3GV_W683sWPuJ-jDA27hkqseN7_9ZKRNFUxgfMxchwZYDSHg2, CorrelationId:a87268dc-a901-41b3-91b3-d1a141ee5c8e, Elapsed:560.0783, MemberName:PopulateVirtualEntitiesActualSource, SourceFilePath:C:\__w\1\s\Framework\Adxstudio.Xrm\Caching\VirtualEntitiesCacheHelper.cs, SourceLineNumber:125, Category:Application, Message:The web api getDataSourceId for virtual entity returned empty DataSourceId, ErrorCategory:ApplicationError",8001c50a-0402-e300-b63f-84710c7967bb
2024-02-05T07:13:52,Error,site-85de4385-0987-4ae5-9917-b7715602956d-AUe,7e7bb2,638427140325138803,0,35932,32,"RequestData:, RequestPath:/_services/about, RequestExtension:, SessionId:, UserId:3tZel8GASEic9EaDKmA6cMS4j3KbF_PeiA3BfLVbDdE-9Kovlpku117z48xZK1RF3Vc15Tc3A-80W-QwTJnYq5rXlibCp0QbxlQvjH3GV_W683sWPuJ-jDA27hkqseN7_9ZKRNFUxgfMxchwZYDSHg2, CorrelationId:a87268dc-a901-41b3-91b3-d1a141ee5c8e, Elapsed:607.4089, MemberName:PopulateVirtualEntitiesActualSource, SourceFilePath:C:\__w\1\s\Framework\Adxstudio.Xrm\Caching\VirtualEntitiesCacheHelper.cs, SourceLineNumber:125, Category:Application, Message:The web api getDataSourceId for virtual entity returned empty DataSourceId, ErrorCategory:ApplicationError",8001c50a-0402-e300-b63f-84710c7967bb
2024-02-05T07:13:52,Error,site-85de4385-0987-4ae5-9917-b7715602956d-AUe,7e7bb2,638427140325607509,0,35932,32,"RequestData:, RequestPath:/_services/about, RequestExtension:, SessionId:, UserId:3tZel8GASEic9EaDKmA6cMS4j3KbF_PeiA3BfLVbDdE-9Kovlpku117z48xZK1RF3Vc15Tc3A-80W-QwTJnYq5rXlibCp0QbxlQvjH3GV_W683sWPuJ-jDA27hkqseN7_9ZKRNFUxgfMxchwZYDSHg2, CorrelationId:a87268dc-a901-41b3-91b3-d1a141ee5c8e, Elapsed:657.2283, MemberName:PopulateVirtualEntitiesActualSource, SourceFilePath:C:\__w\1\s\Framework\Adxstudio.Xrm\Caching\VirtualEntitiesCacheHelper.cs, SourceLineNumber:125, Category:Application, Message:The web api getDataSourceId for virtual entity returned empty DataSourceId, ErrorCategory:ApplicationError",8001c50a-0402-e300-b63f-84710c7967bb
2024-02-05T07:13:52,Error,site-85de4385-0987-4ae5-9917-b7715602956d-AUe,7e7bb2,638427140326233136,0,35932,32,"RequestData:, RequestPath:/_services/about, RequestExtension:, SessionId:, UserId:3tZel8GASEic9EaDKmA6cMS4j3KbF_PeiA3BfLVbDdE-9Kovlpku117z48xZK1RF3Vc15Tc3A-80W-QwTJnYq5rXlibCp0QbxlQvjH3GV_W683sWPuJ-jDA27hkqseN7_9ZKRNFUxgfMxchwZYDSHg2, CorrelationId:a87268dc-a901-41b3-91b3-d1a141ee5c8e, Elapsed:706.9816, MemberName:PopulateVirtualEntitiesActualSource, SourceFilePath:C:\__w\1\s\Framework\Adxstudio.Xrm\Caching\VirtualEntitiesCacheHelper.cs, SourceLineNumber:125, Category:Application, Message:The web api getDataSourceId for virtual entity returned empty DataSourceId, ErrorCategory:ApplicationError",8001c50a-0402-e300-b63f-84710c7967bb
2024-02-05T07:13:52,Error,site-85de4385-0987-4ae5-9917-b7715602956d-AUe,7e7bb2,638427140326701341,0,35932,32,"RequestData:, RequestPath:/_services/about, RequestExtension:, SessionId:, UserId:3tZel8GASEic9EaDKmA6cMS4j3KbF_PeiA3BfLVbDdE-9Kovlpku117z48xZK1RF3Vc15Tc3A-80W-QwTJnYq5rXlibCp0QbxlQvjH3GV_W683sWPuJ-jDA27hkqseN7_9ZKRNFUxgfMxchwZYDSHg2, CorrelationId:a87268dc-a901-41b3-91b3-d1a141ee5c8e, Elapsed:758.2279, MemberName:PopulateVirtualEntitiesActualSource, SourceFilePath:C:\__w\1\s\Framework\Adxstudio.Xrm\Caching\VirtualEntitiesCacheHelper.cs, SourceLineNumber:125, Category:Application, Message:The web api getDataSourceId for virtual entity returned empty DataSourceId, ErrorCategory:ApplicationError",8001c50a-0402-e300-b63f-84710c7967bb
2024-02-05T07:13:52,Error,site-85de4385-0987-4ae5-9917-b7715602956d-AUe,7e7bb2,638427140327170082,0,35932,32,"RequestData:, RequestPath:/_services/about, RequestExtension:, SessionId:, UserId:3tZel8GASEic9EaDKmA6cMS4j3KbF_PeiA3BfLVbDdE-9Kovlpku117z48xZK1RF3Vc15Tc3A-80W-QwTJnYq5rXlibCp0QbxlQvjH3GV_W683sWPuJ-jDA27hkqseN7_9ZKRNFUxgfMxchwZYDSHg2, CorrelationId:a87268dc-a901-41b3-91b3-d1a141ee5c8e, Elapsed:807.8234, MemberName:PopulateVirtualEntitiesActualSource, SourceFilePath:C:\__w\1\s\Framework\Adxstudio.Xrm\Caching\VirtualEntitiesCacheHelper.cs, SourceLineNumber:125, Category:Application, Message:The web api getDataSourceId for virtual entity returned empty DataSourceId, ErrorCategory:ApplicationError",8001c50a-0402-e300-b63f-84710c7967bb
2024-02-05T07:13:52,Error,site-85de4385-0987-4ae5-9917-b7715602956d-AUe,7e7bb2,638427140327794555,0,35932,32,"RequestData:, RequestPath:/_services/about, RequestExtension:, SessionId:, UserId:3tZel8GASEic9EaDKmA6cMS4j3KbF_PeiA3BfLVbDdE-9Kovlpku117z48xZK1RF3Vc15Tc3A-80W-QwTJnYq5rXlibCp0QbxlQvjH3GV_W683sWPuJ-jDA27hkqseN7_9ZKRNFUxgfMxchwZYDSHg2, CorrelationId:a87268dc-a901-41b3-91b3-d1a141ee5c8e, Elapsed:862.9633, MemberName:PopulateVirtualEntitiesActualSource, SourceFilePath:C:\__w\1\s\Framework\Adxstudio.Xrm\Caching\VirtualEntitiesCacheHelper.cs, SourceLineNumber:125, Category:Application, Message:The web api getDataSourceId for virtual entity returned empty DataSourceId, ErrorCategory:ApplicationError",8001c50a-0402-e300-b63f-84710c7967bb
2024-02-05T07:13:52,Error,site-85de4385-0987-4ae5-9917-b7715602956d-AUe,7e7bb2,638427140328263922,0,35932,32,"RequestData:, RequestPath:/_services/about, RequestExtension:, SessionId:, UserId:3tZel8GASEic9EaDKmA6cMS4j3KbF_PeiA3BfLVbDdE-9Kovlpku117z48xZK1RF3Vc15Tc3A-80W-QwTJnYq5rXlibCp0QbxlQvjH3GV_W683sWPuJ-jDA27hkqseN7_9ZKRNFUxgfMxchwZYDSHg2, CorrelationId:a87268dc-a901-41b3-91b3-d1a141ee5c8e, Elapsed:911.7377, MemberName:PopulateVirtualEntitiesActualSource, SourceFilePath:C:\__w\1\s\Framework\Adxstudio.Xrm\Caching\VirtualEntitiesCacheHelper.cs, SourceLineNumber:125, Category:Application, Message:The web api getDataSourceId for virtual entity returned empty DataSourceId, ErrorCategory:ApplicationError",8001c50a-0402-e300-b63f-84710c7967bb
2024-02-05T07:13:52,Error,site-85de4385-0987-4ae5-9917-b7715602956d-AUe,7e7bb2,638427140328732083,0,35932,32,"RequestData:, RequestPath:/_services/about, RequestExtension:, SessionId:, UserId:3tZel8GASEic9EaDKmA6cMS4j3KbF_PeiA3BfLVbDdE-9Kovlpku117z48xZK1RF3Vc15Tc3A-80W-QwTJnYq5rXlibCp0QbxlQvjH3GV_W683sWPuJ-jDA27hkqseN7_9ZKRNFUxgfMxchwZYDSHg2, CorrelationId:a87268dc-a901-41b3-91b3-d1a141ee5c8e, Elapsed:961.6929, MemberName:PopulateVirtualEntitiesActualSource, SourceFilePath:C:\__w\1\s\Framework\Adxstudio.Xrm\Caching\VirtualEntitiesCacheHelper.cs, SourceLineNumber:125, Category:Application, Message:The web api getDataSourceId for virtual entity returned empty DataSourceId, ErrorCategory:ApplicationError",8001c50a-0402-e300-b63f-84710c7967bb
2024-02-05T07:13:52,Error,site-85de4385-0987-4ae5-9917-b7715602956d-AUe,7e7bb2,638427140329201377,0,35932,32,"RequestData:, RequestPath:/_services/about, RequestExtension:, SessionId:, UserId:3tZel8GASEic9EaDKmA6cMS4j3KbF_PeiA3BfLVbDdE-9Kovlpku117z48xZK1RF3Vc15Tc3A-80W-QwTJnYq5rXlibCp0QbxlQvjH3GV_W683sWPuJ-jDA27hkqseN7_9ZKRNFUxgfMxchwZYDSHg2, CorrelationId:a87268dc-a901-41b3-91b3-d1a141ee5c8e, Elapsed:1010.7026, MemberName:PopulateVirtualEntitiesActualSource, SourceFilePath:C:\__w\1\s\Framework\Adxstudio.Xrm\Caching\VirtualEntitiesCacheHelper.cs, SourceLineNumber:125, Category:Application, Message:The web api getDataSourceId for virtual entity returned empty DataSourceId, ErrorCategory:ApplicationError",8001c50a-0402-e300-b63f-84710c7967bb
2024-02-05T07:13:52,Error,site-85de4385-0987-4ae5-9917-b7715602956d-AUe,7e7bb2,638427140329826849,0,35932,32,"RequestData:, RequestPath:/_services/about, RequestExtension:, SessionId:, UserId:3tZel8GASEic9EaDKmA6cMS4j3KbF_PeiA3BfLVbDdE-9Kovlpku117z48xZK1RF3Vc15Tc3A-80W-QwTJnYq5rXlibCp0QbxlQvjH3GV_W683sWPuJ-jDA27hkqseN7_9ZKRNFUxgfMxchwZYDSHg2, CorrelationId:a87268dc-a901-41b3-91b3-d1a141ee5c8e, Elapsed:1066.3667, MemberName:PopulateVirtualEntitiesActualSource, SourceFilePath:C:\__w\1\s\Framework\Adxstudio.Xrm\Caching\VirtualEntitiesCacheHelper.cs, SourceLineNumber:125, Category:Application, Message:The web api getDataSourceId for virtual entity returned empty DataSourceId, ErrorCategory:ApplicationError",8001c50a-0402-e300-b63f-84710c7967bb
2024-02-05T07:13:53,Error,site-85de4385-0987-4ae5-9917-b7715602956d-AUe,7e7bb2,638427140330295145,0,35932,32,"RequestData:, RequestPath:/_services/about, RequestExtension:, SessionId:, UserId:3tZel8GASEic9EaDKmA6cMS4j3KbF_PeiA3BfLVbDdE-9Kovlpku117z48xZK1RF3Vc15Tc3A-80W-QwTJnYq5rXlibCp0QbxlQvjH3GV_W683sWPuJ-jDA27hkqseN7_9ZKRNFUxgfMxchwZYDSHg2, CorrelationId:a87268dc-a901-41b3-91b3-d1a141ee5c8e, Elapsed:1120.5548, MemberName:PopulateVirtualEntitiesActualSource, SourceFilePath:C:\__w\1\s\Framework\Adxstudio.Xrm\Caching\VirtualEntitiesCacheHelper.cs, SourceLineNumber:125, Category:Application, Message:The web api getDataSourceId for virtual entity returned empty DataSourceId, ErrorCategory:ApplicationError",8001c50a-0402-e300-b63f-84710c7967bb
2024-02-05T07:13:53,Error,site-85de4385-0987-4ae5-9917-b7715602956d-AUe,7e7bb2,638427140330920135,0,35932,32,"RequestData:, RequestPath:/_services/about, RequestExtension:, SessionId:, UserId:3tZel8GASEic9EaDKmA6cMS4j3KbF_PeiA3BfLVbDdE-9Kovlpku117z48xZK1RF3Vc15Tc3A-80W-QwTJnYq5rXlibCp0QbxlQvjH3GV_W683sWPuJ-jDA27hkqseN7_9ZKRNFUxgfMxchwZYDSHg2, CorrelationId:a87268dc-a901-41b3-91b3-d1a141ee5c8e, Elapsed:1179.9152, MemberName:PopulateVirtualEntitiesActualSource, SourceFilePath:C:\__w\1\s\Framework\Adxstudio.Xrm\Caching\VirtualEntitiesCacheHelper.cs, SourceLineNumber:125, Category:Application, Message:The web api getDataSourceId for virtual entity returned empty DataSourceId, ErrorCategory:ApplicationError",8001c50a-0402-e300-b63f-84710c7967bb
2024-02-05T07:13:53,Error,site-85de4385-0987-4ae5-9917-b7715602956d-AUe,7e7bb2,638427140331388942,0,35932,32,"RequestData:, RequestPath:/_services/about, RequestExtension:, SessionId:, UserId:3tZel8GASEic9EaDKmA6cMS4j3KbF_PeiA3BfLVbDdE-9Kovlpku117z48xZK1RF3Vc15Tc3A-80W-QwTJnYq5rXlibCp0QbxlQvjH3GV_W683sWPuJ-jDA27hkqseN7_9ZKRNFUxgfMxchwZYDSHg2, CorrelationId:a87268dc-a901-41b3-91b3-d1a141ee5c8e, Elapsed:1230.8537, MemberName:PopulateVirtualEntitiesActualSource, SourceFilePath:C:\__w\1\s\Framework\Adxstudio.Xrm\Caching\VirtualEntitiesCacheHelper.cs, SourceLineNumber:125, Category:Application, Message:The web api getDataSourceId for virtual entity returned empty DataSourceId, ErrorCategory:ApplicationError",8001c50a-0402-e300-b63f-84710c7967bb
2024-02-05T07:13:53,Error,site-85de4385-0987-4ae5-9917-b7715602956d-AUe,7e7bb2,638427140331857682,0,35932,32,"RequestData:, RequestPath:/_services/about, RequestExtension:, SessionId:, UserId:3tZel8GASEic9EaDKmA6cMS4j3KbF_PeiA3BfLVbDdE-9Kovlpku117z48xZK1RF3Vc15Tc3A-80W-QwTJnYq5rXlibCp0QbxlQvjH3GV_W683sWPuJ-jDA27hkqseN7_9ZKRNFUxgfMxchwZYDSHg2, CorrelationId:a87268dc-a901-41b3-91b3-d1a141ee5c8e, Elapsed:1279.153, MemberName:PopulateVirtualEntitiesActualSource, SourceFilePath:C:\__w\1\s\Framework\Adxstudio.Xrm\Caching\VirtualEntitiesCacheHelper.cs, SourceLineNumber:125, Category:Application, Message:The web api getDataSourceId for virtual entity returned empty DataSourceId, ErrorCategory:ApplicationError",8001c50a-0402-e300-b63f-84710c7967bb
2024-02-05T07:13:53,Error,site-85de4385-0987-4ae5-9917-b7715602956d-AUe,7e7bb2,638427140332482837,0,35932,32,"RequestData:, RequestPath:/_services/about, RequestExtension:, SessionId:, UserId:3tZel8GASEic9EaDKmA6cMS4j3KbF_PeiA3BfLVbDdE-9Kovlpku117z48xZK1RF3Vc15Tc3A-80W-QwTJnYq5rXlibCp0QbxlQvjH3GV_W683sWPuJ-jDA27hkqseN7_9ZKRNFUxgfMxchwZYDSHg2, CorrelationId:a87268dc-a901-41b3-91b3-d1a141ee5c8e, Elapsed:1335.6316, MemberName:PopulateVirtualEntitiesActualSource, SourceFilePath:C:\__w\1\s\Framework\Adxstudio.Xrm\Caching\VirtualEntitiesCacheHelper.cs, SourceLineNumber:125, Category:Application, Message:The web api getDataSourceId for virtual entity returned empty DataSourceId, ErrorCategory:ApplicationError",8001c50a-0402-e300-b63f-84710c7967bb
2024-02-05T07:13:53,Error,site-85de4385-0987-4ae5-9917-b7715602956d-AUe,7e7bb2,638427140332951439,0,35932,32,"RequestData:, RequestPath:/_services/about, RequestExtension:, SessionId:, UserId:3tZel8GASEic9EaDKmA6cMS4j3KbF_PeiA3BfLVbDdE-9Kovlpku117z48xZK1RF3Vc15Tc3A-80W-QwTJnYq5rXlibCp0QbxlQvjH3GV_W683sWPuJ-jDA27hkqseN7_9ZKRNFUxgfMxchwZYDSHg2, CorrelationId:a87268dc-a901-41b3-91b3-d1a141ee5c8e, Elapsed:1392.1422, MemberName:PopulateVirtualEntitiesActualSource, SourceFilePath:C:\__w\1\s\Framework\Adxstudio.Xrm\Caching\VirtualEntitiesCacheHelper.cs, SourceLineNumber:125, Category:Application, Message:The web api getDataSourceId for virtual entity returned empty DataSourceId, ErrorCategory:ApplicationError",8001c50a-0402-e300-b63f-84710c7967bb
2024-02-05T07:13:53,Error,site-85de4385-0987-4ae5-9917-b7715602956d-AUe,7e7bb2,638427140333576474,0,35932,32,"RequestData:, RequestPath:/_services/about, RequestExtension:, SessionId:, UserId:3tZel8GASEic9EaDKmA6cMS4j3KbF_PeiA3BfLVbDdE-9Kovlpku117z48xZK1RF3Vc15Tc3A-80W-QwTJnYq5rXlibCp0QbxlQvjH3GV_W683sWPuJ-jDA27hkqseN7_9ZKRNFUxgfMxchwZYDSHg2, CorrelationId:a87268dc-a901-41b3-91b3-d1a141ee5c8e, Elapsed:1443.6522, MemberName:PopulateVirtualEntitiesActualSource, SourceFilePath:C:\__w\1\s\Framework\Adxstudio.Xrm\Caching\VirtualEntitiesCacheHelper.cs, SourceLineNumber:125, Category:Application, Message:The web api getDataSourceId for virtual entity returned empty DataSourceId, ErrorCategory:ApplicationError",8001c50a-0402-e300-b63f-84710c7967bb
2024-02-05T07:13:53,Error,site-85de4385-0987-4ae5-9917-b7715602956d-AUe,7e7bb2,638427140334045230,0,35932,32,"RequestData:, RequestPath:/_services/about, RequestExtension:, SessionId:, UserId:3tZel8GASEic9EaDKmA6cMS4j3KbF_PeiA3BfLVbDdE-9Kovlpku117z48xZK1RF3Vc15Tc3A-80W-QwTJnYq5rXlibCp0QbxlQvjH3GV_W683sWPuJ-jDA27hkqseN7_9ZKRNFUxgfMxchwZYDSHg2, CorrelationId:a87268dc-a901-41b3-91b3-d1a141ee5c8e, Elapsed:1496.6452, MemberName:PopulateVirtualEntitiesActualSource, SourceFilePath:C:\__w\1\s\Framework\Adxstudio.Xrm\Caching\VirtualEntitiesCacheHelper.cs, SourceLineNumber:125, Category:Application, Message:The web api getDataSourceId for virtual entity returned empty DataSourceId, ErrorCategory:ApplicationError",8001c50a-0402-e300-b63f-84710c7967bb
2024-02-05T07:13:53,Error,site-85de4385-0987-4ae5-9917-b7715602956d-AUe,7e7bb2,638427140336232763,0,35932,32,"RequestData:, RequestPath:/_services/about, RequestExtension:, SessionId:, UserId:3tZel8GASEic9EaDKmA6cMS4j3KbF_PeiA3BfLVbDdE-9Kovlpku117z48xZK1RF3Vc15Tc3A-80W-QwTJnYq5rXlibCp0QbxlQvjH3GV_W683sWPuJ-jDA27hkqseN7_9ZKRNFUxgfMxchwZYDSHg2, CorrelationId:a87268dc-a901-41b3-91b3-d1a141ee5c8e, Elapsed:1715.8246, MemberName:PopulateVirtualEntitiesActualSource, SourceFilePath:C:\__w\1\s\Framework\Adxstudio.Xrm\Caching\VirtualEntitiesCacheHelper.cs, SourceLineNumber:125, Category:Application, Message:The web api getDataSourceId for virtual entity returned empty DataSourceId, ErrorCategory:ApplicationError",8001c50a-0402-e300-b63f-84710c7967bb
2024-02-05T07:13:53,Error,site-85de4385-0987-4ae5-9917-b7715602956d-AUe,7e7bb2,638427140336857827,0,35932,32,"RequestData:, RequestPath:/_services/about, RequestExtension:, SessionId:, UserId:3tZel8GASEic9EaDKmA6cMS4j3KbF_PeiA3BfLVbDdE-9Kovlpku117z48xZK1RF3Vc15Tc3A-80W-QwTJnYq5rXlibCp0QbxlQvjH3GV_W683sWPuJ-jDA27hkqseN7_9ZKRNFUxgfMxchwZYDSHg2, CorrelationId:a87268dc-a901-41b3-91b3-d1a141ee5c8e, Elapsed:1773.5678, MemberName:PopulateVirtualEntitiesActualSource, SourceFilePath:C:\__w\1\s\Framework\Adxstudio.Xrm\Caching\VirtualEntitiesCacheHelper.cs, SourceLineNumber:125, Category:Application, Message:The web api getDataSourceId for virtual entity returned empty DataSourceId, ErrorCategory:ApplicationError",8001c50a-0402-e300-b63f-84710c7967bb
2024-02-05T07:13:53,Error,site-85de4385-0987-4ae5-9917-b7715602956d-AUe,7e7bb2,638427140337482846,0,35932,32,"RequestData:, RequestPath:/_services/about, RequestExtension:, SessionId:, UserId:3tZel8GASEic9EaDKmA6cMS4j3KbF_PeiA3BfLVbDdE-9Kovlpku117z48xZK1RF3Vc15Tc3A-80W-QwTJnYq5rXlibCp0QbxlQvjH3GV_W683sWPuJ-jDA27hkqseN7_9ZKRNFUxgfMxchwZYDSHg2, CorrelationId:a87268dc-a901-41b3-91b3-d1a141ee5c8e, Elapsed:1832.0845, MemberName:PopulateVirtualEntitiesActualSource, SourceFilePath:C:\__w\1\s\Framework\Adxstudio.Xrm\Caching\VirtualEntitiesCacheHelper.cs, SourceLineNumber:125, Category:Application, Message:The web api getDataSourceId for virtual entity returned empty DataSourceId, ErrorCategory:ApplicationError",8001c50a-0402-e300-b63f-84710c7967bb
2024-02-05T07:13:53,Error,site-85de4385-0987-4ae5-9917-b7715602956d-AUe,7e7bb2,638427140337951558,0,35932,32,"RequestData:, RequestPath:/_services/about, RequestExtension:, SessionId:, UserId:3tZel8GASEic9EaDKmA6cMS4j3KbF_PeiA3BfLVbDdE-9Kovlpku117z48xZK1RF3Vc15Tc3A-80W-QwTJnYq5rXlibCp0QbxlQvjH3GV_W683sWPuJ-jDA27hkqseN7_9ZKRNFUxgfMxchwZYDSHg2, CorrelationId:a87268dc-a901-41b3-91b3-d1a141ee5c8e, Elapsed:1882.2594, MemberName:PopulateVirtualEntitiesActualSource, SourceFilePath:C:\__w\1\s\Framework\Adxstudio.Xrm\Caching\VirtualEntitiesCacheHelper.cs, SourceLineNumber:125, Category:Application, Message:The web api getDataSourceId for virtual entity returned empty DataSourceId, ErrorCategory:ApplicationError",8001c50a-0402-e300-b63f-84710c7967bb
2024-02-05T07:13:53,Error,site-85de4385-0987-4ae5-9917-b7715602956d-AUe,7e7bb2,638427140338420437,0,35932,32,"RequestData:, RequestPath:/_services/about, RequestExtension:, SessionId:, UserId:3tZel8GASEic9EaDKmA6cMS4j3KbF_PeiA3BfLVbDdE-9Kovlpku117z48xZK1RF3Vc15Tc3A-80W-QwTJnYq5rXlibCp0QbxlQvjH3GV_W683sWPuJ-jDA27hkqseN7_9ZKRNFUxgfMxchwZYDSHg2, CorrelationId:a87268dc-a901-41b3-91b3-d1a141ee5c8e, Elapsed:1936.9068, MemberName:PopulateVirtualEntitiesActualSource, SourceFilePath:C:\__w\1\s\Framework\Adxstudio.Xrm\Caching\VirtualEntitiesCacheHelper.cs, SourceLineNumber:125, Category:Application, Message:The web api getDataSourceId for virtual entity returned empty DataSourceId, ErrorCategory:ApplicationError",8001c50a-0402-e300-b63f-84710c7967bb
2024-02-05T07:13:53,Error,site-85de4385-0987-4ae5-9917-b7715602956d-AUe,7e7bb2,638427140339044840,0,35932,32,"RequestData:, RequestPath:/_services/about, RequestExtension:, SessionId:, UserId:3tZel8GASEic9EaDKmA6cMS4j3KbF_PeiA3BfLVbDdE-9Kovlpku117z48xZK1RF3Vc15Tc3A-80W-QwTJnYq5rXlibCp0QbxlQvjH3GV_W683sWPuJ-jDA27hkqseN7_9ZKRNFUxgfMxchwZYDSHg2, CorrelationId:a87268dc-a901-41b3-91b3-d1a141ee5c8e, Elapsed:1988.4369, MemberName:PopulateVirtualEntitiesActualSource, SourceFilePath:C:\__w\1\s\Framework\Adxstudio.Xrm\Caching\VirtualEntitiesCacheHelper.cs, SourceLineNumber:125, Category:Application, Message:The web api getDataSourceId for virtual entity returned empty DataSourceId, ErrorCategory:ApplicationError",8001c50a-0402-e300-b63f-84710c7967bb
2024-02-05T07:13:53,Error,site-85de4385-0987-4ae5-9917-b7715602956d-AUe,7e7bb2,638427140339514234,0,35932,32,"RequestData:, RequestPath:/_services/about, RequestExtension:, SessionId:, UserId:3tZel8GASEic9EaDKmA6cMS4j3KbF_PeiA3BfLVbDdE-9Kovlpku117z48xZK1RF3Vc15Tc3A-80W-QwTJnYq5rXlibCp0QbxlQvjH3GV_W683sWPuJ-jDA27hkqseN7_9ZKRNFUxgfMxchwZYDSHg2, CorrelationId:a87268dc-a901-41b3-91b3-d1a141ee5c8e, Elapsed:2038.7248, MemberName:PopulateVirtualEntitiesActualSource, SourceFilePath:C:\__w\1\s\Framework\Adxstudio.Xrm\Caching\VirtualEntitiesCacheHelper.cs, SourceLineNumber:125, Category:Application, Message:The web api getDataSourceId for virtual entity returned empty DataSourceId, ErrorCategory:ApplicationError",8001c50a-0402-e300-b63f-84710c7967bb
2024-02-05T07:13:53,Error,site-85de4385-0987-4ae5-9917-b7715602956d-AUe,7e7bb2,638427140339982832,0,35932,32,"RequestData:, RequestPath:/_services/about, RequestExtension:, SessionId:, UserId:3tZel8GASEic9EaDKmA6cMS4j3KbF_PeiA3BfLVbDdE-9Kovlpku117z48xZK1RF3Vc15Tc3A-80W-QwTJnYq5rXlibCp0QbxlQvjH3GV_W683sWPuJ-jDA27hkqseN7_9ZKRNFUxgfMxchwZYDSHg2, CorrelationId:a87268dc-a901-41b3-91b3-d1a141ee5c8e, Elapsed:2088.9424, MemberName:PopulateVirtualEntitiesActualSource, SourceFilePath:C:\__w\1\s\Framework\Adxstudio.Xrm\Caching\VirtualEntitiesCacheHelper.cs, SourceLineNumber:125, Category:Application, Message:The web api getDataSourceId for virtual entity returned empty DataSourceId, ErrorCategory:ApplicationError",8001c50a-0402-e300-b63f-84710c7967bb
2024-02-05T07:13:54,Error,site-85de4385-0987-4ae5-9917-b7715602956d-AUe,7e7bb2,638427140340608175,0,35932,32,"RequestData:, RequestPath:/_services/about, RequestExtension:, SessionId:, UserId:3tZel8GASEic9EaDKmA6cMS4j3KbF_PeiA3BfLVbDdE-9Kovlpku117z48xZK1RF3Vc15Tc3A-80W-QwTJnYq5rXlibCp0QbxlQvjH3GV_W683sWPuJ-jDA27hkqseN7_9ZKRNFUxgfMxchwZYDSHg2, CorrelationId:a87268dc-a901-41b3-91b3-d1a141ee5c8e, Elapsed:2144.7921, MemberName:PopulateVirtualEntitiesActualSource, SourceFilePath:C:\__w\1\s\Framework\Adxstudio.Xrm\Caching\VirtualEntitiesCacheHelper.cs, SourceLineNumber:125, Category:Application, Message:The web api getDataSourceId for virtual entity returned empty DataSourceId, ErrorCategory:ApplicationError",8001c50a-0402-e300-b63f-84710c7967bb
2024-02-05T07:13:54,Error,site-85de4385-0987-4ae5-9917-b7715602956d-AUe,7e7bb2,638427140341076675,0,35932,32,"RequestData:, RequestPath:/_services/about, RequestExtension:, SessionId:, UserId:3tZel8GASEic9EaDKmA6cMS4j3KbF_PeiA3BfLVbDdE-9Kovlpku117z48xZK1RF3Vc15Tc3A-80W-QwTJnYq5rXlibCp0QbxlQvjH3GV_W683sWPuJ-jDA27hkqseN7_9ZKRNFUxgfMxchwZYDSHg2, CorrelationId:a87268dc-a901-41b3-91b3-d1a141ee5c8e, Elapsed:2194.6342, MemberName:PopulateVirtualEntitiesActualSource, SourceFilePath:C:\__w\1\s\Framework\Adxstudio.Xrm\Caching\VirtualEntitiesCacheHelper.cs, SourceLineNumber:125, Category:Application, Message:The web api getDataSourceId for virtual entity returned empty DataSourceId, ErrorCategory:ApplicationError",8001c50a-0402-e300-b63f-84710c7967bb
2024-02-05T07:13:54,Error,site-85de4385-0987-4ae5-9917-b7715602956d-AUe,7e7bb2,638427140341545434,0,35932,32,"RequestData:, RequestPath:/_services/about, RequestExtension:, SessionId:, UserId:3tZel8GASEic9EaDKmA6cMS4j3KbF_PeiA3BfLVbDdE-9Kovlpku117z48xZK1RF3Vc15Tc3A-80W-QwTJnYq5rXlibCp0QbxlQvjH3GV_W683sWPuJ-jDA27hkqseN7_9ZKRNFUxgfMxchwZYDSHg2, CorrelationId:a87268dc-a901-41b3-91b3-d1a141ee5c8e, Elapsed:2246.2481, MemberName:PopulateVirtualEntitiesActualSource, SourceFilePath:C:\__w\1\s\Framework\Adxstudio.Xrm\Caching\VirtualEntitiesCacheHelper.cs, SourceLineNumber:125, Category:Application, Message:The web api getDataSourceId for virtual entity returned empty DataSourceId, ErrorCategory:ApplicationError",8001c50a-0402-e300-b63f-84710c7967bb
2024-02-05T07:13:54,Error,site-85de4385-0987-4ae5-9917-b7715602956d-AUe,7e7bb2,638427140342014165,0,35932,32,"RequestData:, RequestPath:/_services/about, RequestExtension:, SessionId:, UserId:3tZel8GASEic9EaDKmA6cMS4j3KbF_PeiA3BfLVbDdE-9Kovlpku117z48xZK1RF3Vc15Tc3A-80W-QwTJnYq5rXlibCp0QbxlQvjH3GV_W683sWPuJ-jDA27hkqseN7_9ZKRNFUxgfMxchwZYDSHg2, CorrelationId:a87268dc-a901-41b3-91b3-d1a141ee5c8e, Elapsed:2294.2744, MemberName:PopulateVirtualEntitiesActualSource, SourceFilePath:C:\__w\1\s\Framework\Adxstudio.Xrm\Caching\VirtualEntitiesCacheHelper.cs, SourceLineNumber:125, Category:Application, Message:The web api getDataSourceId for virtual entity returned empty DataSourceId, ErrorCategory:ApplicationError",8001c50a-0402-e300-b63f-84710c7967bb
2024-02-05T07:13:54,Error,site-85de4385-0987-4ae5-9917-b7715602956d-AUe,7e7bb2,638427140342483190,0,35932,32,"RequestData:, RequestPath:/_services/about, RequestExtension:, SessionId:, UserId:3tZel8GASEic9EaDKmA6cMS4j3KbF_PeiA3BfLVbDdE-9Kovlpku117z48xZK1RF3Vc15Tc3A-80W-QwTJnYq5rXlibCp0QbxlQvjH3GV_W683sWPuJ-jDA27hkqseN7_9ZKRNFUxgfMxchwZYDSHg2, CorrelationId:a87268dc-a901-41b3-91b3-d1a141ee5c8e, Elapsed:2343.7052, MemberName:PopulateVirtualEntitiesActualSource, SourceFilePath:C:\__w\1\s\Framework\Adxstudio.Xrm\Caching\VirtualEntitiesCacheHelper.cs, SourceLineNumber:125, Category:Application, Message:The web api getDataSourceId for virtual entity returned empty DataSourceId, ErrorCategory:ApplicationError",8001c50a-0402-e300-b63f-84710c7967bb
2024-02-05T07:13:54,Error,site-85de4385-0987-4ae5-9917-b7715602956d-AUe,7e7bb2,638427140342951827,0,35932,32,"RequestData:, RequestPath:/_services/about, RequestExtension:, SessionId:, UserId:3tZel8GASEic9EaDKmA6cMS4j3KbF_PeiA3BfLVbDdE-9Kovlpku117z48xZK1RF3Vc15Tc3A-80W-QwTJnYq5rXlibCp0QbxlQvjH3GV_W683sWPuJ-jDA27hkqseN7_9ZKRNFUxgfMxchwZYDSHg2, CorrelationId:a87268dc-a901-41b3-91b3-d1a141ee5c8e, Elapsed:2392.5898, MemberName:PopulateVirtualEntitiesActualSource, SourceFilePath:C:\__w\1\s\Framework\Adxstudio.Xrm\Caching\VirtualEntitiesCacheHelper.cs, SourceLineNumber:125, Category:Application, Message:The web api getDataSourceId for virtual entity returned empty DataSourceId, ErrorCategory:ApplicationError",8001c50a-0402-e300-b63f-84710c7967bb
2024-02-05T07:13:54,Error,site-85de4385-0987-4ae5-9917-b7715602956d-AUe,7e7bb2,638427140343576728,0,35932,32,"RequestData:, RequestPath:/_services/about, RequestExtension:, SessionId:, UserId:3tZel8GASEic9EaDKmA6cMS4j3KbF_PeiA3BfLVbDdE-9Kovlpku117z48xZK1RF3Vc15Tc3A-80W-QwTJnYq5rXlibCp0QbxlQvjH3GV_W683sWPuJ-jDA27hkqseN7_9ZKRNFUxgfMxchwZYDSHg2, CorrelationId:a87268dc-a901-41b3-91b3-d1a141ee5c8e, Elapsed:2440.6067, MemberName:PopulateVirtualEntitiesActualSource, SourceFilePath:C:\__w\1\s\Framework\Adxstudio.Xrm\Caching\VirtualEntitiesCacheHelper.cs, SourceLineNumber:125, Category:Application, Message:The web api getDataSourceId for virtual entity returned empty DataSourceId, ErrorCategory:ApplicationError",8001c50a-0402-e300-b63f-84710c7967bb
2024-02-05T07:13:54,Error,site-85de4385-0987-4ae5-9917-b7715602956d-AUe,7e7bb2,638427140344045661,0,35932,32,"RequestData:, RequestPath:/_services/about, RequestExtension:, SessionId:, UserId:3tZel8GASEic9EaDKmA6cMS4j3KbF_PeiA3BfLVbDdE-9Kovlpku117z48xZK1RF3Vc15Tc3A-80W-QwTJnYq5rXlibCp0QbxlQvjH3GV_W683sWPuJ-jDA27hkqseN7_9ZKRNFUxgfMxchwZYDSHg2, CorrelationId:a87268dc-a901-41b3-91b3-d1a141ee5c8e, Elapsed:2492.1885, MemberName:PopulateVirtualEntitiesActualSource, SourceFilePath:C:\__w\1\s\Framework\Adxstudio.Xrm\Caching\VirtualEntitiesCacheHelper.cs, SourceLineNumber:125, Category:Application, Message:The web api getDataSourceId for virtual entity returned empty DataSourceId, ErrorCategory:ApplicationError",8001c50a-0402-e300-b63f-84710c7967bb
2024-02-05T07:13:54,Error,site-85de4385-0987-4ae5-9917-b7715602956d-AUe,7e7bb2,638427140344514232,0,35932,32,"RequestData:, RequestPath:/_services/about, RequestExtension:, SessionId:, UserId:3tZel8GASEic9EaDKmA6cMS4j3KbF_PeiA3BfLVbDdE-9Kovlpku117z48xZK1RF3Vc15Tc3A-80W-QwTJnYq5rXlibCp0QbxlQvjH3GV_W683sWPuJ-jDA27hkqseN7_9ZKRNFUxgfMxchwZYDSHg2, CorrelationId:a87268dc-a901-41b3-91b3-d1a141ee5c8e, Elapsed:2544.292, MemberName:PopulateVirtualEntitiesActualSource, SourceFilePath:C:\__w\1\s\Framework\Adxstudio.Xrm\Caching\VirtualEntitiesCacheHelper.cs, SourceLineNumber:125, Category:Application, Message:The web api getDataSourceId for virtual entity returned empty DataSourceId, ErrorCategory:ApplicationError",8001c50a-0402-e300-b63f-84710c7967bb
2024-02-05T07:13:54,Error,site-85de4385-0987-4ae5-9917-b7715602956d-AUe,7e7bb2,638427140344983113,0,35932,32,"RequestData:, RequestPath:/_services/about, RequestExtension:, SessionId:, UserId:3tZel8GASEic9EaDKmA6cMS4j3KbF_PeiA3BfLVbDdE-9Kovlpku117z48xZK1RF3Vc15Tc3A-80W-QwTJnYq5rXlibCp0QbxlQvjH3GV_W683sWPuJ-jDA27hkqseN7_9ZKRNFUxgfMxchwZYDSHg2, CorrelationId:a87268dc-a901-41b3-91b3-d1a141ee5c8e, Elapsed:2593.2776, MemberName:PopulateVirtualEntitiesActualSource, SourceFilePath:C:\__w\1\s\Framework\Adxstudio.Xrm\Caching\VirtualEntitiesCacheHelper.cs, SourceLineNumber:125, Category:Application, Message:The web api getDataSourceId for virtual entity returned empty DataSourceId, ErrorCategory:ApplicationError",8001c50a-0402-e300-b63f-84710c7967bb
2024-02-05T07:13:54,Error,site-85de4385-0987-4ae5-9917-b7715602956d-AUe,7e7bb2,638427140345451702,0,35932,32,"RequestData:, RequestPath:/_services/about, RequestExtension:, SessionId:, UserId:3tZel8GASEic9EaDKmA6cMS4j3KbF_PeiA3BfLVbDdE-9Kovlpku117z48xZK1RF3Vc15Tc3A-80W-QwTJnYq5rXlibCp0QbxlQvjH3GV_W683sWPuJ-jDA27hkqseN7_9ZKRNFUxgfMxchwZYDSHg2, CorrelationId:a87268dc-a901-41b3-91b3-d1a141ee5c8e, Elapsed:2641.5018, MemberName:PopulateVirtualEntitiesActualSource, SourceFilePath:C:\__w\1\s\Framework\Adxstudio.Xrm\Caching\VirtualEntitiesCacheHelper.cs, SourceLineNumber:125, Category:Application, Message:The web api getDataSourceId for virtual entity returned empty DataSourceId, ErrorCategory:ApplicationError",8001c50a-0402-e300-b63f-84710c7967bb
2024-02-05T07:13:54,Error,site-85de4385-0987-4ae5-9917-b7715602956d-AUe,7e7bb2,638427140346076207,0,35932,32,"RequestData:, RequestPath:/_services/about, RequestExtension:, SessionId:, UserId:3tZel8GASEic9EaDKmA6cMS4j3KbF_PeiA3BfLVbDdE-9Kovlpku117z48xZK1RF3Vc15Tc3A-80W-QwTJnYq5rXlibCp0QbxlQvjH3GV_W683sWPuJ-jDA27hkqseN7_9ZKRNFUxgfMxchwZYDSHg2, CorrelationId:a87268dc-a901-41b3-91b3-d1a141ee5c8e, Elapsed:2691.1548, MemberName:PopulateVirtualEntitiesActualSource, SourceFilePath:C:\__w\1\s\Framework\Adxstudio.Xrm\Caching\VirtualEntitiesCacheHelper.cs, SourceLineNumber:125, Category:Application, Message:The web api getDataSourceId for virtual entity returned empty DataSourceId, ErrorCategory:ApplicationError",8001c50a-0402-e300-b63f-84710c7967bb
2024-02-05T07:13:54,Error,site-85de4385-0987-4ae5-9917-b7715602956d-AUe,7e7bb2,638427140346545623,0,35932,32,"RequestData:, RequestPath:/_services/about, RequestExtension:, SessionId:, UserId:3tZel8GASEic9EaDKmA6cMS4j3KbF_PeiA3BfLVbDdE-9Kovlpku117z48xZK1RF3Vc15Tc3A-80W-QwTJnYq5rXlibCp0QbxlQvjH3GV_W683sWPuJ-jDA27hkqseN7_9ZKRNFUxgfMxchwZYDSHg2, CorrelationId:a87268dc-a901-41b3-91b3-d1a141ee5c8e, Elapsed:2740.5721, MemberName:PopulateVirtualEntitiesActualSource, SourceFilePath:C:\__w\1\s\Framework\Adxstudio.Xrm\Caching\VirtualEntitiesCacheHelper.cs, SourceLineNumber:125, Category:Application, Message:The web api getDataSourceId for virtual entity returned empty DataSourceId, ErrorCategory:ApplicationError",8001c50a-0402-e300-b63f-84710c7967bb
2024-02-05T07:13:54,Error,site-85de4385-0987-4ae5-9917-b7715602956d-AUe,7e7bb2,638427140347014243,0,35932,32,"RequestData:, RequestPath:/_services/about, RequestExtension:, SessionId:, UserId:3tZel8GASEic9EaDKmA6cMS4j3KbF_PeiA3BfLVbDdE-9Kovlpku117z48xZK1RF3Vc15Tc3A-80W-QwTJnYq5rXlibCp0QbxlQvjH3GV_W683sWPuJ-jDA27hkqseN7_9ZKRNFUxgfMxchwZYDSHg2, CorrelationId:a87268dc-a901-41b3-91b3-d1a141ee5c8e, Elapsed:2789.3246, MemberName:PopulateVirtualEntitiesActualSource, SourceFilePath:C:\__w\1\s\Framework\Adxstudio.Xrm\Caching\VirtualEntitiesCacheHelper.cs, SourceLineNumber:125, Category:Application, Message:The web api getDataSourceId for virtual entity returned empty DataSourceId, ErrorCategory:ApplicationError",8001c50a-0402-e300-b63f-84710c7967bb
2024-02-05T07:13:54,Error,site-85de4385-0987-4ae5-9917-b7715602956d-AUe,7e7bb2,638427140347639247,0,35932,32,"RequestData:, RequestPath:/_services/about, RequestExtension:, SessionId:, UserId:3tZel8GASEic9EaDKmA6cMS4j3KbF_PeiA3BfLVbDdE-9Kovlpku117z48xZK1RF3Vc15Tc3A-80W-QwTJnYq5rXlibCp0QbxlQvjH3GV_W683sWPuJ-jDA27hkqseN7_9ZKRNFUxgfMxchwZYDSHg2, CorrelationId:a87268dc-a901-41b3-91b3-d1a141ee5c8e, Elapsed:2851.9418, MemberName:PopulateVirtualEntitiesActualSource, SourceFilePath:C:\__w\1\s\Framework\Adxstudio.Xrm\Caching\VirtualEntitiesCacheHelper.cs, SourceLineNumber:125, Category:Application, Message:The web api getDataSourceId for virtual entity returned empty DataSourceId, ErrorCategory:ApplicationError",8001c50a-0402-e300-b63f-84710c7967bb
2024-02-05T07:13:54,Error,site-85de4385-0987-4ae5-9917-b7715602956d-AUe,7e7bb2,638427140348108067,0,35932,32,"RequestData:, RequestPath:/_services/about, RequestExtension:, SessionId:, UserId:3tZel8GASEic9EaDKmA6cMS4j3KbF_PeiA3BfLVbDdE-9Kovlpku117z48xZK1RF3Vc15Tc3A-80W-QwTJnYq5rXlibCp0QbxlQvjH3GV_W683sWPuJ-jDA27hkqseN7_9ZKRNFUxgfMxchwZYDSHg2, CorrelationId:a87268dc-a901-41b3-91b3-d1a141ee5c8e, Elapsed:2902.4983, MemberName:PopulateVirtualEntitiesActualSource, SourceFilePath:C:\__w\1\s\Framework\Adxstudio.Xrm\Caching\VirtualEntitiesCacheHelper.cs, SourceLineNumber:125, Category:Application, Message:The web api getDataSourceId for virtual entity returned empty DataSourceId, ErrorCategory:ApplicationError",8001c50a-0402-e300-b63f-84710c7967bb
2024-02-05T07:13:54,Error,site-85de4385-0987-4ae5-9917-b7715602956d-AUe,7e7bb2,638427140348576946,0,35932,32,"RequestData:, RequestPath:/_services/about, RequestExtension:, SessionId:, UserId:3tZel8GASEic9EaDKmA6cMS4j3KbF_PeiA3BfLVbDdE-9Kovlpku117z48xZK1RF3Vc15Tc3A-80W-QwTJnYq5rXlibCp0QbxlQvjH3GV_W683sWPuJ-jDA27hkqseN7_9ZKRNFUxgfMxchwZYDSHg2, CorrelationId:a87268dc-a901-41b3-91b3-d1a141ee5c8e, Elapsed:2950.7629, MemberName:PopulateVirtualEntitiesActualSource, SourceFilePath:C:\__w\1\s\Framework\Adxstudio.Xrm\Caching\VirtualEntitiesCacheHelper.cs, SourceLineNumber:125, Category:Application, Message:The web api getDataSourceId for virtual entity returned empty DataSourceId, ErrorCategory:ApplicationError",8001c50a-0402-e300-b63f-84710c7967bb
2024-02-05T07:13:54,Error,site-85de4385-0987-4ae5-9917-b7715602956d-AUe,7e7bb2,638427140349201799,0,35932,32,"RequestData:, RequestPath:/_services/about, RequestExtension:, SessionId:, UserId:3tZel8GASEic9EaDKmA6cMS4j3KbF_PeiA3BfLVbDdE-9Kovlpku117z48xZK1RF3Vc15Tc3A-80W-QwTJnYq5rXlibCp0QbxlQvjH3GV_W683sWPuJ-jDA27hkqseN7_9ZKRNFUxgfMxchwZYDSHg2, CorrelationId:a87268dc-a901-41b3-91b3-d1a141ee5c8e, Elapsed:3003.0839, MemberName:PopulateVirtualEntitiesActualSource, SourceFilePath:C:\__w\1\s\Framework\Adxstudio.Xrm\Caching\VirtualEntitiesCacheHelper.cs, SourceLineNumber:125, Category:Application, Message:The web api getDataSourceId for virtual entity returned empty DataSourceId, ErrorCategory:ApplicationError",8001c50a-0402-e300-b63f-84710c7967bb
2024-02-05T07:13:54,Error,site-85de4385-0987-4ae5-9917-b7715602956d-AUe,7e7bb2,638427140349670584,0,35932,32,"RequestData:, RequestPath:/_services/about, RequestExtension:, SessionId:, UserId:3tZel8GASEic9EaDKmA6cMS4j3KbF_PeiA3BfLVbDdE-9Kovlpku117z48xZK1RF3Vc15Tc3A-80W-QwTJnYq5rXlibCp0QbxlQvjH3GV_W683sWPuJ-jDA27hkqseN7_9ZKRNFUxgfMxchwZYDSHg2, CorrelationId:a87268dc-a901-41b3-91b3-d1a141ee5c8e, Elapsed:3059.0212, MemberName:PopulateVirtualEntitiesActualSource, SourceFilePath:C:\__w\1\s\Framework\Adxstudio.Xrm\Caching\VirtualEntitiesCacheHelper.cs, SourceLineNumber:125, Category:Application, Message:The web api getDataSourceId for virtual entity returned empty DataSourceId, ErrorCategory:ApplicationError",8001c50a-0402-e300-b63f-84710c7967bb
2024-02-05T07:13:55,Error,site-85de4385-0987-4ae5-9917-b7715602956d-AUe,7e7bb2,638427140350139558,0,35932,32,"RequestData:, RequestPath:/_services/about, RequestExtension:, SessionId:, UserId:3tZel8GASEic9EaDKmA6cMS4j3KbF_PeiA3BfLVbDdE-9Kovlpku117z48xZK1RF3Vc15Tc3A-80W-QwTJnYq5rXlibCp0QbxlQvjH3GV_W683sWPuJ-jDA27hkqseN7_9ZKRNFUxgfMxchwZYDSHg2, CorrelationId:a87268dc-a901-41b3-91b3-d1a141ee5c8e, Elapsed:3106.8991, MemberName:PopulateVirtualEntitiesActualSource, SourceFilePath:C:\__w\1\s\Framework\Adxstudio.Xrm\Caching\VirtualEntitiesCacheHelper.cs, SourceLineNumber:125, Category:Application, Message:The web api getDataSourceId for virtual entity returned empty DataSourceId, ErrorCategory:ApplicationError",8001c50a-0402-e300-b63f-84710c7967bb
2024-02-05T07:13:55,Error,site-85de4385-0987-4ae5-9917-b7715602956d-AUe,7e7bb2,638427140350608244,0,35932,32,"RequestData:, RequestPath:/_services/about, RequestExtension:, SessionId:, UserId:3tZel8GASEic9EaDKmA6cMS4j3KbF_PeiA3BfLVbDdE-9Kovlpku117z48xZK1RF3Vc15Tc3A-80W-QwTJnYq5rXlibCp0QbxlQvjH3GV_W683sWPuJ-jDA27hkqseN7_9ZKRNFUxgfMxchwZYDSHg2, CorrelationId:a87268dc-a901-41b3-91b3-d1a141ee5c8e, Elapsed:3156.0125, MemberName:PopulateVirtualEntitiesActualSource, SourceFilePath:C:\__w\1\s\Framework\Adxstudio.Xrm\Caching\VirtualEntitiesCacheHelper.cs, SourceLineNumber:125, Category:Application, Message:The web api getDataSourceId for virtual entity returned empty DataSourceId, ErrorCategory:ApplicationError",8001c50a-0402-e300-b63f-84710c7967bb
2024-02-05T07:13:55,Error,site-85de4385-0987-4ae5-9917-b7715602956d-AUe,7e7bb2,638427140351077152,0,35932,32,"RequestData:, RequestPath:/_services/about, RequestExtension:, SessionId:, UserId:3tZel8GASEic9EaDKmA6cMS4j3KbF_PeiA3BfLVbDdE-9Kovlpku117z48xZK1RF3Vc15Tc3A-80W-QwTJnYq5rXlibCp0QbxlQvjH3GV_W683sWPuJ-jDA27hkqseN7_9ZKRNFUxgfMxchwZYDSHg2, CorrelationId:a87268dc-a901-41b3-91b3-d1a141ee5c8e, Elapsed:3204.7682, MemberName:PopulateVirtualEntitiesActualSource, SourceFilePath:C:\__w\1\s\Framework\Adxstudio.Xrm\Caching\VirtualEntitiesCacheHelper.cs, SourceLineNumber:125, Category:Application, Message:The web api getDataSourceId for virtual entity returned empty DataSourceId, ErrorCategory:ApplicationError",8001c50a-0402-e300-b63f-84710c7967bb
2024-02-05T07:13:55,Error,site-85de4385-0987-4ae5-9917-b7715602956d-AUe,7e7bb2,638427140351701945,0,35932,32,"RequestData:, RequestPath:/_services/about, RequestExtension:, SessionId:, UserId:3tZel8GASEic9EaDKmA6cMS4j3KbF_PeiA3BfLVbDdE-9Kovlpku117z48xZK1RF3Vc15Tc3A-80W-QwTJnYq5rXlibCp0QbxlQvjH3GV_W683sWPuJ-jDA27hkqseN7_9ZKRNFUxgfMxchwZYDSHg2, CorrelationId:a87268dc-a901-41b3-91b3-d1a141ee5c8e, Elapsed:3256.0781, MemberName:PopulateVirtualEntitiesActualSource, SourceFilePath:C:\__w\1\s\Framework\Adxstudio.Xrm\Caching\VirtualEntitiesCacheHelper.cs, SourceLineNumber:125, Category:Application, Message:The web api getDataSourceId for virtual entity returned empty DataSourceId, ErrorCategory:ApplicationError",8001c50a-0402-e300-b63f-84710c7967bb
2024-02-05T07:24:01,Error,site-85de4385-0987-4ae5-9917-b7715602956d-AUe,7e7bb2,638427146415710540,0,35932,243,"RequestData:, RequestPath:/api/data/v9.0/msdyn_richtextfiles(e8e4f258-f7c3-ee11-9079-000d3acc0e54)/msdyn_imageblob/$value, RequestExtension:, SessionId:4jglkukyupgcfwwnzlwxz4o1, UserId:Xko9qBMmfhZZhNfk7t1p_YaVwBQqFgFoki5xRUmOjP2cGWo-B-8aClZGyWEFBbyLZHDRARMP3IQ2YSC3zP-seJVLVPothBDAAPr42RruYea7PLAfGSn4wChaluPv2Mnxxc8K9ztwK93gqy_FevbGzg2, CorrelationId:06282d06-3fd4-4b73-becc-9a25003aafae, Elapsed:157.4448, MemberName:HandleResponse, SourceFilePath:C:\__w\1\s\Framework\Adxstudio.Xrm\WebAPI\Handlers\Implementations\WebApiResponseHandler.cs, SourceLineNumber:135, Category:WebAPI, Message:Exception while inserting the cache. Message : Value cannot be null.
Parameter name: ResponseJsonObject StackTrace:    at Adxstudio.Xrm.WebAPI.WebApiCacheHandler.Insert(WebAPIRequest webApiRequest) in C:\__w\1\s\Framework\Adxstudio.Xrm\WebAPI\Handlers\Implementations\WebApiCacheHandler.cs:line 105
   at Adxstudio.Xrm.WebAPI.WebApiResponseHandler.HandleResponse(HttpResponseMessage httpResponse, WebAPIRequest webAPIRequest, WebApiRequestType webApiRequestType) in C:\__w\1\s\Framework\Adxstudio.Xrm\WebAPI\Handlers\Implementations\WebApiResponseHandler.cs:line 131, ErrorCategory:ApplicationError",800140fc-0002-f000-b63f-84710c7967bb
2024-02-05T07:25:18,Error,site-85de4385-0987-4ae5-9917-b7715602956d-AUe,7e7bb2,638427147183557930,0,35932,182,"RequestData:, RequestPath:/api/data/v9.1/msdyn_richtextfiles(caa4f0ab-f7c3-ee11-9079-00224811b992)/msdyn_imageblob/$value, RequestExtension:, SessionId:4jglkukyupgcfwwnzlwxz4o1, UserId:Xko9qBMmfhZZhNfk7t1p_YaVwBQqFgFoki5xRUmOjP2cGWo-B-8aClZGyWEFBbyLZHDRARMP3IQ2YSC3zP-seJVLVPothBDAAPr42RruYea7PLAfGSn4wChaluPv2Mnxxc8K9ztwK93gqy_FevbGzg2, CorrelationId:b70a7d11-f1d6-4598-b7f0-5a259077e94e, Elapsed:588.3447, MemberName:HandleResponse, SourceFilePath:C:\__w\1\s\Framework\Adxstudio.Xrm\WebAPI\Handlers\Implementations\WebApiResponseHandler.cs, SourceLineNumber:135, Category:WebAPI, Message:Exception while inserting the cache. Message : Value cannot be null.
Parameter name: ResponseJsonObject StackTrace:    at Adxstudio.Xrm.WebAPI.WebApiCacheHandler.Insert(WebAPIRequest webApiRequest) in C:\__w\1\s\Framework\Adxstudio.Xrm\WebAPI\Handlers\Implementations\WebApiCacheHandler.cs:line 105
   at Adxstudio.Xrm.WebAPI.WebApiResponseHandler.HandleResponse(HttpResponseMessage httpResponse, WebAPIRequest webAPIRequest, WebApiRequestType webApiRequestType) in C:\__w\1\s\Framework\Adxstudio.Xrm\WebAPI\Handlers\Implementations\WebApiResponseHandler.cs:line 131, ErrorCategory:ApplicationError",8001a42e-0400-3100-b63f-84710c7967bb
2024-02-05T07:40:27,Error,site-85de4385-0987-4ae5-9917-b7715602956d-AUe,7e7bb2,638427156272981657,0,35932,185,"RequestData:, RequestPath:/_services/entity-grid-data.json/40096e18-22f9-ed11-8f6e-00224893bfba, RequestExtension:, SessionId:, UserId:Xko9qBMmfhZZhNfk7t1p_YaVwBQqFgFoki5xRUmOjP2cGWo-B-8aClZGyWEFBbyLZHDRARMP3IQ2YSC3zP-seJVLVPothBDAAPr42RruYea7PLAfGSn4wChaluPv2Mnxxc8K9ztwK93gqy_FevbGzg2, CorrelationId:5af1c4e8-c72d-4c2f-bda8-3ba01a828e5b, Elapsed:219.0555, RequestMethod:POST, RequestContentType:application/json; charset=UTF-8, RequestAccept:application/json, text/javascript, */*; q=0.01, RequestCacheControl:, UserAgent:Mozilla/5.0 (Windows NT 10.0; Win64; x64) AppleWebKit/537.36 (KHTML, like Gecko) Chrome/121.0.0.0 Safari/537.36, HandlerName:System.Web.Mvc.MvcHandler, HandlerExecuted:False, VaryByCustom:, MemberName:AddActionLinkToDisabledActionLinksList, SourceFilePath:C:\__w\1\s\Samples\MasterPortal\Areas\Portal\Controllers\EntityGridController.cs, SourceLineNumber:1663, ExceptionMessage:Data at the root level is invalid. Line 1, position 1.
System.Xml.XmlException
   at System.Xml.XmlTextReaderImpl.Throw(Exception e)
   at System.Xml.XmlTextReaderImpl.ParseRootLevelWhitespace()
   at System.Xml.XmlTextReaderImpl.ParseDocumentContent()
   at System.Xml.XmlReader.MoveToContent()
   at System.Xml.Linq.XElement.Load(XmlReader reader, LoadOptions options)
   at System.Xml.Linq.XElement.Parse(String text, LoadOptions options)
   at Site.Areas.Portal.Controllers.EntityGridController.AddActionLinkToDisabledActionLinksList(OrganizationServiceContext context, EntityMetadata entityMetadata, ViewActionLink link, EntityRecord[] records) in C:\__w\1\s\Samples\MasterPortal\Areas\Portal\Controllers\EntityGridController.cs:line 0

System.Xml

, EventData:, Category:File, ErrorCategory:UserError",80014f05-0400-ee00-b63f-84710c7967bb
2024-02-05T07:41:17,Error,site-85de4385-0987-4ae5-9917-b7715602956d-AUe,7e7bb2,638427156770349230,0,35932,148,"RequestData:, RequestPath:/_services/entity-grid-data.json/40096e18-22f9-ed11-8f6e-00224893bfba, RequestExtension:, SessionId:, UserId:Xko9qBMmfhZZhNfk7t1p_YaVwBQqFgFoki5xRUmOjP2cGWo-B-8aClZGyWEFBbyLZHDRARMP3IQ2YSC3zP-seJVLVPothBDAAPr42RruYea7PLAfGSn4wChaluPv2Mnxxc8K9ztwK93gqy_FevbGzg2, CorrelationId:dd7e9baf-d2d2-48cc-a96b-74783636ddad, Elapsed:59.5629, RequestMethod:POST, RequestContentType:application/json; charset=UTF-8, RequestAccept:application/json, text/javascript, */*; q=0.01, RequestCacheControl:, UserAgent:Mozilla/5.0 (Windows NT 10.0; Win64; x64) AppleWebKit/537.36 (KHTML, like Gecko) Chrome/121.0.0.0 Safari/537.36, HandlerName:System.Web.Mvc.MvcHandler, HandlerExecuted:False, VaryByCustom:, MemberName:AddActionLinkToDisabledActionLinksList, SourceFilePath:C:\__w\1\s\Samples\MasterPortal\Areas\Portal\Controllers\EntityGridController.cs, SourceLineNumber:1663, ExceptionMessage:Data at the root level is invalid. Line 1, position 1.
System.Xml.XmlException
   at System.Xml.XmlTextReaderImpl.Throw(Exception e)
   at System.Xml.XmlTextReaderImpl.ParseRootLevelWhitespace()
   at System.Xml.XmlTextReaderImpl.ParseDocumentContent()
   at System.Xml.XmlReader.MoveToContent()
   at System.Xml.Linq.XElement.Load(XmlReader reader, LoadOptions options)
   at System.Xml.Linq.XElement.Parse(String text, LoadOptions options)
   at Site.Areas.Portal.Controllers.EntityGridController.AddActionLinkToDisabledActionLinksList(OrganizationServiceContext context, EntityMetadata entityMetadata, ViewActionLink link, EntityRecord[] records) in C:\__w\1\s\Samples\MasterPortal\Areas\Portal\Controllers\EntityGridController.cs:line 0

System.Xml

, EventData:, Category:File, ErrorCategory:UserError",80014f1f-0400-ee00-b63f-84710c7967bb
2024-02-05T07:41:18,Error,site-85de4385-0987-4ae5-9917-b7715602956d-AUe,7e7bb2,638427156788787585,0,35932,238,"RequestData:, RequestPath:/_services/entity-grid-data.json/40096e18-22f9-ed11-8f6e-00224893bfba, RequestExtension:, SessionId:, UserId:Xko9qBMmfhZZhNfk7t1p_YaVwBQqFgFoki5xRUmOjP2cGWo-B-8aClZGyWEFBbyLZHDRARMP3IQ2YSC3zP-seJVLVPothBDAAPr42RruYea7PLAfGSn4wChaluPv2Mnxxc8K9ztwK93gqy_FevbGzg2, CorrelationId:7c1efbe4-c6e4-4c40-8c8c-048d12844863, Elapsed:18.8497, RequestMethod:POST, RequestContentType:application/json; charset=UTF-8, RequestAccept:application/json, text/javascript, */*; q=0.01, RequestCacheControl:, UserAgent:Mozilla/5.0 (Windows NT 10.0; Win64; x64) AppleWebKit/537.36 (KHTML, like Gecko) Chrome/121.0.0.0 Safari/537.36, HandlerName:System.Web.Mvc.MvcHandler, HandlerExecuted:False, VaryByCustom:, MemberName:AddActionLinkToDisabledActionLinksList, SourceFilePath:C:\__w\1\s\Samples\MasterPortal\Areas\Portal\Controllers\EntityGridController.cs, SourceLineNumber:1663, ExceptionMessage:Data at the root level is invalid. Line 1, position 1.
System.Xml.XmlException
   at System.Xml.XmlTextReaderImpl.Throw(Exception e)
   at System.Xml.XmlTextReaderImpl.ParseRootLevelWhitespace()
   at System.Xml.XmlTextReaderImpl.ParseDocumentContent()
   at System.Xml.XmlReader.MoveToContent()
   at System.Xml.Linq.XElement.Load(XmlReader reader, LoadOptions options)
   at System.Xml.Linq.XElement.Parse(String text, LoadOptions options)
   at Site.Areas.Portal.Controllers.EntityGridController.AddActionLinkToDisabledActionLinksList(OrganizationServiceContext context, EntityMetadata entityMetadata, ViewActionLink link, EntityRecord[] records) in C:\__w\1\s\Samples\MasterPortal\Areas\Portal\Controllers\EntityGridController.cs:line 0

System.Xml

, EventData:, Category:File, ErrorCategory:UserError",80014f20-0400-ee00-b63f-84710c7967bb
2024-02-05T07:41:24,Error,site-85de4385-0987-4ae5-9917-b7715602956d-AUe,7e7bb2,638427156842225594,0,35932,203,"RequestData:, RequestPath:/_services/entity-grid-data.json/40096e18-22f9-ed11-8f6e-00224893bfba, RequestExtension:, SessionId:, UserId:Xko9qBMmfhZZhNfk7t1p_YaVwBQqFgFoki5xRUmOjP2cGWo-B-8aClZGyWEFBbyLZHDRARMP3IQ2YSC3zP-seJVLVPothBDAAPr42RruYea7PLAfGSn4wChaluPv2Mnxxc8K9ztwK93gqy_FevbGzg2, CorrelationId:c8e60c67-18d6-4e8d-8d50-984422decd13, Elapsed:20.61, RequestMethod:POST, RequestContentType:application/json; charset=UTF-8, RequestAccept:application/json, text/javascript, */*; q=0.01, RequestCacheControl:, UserAgent:Mozilla/5.0 (Windows NT 10.0; Win64; x64) AppleWebKit/537.36 (KHTML, like Gecko) Chrome/121.0.0.0 Safari/537.36, HandlerName:System.Web.Mvc.MvcHandler, HandlerExecuted:False, VaryByCustom:, MemberName:AddActionLinkToDisabledActionLinksList, SourceFilePath:C:\__w\1\s\Samples\MasterPortal\Areas\Portal\Controllers\EntityGridController.cs, SourceLineNumber:1663, ExceptionMessage:Data at the root level is invalid. Line 1, position 1.
System.Xml.XmlException
   at System.Xml.XmlTextReaderImpl.Throw(Exception e)
   at System.Xml.XmlTextReaderImpl.ParseRootLevelWhitespace()
   at System.Xml.XmlTextReaderImpl.ParseDocumentContent()
   at System.Xml.XmlReader.MoveToContent()
   at System.Xml.Linq.XElement.Load(XmlReader reader, LoadOptions options)
   at System.Xml.Linq.XElement.Parse(String text, LoadOptions options)
   at Site.Areas.Portal.Controllers.EntityGridController.AddActionLinkToDisabledActionLinksList(OrganizationServiceContext context, EntityMetadata entityMetadata, ViewActionLink link, EntityRecord[] records) in C:\__w\1\s\Samples\MasterPortal\Areas\Portal\Controllers\EntityGridController.cs:line 0

System.Xml

, EventData:, Category:File, ErrorCategory:UserError",80014f23-0400-ee00-b63f-84710c7967bb
2024-02-05T07:41:25,Error,site-85de4385-0987-4ae5-9917-b7715602956d-AUe,7e7bb2,638427156856132146,0,35932,6,"RequestData:, RequestPath:/_services/entity-grid-data.json/40096e18-22f9-ed11-8f6e-00224893bfba, RequestExtension:, SessionId:, UserId:Xko9qBMmfhZZhNfk7t1p_YaVwBQqFgFoki5xRUmOjP2cGWo-B-8aClZGyWEFBbyLZHDRARMP3IQ2YSC3zP-seJVLVPothBDAAPr42RruYea7PLAfGSn4wChaluPv2Mnxxc8K9ztwK93gqy_FevbGzg2, CorrelationId:7505ea3e-f0af-4428-ad32-af48d96e2c4f, Elapsed:18.7166, RequestMethod:POST, RequestContentType:application/json; charset=UTF-8, RequestAccept:application/json, text/javascript, */*; q=0.01, RequestCacheControl:, UserAgent:Mozilla/5.0 (Windows NT 10.0; Win64; x64) AppleWebKit/537.36 (KHTML, like Gecko) Chrome/121.0.0.0 Safari/537.36, HandlerName:System.Web.Mvc.MvcHandler, HandlerExecuted:False, VaryByCustom:, MemberName:AddActionLinkToDisabledActionLinksList, SourceFilePath:C:\__w\1\s\Samples\MasterPortal\Areas\Portal\Controllers\EntityGridController.cs, SourceLineNumber:1663, ExceptionMessage:Data at the root level is invalid. Line 1, position 1.
System.Xml.XmlException
   at System.Xml.XmlTextReaderImpl.Throw(Exception e)
   at System.Xml.XmlTextReaderImpl.ParseRootLevelWhitespace()
   at System.Xml.XmlTextReaderImpl.ParseDocumentContent()
   at System.Xml.XmlReader.MoveToContent()
   at System.Xml.Linq.XElement.Load(XmlReader reader, LoadOptions options)
   at System.Xml.Linq.XElement.Parse(String text, LoadOptions options)
   at Site.Areas.Portal.Controllers.EntityGridController.AddActionLinkToDisabledActionLinksList(OrganizationServiceContext context, EntityMetadata entityMetadata, ViewActionLink link, EntityRecord[] records) in C:\__w\1\s\Samples\MasterPortal\Areas\Portal\Controllers\EntityGridController.cs:line 0

System.Xml

, EventData:, Category:File, ErrorCategory:UserError",80014f25-0400-ee00-b63f-84710c7967bb
2024-02-05T07:42:04,Error,site-85de4385-0987-4ae5-9917-b7715602956d-AUe,7e7bb2,638427157247248350,0,35932,136,"RequestData:, RequestPath:/_services/entity-grid-data.json/40096e18-22f9-ed11-8f6e-00224893bfba, RequestExtension:, SessionId:, UserId:Xko9qBMmfhZZhNfk7t1p_YaVwBQqFgFoki5xRUmOjP2cGWo-B-8aClZGyWEFBbyLZHDRARMP3IQ2YSC3zP-seJVLVPothBDAAPr42RruYea7PLAfGSn4wChaluPv2Mnxxc8K9ztwK93gqy_FevbGzg2, CorrelationId:c41847f3-09c9-491f-8525-0dba76ad673f, Elapsed:20.6552, RequestMethod:POST, RequestContentType:application/json; charset=UTF-8, RequestAccept:application/json, text/javascript, */*; q=0.01, RequestCacheControl:, UserAgent:Mozilla/5.0 (Windows NT 10.0; Win64; x64) AppleWebKit/537.36 (KHTML, like Gecko) Chrome/121.0.0.0 Safari/537.36, HandlerName:System.Web.Mvc.MvcHandler, HandlerExecuted:False, VaryByCustom:, MemberName:AddActionLinkToDisabledActionLinksList, SourceFilePath:C:\__w\1\s\Samples\MasterPortal\Areas\Portal\Controllers\EntityGridController.cs, SourceLineNumber:1663, ExceptionMessage:Data at the root level is invalid. Line 1, position 1.
System.Xml.XmlException
   at System.Xml.XmlTextReaderImpl.Throw(Exception e)
   at System.Xml.XmlTextReaderImpl.ParseRootLevelWhitespace()
   at System.Xml.XmlTextReaderImpl.ParseDocumentContent()
   at System.Xml.XmlReader.MoveToContent()
   at System.Xml.Linq.XElement.Load(XmlReader reader, LoadOptions options)
   at System.Xml.Linq.XElement.Parse(String text, LoadOptions options)
   at Site.Areas.Portal.Controllers.EntityGridController.AddActionLinkToDisabledActionLinksList(OrganizationServiceContext context, EntityMetadata entityMetadata, ViewActionLink link, EntityRecord[] records) in C:\__w\1\s\Samples\MasterPortal\Areas\Portal\Controllers\EntityGridController.cs:line 0

System.Xml

, EventData:, Category:File, ErrorCategory:UserError",80014f3f-0400-ee00-b63f-84710c7967bb
