date,level,applicationName,instanceId,eventTickCount,eventId,pid,tid,message,activityId
2024-02-07T07:00:04,Error,site-85de4385-0987-4ae5-9917-b7715602956d-AUe,7e7bb2,638428860045160624,0,35932,216,"RequestData:, RequestPath:/_services/about, RequestExtension:, SessionId:, UserId:VcWE8oQ1w3K22dzvcouc-0SwoJnLwykiQGHIqTdRAnfpawpulW_-nSfKDxNUrz428bAQNcMW-KaTn9vYouhd86ZTERwX4-YbR09LDyLdJ3dzy03MZirxdu4dG5MmFFv0TKd7P5E2g4DiJ8H8v1AF_Q2, CorrelationId:d6271460-f6a2-40e3-ae6f-e1116b407c41, Elapsed:189.8136, MemberName:PopulateVirtualEntitiesActualSource, SourceFilePath:C:\__w\1\s\Framework\Adxstudio.Xrm\Caching\VirtualEntitiesCacheHelper.cs, SourceLineNumber:125, Category:Application, Message:The web api getDataSourceId for virtual entity returned empty DataSourceId, ErrorCategory:ApplicationError",800171bc-0002-a000-b63f-84710c7967bb
2024-02-07T07:00:04,Error,site-85de4385-0987-4ae5-9917-b7715602956d-AUe,7e7bb2,638428860045787718,0,35932,216,"RequestData:, RequestPath:/_services/about, RequestExtension:, SessionId:, UserId:VcWE8oQ1w3K22dzvcouc-0SwoJnLwykiQGHIqTdRAnfpawpulW_-nSfKDxNUrz428bAQNcMW-KaTn9vYouhd86ZTERwX4-YbR09LDyLdJ3dzy03MZirxdu4dG5MmFFv0TKd7P5E2g4DiJ8H8v1AF_Q2, CorrelationId:d6271460-f6a2-40e3-ae6f-e1116b407c41, Elapsed:256.6805, MemberName:PopulateVirtualEntitiesActualSource, SourceFilePath:C:\__w\1\s\Framework\Adxstudio.Xrm\Caching\VirtualEntitiesCacheHelper.cs, SourceLineNumber:125, Category:Application, Message:The web api getDataSourceId for virtual entity returned empty DataSourceId, ErrorCategory:ApplicationError",800171bc-0002-a000-b63f-84710c7967bb
2024-02-07T07:00:04,Error,site-85de4385-0987-4ae5-9917-b7715602956d-AUe,7e7bb2,638428860046411425,0,35932,216,"RequestData:, RequestPath:/_services/about, RequestExtension:, SessionId:, UserId:VcWE8oQ1w3K22dzvcouc-0SwoJnLwykiQGHIqTdRAnfpawpulW_-nSfKDxNUrz428bAQNcMW-KaTn9vYouhd86ZTERwX4-YbR09LDyLdJ3dzy03MZirxdu4dG5MmFFv0TKd7P5E2g4DiJ8H8v1AF_Q2, CorrelationId:d6271460-f6a2-40e3-ae6f-e1116b407c41, Elapsed:323.7852, MemberName:PopulateVirtualEntitiesActualSource, SourceFilePath:C:\__w\1\s\Framework\Adxstudio.Xrm\Caching\VirtualEntitiesCacheHelper.cs, SourceLineNumber:125, Category:Application, Message:The web api getDataSourceId for virtual entity returned empty DataSourceId, ErrorCategory:ApplicationError",800171bc-0002-a000-b63f-84710c7967bb
2024-02-07T07:00:04,Error,site-85de4385-0987-4ae5-9917-b7715602956d-AUe,7e7bb2,638428860047035677,0,35932,216,"RequestData:, RequestPath:/_services/about, RequestExtension:, SessionId:, UserId:VcWE8oQ1w3K22dzvcouc-0SwoJnLwykiQGHIqTdRAnfpawpulW_-nSfKDxNUrz428bAQNcMW-KaTn9vYouhd86ZTERwX4-YbR09LDyLdJ3dzy03MZirxdu4dG5MmFFv0TKd7P5E2g4DiJ8H8v1AF_Q2, CorrelationId:d6271460-f6a2-40e3-ae6f-e1116b407c41, Elapsed:384.8396, MemberName:PopulateVirtualEntitiesActualSource, SourceFilePath:C:\__w\1\s\Framework\Adxstudio.Xrm\Caching\VirtualEntitiesCacheHelper.cs, SourceLineNumber:125, Category:Application, Message:The web api getDataSourceId for virtual entity returned empty DataSourceId, ErrorCategory:ApplicationError",800171bc-0002-a000-b63f-84710c7967bb
2024-02-07T07:00:04,Error,site-85de4385-0987-4ae5-9917-b7715602956d-AUe,7e7bb2,638428860047661458,0,35932,216,"RequestData:, RequestPath:/_services/about, RequestExtension:, SessionId:, UserId:VcWE8oQ1w3K22dzvcouc-0SwoJnLwykiQGHIqTdRAnfpawpulW_-nSfKDxNUrz428bAQNcMW-KaTn9vYouhd86ZTERwX4-YbR09LDyLdJ3dzy03MZirxdu4dG5MmFFv0TKd7P5E2g4DiJ8H8v1AF_Q2, CorrelationId:d6271460-f6a2-40e3-ae6f-e1116b407c41, Elapsed:449.9182, MemberName:PopulateVirtualEntitiesActualSource, SourceFilePath:C:\__w\1\s\Framework\Adxstudio.Xrm\Caching\VirtualEntitiesCacheHelper.cs, SourceLineNumber:125, Category:Application, Message:The web api getDataSourceId for virtual entity returned empty DataSourceId, ErrorCategory:ApplicationError",800171bc-0002-a000-b63f-84710c7967bb
2024-02-07T07:00:04,Error,site-85de4385-0987-4ae5-9917-b7715602956d-AUe,7e7bb2,638428860048285822,0,35932,216,"RequestData:, RequestPath:/_services/about, RequestExtension:, SessionId:, UserId:VcWE8oQ1w3K22dzvcouc-0SwoJnLwykiQGHIqTdRAnfpawpulW_-nSfKDxNUrz428bAQNcMW-KaTn9vYouhd86ZTERwX4-YbR09LDyLdJ3dzy03MZirxdu4dG5MmFFv0TKd7P5E2g4DiJ8H8v1AF_Q2, CorrelationId:d6271460-f6a2-40e3-ae6f-e1116b407c41, Elapsed:508.063, MemberName:PopulateVirtualEntitiesActualSource, SourceFilePath:C:\__w\1\s\Framework\Adxstudio.Xrm\Caching\VirtualEntitiesCacheHelper.cs, SourceLineNumber:125, Category:Application, Message:The web api getDataSourceId for virtual entity returned empty DataSourceId, ErrorCategory:ApplicationError",800171bc-0002-a000-b63f-84710c7967bb
2024-02-07T07:00:04,Error,site-85de4385-0987-4ae5-9917-b7715602956d-AUe,7e7bb2,638428860048911481,0,35932,216,"RequestData:, RequestPath:/_services/about, RequestExtension:, SessionId:, UserId:VcWE8oQ1w3K22dzvcouc-0SwoJnLwykiQGHIqTdRAnfpawpulW_-nSfKDxNUrz428bAQNcMW-KaTn9vYouhd86ZTERwX4-YbR09LDyLdJ3dzy03MZirxdu4dG5MmFFv0TKd7P5E2g4DiJ8H8v1AF_Q2, CorrelationId:d6271460-f6a2-40e3-ae6f-e1116b407c41, Elapsed:570.8997, MemberName:PopulateVirtualEntitiesActualSource, SourceFilePath:C:\__w\1\s\Framework\Adxstudio.Xrm\Caching\VirtualEntitiesCacheHelper.cs, SourceLineNumber:125, Category:Application, Message:The web api getDataSourceId for virtual entity returned empty DataSourceId, ErrorCategory:ApplicationError",800171bc-0002-a000-b63f-84710c7967bb
2024-02-07T07:00:04,Error,site-85de4385-0987-4ae5-9917-b7715602956d-AUe,7e7bb2,638428860049536276,0,35932,216,"RequestData:, RequestPath:/_services/about, RequestExtension:, SessionId:, UserId:VcWE8oQ1w3K22dzvcouc-0SwoJnLwykiQGHIqTdRAnfpawpulW_-nSfKDxNUrz428bAQNcMW-KaTn9vYouhd86ZTERwX4-YbR09LDyLdJ3dzy03MZirxdu4dG5MmFFv0TKd7P5E2g4DiJ8H8v1AF_Q2, CorrelationId:d6271460-f6a2-40e3-ae6f-e1116b407c41, Elapsed:633.3266, MemberName:PopulateVirtualEntitiesActualSource, SourceFilePath:C:\__w\1\s\Framework\Adxstudio.Xrm\Caching\VirtualEntitiesCacheHelper.cs, SourceLineNumber:125, Category:Application, Message:The web api getDataSourceId for virtual entity returned empty DataSourceId, ErrorCategory:ApplicationError",800171bc-0002-a000-b63f-84710c7967bb
2024-02-07T07:00:05,Error,site-85de4385-0987-4ae5-9917-b7715602956d-AUe,7e7bb2,638428860050161565,0,35932,216,"RequestData:, RequestPath:/_services/about, RequestExtension:, SessionId:, UserId:VcWE8oQ1w3K22dzvcouc-0SwoJnLwykiQGHIqTdRAnfpawpulW_-nSfKDxNUrz428bAQNcMW-KaTn9vYouhd86ZTERwX4-YbR09LDyLdJ3dzy03MZirxdu4dG5MmFFv0TKd7P5E2g4DiJ8H8v1AF_Q2, CorrelationId:d6271460-f6a2-40e3-ae6f-e1116b407c41, Elapsed:691.4052, MemberName:PopulateVirtualEntitiesActualSource, SourceFilePath:C:\__w\1\s\Framework\Adxstudio.Xrm\Caching\VirtualEntitiesCacheHelper.cs, SourceLineNumber:125, Category:Application, Message:The web api getDataSourceId for virtual entity returned empty DataSourceId, ErrorCategory:ApplicationError",800171bc-0002-a000-b63f-84710c7967bb
2024-02-07T07:00:05,Error,site-85de4385-0987-4ae5-9917-b7715602956d-AUe,7e7bb2,638428860050786307,0,35932,216,"RequestData:, RequestPath:/_services/about, RequestExtension:, SessionId:, UserId:VcWE8oQ1w3K22dzvcouc-0SwoJnLwykiQGHIqTdRAnfpawpulW_-nSfKDxNUrz428bAQNcMW-KaTn9vYouhd86ZTERwX4-YbR09LDyLdJ3dzy03MZirxdu4dG5MmFFv0TKd7P5E2g4DiJ8H8v1AF_Q2, CorrelationId:d6271460-f6a2-40e3-ae6f-e1116b407c41, Elapsed:752.8934, MemberName:PopulateVirtualEntitiesActualSource, SourceFilePath:C:\__w\1\s\Framework\Adxstudio.Xrm\Caching\VirtualEntitiesCacheHelper.cs, SourceLineNumber:125, Category:Application, Message:The web api getDataSourceId for virtual entity returned empty DataSourceId, ErrorCategory:ApplicationError",800171bc-0002-a000-b63f-84710c7967bb
2024-02-07T07:00:05,Error,site-85de4385-0987-4ae5-9917-b7715602956d-AUe,7e7bb2,638428860051411510,0,35932,216,"RequestData:, RequestPath:/_services/about, RequestExtension:, SessionId:, UserId:VcWE8oQ1w3K22dzvcouc-0SwoJnLwykiQGHIqTdRAnfpawpulW_-nSfKDxNUrz428bAQNcMW-KaTn9vYouhd86ZTERwX4-YbR09LDyLdJ3dzy03MZirxdu4dG5MmFFv0TKd7P5E2g4DiJ8H8v1AF_Q2, CorrelationId:d6271460-f6a2-40e3-ae6f-e1116b407c41, Elapsed:812.1474, MemberName:PopulateVirtualEntitiesActualSource, SourceFilePath:C:\__w\1\s\Framework\Adxstudio.Xrm\Caching\VirtualEntitiesCacheHelper.cs, SourceLineNumber:125, Category:Application, Message:The web api getDataSourceId for virtual entity returned empty DataSourceId, ErrorCategory:ApplicationError",800171bc-0002-a000-b63f-84710c7967bb
2024-02-07T07:00:05,Error,site-85de4385-0987-4ae5-9917-b7715602956d-AUe,7e7bb2,638428860051879618,0,35932,216,"RequestData:, RequestPath:/_services/about, RequestExtension:, SessionId:, UserId:VcWE8oQ1w3K22dzvcouc-0SwoJnLwykiQGHIqTdRAnfpawpulW_-nSfKDxNUrz428bAQNcMW-KaTn9vYouhd86ZTERwX4-YbR09LDyLdJ3dzy03MZirxdu4dG5MmFFv0TKd7P5E2g4DiJ8H8v1AF_Q2, CorrelationId:d6271460-f6a2-40e3-ae6f-e1116b407c41, Elapsed:871.2025, MemberName:PopulateVirtualEntitiesActualSource, SourceFilePath:C:\__w\1\s\Framework\Adxstudio.Xrm\Caching\VirtualEntitiesCacheHelper.cs, SourceLineNumber:125, Category:Application, Message:The web api getDataSourceId for virtual entity returned empty DataSourceId, ErrorCategory:ApplicationError",800171bc-0002-a000-b63f-84710c7967bb
2024-02-07T07:00:05,Error,site-85de4385-0987-4ae5-9917-b7715602956d-AUe,7e7bb2,638428860052661338,0,35932,216,"RequestData:, RequestPath:/_services/about, RequestExtension:, SessionId:, UserId:VcWE8oQ1w3K22dzvcouc-0SwoJnLwykiQGHIqTdRAnfpawpulW_-nSfKDxNUrz428bAQNcMW-KaTn9vYouhd86ZTERwX4-YbR09LDyLdJ3dzy03MZirxdu4dG5MmFFv0TKd7P5E2g4DiJ8H8v1AF_Q2, CorrelationId:d6271460-f6a2-40e3-ae6f-e1116b407c41, Elapsed:940.1504, MemberName:PopulateVirtualEntitiesActualSource, SourceFilePath:C:\__w\1\s\Framework\Adxstudio.Xrm\Caching\VirtualEntitiesCacheHelper.cs, SourceLineNumber:125, Category:Application, Message:The web api getDataSourceId for virtual entity returned empty DataSourceId, ErrorCategory:ApplicationError",800171bc-0002-a000-b63f-84710c7967bb
2024-02-07T07:00:05,Error,site-85de4385-0987-4ae5-9917-b7715602956d-AUe,7e7bb2,638428860053286634,0,35932,216,"RequestData:, RequestPath:/_services/about, RequestExtension:, SessionId:, UserId:VcWE8oQ1w3K22dzvcouc-0SwoJnLwykiQGHIqTdRAnfpawpulW_-nSfKDxNUrz428bAQNcMW-KaTn9vYouhd86ZTERwX4-YbR09LDyLdJ3dzy03MZirxdu4dG5MmFFv0TKd7P5E2g4DiJ8H8v1AF_Q2, CorrelationId:d6271460-f6a2-40e3-ae6f-e1116b407c41, Elapsed:1005.7246, MemberName:PopulateVirtualEntitiesActualSource, SourceFilePath:C:\__w\1\s\Framework\Adxstudio.Xrm\Caching\VirtualEntitiesCacheHelper.cs, SourceLineNumber:125, Category:Application, Message:The web api getDataSourceId for virtual entity returned empty DataSourceId, ErrorCategory:ApplicationError",800171bc-0002-a000-b63f-84710c7967bb
2024-02-07T07:00:05,Error,site-85de4385-0987-4ae5-9917-b7715602956d-AUe,7e7bb2,638428860053911347,0,35932,216,"RequestData:, RequestPath:/_services/about, RequestExtension:, SessionId:, UserId:VcWE8oQ1w3K22dzvcouc-0SwoJnLwykiQGHIqTdRAnfpawpulW_-nSfKDxNUrz428bAQNcMW-KaTn9vYouhd86ZTERwX4-YbR09LDyLdJ3dzy03MZirxdu4dG5MmFFv0TKd7P5E2g4DiJ8H8v1AF_Q2, CorrelationId:d6271460-f6a2-40e3-ae6f-e1116b407c41, Elapsed:1074.2271, MemberName:PopulateVirtualEntitiesActualSource, SourceFilePath:C:\__w\1\s\Framework\Adxstudio.Xrm\Caching\VirtualEntitiesCacheHelper.cs, SourceLineNumber:125, Category:Application, Message:The web api getDataSourceId for virtual entity returned empty DataSourceId, ErrorCategory:ApplicationError",800171bc-0002-a000-b63f-84710c7967bb
2024-02-07T07:00:05,Error,site-85de4385-0987-4ae5-9917-b7715602956d-AUe,7e7bb2,638428860054692841,0,35932,216,"RequestData:, RequestPath:/_services/about, RequestExtension:, SessionId:, UserId:VcWE8oQ1w3K22dzvcouc-0SwoJnLwykiQGHIqTdRAnfpawpulW_-nSfKDxNUrz428bAQNcMW-KaTn9vYouhd86ZTERwX4-YbR09LDyLdJ3dzy03MZirxdu4dG5MmFFv0TKd7P5E2g4DiJ8H8v1AF_Q2, CorrelationId:d6271460-f6a2-40e3-ae6f-e1116b407c41, Elapsed:1145.16, MemberName:PopulateVirtualEntitiesActualSource, SourceFilePath:C:\__w\1\s\Framework\Adxstudio.Xrm\Caching\VirtualEntitiesCacheHelper.cs, SourceLineNumber:125, Category:Application, Message:The web api getDataSourceId for virtual entity returned empty DataSourceId, ErrorCategory:ApplicationError",800171bc-0002-a000-b63f-84710c7967bb
2024-02-07T07:00:05,Error,site-85de4385-0987-4ae5-9917-b7715602956d-AUe,7e7bb2,638428860055317903,0,35932,216,"RequestData:, RequestPath:/_services/about, RequestExtension:, SessionId:, UserId:VcWE8oQ1w3K22dzvcouc-0SwoJnLwykiQGHIqTdRAnfpawpulW_-nSfKDxNUrz428bAQNcMW-KaTn9vYouhd86ZTERwX4-YbR09LDyLdJ3dzy03MZirxdu4dG5MmFFv0TKd7P5E2g4DiJ8H8v1AF_Q2, CorrelationId:d6271460-f6a2-40e3-ae6f-e1116b407c41, Elapsed:1203.6614, MemberName:PopulateVirtualEntitiesActualSource, SourceFilePath:C:\__w\1\s\Framework\Adxstudio.Xrm\Caching\VirtualEntitiesCacheHelper.cs, SourceLineNumber:125, Category:Application, Message:The web api getDataSourceId for virtual entity returned empty DataSourceId, ErrorCategory:ApplicationError",800171bc-0002-a000-b63f-84710c7967bb
2024-02-07T07:00:05,Error,site-85de4385-0987-4ae5-9917-b7715602956d-AUe,7e7bb2,638428860055787862,0,35932,216,"RequestData:, RequestPath:/_services/about, RequestExtension:, SessionId:, UserId:VcWE8oQ1w3K22dzvcouc-0SwoJnLwykiQGHIqTdRAnfpawpulW_-nSfKDxNUrz428bAQNcMW-KaTn9vYouhd86ZTERwX4-YbR09LDyLdJ3dzy03MZirxdu4dG5MmFFv0TKd7P5E2g4DiJ8H8v1AF_Q2, CorrelationId:d6271460-f6a2-40e3-ae6f-e1116b407c41, Elapsed:1262.2778, MemberName:PopulateVirtualEntitiesActualSource, SourceFilePath:C:\__w\1\s\Framework\Adxstudio.Xrm\Caching\VirtualEntitiesCacheHelper.cs, SourceLineNumber:125, Category:Application, Message:The web api getDataSourceId for virtual entity returned empty DataSourceId, ErrorCategory:ApplicationError",800171bc-0002-a000-b63f-84710c7967bb
2024-02-07T07:00:05,Error,site-85de4385-0987-4ae5-9917-b7715602956d-AUe,7e7bb2,638428860056411407,0,35932,216,"RequestData:, RequestPath:/_services/about, RequestExtension:, SessionId:, UserId:VcWE8oQ1w3K22dzvcouc-0SwoJnLwykiQGHIqTdRAnfpawpulW_-nSfKDxNUrz428bAQNcMW-KaTn9vYouhd86ZTERwX4-YbR09LDyLdJ3dzy03MZirxdu4dG5MmFFv0TKd7P5E2g4DiJ8H8v1AF_Q2, CorrelationId:d6271460-f6a2-40e3-ae6f-e1116b407c41, Elapsed:1325.2249, MemberName:PopulateVirtualEntitiesActualSource, SourceFilePath:C:\__w\1\s\Framework\Adxstudio.Xrm\Caching\VirtualEntitiesCacheHelper.cs, SourceLineNumber:125, Category:Application, Message:The web api getDataSourceId for virtual entity returned empty DataSourceId, ErrorCategory:ApplicationError",800171bc-0002-a000-b63f-84710c7967bb
2024-02-07T07:00:05,Error,site-85de4385-0987-4ae5-9917-b7715602956d-AUe,7e7bb2,638428860057036833,0,35932,216,"RequestData:, RequestPath:/_services/about, RequestExtension:, SessionId:, UserId:VcWE8oQ1w3K22dzvcouc-0SwoJnLwykiQGHIqTdRAnfpawpulW_-nSfKDxNUrz428bAQNcMW-KaTn9vYouhd86ZTERwX4-YbR09LDyLdJ3dzy03MZirxdu4dG5MmFFv0TKd7P5E2g4DiJ8H8v1AF_Q2, CorrelationId:d6271460-f6a2-40e3-ae6f-e1116b407c41, Elapsed:1382.9326, MemberName:PopulateVirtualEntitiesActualSource, SourceFilePath:C:\__w\1\s\Framework\Adxstudio.Xrm\Caching\VirtualEntitiesCacheHelper.cs, SourceLineNumber:125, Category:Application, Message:The web api getDataSourceId for virtual entity returned empty DataSourceId, ErrorCategory:ApplicationError",800171bc-0002-a000-b63f-84710c7967bb
2024-02-07T07:00:05,Error,site-85de4385-0987-4ae5-9917-b7715602956d-AUe,7e7bb2,638428860057661657,0,35932,216,"RequestData:, RequestPath:/_services/about, RequestExtension:, SessionId:, UserId:VcWE8oQ1w3K22dzvcouc-0SwoJnLwykiQGHIqTdRAnfpawpulW_-nSfKDxNUrz428bAQNcMW-KaTn9vYouhd86ZTERwX4-YbR09LDyLdJ3dzy03MZirxdu4dG5MmFFv0TKd7P5E2g4DiJ8H8v1AF_Q2, CorrelationId:d6271460-f6a2-40e3-ae6f-e1116b407c41, Elapsed:1444.2916, MemberName:PopulateVirtualEntitiesActualSource, SourceFilePath:C:\__w\1\s\Framework\Adxstudio.Xrm\Caching\VirtualEntitiesCacheHelper.cs, SourceLineNumber:125, Category:Application, Message:The web api getDataSourceId for virtual entity returned empty DataSourceId, ErrorCategory:ApplicationError",800171bc-0002-a000-b63f-84710c7967bb
2024-02-07T07:00:05,Error,site-85de4385-0987-4ae5-9917-b7715602956d-AUe,7e7bb2,638428860058286744,0,35932,216,"RequestData:, RequestPath:/_services/about, RequestExtension:, SessionId:, UserId:VcWE8oQ1w3K22dzvcouc-0SwoJnLwykiQGHIqTdRAnfpawpulW_-nSfKDxNUrz428bAQNcMW-KaTn9vYouhd86ZTERwX4-YbR09LDyLdJ3dzy03MZirxdu4dG5MmFFv0TKd7P5E2g4DiJ8H8v1AF_Q2, CorrelationId:d6271460-f6a2-40e3-ae6f-e1116b407c41, Elapsed:1510.7326, MemberName:PopulateVirtualEntitiesActualSource, SourceFilePath:C:\__w\1\s\Framework\Adxstudio.Xrm\Caching\VirtualEntitiesCacheHelper.cs, SourceLineNumber:125, Category:Application, Message:The web api getDataSourceId for virtual entity returned empty DataSourceId, ErrorCategory:ApplicationError",800171bc-0002-a000-b63f-84710c7967bb
2024-02-07T07:00:05,Error,site-85de4385-0987-4ae5-9917-b7715602956d-AUe,7e7bb2,638428860059067191,0,35932,216,"RequestData:, RequestPath:/_services/about, RequestExtension:, SessionId:, UserId:VcWE8oQ1w3K22dzvcouc-0SwoJnLwykiQGHIqTdRAnfpawpulW_-nSfKDxNUrz428bAQNcMW-KaTn9vYouhd86ZTERwX4-YbR09LDyLdJ3dzy03MZirxdu4dG5MmFFv0TKd7P5E2g4DiJ8H8v1AF_Q2, CorrelationId:d6271460-f6a2-40e3-ae6f-e1116b407c41, Elapsed:1577.0833, MemberName:PopulateVirtualEntitiesActualSource, SourceFilePath:C:\__w\1\s\Framework\Adxstudio.Xrm\Caching\VirtualEntitiesCacheHelper.cs, SourceLineNumber:125, Category:Application, Message:The web api getDataSourceId for virtual entity returned empty DataSourceId, ErrorCategory:ApplicationError",800171bc-0002-a000-b63f-84710c7967bb
2024-02-07T07:00:05,Error,site-85de4385-0987-4ae5-9917-b7715602956d-AUe,7e7bb2,638428860059692199,0,35932,216,"RequestData:, RequestPath:/_services/about, RequestExtension:, SessionId:, UserId:VcWE8oQ1w3K22dzvcouc-0SwoJnLwykiQGHIqTdRAnfpawpulW_-nSfKDxNUrz428bAQNcMW-KaTn9vYouhd86ZTERwX4-YbR09LDyLdJ3dzy03MZirxdu4dG5MmFFv0TKd7P5E2g4DiJ8H8v1AF_Q2, CorrelationId:d6271460-f6a2-40e3-ae6f-e1116b407c41, Elapsed:1638.4345, MemberName:PopulateVirtualEntitiesActualSource, SourceFilePath:C:\__w\1\s\Framework\Adxstudio.Xrm\Caching\VirtualEntitiesCacheHelper.cs, SourceLineNumber:125, Category:Application, Message:The web api getDataSourceId for virtual entity returned empty DataSourceId, ErrorCategory:ApplicationError",800171bc-0002-a000-b63f-84710c7967bb
2024-02-07T07:00:06,Error,site-85de4385-0987-4ae5-9917-b7715602956d-AUe,7e7bb2,638428860060317805,0,35932,216,"RequestData:, RequestPath:/_services/about, RequestExtension:, SessionId:, UserId:VcWE8oQ1w3K22dzvcouc-0SwoJnLwykiQGHIqTdRAnfpawpulW_-nSfKDxNUrz428bAQNcMW-KaTn9vYouhd86ZTERwX4-YbR09LDyLdJ3dzy03MZirxdu4dG5MmFFv0TKd7P5E2g4DiJ8H8v1AF_Q2, CorrelationId:d6271460-f6a2-40e3-ae6f-e1116b407c41, Elapsed:1702.8893, MemberName:PopulateVirtualEntitiesActualSource, SourceFilePath:C:\__w\1\s\Framework\Adxstudio.Xrm\Caching\VirtualEntitiesCacheHelper.cs, SourceLineNumber:125, Category:Application, Message:The web api getDataSourceId for virtual entity returned empty DataSourceId, ErrorCategory:ApplicationError",800171bc-0002-a000-b63f-84710c7967bb
2024-02-07T07:00:06,Error,site-85de4385-0987-4ae5-9917-b7715602956d-AUe,7e7bb2,638428860060785981,0,35932,216,"RequestData:, RequestPath:/_services/about, RequestExtension:, SessionId:, UserId:VcWE8oQ1w3K22dzvcouc-0SwoJnLwykiQGHIqTdRAnfpawpulW_-nSfKDxNUrz428bAQNcMW-KaTn9vYouhd86ZTERwX4-YbR09LDyLdJ3dzy03MZirxdu4dG5MmFFv0TKd7P5E2g4DiJ8H8v1AF_Q2, CorrelationId:d6271460-f6a2-40e3-ae6f-e1116b407c41, Elapsed:1761.7371, MemberName:PopulateVirtualEntitiesActualSource, SourceFilePath:C:\__w\1\s\Framework\Adxstudio.Xrm\Caching\VirtualEntitiesCacheHelper.cs, SourceLineNumber:125, Category:Application, Message:The web api getDataSourceId for virtual entity returned empty DataSourceId, ErrorCategory:ApplicationError",800171bc-0002-a000-b63f-84710c7967bb
2024-02-07T07:00:06,Error,site-85de4385-0987-4ae5-9917-b7715602956d-AUe,7e7bb2,638428860061567275,0,35932,216,"RequestData:, RequestPath:/_services/about, RequestExtension:, SessionId:, UserId:VcWE8oQ1w3K22dzvcouc-0SwoJnLwykiQGHIqTdRAnfpawpulW_-nSfKDxNUrz428bAQNcMW-KaTn9vYouhd86ZTERwX4-YbR09LDyLdJ3dzy03MZirxdu4dG5MmFFv0TKd7P5E2g4DiJ8H8v1AF_Q2, CorrelationId:d6271460-f6a2-40e3-ae6f-e1116b407c41, Elapsed:1833.2774, MemberName:PopulateVirtualEntitiesActualSource, SourceFilePath:C:\__w\1\s\Framework\Adxstudio.Xrm\Caching\VirtualEntitiesCacheHelper.cs, SourceLineNumber:125, Category:Application, Message:The web api getDataSourceId for virtual entity returned empty DataSourceId, ErrorCategory:ApplicationError",800171bc-0002-a000-b63f-84710c7967bb
2024-02-07T07:00:06,Error,site-85de4385-0987-4ae5-9917-b7715602956d-AUe,7e7bb2,638428860062192271,0,35932,216,"RequestData:, RequestPath:/_services/about, RequestExtension:, SessionId:, UserId:VcWE8oQ1w3K22dzvcouc-0SwoJnLwykiQGHIqTdRAnfpawpulW_-nSfKDxNUrz428bAQNcMW-KaTn9vYouhd86ZTERwX4-YbR09LDyLdJ3dzy03MZirxdu4dG5MmFFv0TKd7P5E2g4DiJ8H8v1AF_Q2, CorrelationId:d6271460-f6a2-40e3-ae6f-e1116b407c41, Elapsed:1898.0028, MemberName:PopulateVirtualEntitiesActualSource, SourceFilePath:C:\__w\1\s\Framework\Adxstudio.Xrm\Caching\VirtualEntitiesCacheHelper.cs, SourceLineNumber:125, Category:Application, Message:The web api getDataSourceId for virtual entity returned empty DataSourceId, ErrorCategory:ApplicationError",800171bc-0002-a000-b63f-84710c7967bb
2024-02-07T07:00:06,Error,site-85de4385-0987-4ae5-9917-b7715602956d-AUe,7e7bb2,638428860062817290,0,35932,216,"RequestData:, RequestPath:/_services/about, RequestExtension:, SessionId:, UserId:VcWE8oQ1w3K22dzvcouc-0SwoJnLwykiQGHIqTdRAnfpawpulW_-nSfKDxNUrz428bAQNcMW-KaTn9vYouhd86ZTERwX4-YbR09LDyLdJ3dzy03MZirxdu4dG5MmFFv0TKd7P5E2g4DiJ8H8v1AF_Q2, CorrelationId:d6271460-f6a2-40e3-ae6f-e1116b407c41, Elapsed:1960.4694, MemberName:PopulateVirtualEntitiesActualSource, SourceFilePath:C:\__w\1\s\Framework\Adxstudio.Xrm\Caching\VirtualEntitiesCacheHelper.cs, SourceLineNumber:125, Category:Application, Message:The web api getDataSourceId for virtual entity returned empty DataSourceId, ErrorCategory:ApplicationError",800171bc-0002-a000-b63f-84710c7967bb
2024-02-07T07:00:06,Error,site-85de4385-0987-4ae5-9917-b7715602956d-AUe,7e7bb2,638428860063598717,0,35932,216,"RequestData:, RequestPath:/_services/about, RequestExtension:, SessionId:, UserId:VcWE8oQ1w3K22dzvcouc-0SwoJnLwykiQGHIqTdRAnfpawpulW_-nSfKDxNUrz428bAQNcMW-KaTn9vYouhd86ZTERwX4-YbR09LDyLdJ3dzy03MZirxdu4dG5MmFFv0TKd7P5E2g4DiJ8H8v1AF_Q2, CorrelationId:d6271460-f6a2-40e3-ae6f-e1116b407c41, Elapsed:2035.945, MemberName:PopulateVirtualEntitiesActualSource, SourceFilePath:C:\__w\1\s\Framework\Adxstudio.Xrm\Caching\VirtualEntitiesCacheHelper.cs, SourceLineNumber:125, Category:Application, Message:The web api getDataSourceId for virtual entity returned empty DataSourceId, ErrorCategory:ApplicationError",800171bc-0002-a000-b63f-84710c7967bb
2024-02-07T07:00:06,Error,site-85de4385-0987-4ae5-9917-b7715602956d-AUe,7e7bb2,638428860064224271,0,35932,216,"RequestData:, RequestPath:/_services/about, RequestExtension:, SessionId:, UserId:VcWE8oQ1w3K22dzvcouc-0SwoJnLwykiQGHIqTdRAnfpawpulW_-nSfKDxNUrz428bAQNcMW-KaTn9vYouhd86ZTERwX4-YbR09LDyLdJ3dzy03MZirxdu4dG5MmFFv0TKd7P5E2g4DiJ8H8v1AF_Q2, CorrelationId:d6271460-f6a2-40e3-ae6f-e1116b407c41, Elapsed:2099.1922, MemberName:PopulateVirtualEntitiesActualSource, SourceFilePath:C:\__w\1\s\Framework\Adxstudio.Xrm\Caching\VirtualEntitiesCacheHelper.cs, SourceLineNumber:125, Category:Application, Message:The web api getDataSourceId for virtual entity returned empty DataSourceId, ErrorCategory:ApplicationError",800171bc-0002-a000-b63f-84710c7967bb
2024-02-07T07:00:06,Error,site-85de4385-0987-4ae5-9917-b7715602956d-AUe,7e7bb2,638428860064849445,0,35932,216,"RequestData:, RequestPath:/_services/about, RequestExtension:, SessionId:, UserId:VcWE8oQ1w3K22dzvcouc-0SwoJnLwykiQGHIqTdRAnfpawpulW_-nSfKDxNUrz428bAQNcMW-KaTn9vYouhd86ZTERwX4-YbR09LDyLdJ3dzy03MZirxdu4dG5MmFFv0TKd7P5E2g4DiJ8H8v1AF_Q2, CorrelationId:d6271460-f6a2-40e3-ae6f-e1116b407c41, Elapsed:2159.9743, MemberName:PopulateVirtualEntitiesActualSource, SourceFilePath:C:\__w\1\s\Framework\Adxstudio.Xrm\Caching\VirtualEntitiesCacheHelper.cs, SourceLineNumber:125, Category:Application, Message:The web api getDataSourceId for virtual entity returned empty DataSourceId, ErrorCategory:ApplicationError",800171bc-0002-a000-b63f-84710c7967bb
2024-02-07T07:00:06,Error,site-85de4385-0987-4ae5-9917-b7715602956d-AUe,7e7bb2,638428860065473625,0,35932,216,"RequestData:, RequestPath:/_services/about, RequestExtension:, SessionId:, UserId:VcWE8oQ1w3K22dzvcouc-0SwoJnLwykiQGHIqTdRAnfpawpulW_-nSfKDxNUrz428bAQNcMW-KaTn9vYouhd86ZTERwX4-YbR09LDyLdJ3dzy03MZirxdu4dG5MmFFv0TKd7P5E2g4DiJ8H8v1AF_Q2, CorrelationId:d6271460-f6a2-40e3-ae6f-e1116b407c41, Elapsed:2223.8601, MemberName:PopulateVirtualEntitiesActualSource, SourceFilePath:C:\__w\1\s\Framework\Adxstudio.Xrm\Caching\VirtualEntitiesCacheHelper.cs, SourceLineNumber:125, Category:Application, Message:The web api getDataSourceId for virtual entity returned empty DataSourceId, ErrorCategory:ApplicationError",800171bc-0002-a000-b63f-84710c7967bb
2024-02-07T07:00:06,Error,site-85de4385-0987-4ae5-9917-b7715602956d-AUe,7e7bb2,638428860066098653,0,35932,216,"RequestData:, RequestPath:/_services/about, RequestExtension:, SessionId:, UserId:VcWE8oQ1w3K22dzvcouc-0SwoJnLwykiQGHIqTdRAnfpawpulW_-nSfKDxNUrz428bAQNcMW-KaTn9vYouhd86ZTERwX4-YbR09LDyLdJ3dzy03MZirxdu4dG5MmFFv0TKd7P5E2g4DiJ8H8v1AF_Q2, CorrelationId:d6271460-f6a2-40e3-ae6f-e1116b407c41, Elapsed:2294.2986, MemberName:PopulateVirtualEntitiesActualSource, SourceFilePath:C:\__w\1\s\Framework\Adxstudio.Xrm\Caching\VirtualEntitiesCacheHelper.cs, SourceLineNumber:125, Category:Application, Message:The web api getDataSourceId for virtual entity returned empty DataSourceId, ErrorCategory:ApplicationError",800171bc-0002-a000-b63f-84710c7967bb
2024-02-07T07:00:06,Error,site-85de4385-0987-4ae5-9917-b7715602956d-AUe,7e7bb2,638428860066881093,0,35932,216,"RequestData:, RequestPath:/_services/about, RequestExtension:, SessionId:, UserId:VcWE8oQ1w3K22dzvcouc-0SwoJnLwykiQGHIqTdRAnfpawpulW_-nSfKDxNUrz428bAQNcMW-KaTn9vYouhd86ZTERwX4-YbR09LDyLdJ3dzy03MZirxdu4dG5MmFFv0TKd7P5E2g4DiJ8H8v1AF_Q2, CorrelationId:d6271460-f6a2-40e3-ae6f-e1116b407c41, Elapsed:2358.8306, MemberName:PopulateVirtualEntitiesActualSource, SourceFilePath:C:\__w\1\s\Framework\Adxstudio.Xrm\Caching\VirtualEntitiesCacheHelper.cs, SourceLineNumber:125, Category:Application, Message:The web api getDataSourceId for virtual entity returned empty DataSourceId, ErrorCategory:ApplicationError",800171bc-0002-a000-b63f-84710c7967bb
2024-02-07T07:00:06,Error,site-85de4385-0987-4ae5-9917-b7715602956d-AUe,7e7bb2,638428860067661875,0,35932,216,"RequestData:, RequestPath:/_services/about, RequestExtension:, SessionId:, UserId:VcWE8oQ1w3K22dzvcouc-0SwoJnLwykiQGHIqTdRAnfpawpulW_-nSfKDxNUrz428bAQNcMW-KaTn9vYouhd86ZTERwX4-YbR09LDyLdJ3dzy03MZirxdu4dG5MmFFv0TKd7P5E2g4DiJ8H8v1AF_Q2, CorrelationId:d6271460-f6a2-40e3-ae6f-e1116b407c41, Elapsed:2436.6758, MemberName:PopulateVirtualEntitiesActualSource, SourceFilePath:C:\__w\1\s\Framework\Adxstudio.Xrm\Caching\VirtualEntitiesCacheHelper.cs, SourceLineNumber:125, Category:Application, Message:The web api getDataSourceId for virtual entity returned empty DataSourceId, ErrorCategory:ApplicationError",800171bc-0002-a000-b63f-84710c7967bb
2024-02-07T07:00:06,Error,site-85de4385-0987-4ae5-9917-b7715602956d-AUe,7e7bb2,638428860068286939,0,35932,216,"RequestData:, RequestPath:/_services/about, RequestExtension:, SessionId:, UserId:VcWE8oQ1w3K22dzvcouc-0SwoJnLwykiQGHIqTdRAnfpawpulW_-nSfKDxNUrz428bAQNcMW-KaTn9vYouhd86ZTERwX4-YbR09LDyLdJ3dzy03MZirxdu4dG5MmFFv0TKd7P5E2g4DiJ8H8v1AF_Q2, CorrelationId:d6271460-f6a2-40e3-ae6f-e1116b407c41, Elapsed:2504.4011, MemberName:PopulateVirtualEntitiesActualSource, SourceFilePath:C:\__w\1\s\Framework\Adxstudio.Xrm\Caching\VirtualEntitiesCacheHelper.cs, SourceLineNumber:125, Category:Application, Message:The web api getDataSourceId for virtual entity returned empty DataSourceId, ErrorCategory:ApplicationError",800171bc-0002-a000-b63f-84710c7967bb
2024-02-07T07:00:06,Error,site-85de4385-0987-4ae5-9917-b7715602956d-AUe,7e7bb2,638428860068911678,0,35932,216,"RequestData:, RequestPath:/_services/about, RequestExtension:, SessionId:, UserId:VcWE8oQ1w3K22dzvcouc-0SwoJnLwykiQGHIqTdRAnfpawpulW_-nSfKDxNUrz428bAQNcMW-KaTn9vYouhd86ZTERwX4-YbR09LDyLdJ3dzy03MZirxdu4dG5MmFFv0TKd7P5E2g4DiJ8H8v1AF_Q2, CorrelationId:d6271460-f6a2-40e3-ae6f-e1116b407c41, Elapsed:2572.7231, MemberName:PopulateVirtualEntitiesActualSource, SourceFilePath:C:\__w\1\s\Framework\Adxstudio.Xrm\Caching\VirtualEntitiesCacheHelper.cs, SourceLineNumber:125, Category:Application, Message:The web api getDataSourceId for virtual entity returned empty DataSourceId, ErrorCategory:ApplicationError",800171bc-0002-a000-b63f-84710c7967bb
2024-02-07T07:00:06,Error,site-85de4385-0987-4ae5-9917-b7715602956d-AUe,7e7bb2,638428860069848780,0,35932,216,"RequestData:, RequestPath:/_services/about, RequestExtension:, SessionId:, UserId:VcWE8oQ1w3K22dzvcouc-0SwoJnLwykiQGHIqTdRAnfpawpulW_-nSfKDxNUrz428bAQNcMW-KaTn9vYouhd86ZTERwX4-YbR09LDyLdJ3dzy03MZirxdu4dG5MmFFv0TKd7P5E2g4DiJ8H8v1AF_Q2, CorrelationId:d6271460-f6a2-40e3-ae6f-e1116b407c41, Elapsed:2658.3079, MemberName:PopulateVirtualEntitiesActualSource, SourceFilePath:C:\__w\1\s\Framework\Adxstudio.Xrm\Caching\VirtualEntitiesCacheHelper.cs, SourceLineNumber:125, Category:Application, Message:The web api getDataSourceId for virtual entity returned empty DataSourceId, ErrorCategory:ApplicationError",800171bc-0002-a000-b63f-84710c7967bb
2024-02-07T07:00:07,Error,site-85de4385-0987-4ae5-9917-b7715602956d-AUe,7e7bb2,638428860070474466,0,35932,216,"RequestData:, RequestPath:/_services/about, RequestExtension:, SessionId:, UserId:VcWE8oQ1w3K22dzvcouc-0SwoJnLwykiQGHIqTdRAnfpawpulW_-nSfKDxNUrz428bAQNcMW-KaTn9vYouhd86ZTERwX4-YbR09LDyLdJ3dzy03MZirxdu4dG5MmFFv0TKd7P5E2g4DiJ8H8v1AF_Q2, CorrelationId:d6271460-f6a2-40e3-ae6f-e1116b407c41, Elapsed:2727.5073, MemberName:PopulateVirtualEntitiesActualSource, SourceFilePath:C:\__w\1\s\Framework\Adxstudio.Xrm\Caching\VirtualEntitiesCacheHelper.cs, SourceLineNumber:125, Category:Application, Message:The web api getDataSourceId for virtual entity returned empty DataSourceId, ErrorCategory:ApplicationError",800171bc-0002-a000-b63f-84710c7967bb
2024-02-07T07:00:07,Error,site-85de4385-0987-4ae5-9917-b7715602956d-AUe,7e7bb2,638428860071099302,0,35932,216,"RequestData:, RequestPath:/_services/about, RequestExtension:, SessionId:, UserId:VcWE8oQ1w3K22dzvcouc-0SwoJnLwykiQGHIqTdRAnfpawpulW_-nSfKDxNUrz428bAQNcMW-KaTn9vYouhd86ZTERwX4-YbR09LDyLdJ3dzy03MZirxdu4dG5MmFFv0TKd7P5E2g4DiJ8H8v1AF_Q2, CorrelationId:d6271460-f6a2-40e3-ae6f-e1116b407c41, Elapsed:2792.0682, MemberName:PopulateVirtualEntitiesActualSource, SourceFilePath:C:\__w\1\s\Framework\Adxstudio.Xrm\Caching\VirtualEntitiesCacheHelper.cs, SourceLineNumber:125, Category:Application, Message:The web api getDataSourceId for virtual entity returned empty DataSourceId, ErrorCategory:ApplicationError",800171bc-0002-a000-b63f-84710c7967bb
2024-02-07T07:00:07,Error,site-85de4385-0987-4ae5-9917-b7715602956d-AUe,7e7bb2,638428860071724392,0,35932,216,"RequestData:, RequestPath:/_services/about, RequestExtension:, SessionId:, UserId:VcWE8oQ1w3K22dzvcouc-0SwoJnLwykiQGHIqTdRAnfpawpulW_-nSfKDxNUrz428bAQNcMW-KaTn9vYouhd86ZTERwX4-YbR09LDyLdJ3dzy03MZirxdu4dG5MmFFv0TKd7P5E2g4DiJ8H8v1AF_Q2, CorrelationId:d6271460-f6a2-40e3-ae6f-e1116b407c41, Elapsed:2852.8743, MemberName:PopulateVirtualEntitiesActualSource, SourceFilePath:C:\__w\1\s\Framework\Adxstudio.Xrm\Caching\VirtualEntitiesCacheHelper.cs, SourceLineNumber:125, Category:Application, Message:The web api getDataSourceId for virtual entity returned empty DataSourceId, ErrorCategory:ApplicationError",800171bc-0002-a000-b63f-84710c7967bb
2024-02-07T07:00:07,Error,site-85de4385-0987-4ae5-9917-b7715602956d-AUe,7e7bb2,638428860072505492,0,35932,216,"RequestData:, RequestPath:/_services/about, RequestExtension:, SessionId:, UserId:VcWE8oQ1w3K22dzvcouc-0SwoJnLwykiQGHIqTdRAnfpawpulW_-nSfKDxNUrz428bAQNcMW-KaTn9vYouhd86ZTERwX4-YbR09LDyLdJ3dzy03MZirxdu4dG5MmFFv0TKd7P5E2g4DiJ8H8v1AF_Q2, CorrelationId:d6271460-f6a2-40e3-ae6f-e1116b407c41, Elapsed:2934.1032, MemberName:PopulateVirtualEntitiesActualSource, SourceFilePath:C:\__w\1\s\Framework\Adxstudio.Xrm\Caching\VirtualEntitiesCacheHelper.cs, SourceLineNumber:125, Category:Application, Message:The web api getDataSourceId for virtual entity returned empty DataSourceId, ErrorCategory:ApplicationError",800171bc-0002-a000-b63f-84710c7967bb
2024-02-07T07:00:07,Error,site-85de4385-0987-4ae5-9917-b7715602956d-AUe,7e7bb2,638428860073286995,0,35932,216,"RequestData:, RequestPath:/_services/about, RequestExtension:, SessionId:, UserId:VcWE8oQ1w3K22dzvcouc-0SwoJnLwykiQGHIqTdRAnfpawpulW_-nSfKDxNUrz428bAQNcMW-KaTn9vYouhd86ZTERwX4-YbR09LDyLdJ3dzy03MZirxdu4dG5MmFFv0TKd7P5E2g4DiJ8H8v1AF_Q2, CorrelationId:d6271460-f6a2-40e3-ae6f-e1116b407c41, Elapsed:3001.764, MemberName:PopulateVirtualEntitiesActualSource, SourceFilePath:C:\__w\1\s\Framework\Adxstudio.Xrm\Caching\VirtualEntitiesCacheHelper.cs, SourceLineNumber:125, Category:Application, Message:The web api getDataSourceId for virtual entity returned empty DataSourceId, ErrorCategory:ApplicationError",800171bc-0002-a000-b63f-84710c7967bb
2024-02-07T07:00:07,Error,site-85de4385-0987-4ae5-9917-b7715602956d-AUe,7e7bb2,638428860073911792,0,35932,216,"RequestData:, RequestPath:/_services/about, RequestExtension:, SessionId:, UserId:VcWE8oQ1w3K22dzvcouc-0SwoJnLwykiQGHIqTdRAnfpawpulW_-nSfKDxNUrz428bAQNcMW-KaTn9vYouhd86ZTERwX4-YbR09LDyLdJ3dzy03MZirxdu4dG5MmFFv0TKd7P5E2g4DiJ8H8v1AF_Q2, CorrelationId:d6271460-f6a2-40e3-ae6f-e1116b407c41, Elapsed:3066.1167, MemberName:PopulateVirtualEntitiesActualSource, SourceFilePath:C:\__w\1\s\Framework\Adxstudio.Xrm\Caching\VirtualEntitiesCacheHelper.cs, SourceLineNumber:125, Category:Application, Message:The web api getDataSourceId for virtual entity returned empty DataSourceId, ErrorCategory:ApplicationError",800171bc-0002-a000-b63f-84710c7967bb
2024-02-07T07:00:07,Error,site-85de4385-0987-4ae5-9917-b7715602956d-AUe,7e7bb2,638428860074537058,0,35932,216,"RequestData:, RequestPath:/_services/about, RequestExtension:, SessionId:, UserId:VcWE8oQ1w3K22dzvcouc-0SwoJnLwykiQGHIqTdRAnfpawpulW_-nSfKDxNUrz428bAQNcMW-KaTn9vYouhd86ZTERwX4-YbR09LDyLdJ3dzy03MZirxdu4dG5MmFFv0TKd7P5E2g4DiJ8H8v1AF_Q2, CorrelationId:d6271460-f6a2-40e3-ae6f-e1116b407c41, Elapsed:3136.3036, MemberName:PopulateVirtualEntitiesActualSource, SourceFilePath:C:\__w\1\s\Framework\Adxstudio.Xrm\Caching\VirtualEntitiesCacheHelper.cs, SourceLineNumber:125, Category:Application, Message:The web api getDataSourceId for virtual entity returned empty DataSourceId, ErrorCategory:ApplicationError",800171bc-0002-a000-b63f-84710c7967bb
2024-02-07T07:00:07,Error,site-85de4385-0987-4ae5-9917-b7715602956d-AUe,7e7bb2,638428860075317521,0,35932,216,"RequestData:, RequestPath:/_services/about, RequestExtension:, SessionId:, UserId:VcWE8oQ1w3K22dzvcouc-0SwoJnLwykiQGHIqTdRAnfpawpulW_-nSfKDxNUrz428bAQNcMW-KaTn9vYouhd86ZTERwX4-YbR09LDyLdJ3dzy03MZirxdu4dG5MmFFv0TKd7P5E2g4DiJ8H8v1AF_Q2, CorrelationId:d6271460-f6a2-40e3-ae6f-e1116b407c41, Elapsed:3201.4069, MemberName:PopulateVirtualEntitiesActualSource, SourceFilePath:C:\__w\1\s\Framework\Adxstudio.Xrm\Caching\VirtualEntitiesCacheHelper.cs, SourceLineNumber:125, Category:Application, Message:The web api getDataSourceId for virtual entity returned empty DataSourceId, ErrorCategory:ApplicationError",800171bc-0002-a000-b63f-84710c7967bb
2024-02-07T07:00:07,Error,site-85de4385-0987-4ae5-9917-b7715602956d-AUe,7e7bb2,638428860075943078,0,35932,216,"RequestData:, RequestPath:/_services/about, RequestExtension:, SessionId:, UserId:VcWE8oQ1w3K22dzvcouc-0SwoJnLwykiQGHIqTdRAnfpawpulW_-nSfKDxNUrz428bAQNcMW-KaTn9vYouhd86ZTERwX4-YbR09LDyLdJ3dzy03MZirxdu4dG5MmFFv0TKd7P5E2g4DiJ8H8v1AF_Q2, CorrelationId:d6271460-f6a2-40e3-ae6f-e1116b407c41, Elapsed:3268.16, MemberName:PopulateVirtualEntitiesActualSource, SourceFilePath:C:\__w\1\s\Framework\Adxstudio.Xrm\Caching\VirtualEntitiesCacheHelper.cs, SourceLineNumber:125, Category:Application, Message:The web api getDataSourceId for virtual entity returned empty DataSourceId, ErrorCategory:ApplicationError",800171bc-0002-a000-b63f-84710c7967bb
2024-02-07T07:00:07,Error,site-85de4385-0987-4ae5-9917-b7715602956d-AUe,7e7bb2,638428860076568097,0,35932,216,"RequestData:, RequestPath:/_services/about, RequestExtension:, SessionId:, UserId:VcWE8oQ1w3K22dzvcouc-0SwoJnLwykiQGHIqTdRAnfpawpulW_-nSfKDxNUrz428bAQNcMW-KaTn9vYouhd86ZTERwX4-YbR09LDyLdJ3dzy03MZirxdu4dG5MmFFv0TKd7P5E2g4DiJ8H8v1AF_Q2, CorrelationId:d6271460-f6a2-40e3-ae6f-e1116b407c41, Elapsed:3328.247, MemberName:PopulateVirtualEntitiesActualSource, SourceFilePath:C:\__w\1\s\Framework\Adxstudio.Xrm\Caching\VirtualEntitiesCacheHelper.cs, SourceLineNumber:125, Category:Application, Message:The web api getDataSourceId for virtual entity returned empty DataSourceId, ErrorCategory:ApplicationError",800171bc-0002-a000-b63f-84710c7967bb
2024-02-07T07:00:07,Error,site-85de4385-0987-4ae5-9917-b7715602956d-AUe,7e7bb2,638428860077193331,0,35932,216,"RequestData:, RequestPath:/_services/about, RequestExtension:, SessionId:, UserId:VcWE8oQ1w3K22dzvcouc-0SwoJnLwykiQGHIqTdRAnfpawpulW_-nSfKDxNUrz428bAQNcMW-KaTn9vYouhd86ZTERwX4-YbR09LDyLdJ3dzy03MZirxdu4dG5MmFFv0TKd7P5E2g4DiJ8H8v1AF_Q2, CorrelationId:d6271460-f6a2-40e3-ae6f-e1116b407c41, Elapsed:3397.1473, MemberName:PopulateVirtualEntitiesActualSource, SourceFilePath:C:\__w\1\s\Framework\Adxstudio.Xrm\Caching\VirtualEntitiesCacheHelper.cs, SourceLineNumber:125, Category:Application, Message:The web api getDataSourceId for virtual entity returned empty DataSourceId, ErrorCategory:ApplicationError",800171bc-0002-a000-b63f-84710c7967bb
2024-02-07T07:00:07,Error,site-85de4385-0987-4ae5-9917-b7715602956d-AUe,7e7bb2,638428860077974454,0,35932,216,"RequestData:, RequestPath:/_services/about, RequestExtension:, SessionId:, UserId:VcWE8oQ1w3K22dzvcouc-0SwoJnLwykiQGHIqTdRAnfpawpulW_-nSfKDxNUrz428bAQNcMW-KaTn9vYouhd86ZTERwX4-YbR09LDyLdJ3dzy03MZirxdu4dG5MmFFv0TKd7P5E2g4DiJ8H8v1AF_Q2, CorrelationId:d6271460-f6a2-40e3-ae6f-e1116b407c41, Elapsed:3473.2493, MemberName:PopulateVirtualEntitiesActualSource, SourceFilePath:C:\__w\1\s\Framework\Adxstudio.Xrm\Caching\VirtualEntitiesCacheHelper.cs, SourceLineNumber:125, Category:Application, Message:The web api getDataSourceId for virtual entity returned empty DataSourceId, ErrorCategory:ApplicationError",800171bc-0002-a000-b63f-84710c7967bb
2024-02-07T07:00:07,Error,site-85de4385-0987-4ae5-9917-b7715602956d-AUe,7e7bb2,638428860078755845,0,35932,216,"RequestData:, RequestPath:/_services/about, RequestExtension:, SessionId:, UserId:VcWE8oQ1w3K22dzvcouc-0SwoJnLwykiQGHIqTdRAnfpawpulW_-nSfKDxNUrz428bAQNcMW-KaTn9vYouhd86ZTERwX4-YbR09LDyLdJ3dzy03MZirxdu4dG5MmFFv0TKd7P5E2g4DiJ8H8v1AF_Q2, CorrelationId:d6271460-f6a2-40e3-ae6f-e1116b407c41, Elapsed:3545.3587, MemberName:PopulateVirtualEntitiesActualSource, SourceFilePath:C:\__w\1\s\Framework\Adxstudio.Xrm\Caching\VirtualEntitiesCacheHelper.cs, SourceLineNumber:125, Category:Application, Message:The web api getDataSourceId for virtual entity returned empty DataSourceId, ErrorCategory:ApplicationError",800171bc-0002-a000-b63f-84710c7967bb
2024-02-07T07:00:07,Error,site-85de4385-0987-4ae5-9917-b7715602956d-AUe,7e7bb2,638428860079380649,0,35932,216,"RequestData:, RequestPath:/_services/about, RequestExtension:, SessionId:, UserId:VcWE8oQ1w3K22dzvcouc-0SwoJnLwykiQGHIqTdRAnfpawpulW_-nSfKDxNUrz428bAQNcMW-KaTn9vYouhd86ZTERwX4-YbR09LDyLdJ3dzy03MZirxdu4dG5MmFFv0TKd7P5E2g4DiJ8H8v1AF_Q2, CorrelationId:d6271460-f6a2-40e3-ae6f-e1116b407c41, Elapsed:3611.1365, MemberName:PopulateVirtualEntitiesActualSource, SourceFilePath:C:\__w\1\s\Framework\Adxstudio.Xrm\Caching\VirtualEntitiesCacheHelper.cs, SourceLineNumber:125, Category:Application, Message:The web api getDataSourceId for virtual entity returned empty DataSourceId, ErrorCategory:ApplicationError",800171bc-0002-a000-b63f-84710c7967bb
2024-02-07T07:00:08,Error,site-85de4385-0987-4ae5-9917-b7715602956d-AUe,7e7bb2,638428860080005147,0,35932,216,"RequestData:, RequestPath:/_services/about, RequestExtension:, SessionId:, UserId:VcWE8oQ1w3K22dzvcouc-0SwoJnLwykiQGHIqTdRAnfpawpulW_-nSfKDxNUrz428bAQNcMW-KaTn9vYouhd86ZTERwX4-YbR09LDyLdJ3dzy03MZirxdu4dG5MmFFv0TKd7P5E2g4DiJ8H8v1AF_Q2, CorrelationId:d6271460-f6a2-40e3-ae6f-e1116b407c41, Elapsed:3681.6355, MemberName:PopulateVirtualEntitiesActualSource, SourceFilePath:C:\__w\1\s\Framework\Adxstudio.Xrm\Caching\VirtualEntitiesCacheHelper.cs, SourceLineNumber:125, Category:Application, Message:The web api getDataSourceId for virtual entity returned empty DataSourceId, ErrorCategory:ApplicationError",800171bc-0002-a000-b63f-84710c7967bb
2024-02-07T07:00:08,Error,site-85de4385-0987-4ae5-9917-b7715602956d-AUe,7e7bb2,638428860080786508,0,35932,216,"RequestData:, RequestPath:/_services/about, RequestExtension:, SessionId:, UserId:VcWE8oQ1w3K22dzvcouc-0SwoJnLwykiQGHIqTdRAnfpawpulW_-nSfKDxNUrz428bAQNcMW-KaTn9vYouhd86ZTERwX4-YbR09LDyLdJ3dzy03MZirxdu4dG5MmFFv0TKd7P5E2g4DiJ8H8v1AF_Q2, CorrelationId:d6271460-f6a2-40e3-ae6f-e1116b407c41, Elapsed:3749.2929, MemberName:PopulateVirtualEntitiesActualSource, SourceFilePath:C:\__w\1\s\Framework\Adxstudio.Xrm\Caching\VirtualEntitiesCacheHelper.cs, SourceLineNumber:125, Category:Application, Message:The web api getDataSourceId for virtual entity returned empty DataSourceId, ErrorCategory:ApplicationError",800171bc-0002-a000-b63f-84710c7967bb
2024-02-07T07:00:08,Error,site-85de4385-0987-4ae5-9917-b7715602956d-AUe,7e7bb2,638428860081567671,0,35932,216,"RequestData:, RequestPath:/_services/about, RequestExtension:, SessionId:, UserId:VcWE8oQ1w3K22dzvcouc-0SwoJnLwykiQGHIqTdRAnfpawpulW_-nSfKDxNUrz428bAQNcMW-KaTn9vYouhd86ZTERwX4-YbR09LDyLdJ3dzy03MZirxdu4dG5MmFFv0TKd7P5E2g4DiJ8H8v1AF_Q2, CorrelationId:d6271460-f6a2-40e3-ae6f-e1116b407c41, Elapsed:3835.9905, MemberName:PopulateVirtualEntitiesActualSource, SourceFilePath:C:\__w\1\s\Framework\Adxstudio.Xrm\Caching\VirtualEntitiesCacheHelper.cs, SourceLineNumber:125, Category:Application, Message:The web api getDataSourceId for virtual entity returned empty DataSourceId, ErrorCategory:ApplicationError",800171bc-0002-a000-b63f-84710c7967bb
2024-02-07T07:03:04,Error,site-85de4385-0987-4ae5-9917-b7715602956d-AUe,7e7bb2,638428861845395818,0,35932,113,"RequestData:, RequestPath:, RequestExtension:, SessionId:, UserId:, CorrelationId:00000000-0000-0000-0000-000000000000, Elapsed:0, RequestMethod:, RequestContentType:, RequestAccept:, RequestCacheControl:, UserAgent:, HandlerName:, HandlerExecuted:False, VaryByCustom:, MemberName:HandleExceptionAsync, SourceFilePath:C:\__w\1\s\Framework\Adxstudio.Xrm\Identity\MSAL\MsalTokenManager.cs, SourceLineNumber:211, ExceptionMessage:AADSTS9002313: Invalid request. Request is malformed or invalid. Trace ID: 7faa954d-112d-4fce-bf97-ea5aea920d00 Correlation ID: 8cadafd5-aed4-4733-b9dc-883427c322fd Timestamp: 2024-02-07 07:03:04Z
Microsoft.Identity.Client.MsalUiRequiredException
   at Microsoft.Identity.Client.OAuth2.OAuth2Client.ThrowServerException(HttpResponse response, RequestContext requestContext)
   at Microsoft.Identity.Client.OAuth2.OAuth2Client.CreateResponse[T](HttpResponse response, RequestContext requestContext)
   at Microsoft.Identity.Client.OAuth2.OAuth2Client.<ExecuteRequestAsync>d__12`1.MoveNext()
--- End of stack trace from previous location where exception was thrown ---
   at System.Runtime.ExceptionServices.ExceptionDispatchInfo.Throw()
   at System.Runtime.CompilerServices.TaskAwaiter.HandleNonSuccessAndDebuggerNotification(Task task)
   at Microsoft.Identity.Client.OAuth2.OAuth2Client.<GetTokenAsync>d__11.MoveNext()
--- End of stack trace from previous location where exception was thrown ---
   at System.Runtime.ExceptionServices.ExceptionDispatchInfo.Throw()
   at System.Runtime.CompilerServices.TaskAwaiter.HandleNonSuccessAndDebuggerNotification(Task task)
   at Microsoft.Identity.Client.OAuth2.TokenClient.<SendHttpAndClearTelemetryAsync>d__11.MoveNext()
--- End of stack trace from previous location where exception was thrown ---
   at System.Runtime.ExceptionServices.ExceptionDispatchInfo.Throw()
   at Microsoft.Identity.Client.OAuth2.TokenClient.<SendHttpAndClearTelemetryAsync>d__11.MoveNext()
--- End of stack trace from previous location where exception was thrown ---
   at System.Runtime.ExceptionServices.ExceptionDispatchInfo.Throw()
   at System.Runtime.CompilerServices.TaskAwaiter.HandleNonSuccessAndDebuggerNotification(Task task)
   at Microsoft.Identity.Client.OAuth2.TokenClient.<SendTokenRequestAsync>d__5.MoveNext()
--- End of stack trace from previous location where exception was thrown ---
   at System.Runtime.ExceptionServices.ExceptionDispatchInfo.Throw()
   at System.Runtime.CompilerServices.TaskAwaiter.HandleNonSuccessAndDebuggerNotification(Task task)
   at Microsoft.Identity.Client.Internal.Requests.RequestBase.<SendTokenRequestAsync>d__25.MoveNext()
--- End of stack trace from previous location where exception was thrown ---
   at System.Runtime.ExceptionServices.ExceptionDispatchInfo.Throw()
   at System.Runtime.CompilerServices.TaskAwaiter.HandleNonSuccessAndDebuggerNotification(Task task)
   at Microsoft.Identity.Client.Internal.Requests.ConfidentialAuthCodeRequest.<ExecuteAsync>d__2.MoveNext()
--- End of stack trace from previous location where exception was thrown ---
   at System.Runtime.ExceptionServices.ExceptionDispatchInfo.Throw()
   at System.Runtime.CompilerServices.TaskAwaiter.HandleNonSuccessAndDebuggerNotification(Task task)
   at Microsoft.Identity.Client.Internal.Requests.RequestBase.<RunAsync>d__12.MoveNext()
--- End of stack trace from previous location where exception was thrown ---
   at System.Runtime.ExceptionServices.ExceptionDispatchInfo.Throw()
   at System.Runtime.CompilerServices.TaskAwaiter.HandleNonSuccessAndDebuggerNotification(Task task)
   at Microsoft.Identity.Client.ApiConfig.Executors.ConfidentialClientExecutor.<ExecuteAsync>d__2.MoveNext()
--- End of stack trace from previous location where exception was thrown ---
   at System.Runtime.ExceptionServices.ExceptionDispatchInfo.Throw()
   at System.Runtime.CompilerServices.TaskAwaiter.HandleNonSuccessAndDebuggerNotification(Task task)
   at Adxstudio.Xrm.Identity.MSAL.MsalTokenProvider.<GetTokenByAuthorizationCodeAsync>d__6.MoveNext() in C:\__w\1\s\Framework\Adxstudio.Xrm\Identity\MSAL\MsalTokenProvider.cs:line 136
--- End of stack trace from previous location where exception was thrown ---
   at System.Runtime.ExceptionServices.ExceptionDispatchInfo.Throw()
   at System.Runtime.CompilerServices.TaskAwaiter.HandleNonSuccessAndDebuggerNotification(Task task)
   at Adxstudio.Xrm.Identity.MSAL.MsalTokenManager.<>c__DisplayClass9_0.<<GetTokenByAuthorizationCodeAsync>b__0>d.MoveNext() in C:\__w\1\s\Framework\Adxstudio.Xrm\Identity\MSAL\MsalTokenManager.cs:line 137
--- End of stack trace from previous location where exception was thrown ---
   at System.Runtime.ExceptionServices.ExceptionDispatchInfo.Throw()
   at System.Runtime.CompilerServices.TaskAwaiter.HandleNonSuccessAndDebuggerNotification(Task task)
   at Adxstudio.Xrm.Identity.MSAL.MsalTokenManager.<HandleExceptionAsync>d__12`1.MoveNext() in C:\__w\1\s\Framework\Adxstudio.Xrm\Identity\MSAL\MsalTokenManager.cs:line 0

Microsoft.Identity.Client

, EventData:GetTokenByAuthorizationCodeAsync failed, ErrorCode: invalid_grant, statusCode: 400, correlationId: 8cadafd5-aed4-4733-b9dc-883427c322fd, Category:Application, ErrorCategory:ApplicationError",8001cad6-0001-fe00-b63f-84710c7967bb
2024-02-07T07:03:04,Error,site-85de4385-0987-4ae5-9917-b7715602956d-AUe,7e7bb2,638428861845552078,0,35932,137,"RequestData:, RequestPath:, RequestExtension:, SessionId:, UserId:, CorrelationId:00000000-0000-0000-0000-000000000000, Elapsed:0, RequestMethod:, RequestContentType:, RequestAccept:, RequestCacheControl:, UserAgent:, HandlerName:, HandlerExecuted:False, VaryByCustom:, MemberName:HandleExceptionAsync, SourceFilePath:C:\__w\1\s\Framework\Adxstudio.Xrm\Identity\MSAL\MsalTokenManager.cs, SourceLineNumber:211, ExceptionMessage:AADSTS9002313: Invalid request. Request is malformed or invalid. Trace ID: 823cd60b-efa6-4977-8423-b9927534a500 Correlation ID: bdfd2044-5b23-4128-b72d-f527014cf6bb Timestamp: 2024-02-07 07:03:04Z
Microsoft.Identity.Client.MsalUiRequiredException
   at Microsoft.Identity.Client.OAuth2.OAuth2Client.ThrowServerException(HttpResponse response, RequestContext requestContext)
   at Microsoft.Identity.Client.OAuth2.OAuth2Client.CreateResponse[T](HttpResponse response, RequestContext requestContext)
   at Microsoft.Identity.Client.OAuth2.OAuth2Client.<ExecuteRequestAsync>d__12`1.MoveNext()
--- End of stack trace from previous location where exception was thrown ---
   at System.Runtime.ExceptionServices.ExceptionDispatchInfo.Throw()
   at System.Runtime.CompilerServices.TaskAwaiter.HandleNonSuccessAndDebuggerNotification(Task task)
   at Microsoft.Identity.Client.OAuth2.OAuth2Client.<GetTokenAsync>d__11.MoveNext()
--- End of stack trace from previous location where exception was thrown ---
   at System.Runtime.ExceptionServices.ExceptionDispatchInfo.Throw()
   at System.Runtime.CompilerServices.TaskAwaiter.HandleNonSuccessAndDebuggerNotification(Task task)
   at Microsoft.Identity.Client.OAuth2.TokenClient.<SendHttpAndClearTelemetryAsync>d__11.MoveNext()
--- End of stack trace from previous location where exception was thrown ---
   at System.Runtime.ExceptionServices.ExceptionDispatchInfo.Throw()
   at Microsoft.Identity.Client.OAuth2.TokenClient.<SendHttpAndClearTelemetryAsync>d__11.MoveNext()
--- End of stack trace from previous location where exception was thrown ---
   at System.Runtime.ExceptionServices.ExceptionDispatchInfo.Throw()
   at System.Runtime.CompilerServices.TaskAwaiter.HandleNonSuccessAndDebuggerNotification(Task task)
   at Microsoft.Identity.Client.OAuth2.TokenClient.<SendTokenRequestAsync>d__5.MoveNext()
--- End of stack trace from previous location where exception was thrown ---
   at System.Runtime.ExceptionServices.ExceptionDispatchInfo.Throw()
   at System.Runtime.CompilerServices.TaskAwaiter.HandleNonSuccessAndDebuggerNotification(Task task)
   at Microsoft.Identity.Client.Internal.Requests.RequestBase.<SendTokenRequestAsync>d__25.MoveNext()
--- End of stack trace from previous location where exception was thrown ---
   at System.Runtime.ExceptionServices.ExceptionDispatchInfo.Throw()
   at System.Runtime.CompilerServices.TaskAwaiter.HandleNonSuccessAndDebuggerNotification(Task task)
   at Microsoft.Identity.Client.Internal.Requests.ConfidentialAuthCodeRequest.<ExecuteAsync>d__2.MoveNext()
--- End of stack trace from previous location where exception was thrown ---
   at System.Runtime.ExceptionServices.ExceptionDispatchInfo.Throw()
   at System.Runtime.CompilerServices.TaskAwaiter.HandleNonSuccessAndDebuggerNotification(Task task)
   at Microsoft.Identity.Client.Internal.Requests.RequestBase.<RunAsync>d__12.MoveNext()
--- End of stack trace from previous location where exception was thrown ---
   at System.Runtime.ExceptionServices.ExceptionDispatchInfo.Throw()
   at System.Runtime.CompilerServices.TaskAwaiter.HandleNonSuccessAndDebuggerNotification(Task task)
   at Microsoft.Identity.Client.ApiConfig.Executors.ConfidentialClientExecutor.<ExecuteAsync>d__2.MoveNext()
--- End of stack trace from previous location where exception was thrown ---
   at System.Runtime.ExceptionServices.ExceptionDispatchInfo.Throw()
   at System.Runtime.CompilerServices.TaskAwaiter.HandleNonSuccessAndDebuggerNotification(Task task)
   at Adxstudio.Xrm.Identity.MSAL.MsalTokenProvider.<GetTokenByAuthorizationCodeAsync>d__6.MoveNext() in C:\__w\1\s\Framework\Adxstudio.Xrm\Identity\MSAL\MsalTokenProvider.cs:line 136
--- End of stack trace from previous location where exception was thrown ---
   at System.Runtime.ExceptionServices.ExceptionDispatchInfo.Throw()
   at System.Runtime.CompilerServices.TaskAwaiter.HandleNonSuccessAndDebuggerNotification(Task task)
   at Adxstudio.Xrm.Identity.MSAL.MsalTokenManager.<>c__DisplayClass9_0.<<GetTokenByAuthorizationCodeAsync>b__0>d.MoveNext() in C:\__w\1\s\Framework\Adxstudio.Xrm\Identity\MSAL\MsalTokenManager.cs:line 137
--- End of stack trace from previous location where exception was thrown ---
   at System.Runtime.ExceptionServices.ExceptionDispatchInfo.Throw()
   at System.Runtime.CompilerServices.TaskAwaiter.HandleNonSuccessAndDebuggerNotification(Task task)
   at Adxstudio.Xrm.Identity.MSAL.MsalTokenManager.<HandleExceptionAsync>d__12`1.MoveNext() in C:\__w\1\s\Framework\Adxstudio.Xrm\Identity\MSAL\MsalTokenManager.cs:line 0

Microsoft.Identity.Client

, EventData:GetTokenByAuthorizationCodeAsync failed, ErrorCode: invalid_grant, statusCode: 400, correlationId: bdfd2044-5b23-4128-b72d-f527014cf6bb, Category:Application, ErrorCategory:ApplicationError",8001cad6-0001-fe00-b63f-84710c7967bb
