date,level,applicationName,instanceId,eventTickCount,eventId,pid,tid,message,activityId
2024-04-02T23:05:24,Error,site-85de4385-0987-4ae5-9917-b7715602956d-AUe,30857d,638476959248704231,0,359696,205,"RequestData:, RequestPath:/_services/entity-grid-data.json/40096e18-22f9-ed11-8f6e-00224893bfba, RequestExtension:, SessionId:, UserId:zooJAaxg_v-Yuq60rNjsueHPtc6sV-Lm98Trl51ATdLfjuI2qOid9SFGnbwFDiSseVI--9DtuFHzJWxBj8dQ-PLJMulavk_vJtUU1syJ-4CzcCuSIhKzTpDG9fJ3Q-xDmzJtxTyfB7MzAYqDyuFnOw2, CorrelationId:1d9fda6f-53f1-49c8-ae50-60aed25e7a9b, Elapsed:275.4668, RequestMethod:POST, RequestContentType:application/json; charset=UTF-8, RequestAccept:application/json, text/javascript, */*; q=0.01, RequestCacheControl:, UserAgent:Mozilla/5.0 (Windows NT 10.0; Win64; x64) AppleWebKit/537.36 (KHTML, like Gecko) Chrome/123.0.0.0 Safari/537.36, HandlerName:System.Web.Mvc.MvcHandler, HandlerExecuted:False, VaryByCustom:, MemberName:AddActionLinkToDisabledActionLinksList, SourceFilePath:C:\__w\1\s\Samples\MasterPortal\Areas\Portal\Controllers\EntityGridController.cs, SourceLineNumber:1679, ExceptionMessage:Data at the root level is invalid. Line 1, position 1.
System.Xml.XmlException
   at System.Xml.XmlTextReaderImpl.Throw(Exception e)
   at System.Xml.XmlTextReaderImpl.ParseRootLevelWhitespace()
   at System.Xml.XmlTextReaderImpl.ParseDocumentContent()
   at System.Xml.XmlReader.MoveToContent()
   at System.Xml.Linq.XElement.Load(XmlReader reader, LoadOptions options)
   at System.Xml.Linq.XElement.Parse(String text, LoadOptions options)
   at Site.Areas.Portal.Controllers.EntityGridController.AddActionLinkToDisabledActionLinksList(OrganizationServiceContext context, EntityMetadata entityMetadata, ViewActionLink link, EntityRecord[] records) in C:\__w\1\s\Samples\MasterPortal\Areas\Portal\Controllers\EntityGridController.cs:line 0

System.Xml

, EventData:, Category:File, ErrorCategory:UserError",40001081-0002-5f00-b63f-84710c7967bb
2024-04-02T23:06:11,Error,site-85de4385-0987-4ae5-9917-b7715602956d-AUe,30857d,638476959718100507,0,359696,210,"RequestData:, RequestPath:/signin-aad-b2c_1, RequestExtension:, SessionId:, UserId:VSKf29m0cJORq6XfPuUpOcqx6xMFAKhh2EST4wNwROcp5YpvBLTkb1GU7t2-rpGaW8EQTvSznuv3wCcv_9qRxsRNtfjxugrKg6mOwpytrL9rZM2VhnMgiXMjmO3kUR5gt6Jg8v7rPg3rB26RgMrgig2, CorrelationId:39275f07-c736-4061-b11f-d2ccaabd82c3, Elapsed:16.4154, MemberName:OnAuthenticationFailed, SourceFilePath:C:\__w\1\s\Framework\Adxstudio.Xrm\AspNet\Cms\StartupSettingsManager.cs, SourceLineNumber:1704, Category:Authentication, Message:Exception during OpenIdConnect or Azure Authentication in Microsoft.IdentityModel.Protocols.OpenIdConnect: IDX21323: RequireNonce is 'True'. OpenIdConnectProtocolValidationContext.Nonce was null, OpenIdConnectProtocol.ValidatedIdToken.Payload.Nonce was not null. The nonce cannot be validated. If you don't need to check the nonce, set OpenIdConnectProtocolValidator.RequireNonce to 'false'. Note if a 'nonce' is found it will be evaluated.; Error Description: , ErrorCategory:ApplicationError",4000375f-0003-e500-b63f-84710c7967bb
2024-04-02T23:06:26,Error,site-85de4385-0987-4ae5-9917-b7715602956d-AUe,30857d,638476959862634232,0,359696,201,"RequestData:, RequestPath:, RequestExtension:, SessionId:, UserId:, CorrelationId:00000000-0000-0000-0000-000000000000, Elapsed:0, RequestMethod:, RequestContentType:, RequestAccept:, RequestCacheControl:, UserAgent:, HandlerName:, HandlerExecuted:False, VaryByCustom:, MemberName:HandleExceptionAsync, SourceFilePath:C:\__w\1\s\Framework\Adxstudio.Xrm\Identity\MSAL\MsalTokenManager.cs, SourceLineNumber:211, ExceptionMessage:AADSTS9002313: Invalid request. Request is malformed or invalid. Trace ID: f14b6528-e246-464f-914b-34d810564d00 Correlation ID: 345ca014-de98-4055-a4cb-e848b4c09902 Timestamp: 2024-04-02 23:06:26Z
Microsoft.Identity.Client.MsalUiRequiredException
   at Microsoft.Identity.Client.OAuth2.OAuth2Client.ThrowServerException(HttpResponse response, RequestContext requestContext)
   at Microsoft.Identity.Client.OAuth2.OAuth2Client.CreateResponse[T](HttpResponse response, RequestContext requestContext)
   at Microsoft.Identity.Client.OAuth2.OAuth2Client.<ExecuteRequestAsync>d__12`1.MoveNext()
--- End of stack trace from previous location where exception was thrown ---
   at System.Runtime.ExceptionServices.ExceptionDispatchInfo.Throw()
   at System.Runtime.CompilerServices.TaskAwaiter.HandleNonSuccessAndDebuggerNotification(Task task)
   at Microsoft.Identity.Client.OAuth2.OAuth2Client.<GetTokenAsync>d__11.MoveNext()
--- End of stack trace from previous location where exception was thrown ---
   at System.Runtime.ExceptionServices.ExceptionDispatchInfo.Throw()
   at System.Runtime.CompilerServices.TaskAwaiter.HandleNonSuccessAndDebuggerNotification(Task task)
   at Microsoft.Identity.Client.OAuth2.TokenClient.<SendHttpAndClearTelemetryAsync>d__11.MoveNext()
--- End of stack trace from previous location where exception was thrown ---
   at System.Runtime.ExceptionServices.ExceptionDispatchInfo.Throw()
   at Microsoft.Identity.Client.OAuth2.TokenClient.<SendHttpAndClearTelemetryAsync>d__11.MoveNext()
--- End of stack trace from previous location where exception was thrown ---
   at System.Runtime.ExceptionServices.ExceptionDispatchInfo.Throw()
   at System.Runtime.CompilerServices.TaskAwaiter.HandleNonSuccessAndDebuggerNotification(Task task)
   at Microsoft.Identity.Client.OAuth2.TokenClient.<SendTokenRequestAsync>d__5.MoveNext()
--- End of stack trace from previous location where exception was thrown ---
   at System.Runtime.ExceptionServices.ExceptionDispatchInfo.Throw()
   at System.Runtime.CompilerServices.TaskAwaiter.HandleNonSuccessAndDebuggerNotification(Task task)
   at Microsoft.Identity.Client.Internal.Requests.RequestBase.<SendTokenRequestAsync>d__25.MoveNext()
--- End of stack trace from previous location where exception was thrown ---
   at System.Runtime.ExceptionServices.ExceptionDispatchInfo.Throw()
   at System.Runtime.CompilerServices.TaskAwaiter.HandleNonSuccessAndDebuggerNotification(Task task)
   at Microsoft.Identity.Client.Internal.Requests.ConfidentialAuthCodeRequest.<ExecuteAsync>d__2.MoveNext()
--- End of stack trace from previous location where exception was thrown ---
   at System.Runtime.ExceptionServices.ExceptionDispatchInfo.Throw()
   at System.Runtime.CompilerServices.TaskAwaiter.HandleNonSuccessAndDebuggerNotification(Task task)
   at Microsoft.Identity.Client.Internal.Requests.RequestBase.<RunAsync>d__12.MoveNext()
--- End of stack trace from previous location where exception was thrown ---
   at System.Runtime.ExceptionServices.ExceptionDispatchInfo.Throw()
   at System.Runtime.CompilerServices.TaskAwaiter.HandleNonSuccessAndDebuggerNotification(Task task)
   at Microsoft.Identity.Client.ApiConfig.Executors.ConfidentialClientExecutor.<ExecuteAsync>d__2.MoveNext()
--- End of stack trace from previous location where exception was thrown ---
   at System.Runtime.ExceptionServices.ExceptionDispatchInfo.Throw()
   at System.Runtime.CompilerServices.TaskAwaiter.HandleNonSuccessAndDebuggerNotification(Task task)
   at Adxstudio.Xrm.Identity.MSAL.MsalTokenProvider.<GetTokenByAuthorizationCodeAsync>d__6.MoveNext() in C:\__w\1\s\Framework\Adxstudio.Xrm\Identity\MSAL\MsalTokenProvider.cs:line 136
--- End of stack trace from previous location where exception was thrown ---
   at System.Runtime.ExceptionServices.ExceptionDispatchInfo.Throw()
   at System.Runtime.CompilerServices.TaskAwaiter.HandleNonSuccessAndDebuggerNotification(Task task)
   at Adxstudio.Xrm.Identity.MSAL.MsalTokenManager.<>c__DisplayClass9_0.<<GetTokenByAuthorizationCodeAsync>b__0>d.MoveNext() in C:\__w\1\s\Framework\Adxstudio.Xrm\Identity\MSAL\MsalTokenManager.cs:line 137
--- End of stack trace from previous location where exception was thrown ---
   at System.Runtime.ExceptionServices.ExceptionDispatchInfo.Throw()
   at System.Runtime.CompilerServices.TaskAwaiter.HandleNonSuccessAndDebuggerNotification(Task task)
   at Adxstudio.Xrm.Identity.MSAL.MsalTokenManager.<HandleExceptionAsync>d__12`1.MoveNext() in C:\__w\1\s\Framework\Adxstudio.Xrm\Identity\MSAL\MsalTokenManager.cs:line 0

Microsoft.Identity.Client

, EventData:GetTokenByAuthorizationCodeAsync failed, ErrorCode: invalid_grant, statusCode: 400, correlationId: 345ca014-de98-4055-a4cb-e848b4c09902, Category:Application, ErrorCategory:ApplicationError",40001927-0002-7400-b63f-84710c7967bb
2024-04-02T23:06:26,Error,site-85de4385-0987-4ae5-9917-b7715602956d-AUe,30857d,638476959862946443,0,359696,195,"RequestData:, RequestPath:, RequestExtension:, SessionId:, UserId:, CorrelationId:00000000-0000-0000-0000-000000000000, Elapsed:0, RequestMethod:, RequestContentType:, RequestAccept:, RequestCacheControl:, UserAgent:, HandlerName:, HandlerExecuted:False, VaryByCustom:, MemberName:HandleExceptionAsync, SourceFilePath:C:\__w\1\s\Framework\Adxstudio.Xrm\Identity\MSAL\MsalTokenManager.cs, SourceLineNumber:211, ExceptionMessage:AADSTS9002313: Invalid request. Request is malformed or invalid. Trace ID: eba91298-75ac-4708-b44b-fbb2dca96b00 Correlation ID: 6eb55fc0-491d-4414-8e44-22253646e966 Timestamp: 2024-04-02 23:06:26Z
Microsoft.Identity.Client.MsalUiRequiredException
   at Microsoft.Identity.Client.OAuth2.OAuth2Client.ThrowServerException(HttpResponse response, RequestContext requestContext)
   at Microsoft.Identity.Client.OAuth2.OAuth2Client.CreateResponse[T](HttpResponse response, RequestContext requestContext)
   at Microsoft.Identity.Client.OAuth2.OAuth2Client.<ExecuteRequestAsync>d__12`1.MoveNext()
--- End of stack trace from previous location where exception was thrown ---
   at System.Runtime.ExceptionServices.ExceptionDispatchInfo.Throw()
   at System.Runtime.CompilerServices.TaskAwaiter.HandleNonSuccessAndDebuggerNotification(Task task)
   at Microsoft.Identity.Client.OAuth2.OAuth2Client.<GetTokenAsync>d__11.MoveNext()
--- End of stack trace from previous location where exception was thrown ---
   at System.Runtime.ExceptionServices.ExceptionDispatchInfo.Throw()
   at System.Runtime.CompilerServices.TaskAwaiter.HandleNonSuccessAndDebuggerNotification(Task task)
   at Microsoft.Identity.Client.OAuth2.TokenClient.<SendHttpAndClearTelemetryAsync>d__11.MoveNext()
--- End of stack trace from previous location where exception was thrown ---
   at System.Runtime.ExceptionServices.ExceptionDispatchInfo.Throw()
   at Microsoft.Identity.Client.OAuth2.TokenClient.<SendHttpAndClearTelemetryAsync>d__11.MoveNext()
--- End of stack trace from previous location where exception was thrown ---
   at System.Runtime.ExceptionServices.ExceptionDispatchInfo.Throw()
   at System.Runtime.CompilerServices.TaskAwaiter.HandleNonSuccessAndDebuggerNotification(Task task)
   at Microsoft.Identity.Client.OAuth2.TokenClient.<SendTokenRequestAsync>d__5.MoveNext()
--- End of stack trace from previous location where exception was thrown ---
   at System.Runtime.ExceptionServices.ExceptionDispatchInfo.Throw()
   at System.Runtime.CompilerServices.TaskAwaiter.HandleNonSuccessAndDebuggerNotification(Task task)
   at Microsoft.Identity.Client.Internal.Requests.RequestBase.<SendTokenRequestAsync>d__25.MoveNext()
--- End of stack trace from previous location where exception was thrown ---
   at System.Runtime.ExceptionServices.ExceptionDispatchInfo.Throw()
   at System.Runtime.CompilerServices.TaskAwaiter.HandleNonSuccessAndDebuggerNotification(Task task)
   at Microsoft.Identity.Client.Internal.Requests.ConfidentialAuthCodeRequest.<ExecuteAsync>d__2.MoveNext()
--- End of stack trace from previous location where exception was thrown ---
   at System.Runtime.ExceptionServices.ExceptionDispatchInfo.Throw()
   at System.Runtime.CompilerServices.TaskAwaiter.HandleNonSuccessAndDebuggerNotification(Task task)
   at Microsoft.Identity.Client.Internal.Requests.RequestBase.<RunAsync>d__12.MoveNext()
--- End of stack trace from previous location where exception was thrown ---
   at System.Runtime.ExceptionServices.ExceptionDispatchInfo.Throw()
   at System.Runtime.CompilerServices.TaskAwaiter.HandleNonSuccessAndDebuggerNotification(Task task)
   at Microsoft.Identity.Client.ApiConfig.Executors.ConfidentialClientExecutor.<ExecuteAsync>d__2.MoveNext()
--- End of stack trace from previous location where exception was thrown ---
   at System.Runtime.ExceptionServices.ExceptionDispatchInfo.Throw()
   at System.Runtime.CompilerServices.TaskAwaiter.HandleNonSuccessAndDebuggerNotification(Task task)
   at Adxstudio.Xrm.Identity.MSAL.MsalTokenProvider.<GetTokenByAuthorizationCodeAsync>d__6.MoveNext() in C:\__w\1\s\Framework\Adxstudio.Xrm\Identity\MSAL\MsalTokenProvider.cs:line 136
--- End of stack trace from previous location where exception was thrown ---
   at System.Runtime.ExceptionServices.ExceptionDispatchInfo.Throw()
   at System.Runtime.CompilerServices.TaskAwaiter.HandleNonSuccessAndDebuggerNotification(Task task)
   at Adxstudio.Xrm.Identity.MSAL.MsalTokenManager.<>c__DisplayClass9_0.<<GetTokenByAuthorizationCodeAsync>b__0>d.MoveNext() in C:\__w\1\s\Framework\Adxstudio.Xrm\Identity\MSAL\MsalTokenManager.cs:line 137
--- End of stack trace from previous location where exception was thrown ---
   at System.Runtime.ExceptionServices.ExceptionDispatchInfo.Throw()
   at System.Runtime.CompilerServices.TaskAwaiter.HandleNonSuccessAndDebuggerNotification(Task task)
   at Adxstudio.Xrm.Identity.MSAL.MsalTokenManager.<HandleExceptionAsync>d__12`1.MoveNext() in C:\__w\1\s\Framework\Adxstudio.Xrm\Identity\MSAL\MsalTokenManager.cs:line 0

Microsoft.Identity.Client

, EventData:GetTokenByAuthorizationCodeAsync failed, ErrorCode: invalid_grant, statusCode: 400, correlationId: 6eb55fc0-491d-4414-8e44-22253646e966, Category:Application, ErrorCategory:ApplicationError",40001927-0002-7400-b63f-84710c7967bb
2024-04-02T23:44:28,Error,site-85de4385-0987-4ae5-9917-b7715602956d-AUe,30857d,638476982684761171,0,359696,196,"RequestData:, RequestPath:/Account/Login/ExternalLoginCallback, RequestExtension:, SessionId:xvvu5szcxytr55tfercmhpzj, UserId:f9EeDp-GO6Q2h3BoUKgj1YZl1y91M--HVbhT-SWZam4Tc8whEJ2jkQ3VGKqYx8ERzHVpMIO6R9wx1XDmTTGCQXEmmJz2BSaxaNgzFj-vM-xpzSlIcEMr7l8n1MRTxoVGEJSvsHOJ3LuqbIeAiJk11Q2, CorrelationId:02e5c3d6-0369-4dc1-b324-b5d3292697c8, Elapsed:9.62, MemberName:ToGroups, SourceFilePath:C:\__w\1\s\Samples\MasterPortal\Areas\Account\Controllers\LoginController.cs, SourceLineNumber:1733, Category:Application, Message:Error while fetching groups of logged in user **redacted**
Message: An error occurred sending the request.
, ErrorCategory:ApplicationError",40001b62-0000-0d00-b63f-84710c7967bb
2024-04-02T23:45:51,Error,site-85de4385-0987-4ae5-9917-b7715602956d-AUe,30857d,638476983516975805,0,359696,220,"RequestData:, RequestPath:, RequestExtension:, SessionId:, UserId:, CorrelationId:00000000-0000-0000-0000-000000000000, Elapsed:0, RequestMethod:, RequestContentType:, RequestAccept:, RequestCacheControl:, UserAgent:, HandlerName:, HandlerExecuted:False, VaryByCustom:, MemberName:HandleExceptionAsync, SourceFilePath:C:\__w\1\s\Framework\Adxstudio.Xrm\Identity\MSAL\MsalTokenManager.cs, SourceLineNumber:211, ExceptionMessage:AADSTS9002313: Invalid request. Request is malformed or invalid. Trace ID: 33f1fefb-2022-43bf-a608-082824e95e00 Correlation ID: 44e4e98c-1a93-466b-870c-ca9bbf9ee914 Timestamp: 2024-04-02 23:45:51Z
Microsoft.Identity.Client.MsalUiRequiredException
   at Microsoft.Identity.Client.OAuth2.OAuth2Client.ThrowServerException(HttpResponse response, RequestContext requestContext)
   at Microsoft.Identity.Client.OAuth2.OAuth2Client.CreateResponse[T](HttpResponse response, RequestContext requestContext)
   at Microsoft.Identity.Client.OAuth2.OAuth2Client.<ExecuteRequestAsync>d__12`1.MoveNext()
--- End of stack trace from previous location where exception was thrown ---
   at System.Runtime.ExceptionServices.ExceptionDispatchInfo.Throw()
   at System.Runtime.CompilerServices.TaskAwaiter.HandleNonSuccessAndDebuggerNotification(Task task)
   at Microsoft.Identity.Client.OAuth2.OAuth2Client.<GetTokenAsync>d__11.MoveNext()
--- End of stack trace from previous location where exception was thrown ---
   at System.Runtime.ExceptionServices.ExceptionDispatchInfo.Throw()
   at System.Runtime.CompilerServices.TaskAwaiter.HandleNonSuccessAndDebuggerNotification(Task task)
   at Microsoft.Identity.Client.OAuth2.TokenClient.<SendHttpAndClearTelemetryAsync>d__11.MoveNext()
--- End of stack trace from previous location where exception was thrown ---
   at System.Runtime.ExceptionServices.ExceptionDispatchInfo.Throw()
   at Microsoft.Identity.Client.OAuth2.TokenClient.<SendHttpAndClearTelemetryAsync>d__11.MoveNext()
--- End of stack trace from previous location where exception was thrown ---
   at System.Runtime.ExceptionServices.ExceptionDispatchInfo.Throw()
   at System.Runtime.CompilerServices.TaskAwaiter.HandleNonSuccessAndDebuggerNotification(Task task)
   at Microsoft.Identity.Client.OAuth2.TokenClient.<SendTokenRequestAsync>d__5.MoveNext()
--- End of stack trace from previous location where exception was thrown ---
   at System.Runtime.ExceptionServices.ExceptionDispatchInfo.Throw()
   at System.Runtime.CompilerServices.TaskAwaiter.HandleNonSuccessAndDebuggerNotification(Task task)
   at Microsoft.Identity.Client.Internal.Requests.RequestBase.<SendTokenRequestAsync>d__25.MoveNext()
--- End of stack trace from previous location where exception was thrown ---
   at System.Runtime.ExceptionServices.ExceptionDispatchInfo.Throw()
   at System.Runtime.CompilerServices.TaskAwaiter.HandleNonSuccessAndDebuggerNotification(Task task)
   at Microsoft.Identity.Client.Internal.Requests.ConfidentialAuthCodeRequest.<ExecuteAsync>d__2.MoveNext()
--- End of stack trace from previous location where exception was thrown ---
   at System.Runtime.ExceptionServices.ExceptionDispatchInfo.Throw()
   at System.Runtime.CompilerServices.TaskAwaiter.HandleNonSuccessAndDebuggerNotification(Task task)
   at Microsoft.Identity.Client.Internal.Requests.RequestBase.<RunAsync>d__12.MoveNext()
--- End of stack trace from previous location where exception was thrown ---
   at System.Runtime.ExceptionServices.ExceptionDispatchInfo.Throw()
   at System.Runtime.CompilerServices.TaskAwaiter.HandleNonSuccessAndDebuggerNotification(Task task)
   at Microsoft.Identity.Client.ApiConfig.Executors.ConfidentialClientExecutor.<ExecuteAsync>d__2.MoveNext()
--- End of stack trace from previous location where exception was thrown ---
   at System.Runtime.ExceptionServices.ExceptionDispatchInfo.Throw()
   at System.Runtime.CompilerServices.TaskAwaiter.HandleNonSuccessAndDebuggerNotification(Task task)
   at Adxstudio.Xrm.Identity.MSAL.MsalTokenProvider.<GetTokenByAuthorizationCodeAsync>d__6.MoveNext() in C:\__w\1\s\Framework\Adxstudio.Xrm\Identity\MSAL\MsalTokenProvider.cs:line 136
--- End of stack trace from previous location where exception was thrown ---
   at System.Runtime.ExceptionServices.ExceptionDispatchInfo.Throw()
   at System.Runtime.CompilerServices.TaskAwaiter.HandleNonSuccessAndDebuggerNotification(Task task)
   at Adxstudio.Xrm.Identity.MSAL.MsalTokenManager.<>c__DisplayClass9_0.<<GetTokenByAuthorizationCodeAsync>b__0>d.MoveNext() in C:\__w\1\s\Framework\Adxstudio.Xrm\Identity\MSAL\MsalTokenManager.cs:line 137
--- End of stack trace from previous location where exception was thrown ---
   at System.Runtime.ExceptionServices.ExceptionDispatchInfo.Throw()
   at System.Runtime.CompilerServices.TaskAwaiter.HandleNonSuccessAndDebuggerNotification(Task task)
   at Adxstudio.Xrm.Identity.MSAL.MsalTokenManager.<HandleExceptionAsync>d__12`1.MoveNext() in C:\__w\1\s\Framework\Adxstudio.Xrm\Identity\MSAL\MsalTokenManager.cs:line 0

Microsoft.Identity.Client

, EventData:GetTokenByAuthorizationCodeAsync failed, ErrorCode: invalid_grant, statusCode: 400, correlationId: 44e4e98c-1a93-466b-870c-ca9bbf9ee914, Category:Application, ErrorCategory:ApplicationError",4000122a-0000-a400-b63f-84710c7967bb
2024-04-02T23:45:51,Error,site-85de4385-0987-4ae5-9917-b7715602956d-AUe,30857d,638476983517444729,0,359696,217,"RequestData:, RequestPath:, RequestExtension:, SessionId:, UserId:, CorrelationId:00000000-0000-0000-0000-000000000000, Elapsed:0, RequestMethod:, RequestContentType:, RequestAccept:, RequestCacheControl:, UserAgent:, HandlerName:, HandlerExecuted:False, VaryByCustom:, MemberName:HandleExceptionAsync, SourceFilePath:C:\__w\1\s\Framework\Adxstudio.Xrm\Identity\MSAL\MsalTokenManager.cs, SourceLineNumber:211, ExceptionMessage:AADSTS9002313: Invalid request. Request is malformed or invalid. Trace ID: 442f6cba-4cbd-48ec-89a5-5bdbf9616d00 Correlation ID: 9fdabfee-ebe0-4365-804f-117bd3d5073e Timestamp: 2024-04-02 23:45:51Z
Microsoft.Identity.Client.MsalUiRequiredException
   at Microsoft.Identity.Client.OAuth2.OAuth2Client.ThrowServerException(HttpResponse response, RequestContext requestContext)
   at Microsoft.Identity.Client.OAuth2.OAuth2Client.CreateResponse[T](HttpResponse response, RequestContext requestContext)
   at Microsoft.Identity.Client.OAuth2.OAuth2Client.<ExecuteRequestAsync>d__12`1.MoveNext()
--- End of stack trace from previous location where exception was thrown ---
   at System.Runtime.ExceptionServices.ExceptionDispatchInfo.Throw()
   at System.Runtime.CompilerServices.TaskAwaiter.HandleNonSuccessAndDebuggerNotification(Task task)
   at Microsoft.Identity.Client.OAuth2.OAuth2Client.<GetTokenAsync>d__11.MoveNext()
--- End of stack trace from previous location where exception was thrown ---
   at System.Runtime.ExceptionServices.ExceptionDispatchInfo.Throw()
   at System.Runtime.CompilerServices.TaskAwaiter.HandleNonSuccessAndDebuggerNotification(Task task)
   at Microsoft.Identity.Client.OAuth2.TokenClient.<SendHttpAndClearTelemetryAsync>d__11.MoveNext()
--- End of stack trace from previous location where exception was thrown ---
   at System.Runtime.ExceptionServices.ExceptionDispatchInfo.Throw()
   at Microsoft.Identity.Client.OAuth2.TokenClient.<SendHttpAndClearTelemetryAsync>d__11.MoveNext()
--- End of stack trace from previous location where exception was thrown ---
   at System.Runtime.ExceptionServices.ExceptionDispatchInfo.Throw()
   at System.Runtime.CompilerServices.TaskAwaiter.HandleNonSuccessAndDebuggerNotification(Task task)
   at Microsoft.Identity.Client.OAuth2.TokenClient.<SendTokenRequestAsync>d__5.MoveNext()
--- End of stack trace from previous location where exception was thrown ---
   at System.Runtime.ExceptionServices.ExceptionDispatchInfo.Throw()
   at System.Runtime.CompilerServices.TaskAwaiter.HandleNonSuccessAndDebuggerNotification(Task task)
   at Microsoft.Identity.Client.Internal.Requests.RequestBase.<SendTokenRequestAsync>d__25.MoveNext()
--- End of stack trace from previous location where exception was thrown ---
   at System.Runtime.ExceptionServices.ExceptionDispatchInfo.Throw()
   at System.Runtime.CompilerServices.TaskAwaiter.HandleNonSuccessAndDebuggerNotification(Task task)
   at Microsoft.Identity.Client.Internal.Requests.ConfidentialAuthCodeRequest.<ExecuteAsync>d__2.MoveNext()
--- End of stack trace from previous location where exception was thrown ---
   at System.Runtime.ExceptionServices.ExceptionDispatchInfo.Throw()
   at System.Runtime.CompilerServices.TaskAwaiter.HandleNonSuccessAndDebuggerNotification(Task task)
   at Microsoft.Identity.Client.Internal.Requests.RequestBase.<RunAsync>d__12.MoveNext()
--- End of stack trace from previous location where exception was thrown ---
   at System.Runtime.ExceptionServices.ExceptionDispatchInfo.Throw()
   at System.Runtime.CompilerServices.TaskAwaiter.HandleNonSuccessAndDebuggerNotification(Task task)
   at Microsoft.Identity.Client.ApiConfig.Executors.ConfidentialClientExecutor.<ExecuteAsync>d__2.MoveNext()
--- End of stack trace from previous location where exception was thrown ---
   at System.Runtime.ExceptionServices.ExceptionDispatchInfo.Throw()
   at System.Runtime.CompilerServices.TaskAwaiter.HandleNonSuccessAndDebuggerNotification(Task task)
   at Adxstudio.Xrm.Identity.MSAL.MsalTokenProvider.<GetTokenByAuthorizationCodeAsync>d__6.MoveNext() in C:\__w\1\s\Framework\Adxstudio.Xrm\Identity\MSAL\MsalTokenProvider.cs:line 136
--- End of stack trace from previous location where exception was thrown ---
   at System.Runtime.ExceptionServices.ExceptionDispatchInfo.Throw()
   at System.Runtime.CompilerServices.TaskAwaiter.HandleNonSuccessAndDebuggerNotification(Task task)
   at Adxstudio.Xrm.Identity.MSAL.MsalTokenManager.<>c__DisplayClass9_0.<<GetTokenByAuthorizationCodeAsync>b__0>d.MoveNext() in C:\__w\1\s\Framework\Adxstudio.Xrm\Identity\MSAL\MsalTokenManager.cs:line 137
--- End of stack trace from previous location where exception was thrown ---
   at System.Runtime.ExceptionServices.ExceptionDispatchInfo.Throw()
   at System.Runtime.CompilerServices.TaskAwaiter.HandleNonSuccessAndDebuggerNotification(Task task)
   at Adxstudio.Xrm.Identity.MSAL.MsalTokenManager.<HandleExceptionAsync>d__12`1.MoveNext() in C:\__w\1\s\Framework\Adxstudio.Xrm\Identity\MSAL\MsalTokenManager.cs:line 0

Microsoft.Identity.Client

, EventData:GetTokenByAuthorizationCodeAsync failed, ErrorCode: invalid_grant, statusCode: 400, correlationId: 9fdabfee-ebe0-4365-804f-117bd3d5073e, Category:Application, ErrorCategory:ApplicationError",4000122a-0000-a400-b63f-84710c7967bb
2024-04-02T23:59:01,Error,site-85de4385-0987-4ae5-9917-b7715602956d-AUe,30857d,638476991411505878,0,359696,212,"RequestData:, RequestPath:/App-Form-Page/, RequestExtension:, SessionId:dcw1ras2lbtdk200jhgpdkf3, UserId:VSKf29m0cJORq6XfPuUpOcqx6xMFAKhh2EST4wNwROcp5YpvBLTkb1GU7t2-rpGaW8EQTvSznuv3wCcv_9qRxsRNtfjxugrKg6mOwpytrL9rZM2VhnMgiXMjmO3kUR5gt6Jg8v7rPg3rB26RgMrgig2, CorrelationId:28aff2d1-c743-4617-bf8f-d1b4df143ce5, Elapsed:201001.7735, RequestMethod:GET, RequestContentType:, RequestAccept:text/html,application/xhtml+xml,application/xml;q=0.9,image/avif,image/webp,image/apng,*/*;q=0.8,application/signed-exchange;v=b3;q=0.7, RequestCacheControl:, UserAgent:Mozilla/5.0 (Windows NT 10.0; Win64; x64) AppleWebKit/537.36 (KHTML, like Gecko) Chrome/123.0.0.0 Safari/537.36, HandlerName:ASP.pages_webtemplate_aspx, HandlerExecuted:False, VaryByCustom:user;website;language, MemberName:InvokeFuntion, SourceFilePath:C:\__w\1\s\Framework\Adxstudio.Xrm\Services\Pooling\Dataverse\PoolableDataverseConnection.cs, SourceLineNumber:214, ExceptionMessage:Thread was being aborted.
System.Threading.ThreadAbortException
   at Microsoft.Xrm.Tooling.Connector.CrmServiceClient.CrmCommand_Execute(OrganizationRequest req, String errorStringCheck)
   at Microsoft.Xrm.Tooling.Connector.CrmServiceClient.Execute(OrganizationRequest request)
   at Adxstudio.Xrm.Services.Pooling.Dataverse.PoolableDataverseConnection.InvokeFuntion[TResult](Func`1 function) in C:\__w\1\s\Framework\Adxstudio.Xrm\Services\Pooling\Dataverse\PoolableDataverseConnection.cs:line 209

Microsoft.Xrm.Tooling.Connector

, EventData:Error occured while making Dataverse Call, Category:Application, ErrorCategory:ApplicationError",40002cbe-0000-6e00-b63f-84710c7967bb
2024-04-02T23:59:01,Error,site-85de4385-0987-4ae5-9917-b7715602956d-AUe,30857d,638476991413692867,0,359696,212,"RequestData:, RequestPath:/App-Form-Page/, RequestExtension:, SessionId:dcw1ras2lbtdk200jhgpdkf3, UserId:VSKf29m0cJORq6XfPuUpOcqx6xMFAKhh2EST4wNwROcp5YpvBLTkb1GU7t2-rpGaW8EQTvSznuv3wCcv_9qRxsRNtfjxugrKg6mOwpytrL9rZM2VhnMgiXMjmO3kUR5gt6Jg8v7rPg3rB26RgMrgig2, CorrelationId:28aff2d1-c743-4617-bf8f-d1b4df143ce5, Elapsed:201219.1014, RequestMethod:GET, RequestContentType:, RequestAccept:text/html,application/xhtml+xml,application/xml;q=0.9,image/avif,image/webp,image/apng,*/*;q=0.8,application/signed-exchange;v=b3;q=0.7, RequestCacheControl:, UserAgent:Mozilla/5.0 (Windows NT 10.0; Win64; x64) AppleWebKit/537.36 (KHTML, like Gecko) Chrome/123.0.0.0 Safari/537.36, HandlerName:ASP.pages_webtemplate_aspx, HandlerExecuted:False, VaryByCustom:user;website;language, MemberName:InternalRenderLiquid, SourceFilePath:C:\__w\1\s\Framework\Adxstudio.Xrm\Web\Mvc\Html\LiquidExtensions.cs, SourceLineNumber:697, ExceptionMessage:Thread was being aborted.
System.Threading.ThreadAbortException
   at DotLiquid.Block.RenderAll(List`1 list, Context context, TextWriter result)
   at DotLiquid.Document.Render(Context context, TextWriter result)
   at DotLiquid.Template.RenderInternal(TextWriter result, RenderParameters parameters)
   at Adxstudio.Xrm.Web.Mvc.Html.LiquidExtensions.InternalRenderLiquid(String source, String sourceIdentifier, TextWriter output, Context context) in C:\__w\1\s\Framework\Adxstudio.Xrm\Web\Mvc\Html\LiquidExtensions.cs:line 691

DotLiquid

, EventData:Liquid rendering error (adx_webtemplate::924568cc-0e05-ee11-8f6e-000d3acc01d5), Category:Application, ErrorCategory:ApplicationError",40002cbe-0000-6e00-b63f-84710c7967bb
2024-04-02T23:59:01,Error,site-85de4385-0987-4ae5-9917-b7715602956d-AUe,30857d,638476991413849656,0,359696,212,"RequestData:{""IsAuthenticated"":true,""Tags"":[]}, RequestPath:/App-Form-Page/, RequestExtension:, SessionId:dcw1ras2lbtdk200jhgpdkf3, UserId:VSKf29m0cJORq6XfPuUpOcqx6xMFAKhh2EST4wNwROcp5YpvBLTkb1GU7t2-rpGaW8EQTvSznuv3wCcv_9qRxsRNtfjxugrKg6mOwpytrL9rZM2VhnMgiXMjmO3kUR5gt6Jg8v7rPg3rB26RgMrgig2, CorrelationId:28aff2d1-c743-4617-bf8f-d1b4df143ce5, Elapsed:201241.4784, RequestMethod:GET, RequestContentType:, RequestAccept:text/html,application/xhtml+xml,application/xml;q=0.9,image/avif,image/webp,image/apng,*/*;q=0.8,application/signed-exchange;v=b3;q=0.7, RequestCacheControl:, UserAgent:Mozilla/5.0 (Windows NT 10.0; Win64; x64) AppleWebKit/537.36 (KHTML, like Gecko) Chrome/123.0.0.0 Safari/537.36, HandlerName:ASP.pages_webtemplate_aspx, HandlerExecuted:False, VaryByCustom:user;website;language, ExceptionMessage:Request timed out.
System.Web.HttpException




, EventData:ASP.global_asax, originalResponseStatus: 500, Category:Application, ErrorCategory:ApplicationError",40002cbe-0000-6e00-b63f-84710c7967bb
2024-04-02T23:59:34,Error,site-85de4385-0987-4ae5-9917-b7715602956d-AUe,30857d,638476991741354470,0,359696,207,"RequestData:, RequestPath:/App-Form-Page/, RequestExtension:, SessionId:dcw1ras2lbtdk200jhgpdkf3, UserId:VSKf29m0cJORq6XfPuUpOcqx6xMFAKhh2EST4wNwROcp5YpvBLTkb1GU7t2-rpGaW8EQTvSznuv3wCcv_9qRxsRNtfjxugrKg6mOwpytrL9rZM2VhnMgiXMjmO3kUR5gt6Jg8v7rPg3rB26RgMrgig2, CorrelationId:f98b64d9-ddc3-4d48-b5ed-ddeefca64f3a, Elapsed:211289.7778, RequestMethod:GET, RequestContentType:, RequestAccept:text/html,application/xhtml+xml,application/xml;q=0.9,image/avif,image/webp,image/apng,*/*;q=0.8,application/signed-exchange;v=b3;q=0.7, RequestCacheControl:, UserAgent:Mozilla/5.0 (Windows NT 10.0; Win64; x64) AppleWebKit/537.36 (KHTML, like Gecko) Chrome/123.0.0.0 Safari/537.36, HandlerName:ASP.pages_webtemplate_aspx, HandlerExecuted:False, VaryByCustom:user;website;language, MemberName:InvokeFuntion, SourceFilePath:C:\__w\1\s\Framework\Adxstudio.Xrm\Services\Pooling\Dataverse\PoolableDataverseConnection.cs, SourceLineNumber:214, ExceptionMessage:Thread was being aborted.
System.Threading.ThreadAbortException
   at Microsoft.Xrm.Tooling.Connector.CrmServiceClient.CrmCommand_Execute(OrganizationRequest req, String errorStringCheck)
   at Microsoft.Xrm.Tooling.Connector.CrmServiceClient.Execute(OrganizationRequest request)
   at Adxstudio.Xrm.Services.Pooling.Dataverse.PoolableDataverseConnection.InvokeFuntion[TResult](Func`1 function) in C:\__w\1\s\Framework\Adxstudio.Xrm\Services\Pooling\Dataverse\PoolableDataverseConnection.cs:line 209

Microsoft.Xrm.Tooling.Connector

, EventData:Error occured while making Dataverse Call, Category:Application, ErrorCategory:ApplicationError",400012c4-0800-b400-b63f-84710c7967bb
2024-04-02T23:59:34,Error,site-85de4385-0987-4ae5-9917-b7715602956d-AUe,30857d,638476991742605245,0,359696,207,"RequestData:, RequestPath:/App-Form-Page/, RequestExtension:, SessionId:dcw1ras2lbtdk200jhgpdkf3, UserId:VSKf29m0cJORq6XfPuUpOcqx6xMFAKhh2EST4wNwROcp5YpvBLTkb1GU7t2-rpGaW8EQTvSznuv3wCcv_9qRxsRNtfjxugrKg6mOwpytrL9rZM2VhnMgiXMjmO3kUR5gt6Jg8v7rPg3rB26RgMrgig2, CorrelationId:f98b64d9-ddc3-4d48-b5ed-ddeefca64f3a, Elapsed:211428.7041, RequestMethod:GET, RequestContentType:, RequestAccept:text/html,application/xhtml+xml,application/xml;q=0.9,image/avif,image/webp,image/apng,*/*;q=0.8,application/signed-exchange;v=b3;q=0.7, RequestCacheControl:, UserAgent:Mozilla/5.0 (Windows NT 10.0; Win64; x64) AppleWebKit/537.36 (KHTML, like Gecko) Chrome/123.0.0.0 Safari/537.36, HandlerName:ASP.pages_webtemplate_aspx, HandlerExecuted:False, VaryByCustom:user;website;language, MemberName:InternalRenderLiquid, SourceFilePath:C:\__w\1\s\Framework\Adxstudio.Xrm\Web\Mvc\Html\LiquidExtensions.cs, SourceLineNumber:697, ExceptionMessage:Thread was being aborted.
System.Threading.ThreadAbortException
   at DotLiquid.Block.RenderAll(List`1 list, Context context, TextWriter result)
   at DotLiquid.Document.Render(Context context, TextWriter result)
   at DotLiquid.Template.RenderInternal(TextWriter result, RenderParameters parameters)
   at Adxstudio.Xrm.Web.Mvc.Html.LiquidExtensions.InternalRenderLiquid(String source, String sourceIdentifier, TextWriter output, Context context) in C:\__w\1\s\Framework\Adxstudio.Xrm\Web\Mvc\Html\LiquidExtensions.cs:line 691

DotLiquid

, EventData:Liquid rendering error (adx_webtemplate::924568cc-0e05-ee11-8f6e-000d3acc01d5), Category:Application, ErrorCategory:ApplicationError",400012c4-0800-b400-b63f-84710c7967bb
2024-04-02T23:59:34,Error,site-85de4385-0987-4ae5-9917-b7715602956d-AUe,30857d,638476991742605245,0,359696,207,"RequestData:{""IsAuthenticated"":true,""Tags"":[]}, RequestPath:/App-Form-Page/, RequestExtension:, SessionId:dcw1ras2lbtdk200jhgpdkf3, UserId:VSKf29m0cJORq6XfPuUpOcqx6xMFAKhh2EST4wNwROcp5YpvBLTkb1GU7t2-rpGaW8EQTvSznuv3wCcv_9qRxsRNtfjxugrKg6mOwpytrL9rZM2VhnMgiXMjmO3kUR5gt6Jg8v7rPg3rB26RgMrgig2, CorrelationId:f98b64d9-ddc3-4d48-b5ed-ddeefca64f3a, Elapsed:211431.7558, RequestMethod:GET, RequestContentType:, RequestAccept:text/html,application/xhtml+xml,application/xml;q=0.9,image/avif,image/webp,image/apng,*/*;q=0.8,application/signed-exchange;v=b3;q=0.7, RequestCacheControl:, UserAgent:Mozilla/5.0 (Windows NT 10.0; Win64; x64) AppleWebKit/537.36 (KHTML, like Gecko) Chrome/123.0.0.0 Safari/537.36, HandlerName:ASP.pages_webtemplate_aspx, HandlerExecuted:False, VaryByCustom:user;website;language, ExceptionMessage:Request timed out.
System.Web.HttpException




, EventData:ASP.global_asax, originalResponseStatus: 500, Category:Application, ErrorCategory:ApplicationError",400012c4-0800-b400-b63f-84710c7967bb
