date,level,applicationName,instanceId,eventTickCount,eventId,pid,tid,message,activityId
2024-01-29T10:35:24,Error,site-85de4385-0987-4ae5-9917-b7715602956d-AUse,be8e3d,638421213247198114,0,8476,5,"RequestData:, RequestPath:, RequestExtension:, SessionId:, UserId:, CorrelationId:00000000-0000-0000-0000-000000000000, Elapsed:0, MemberName:PopulateVirtualEntitiesActualSource, SourceFilePath:C:\__w\1\s\Framework\Adxstudio.Xrm\Caching\VirtualEntitiesCacheHelper.cs, SourceLineNumber:125, Category:Application, Message:The web api getDataSourceId for virtual entity returned empty DataSourceId, ErrorCategory:ApplicationError",
2024-01-29T10:35:24,Error,site-85de4385-0987-4ae5-9917-b7715602956d-AUse,be8e3d,638421213249854388,0,8476,5,"RequestData:, RequestPath:, RequestExtension:, SessionId:, UserId:, CorrelationId:00000000-0000-0000-0000-000000000000, Elapsed:0, MemberName:PopulateVirtualEntitiesActualSource, SourceFilePath:C:\__w\1\s\Framework\Adxstudio.Xrm\Caching\VirtualEntitiesCacheHelper.cs, SourceLineNumber:125, Category:Application, Message:The web api getDataSourceId for virtual entity returned empty DataSourceId, ErrorCategory:ApplicationError",
2024-01-29T10:35:25,Error,site-85de4385-0987-4ae5-9917-b7715602956d-AUse,be8e3d,638421213254698186,0,8476,5,"RequestData:, RequestPath:, RequestExtension:, SessionId:, UserId:, CorrelationId:00000000-0000-0000-0000-000000000000, Elapsed:0, MemberName:PopulateVirtualEntitiesActualSource, SourceFilePath:C:\__w\1\s\Framework\Adxstudio.Xrm\Caching\VirtualEntitiesCacheHelper.cs, SourceLineNumber:125, Category:Application, Message:The web api getDataSourceId for virtual entity returned empty DataSourceId, ErrorCategory:ApplicationError",
2024-01-29T10:35:26,Error,site-85de4385-0987-4ae5-9917-b7715602956d-AUse,be8e3d,638421213265948321,0,8476,5,"RequestData:, RequestPath:, RequestExtension:, SessionId:, UserId:, CorrelationId:00000000-0000-0000-0000-000000000000, Elapsed:0, MemberName:PopulateVirtualEntitiesActualSource, SourceFilePath:C:\__w\1\s\Framework\Adxstudio.Xrm\Caching\VirtualEntitiesCacheHelper.cs, SourceLineNumber:125, Category:Application, Message:The web api getDataSourceId for virtual entity returned empty DataSourceId, ErrorCategory:ApplicationError",
2024-01-29T10:35:27,Error,site-85de4385-0987-4ae5-9917-b7715602956d-AUse,be8e3d,638421213270792140,0,8476,5,"RequestData:, RequestPath:, RequestExtension:, SessionId:, UserId:, CorrelationId:00000000-0000-0000-0000-000000000000, Elapsed:0, MemberName:PopulateVirtualEntitiesActualSource, SourceFilePath:C:\__w\1\s\Framework\Adxstudio.Xrm\Caching\VirtualEntitiesCacheHelper.cs, SourceLineNumber:125, Category:Application, Message:The web api getDataSourceId for virtual entity returned empty DataSourceId, ErrorCategory:ApplicationError",
2024-01-29T10:35:27,Error,site-85de4385-0987-4ae5-9917-b7715602956d-AUse,be8e3d,638421213274073432,0,8476,5,"RequestData:, RequestPath:, RequestExtension:, SessionId:, UserId:, CorrelationId:00000000-0000-0000-0000-000000000000, Elapsed:0, MemberName:PopulateVirtualEntitiesActualSource, SourceFilePath:C:\__w\1\s\Framework\Adxstudio.Xrm\Caching\VirtualEntitiesCacheHelper.cs, SourceLineNumber:125, Category:Application, Message:The web api getDataSourceId for virtual entity returned empty DataSourceId, ErrorCategory:ApplicationError",
2024-01-29T10:35:27,Error,site-85de4385-0987-4ae5-9917-b7715602956d-AUse,be8e3d,638421213275948460,0,8476,5,"RequestData:, RequestPath:, RequestExtension:, SessionId:, UserId:, CorrelationId:00000000-0000-0000-0000-000000000000, Elapsed:0, MemberName:PopulateVirtualEntitiesActualSource, SourceFilePath:C:\__w\1\s\Framework\Adxstudio.Xrm\Caching\VirtualEntitiesCacheHelper.cs, SourceLineNumber:125, Category:Application, Message:The web api getDataSourceId for virtual entity returned empty DataSourceId, ErrorCategory:ApplicationError",
2024-01-29T10:35:27,Error,site-85de4385-0987-4ae5-9917-b7715602956d-AUse,be8e3d,638421213277198448,0,8476,5,"RequestData:, RequestPath:, RequestExtension:, SessionId:, UserId:, CorrelationId:00000000-0000-0000-0000-000000000000, Elapsed:0, MemberName:PopulateVirtualEntitiesActualSource, SourceFilePath:C:\__w\1\s\Framework\Adxstudio.Xrm\Caching\VirtualEntitiesCacheHelper.cs, SourceLineNumber:125, Category:Application, Message:The web api getDataSourceId for virtual entity returned empty DataSourceId, ErrorCategory:ApplicationError",
2024-01-29T10:35:27,Error,site-85de4385-0987-4ae5-9917-b7715602956d-AUse,be8e3d,638421213278604756,0,8476,5,"RequestData:, RequestPath:, RequestExtension:, SessionId:, UserId:, CorrelationId:00000000-0000-0000-0000-000000000000, Elapsed:0, MemberName:PopulateVirtualEntitiesActualSource, SourceFilePath:C:\__w\1\s\Framework\Adxstudio.Xrm\Caching\VirtualEntitiesCacheHelper.cs, SourceLineNumber:125, Category:Application, Message:The web api getDataSourceId for virtual entity returned empty DataSourceId, ErrorCategory:ApplicationError",
2024-01-29T10:35:28,Error,site-85de4385-0987-4ae5-9917-b7715602956d-AUse,be8e3d,638421213280010980,0,8476,5,"RequestData:, RequestPath:, RequestExtension:, SessionId:, UserId:, CorrelationId:00000000-0000-0000-0000-000000000000, Elapsed:0, MemberName:PopulateVirtualEntitiesActualSource, SourceFilePath:C:\__w\1\s\Framework\Adxstudio.Xrm\Caching\VirtualEntitiesCacheHelper.cs, SourceLineNumber:125, Category:Application, Message:The web api getDataSourceId for virtual entity returned empty DataSourceId, ErrorCategory:ApplicationError",
2024-01-29T10:35:28,Error,site-85de4385-0987-4ae5-9917-b7715602956d-AUse,be8e3d,638421213280792249,0,8476,5,"RequestData:, RequestPath:, RequestExtension:, SessionId:, UserId:, CorrelationId:00000000-0000-0000-0000-000000000000, Elapsed:0, MemberName:PopulateVirtualEntitiesActualSource, SourceFilePath:C:\__w\1\s\Framework\Adxstudio.Xrm\Caching\VirtualEntitiesCacheHelper.cs, SourceLineNumber:125, Category:Application, Message:The web api getDataSourceId for virtual entity returned empty DataSourceId, ErrorCategory:ApplicationError",
2024-01-29T10:35:28,Error,site-85de4385-0987-4ae5-9917-b7715602956d-AUse,be8e3d,638421213281729752,0,8476,5,"RequestData:, RequestPath:, RequestExtension:, SessionId:, UserId:, CorrelationId:00000000-0000-0000-0000-000000000000, Elapsed:0, MemberName:PopulateVirtualEntitiesActualSource, SourceFilePath:C:\__w\1\s\Framework\Adxstudio.Xrm\Caching\VirtualEntitiesCacheHelper.cs, SourceLineNumber:125, Category:Application, Message:The web api getDataSourceId for virtual entity returned empty DataSourceId, ErrorCategory:ApplicationError",
2024-01-29T10:35:28,Error,site-85de4385-0987-4ae5-9917-b7715602956d-AUse,be8e3d,638421213282823503,0,8476,5,"RequestData:, RequestPath:, RequestExtension:, SessionId:, UserId:, CorrelationId:00000000-0000-0000-0000-000000000000, Elapsed:0, MemberName:PopulateVirtualEntitiesActualSource, SourceFilePath:C:\__w\1\s\Framework\Adxstudio.Xrm\Caching\VirtualEntitiesCacheHelper.cs, SourceLineNumber:125, Category:Application, Message:The web api getDataSourceId for virtual entity returned empty DataSourceId, ErrorCategory:ApplicationError",
2024-01-29T10:35:28,Error,site-85de4385-0987-4ae5-9917-b7715602956d-AUse,be8e3d,638421213283604783,0,8476,5,"RequestData:, RequestPath:, RequestExtension:, SessionId:, UserId:, CorrelationId:00000000-0000-0000-0000-000000000000, Elapsed:0, MemberName:PopulateVirtualEntitiesActualSource, SourceFilePath:C:\__w\1\s\Framework\Adxstudio.Xrm\Caching\VirtualEntitiesCacheHelper.cs, SourceLineNumber:125, Category:Application, Message:The web api getDataSourceId for virtual entity returned empty DataSourceId, ErrorCategory:ApplicationError",
2024-01-29T10:35:28,Error,site-85de4385-0987-4ae5-9917-b7715602956d-AUse,be8e3d,638421213284386061,0,8476,5,"RequestData:, RequestPath:, RequestExtension:, SessionId:, UserId:, CorrelationId:00000000-0000-0000-0000-000000000000, Elapsed:0, MemberName:PopulateVirtualEntitiesActualSource, SourceFilePath:C:\__w\1\s\Framework\Adxstudio.Xrm\Caching\VirtualEntitiesCacheHelper.cs, SourceLineNumber:125, Category:Application, Message:The web api getDataSourceId for virtual entity returned empty DataSourceId, ErrorCategory:ApplicationError",
2024-01-29T10:35:28,Error,site-85de4385-0987-4ae5-9917-b7715602956d-AUse,be8e3d,638421213286104814,0,8476,5,"RequestData:, RequestPath:, RequestExtension:, SessionId:, UserId:, CorrelationId:00000000-0000-0000-0000-000000000000, Elapsed:0, MemberName:PopulateVirtualEntitiesActualSource, SourceFilePath:C:\__w\1\s\Framework\Adxstudio.Xrm\Caching\VirtualEntitiesCacheHelper.cs, SourceLineNumber:125, Category:Application, Message:The web api getDataSourceId for virtual entity returned empty DataSourceId, ErrorCategory:ApplicationError",
2024-01-29T10:35:28,Error,site-85de4385-0987-4ae5-9917-b7715602956d-AUse,be8e3d,638421213286729823,0,8476,5,"RequestData:, RequestPath:, RequestExtension:, SessionId:, UserId:, CorrelationId:00000000-0000-0000-0000-000000000000, Elapsed:0, MemberName:PopulateVirtualEntitiesActualSource, SourceFilePath:C:\__w\1\s\Framework\Adxstudio.Xrm\Caching\VirtualEntitiesCacheHelper.cs, SourceLineNumber:125, Category:Application, Message:The web api getDataSourceId for virtual entity returned empty DataSourceId, ErrorCategory:ApplicationError",
2024-01-29T10:35:28,Error,site-85de4385-0987-4ae5-9917-b7715602956d-AUse,be8e3d,638421213287511045,0,8476,5,"RequestData:, RequestPath:, RequestExtension:, SessionId:, UserId:, CorrelationId:00000000-0000-0000-0000-000000000000, Elapsed:0, MemberName:PopulateVirtualEntitiesActualSource, SourceFilePath:C:\__w\1\s\Framework\Adxstudio.Xrm\Caching\VirtualEntitiesCacheHelper.cs, SourceLineNumber:125, Category:Application, Message:The web api getDataSourceId for virtual entity returned empty DataSourceId, ErrorCategory:ApplicationError",
2024-01-29T10:35:28,Error,site-85de4385-0987-4ae5-9917-b7715602956d-AUse,be8e3d,638421213288292301,0,8476,5,"RequestData:, RequestPath:, RequestExtension:, SessionId:, UserId:, CorrelationId:00000000-0000-0000-0000-000000000000, Elapsed:0, MemberName:PopulateVirtualEntitiesActualSource, SourceFilePath:C:\__w\1\s\Framework\Adxstudio.Xrm\Caching\VirtualEntitiesCacheHelper.cs, SourceLineNumber:125, Category:Application, Message:The web api getDataSourceId for virtual entity returned empty DataSourceId, ErrorCategory:ApplicationError",
2024-01-29T10:35:28,Error,site-85de4385-0987-4ae5-9917-b7715602956d-AUse,be8e3d,638421213289229838,0,8476,5,"RequestData:, RequestPath:, RequestExtension:, SessionId:, UserId:, CorrelationId:00000000-0000-0000-0000-000000000000, Elapsed:0, MemberName:PopulateVirtualEntitiesActualSource, SourceFilePath:C:\__w\1\s\Framework\Adxstudio.Xrm\Caching\VirtualEntitiesCacheHelper.cs, SourceLineNumber:125, Category:Application, Message:The web api getDataSourceId for virtual entity returned empty DataSourceId, ErrorCategory:ApplicationError",
2024-01-29T10:35:28,Error,site-85de4385-0987-4ae5-9917-b7715602956d-AUse,be8e3d,638421213289854829,0,8476,5,"RequestData:, RequestPath:, RequestExtension:, SessionId:, UserId:, CorrelationId:00000000-0000-0000-0000-000000000000, Elapsed:0, MemberName:PopulateVirtualEntitiesActualSource, SourceFilePath:C:\__w\1\s\Framework\Adxstudio.Xrm\Caching\VirtualEntitiesCacheHelper.cs, SourceLineNumber:125, Category:Application, Message:The web api getDataSourceId for virtual entity returned empty DataSourceId, ErrorCategory:ApplicationError",
2024-01-29T10:35:29,Error,site-85de4385-0987-4ae5-9917-b7715602956d-AUse,be8e3d,638421213290636099,0,8476,5,"RequestData:, RequestPath:, RequestExtension:, SessionId:, UserId:, CorrelationId:00000000-0000-0000-0000-000000000000, Elapsed:0, MemberName:PopulateVirtualEntitiesActualSource, SourceFilePath:C:\__w\1\s\Framework\Adxstudio.Xrm\Caching\VirtualEntitiesCacheHelper.cs, SourceLineNumber:125, Category:Application, Message:The web api getDataSourceId for virtual entity returned empty DataSourceId, ErrorCategory:ApplicationError",
2024-01-29T10:35:29,Error,site-85de4385-0987-4ae5-9917-b7715602956d-AUse,be8e3d,638421213292042388,0,8476,5,"RequestData:, RequestPath:, RequestExtension:, SessionId:, UserId:, CorrelationId:00000000-0000-0000-0000-000000000000, Elapsed:0, MemberName:PopulateVirtualEntitiesActualSource, SourceFilePath:C:\__w\1\s\Framework\Adxstudio.Xrm\Caching\VirtualEntitiesCacheHelper.cs, SourceLineNumber:125, Category:Application, Message:The web api getDataSourceId for virtual entity returned empty DataSourceId, ErrorCategory:ApplicationError",
2024-01-29T10:35:29,Error,site-85de4385-0987-4ae5-9917-b7715602956d-AUse,be8e3d,638421213292823635,0,8476,5,"RequestData:, RequestPath:, RequestExtension:, SessionId:, UserId:, CorrelationId:00000000-0000-0000-0000-000000000000, Elapsed:0, MemberName:PopulateVirtualEntitiesActualSource, SourceFilePath:C:\__w\1\s\Framework\Adxstudio.Xrm\Caching\VirtualEntitiesCacheHelper.cs, SourceLineNumber:125, Category:Application, Message:The web api getDataSourceId for virtual entity returned empty DataSourceId, ErrorCategory:ApplicationError",
2024-01-29T10:35:29,Error,site-85de4385-0987-4ae5-9917-b7715602956d-AUse,be8e3d,638421213294386167,0,8476,5,"RequestData:, RequestPath:, RequestExtension:, SessionId:, UserId:, CorrelationId:00000000-0000-0000-0000-000000000000, Elapsed:0, MemberName:PopulateVirtualEntitiesActualSource, SourceFilePath:C:\__w\1\s\Framework\Adxstudio.Xrm\Caching\VirtualEntitiesCacheHelper.cs, SourceLineNumber:125, Category:Application, Message:The web api getDataSourceId for virtual entity returned empty DataSourceId, ErrorCategory:ApplicationError",
2024-01-29T10:35:29,Error,site-85de4385-0987-4ae5-9917-b7715602956d-AUse,be8e3d,638421213295479982,0,8476,5,"RequestData:, RequestPath:, RequestExtension:, SessionId:, UserId:, CorrelationId:00000000-0000-0000-0000-000000000000, Elapsed:0, MemberName:PopulateVirtualEntitiesActualSource, SourceFilePath:C:\__w\1\s\Framework\Adxstudio.Xrm\Caching\VirtualEntitiesCacheHelper.cs, SourceLineNumber:125, Category:Application, Message:The web api getDataSourceId for virtual entity returned empty DataSourceId, ErrorCategory:ApplicationError",
2024-01-29T10:35:29,Error,site-85de4385-0987-4ae5-9917-b7715602956d-AUse,be8e3d,638421213297823709,0,8476,5,"RequestData:, RequestPath:, RequestExtension:, SessionId:, UserId:, CorrelationId:00000000-0000-0000-0000-000000000000, Elapsed:0, MemberName:PopulateVirtualEntitiesActualSource, SourceFilePath:C:\__w\1\s\Framework\Adxstudio.Xrm\Caching\VirtualEntitiesCacheHelper.cs, SourceLineNumber:125, Category:Application, Message:The web api getDataSourceId for virtual entity returned empty DataSourceId, ErrorCategory:ApplicationError",
2024-01-29T10:35:30,Error,site-85de4385-0987-4ae5-9917-b7715602956d-AUse,be8e3d,638421213300167455,0,8476,5,"RequestData:, RequestPath:, RequestExtension:, SessionId:, UserId:, CorrelationId:00000000-0000-0000-0000-000000000000, Elapsed:0, MemberName:PopulateVirtualEntitiesActualSource, SourceFilePath:C:\__w\1\s\Framework\Adxstudio.Xrm\Caching\VirtualEntitiesCacheHelper.cs, SourceLineNumber:125, Category:Application, Message:The web api getDataSourceId for virtual entity returned empty DataSourceId, ErrorCategory:ApplicationError",
2024-01-29T10:35:30,Error,site-85de4385-0987-4ae5-9917-b7715602956d-AUse,be8e3d,638421213301417477,0,8476,5,"RequestData:, RequestPath:, RequestExtension:, SessionId:, UserId:, CorrelationId:00000000-0000-0000-0000-000000000000, Elapsed:0, MemberName:PopulateVirtualEntitiesActualSource, SourceFilePath:C:\__w\1\s\Framework\Adxstudio.Xrm\Caching\VirtualEntitiesCacheHelper.cs, SourceLineNumber:125, Category:Application, Message:The web api getDataSourceId for virtual entity returned empty DataSourceId, ErrorCategory:ApplicationError",
2024-01-29T10:35:30,Error,site-85de4385-0987-4ae5-9917-b7715602956d-AUse,be8e3d,638421213303761255,0,8476,5,"RequestData:, RequestPath:, RequestExtension:, SessionId:, UserId:, CorrelationId:00000000-0000-0000-0000-000000000000, Elapsed:0, MemberName:PopulateVirtualEntitiesActualSource, SourceFilePath:C:\__w\1\s\Framework\Adxstudio.Xrm\Caching\VirtualEntitiesCacheHelper.cs, SourceLineNumber:125, Category:Application, Message:The web api getDataSourceId for virtual entity returned empty DataSourceId, ErrorCategory:ApplicationError",
2024-01-29T10:35:30,Error,site-85de4385-0987-4ae5-9917-b7715602956d-AUse,be8e3d,638421213307511284,0,8476,5,"RequestData:, RequestPath:, RequestExtension:, SessionId:, UserId:, CorrelationId:00000000-0000-0000-0000-000000000000, Elapsed:0, MemberName:PopulateVirtualEntitiesActualSource, SourceFilePath:C:\__w\1\s\Framework\Adxstudio.Xrm\Caching\VirtualEntitiesCacheHelper.cs, SourceLineNumber:125, Category:Application, Message:The web api getDataSourceId for virtual entity returned empty DataSourceId, ErrorCategory:ApplicationError",
2024-01-29T10:35:30,Error,site-85de4385-0987-4ae5-9917-b7715602956d-AUse,be8e3d,638421213308605063,0,8476,5,"RequestData:, RequestPath:, RequestExtension:, SessionId:, UserId:, CorrelationId:00000000-0000-0000-0000-000000000000, Elapsed:0, MemberName:PopulateVirtualEntitiesActualSource, SourceFilePath:C:\__w\1\s\Framework\Adxstudio.Xrm\Caching\VirtualEntitiesCacheHelper.cs, SourceLineNumber:125, Category:Application, Message:The web api getDataSourceId for virtual entity returned empty DataSourceId, ErrorCategory:ApplicationError",
2024-01-29T10:35:31,Error,site-85de4385-0987-4ae5-9917-b7715602956d-AUse,be8e3d,638421213310948839,0,8476,5,"RequestData:, RequestPath:, RequestExtension:, SessionId:, UserId:, CorrelationId:00000000-0000-0000-0000-000000000000, Elapsed:0, MemberName:PopulateVirtualEntitiesActualSource, SourceFilePath:C:\__w\1\s\Framework\Adxstudio.Xrm\Caching\VirtualEntitiesCacheHelper.cs, SourceLineNumber:125, Category:Application, Message:The web api getDataSourceId for virtual entity returned empty DataSourceId, ErrorCategory:ApplicationError",
2024-01-29T10:35:31,Error,site-85de4385-0987-4ae5-9917-b7715602956d-AUse,be8e3d,638421213313448851,0,8476,5,"RequestData:, RequestPath:, RequestExtension:, SessionId:, UserId:, CorrelationId:00000000-0000-0000-0000-000000000000, Elapsed:0, MemberName:PopulateVirtualEntitiesActualSource, SourceFilePath:C:\__w\1\s\Framework\Adxstudio.Xrm\Caching\VirtualEntitiesCacheHelper.cs, SourceLineNumber:125, Category:Application, Message:The web api getDataSourceId for virtual entity returned empty DataSourceId, ErrorCategory:ApplicationError",
2024-01-29T10:35:31,Error,site-85de4385-0987-4ae5-9917-b7715602956d-AUse,be8e3d,638421213315167641,0,8476,5,"RequestData:, RequestPath:, RequestExtension:, SessionId:, UserId:, CorrelationId:00000000-0000-0000-0000-000000000000, Elapsed:0, MemberName:PopulateVirtualEntitiesActualSource, SourceFilePath:C:\__w\1\s\Framework\Adxstudio.Xrm\Caching\VirtualEntitiesCacheHelper.cs, SourceLineNumber:125, Category:Application, Message:The web api getDataSourceId for virtual entity returned empty DataSourceId, ErrorCategory:ApplicationError",
2024-01-29T10:35:31,Error,site-85de4385-0987-4ae5-9917-b7715602956d-AUse,be8e3d,638421213316417636,0,8476,5,"RequestData:, RequestPath:, RequestExtension:, SessionId:, UserId:, CorrelationId:00000000-0000-0000-0000-000000000000, Elapsed:0, MemberName:PopulateVirtualEntitiesActualSource, SourceFilePath:C:\__w\1\s\Framework\Adxstudio.Xrm\Caching\VirtualEntitiesCacheHelper.cs, SourceLineNumber:125, Category:Application, Message:The web api getDataSourceId for virtual entity returned empty DataSourceId, ErrorCategory:ApplicationError",
2024-01-29T10:35:31,Error,site-85de4385-0987-4ae5-9917-b7715602956d-AUse,be8e3d,638421213317198879,0,8476,5,"RequestData:, RequestPath:, RequestExtension:, SessionId:, UserId:, CorrelationId:00000000-0000-0000-0000-000000000000, Elapsed:0, MemberName:PopulateVirtualEntitiesActualSource, SourceFilePath:C:\__w\1\s\Framework\Adxstudio.Xrm\Caching\VirtualEntitiesCacheHelper.cs, SourceLineNumber:125, Category:Application, Message:The web api getDataSourceId for virtual entity returned empty DataSourceId, ErrorCategory:ApplicationError",
2024-01-29T10:35:31,Error,site-85de4385-0987-4ae5-9917-b7715602956d-AUse,be8e3d,638421213317980162,0,8476,5,"RequestData:, RequestPath:, RequestExtension:, SessionId:, UserId:, CorrelationId:00000000-0000-0000-0000-000000000000, Elapsed:0, MemberName:PopulateVirtualEntitiesActualSource, SourceFilePath:C:\__w\1\s\Framework\Adxstudio.Xrm\Caching\VirtualEntitiesCacheHelper.cs, SourceLineNumber:125, Category:Application, Message:The web api getDataSourceId for virtual entity returned empty DataSourceId, ErrorCategory:ApplicationError",
2024-01-29T10:35:31,Error,site-85de4385-0987-4ae5-9917-b7715602956d-AUse,be8e3d,638421213318761413,0,8476,5,"RequestData:, RequestPath:, RequestExtension:, SessionId:, UserId:, CorrelationId:00000000-0000-0000-0000-000000000000, Elapsed:0, MemberName:PopulateVirtualEntitiesActualSource, SourceFilePath:C:\__w\1\s\Framework\Adxstudio.Xrm\Caching\VirtualEntitiesCacheHelper.cs, SourceLineNumber:125, Category:Application, Message:The web api getDataSourceId for virtual entity returned empty DataSourceId, ErrorCategory:ApplicationError",
2024-01-29T10:35:31,Error,site-85de4385-0987-4ae5-9917-b7715602956d-AUse,be8e3d,638421213319542674,0,8476,5,"RequestData:, RequestPath:, RequestExtension:, SessionId:, UserId:, CorrelationId:00000000-0000-0000-0000-000000000000, Elapsed:0, MemberName:PopulateVirtualEntitiesActualSource, SourceFilePath:C:\__w\1\s\Framework\Adxstudio.Xrm\Caching\VirtualEntitiesCacheHelper.cs, SourceLineNumber:125, Category:Application, Message:The web api getDataSourceId for virtual entity returned empty DataSourceId, ErrorCategory:ApplicationError",
2024-01-29T10:35:32,Error,site-85de4385-0987-4ae5-9917-b7715602956d-AUse,be8e3d,638421213320323938,0,8476,5,"RequestData:, RequestPath:, RequestExtension:, SessionId:, UserId:, CorrelationId:00000000-0000-0000-0000-000000000000, Elapsed:0, MemberName:PopulateVirtualEntitiesActualSource, SourceFilePath:C:\__w\1\s\Framework\Adxstudio.Xrm\Caching\VirtualEntitiesCacheHelper.cs, SourceLineNumber:125, Category:Application, Message:The web api getDataSourceId for virtual entity returned empty DataSourceId, ErrorCategory:ApplicationError",
2024-01-29T10:35:32,Error,site-85de4385-0987-4ae5-9917-b7715602956d-AUse,be8e3d,638421213321105202,0,8476,5,"RequestData:, RequestPath:, RequestExtension:, SessionId:, UserId:, CorrelationId:00000000-0000-0000-0000-000000000000, Elapsed:0, MemberName:PopulateVirtualEntitiesActualSource, SourceFilePath:C:\__w\1\s\Framework\Adxstudio.Xrm\Caching\VirtualEntitiesCacheHelper.cs, SourceLineNumber:125, Category:Application, Message:The web api getDataSourceId for virtual entity returned empty DataSourceId, ErrorCategory:ApplicationError",
2024-01-29T10:35:32,Error,site-85de4385-0987-4ae5-9917-b7715602956d-AUse,be8e3d,638421213322042707,0,8476,5,"RequestData:, RequestPath:, RequestExtension:, SessionId:, UserId:, CorrelationId:00000000-0000-0000-0000-000000000000, Elapsed:0, MemberName:PopulateVirtualEntitiesActualSource, SourceFilePath:C:\__w\1\s\Framework\Adxstudio.Xrm\Caching\VirtualEntitiesCacheHelper.cs, SourceLineNumber:125, Category:Application, Message:The web api getDataSourceId for virtual entity returned empty DataSourceId, ErrorCategory:ApplicationError",
2024-01-29T10:35:32,Error,site-85de4385-0987-4ae5-9917-b7715602956d-AUse,be8e3d,638421213322823970,0,8476,5,"RequestData:, RequestPath:, RequestExtension:, SessionId:, UserId:, CorrelationId:00000000-0000-0000-0000-000000000000, Elapsed:0, MemberName:PopulateVirtualEntitiesActualSource, SourceFilePath:C:\__w\1\s\Framework\Adxstudio.Xrm\Caching\VirtualEntitiesCacheHelper.cs, SourceLineNumber:125, Category:Application, Message:The web api getDataSourceId for virtual entity returned empty DataSourceId, ErrorCategory:ApplicationError",
2024-01-29T10:35:32,Error,site-85de4385-0987-4ae5-9917-b7715602956d-AUse,be8e3d,638421213323605209,0,8476,5,"RequestData:, RequestPath:, RequestExtension:, SessionId:, UserId:, CorrelationId:00000000-0000-0000-0000-000000000000, Elapsed:0, MemberName:PopulateVirtualEntitiesActualSource, SourceFilePath:C:\__w\1\s\Framework\Adxstudio.Xrm\Caching\VirtualEntitiesCacheHelper.cs, SourceLineNumber:125, Category:Application, Message:The web api getDataSourceId for virtual entity returned empty DataSourceId, ErrorCategory:ApplicationError",
2024-01-29T10:35:32,Error,site-85de4385-0987-4ae5-9917-b7715602956d-AUse,be8e3d,638421213324386486,0,8476,5,"RequestData:, RequestPath:, RequestExtension:, SessionId:, UserId:, CorrelationId:00000000-0000-0000-0000-000000000000, Elapsed:0, MemberName:PopulateVirtualEntitiesActualSource, SourceFilePath:C:\__w\1\s\Framework\Adxstudio.Xrm\Caching\VirtualEntitiesCacheHelper.cs, SourceLineNumber:125, Category:Application, Message:The web api getDataSourceId for virtual entity returned empty DataSourceId, ErrorCategory:ApplicationError",
2024-01-29T10:35:32,Error,site-85de4385-0987-4ae5-9917-b7715602956d-AUse,be8e3d,638421213325324013,0,8476,5,"RequestData:, RequestPath:, RequestExtension:, SessionId:, UserId:, CorrelationId:00000000-0000-0000-0000-000000000000, Elapsed:0, MemberName:PopulateVirtualEntitiesActualSource, SourceFilePath:C:\__w\1\s\Framework\Adxstudio.Xrm\Caching\VirtualEntitiesCacheHelper.cs, SourceLineNumber:125, Category:Application, Message:The web api getDataSourceId for virtual entity returned empty DataSourceId, ErrorCategory:ApplicationError",
2024-01-29T10:35:33,Error,site-85de4385-0987-4ae5-9917-b7715602956d-AUse,be8e3d,638421213335636601,0,8476,5,"RequestData:, RequestPath:, RequestExtension:, SessionId:, UserId:, CorrelationId:00000000-0000-0000-0000-000000000000, Elapsed:0, MemberName:PopulateVirtualEntitiesActualSource, SourceFilePath:C:\__w\1\s\Framework\Adxstudio.Xrm\Caching\VirtualEntitiesCacheHelper.cs, SourceLineNumber:125, Category:Application, Message:The web api getDataSourceId for virtual entity returned empty DataSourceId, ErrorCategory:ApplicationError",
2024-01-29T10:35:33,Error,site-85de4385-0987-4ae5-9917-b7715602956d-AUse,be8e3d,638421213339699163,0,8476,5,"RequestData:, RequestPath:, RequestExtension:, SessionId:, UserId:, CorrelationId:00000000-0000-0000-0000-000000000000, Elapsed:0, MemberName:PopulateVirtualEntitiesActualSource, SourceFilePath:C:\__w\1\s\Framework\Adxstudio.Xrm\Caching\VirtualEntitiesCacheHelper.cs, SourceLineNumber:125, Category:Application, Message:The web api getDataSourceId for virtual entity returned empty DataSourceId, ErrorCategory:ApplicationError",
2024-01-29T10:35:34,Error,site-85de4385-0987-4ae5-9917-b7715602956d-AUse,be8e3d,638421213344230466,0,8476,5,"RequestData:, RequestPath:, RequestExtension:, SessionId:, UserId:, CorrelationId:00000000-0000-0000-0000-000000000000, Elapsed:0, MemberName:PopulateVirtualEntitiesActualSource, SourceFilePath:C:\__w\1\s\Framework\Adxstudio.Xrm\Caching\VirtualEntitiesCacheHelper.cs, SourceLineNumber:125, Category:Application, Message:The web api getDataSourceId for virtual entity returned empty DataSourceId, ErrorCategory:ApplicationError",
2024-01-29T10:35:35,Error,site-85de4385-0987-4ae5-9917-b7715602956d-AUse,be8e3d,638421213350793013,0,8476,5,"RequestData:, RequestPath:, RequestExtension:, SessionId:, UserId:, CorrelationId:00000000-0000-0000-0000-000000000000, Elapsed:0, MemberName:PopulateVirtualEntitiesActualSource, SourceFilePath:C:\__w\1\s\Framework\Adxstudio.Xrm\Caching\VirtualEntitiesCacheHelper.cs, SourceLineNumber:125, Category:Application, Message:The web api getDataSourceId for virtual entity returned empty DataSourceId, ErrorCategory:ApplicationError",
2024-01-29T10:35:35,Error,site-85de4385-0987-4ae5-9917-b7715602956d-AUse,be8e3d,638421213351730557,0,8476,5,"RequestData:, RequestPath:, RequestExtension:, SessionId:, UserId:, CorrelationId:00000000-0000-0000-0000-000000000000, Elapsed:0, MemberName:PopulateVirtualEntitiesActualSource, SourceFilePath:C:\__w\1\s\Framework\Adxstudio.Xrm\Caching\VirtualEntitiesCacheHelper.cs, SourceLineNumber:125, Category:Application, Message:The web api getDataSourceId for virtual entity returned empty DataSourceId, ErrorCategory:ApplicationError",
2024-01-29T10:35:35,Error,site-85de4385-0987-4ae5-9917-b7715602956d-AUse,be8e3d,638421213352824300,0,8476,5,"RequestData:, RequestPath:, RequestExtension:, SessionId:, UserId:, CorrelationId:00000000-0000-0000-0000-000000000000, Elapsed:0, MemberName:PopulateVirtualEntitiesActualSource, SourceFilePath:C:\__w\1\s\Framework\Adxstudio.Xrm\Caching\VirtualEntitiesCacheHelper.cs, SourceLineNumber:125, Category:Application, Message:The web api getDataSourceId for virtual entity returned empty DataSourceId, ErrorCategory:ApplicationError",
2024-01-29T10:35:35,Error,site-85de4385-0987-4ae5-9917-b7715602956d-AUse,be8e3d,638421213353918053,0,8476,5,"RequestData:, RequestPath:, RequestExtension:, SessionId:, UserId:, CorrelationId:00000000-0000-0000-0000-000000000000, Elapsed:0, MemberName:PopulateVirtualEntitiesActualSource, SourceFilePath:C:\__w\1\s\Framework\Adxstudio.Xrm\Caching\VirtualEntitiesCacheHelper.cs, SourceLineNumber:125, Category:Application, Message:The web api getDataSourceId for virtual entity returned empty DataSourceId, ErrorCategory:ApplicationError",
2024-01-29T10:35:35,Error,site-85de4385-0987-4ae5-9917-b7715602956d-AUse,be8e3d,638421213356574324,0,8476,5,"RequestData:, RequestPath:, RequestExtension:, SessionId:, UserId:, CorrelationId:00000000-0000-0000-0000-000000000000, Elapsed:0, MemberName:PopulateVirtualEntitiesActualSource, SourceFilePath:C:\__w\1\s\Framework\Adxstudio.Xrm\Caching\VirtualEntitiesCacheHelper.cs, SourceLineNumber:125, Category:Application, Message:The web api getDataSourceId for virtual entity returned empty DataSourceId, ErrorCategory:ApplicationError",
2024-01-29T10:35:36,Error,site-85de4385-0987-4ae5-9917-b7715602956d-AUse,be8e3d,638421213360011871,0,8476,5,"RequestData:, RequestPath:, RequestExtension:, SessionId:, UserId:, CorrelationId:00000000-0000-0000-0000-000000000000, Elapsed:0, MemberName:PopulateVirtualEntitiesActualSource, SourceFilePath:C:\__w\1\s\Framework\Adxstudio.Xrm\Caching\VirtualEntitiesCacheHelper.cs, SourceLineNumber:125, Category:Application, Message:The web api getDataSourceId for virtual entity returned empty DataSourceId, ErrorCategory:ApplicationError",
2024-01-29T10:36:18,Error,site-85de4385-0987-4ae5-9917-b7715602956d-AUse,be8e3d,638421213786919839,0,8476,71,"RequestData:, RequestPath:, RequestExtension:, SessionId:, UserId:, CorrelationId:00000000-0000-0000-0000-000000000000, Elapsed:0, RequestMethod:, RequestContentType:, RequestAccept:, RequestCacheControl:, UserAgent:, HandlerName:, HandlerExecuted:False, VaryByCustom:, MemberName:OnSubscriptionErrorAsync, SourceFilePath:C:\__w\1\s\Framework\Adxstudio.Xrm\AspNet\PortalBus\AppDataPortalBusProvider.cs, SourceLineNumber:186, ExceptionMessage:Access is denied
System.ComponentModel.Win32Exception




, EventData:Subscription error: SubscriptionPath: be8e3dd333164ca79388c17e0e4056ca18576f131f2dc72d8c5c96ccf4cad0f9-8476, Category:PortalBus, ErrorCategory:ApplicationError",
