date,level,applicationName,instanceId,eventTickCount,eventId,pid,tid,message,activityId
2024-03-08T03:23:06,Error,site-85de4385-0987-4ae5-9917-b7715602956d-AUe,0cce7d,638454649862321657,0,552444,109,"RequestData:, RequestPath:, RequestExtension:, SessionId:, UserId:, CorrelationId:15e9fa6a-1766-440a-9b14-d2ebdb96d11b, Elapsed:0, RequestMethod:, RequestContentType:, RequestAccept:, RequestCacheControl:, UserAgent:, HandlerName:, HandlerExecuted:False, VaryByCustom:, MemberName:InvokeFuntion, SourceFilePath:C:\__w\1\s\Framework\Adxstudio.Xrm\Services\Pooling\Dataverse\PoolableDataverseConnection.cs, SourceLineNumber:211, ExceptionMessage:There was no endpoint listening at https://nhficdevelopment.crm6.dynamics.com/XRMServices/2011/Organization.svc/web?SDKClientVersion=9.2.46.5279 that could accept the message. This is often caused by an incorrect address or SOAP action. See InnerException, if present, for more details.
System.ServiceModel.EndpointNotFoundException

Server stack trace: 
   at System.ServiceModel.Channels.HttpOutput.WebRequestHttpOutput.GetOutputStream()
   at System.ServiceModel.Channels.HttpOutput.Send(TimeSpan timeout)
   at System.ServiceModel.Channels.HttpChannelFactory`1.HttpRequestChannel.HttpChannelRequest.SendRequest(Message message, TimeSpan timeout)
   at System.ServiceModel.Channels.RequestChannel.Request(Message message, TimeSpan timeout)
   at System.ServiceModel.Dispatcher.RequestChannelBinder.Request(Message message, TimeSpan timeout)
   at System.ServiceModel.Channels.ServiceChannel.Call(String action, Boolean oneway, ProxyOperationRuntime operation, Object[] ins, Object[] outs, TimeSpan timeout)
   at System.ServiceModel.Channels.ServiceChannelProxy.InvokeService(IMethodCallMessage methodCall, ProxyOperationRuntime operation)
   at System.ServiceModel.Channels.ServiceChannelProxy.Invoke(IMessage message)

Exception rethrown at [0]: 
   at Microsoft.Xrm.Tooling.Connector.CrmServiceClient.Execute(OrganizationRequest request)
   at Adxstudio.Xrm.Services.Pooling.Dataverse.PoolableDataverseConnection.InvokeFuntion[TResult](Func`1 function) in C:\__w\1\s\Framework\Adxstudio.Xrm\Services\Pooling\Dataverse\PoolableDataverseConnection.cs:line 206

mscorlib

The remote name could not be resolved: 'nhficdevelopment.crm6.dynamics.com'
System.Net.WebException
   at System.Net.HttpWebRequest.GetRequestStream(TransportContext& context)
   at System.Net.HttpWebRequest.GetRequestStream()
   at System.ServiceModel.Channels.HttpOutput.WebRequestHttpOutput.GetOutputStream()

System

, EventData:Error occured while making Dataverse Call, Category:Application, ErrorCategory:UserError",
2024-03-08T03:23:28,Error,site-85de4385-0987-4ae5-9917-b7715602956d-AUe,0cce7d,638454650084043887,0,552444,109,"RequestData:, RequestPath:, RequestExtension:, SessionId:, UserId:, CorrelationId:15e9fa6a-1766-440a-9b14-d2ebdb96d11b, Elapsed:0, RequestMethod:, RequestContentType:, RequestAccept:, RequestCacheControl:, UserAgent:, HandlerName:, HandlerExecuted:False, VaryByCustom:, MemberName:RequestRecordDeltaFromCrm, SourceFilePath:C:\__w\1\s\Framework\Adxstudio.Xrm\EventHubBasedInvalidation\CrmChangeTrackingManager.cs, SourceLineNumber:224, ExceptionMessage:There was no endpoint listening at https://nhficdevelopment.crm6.dynamics.com/XRMServices/2011/Organization.svc/web?SDKClientVersion=9.2.46.5279 that could accept the message. This is often caused by an incorrect address or SOAP action. See InnerException, if present, for more details.
System.ServiceModel.EndpointNotFoundException

Server stack trace: 
   at System.ServiceModel.Channels.HttpOutput.WebRequestHttpOutput.GetOutputStream()
   at System.ServiceModel.Channels.HttpOutput.Send(TimeSpan timeout)
   at System.ServiceModel.Channels.HttpChannelFactory`1.HttpRequestChannel.HttpChannelRequest.SendRequest(Message message, TimeSpan timeout)
   at System.ServiceModel.Channels.RequestChannel.Request(Message message, TimeSpan timeout)
   at System.ServiceModel.Dispatcher.RequestChannelBinder.Request(Message message, TimeSpan timeout)
   at System.ServiceModel.Channels.ServiceChannel.Call(String action, Boolean oneway, ProxyOperationRuntime operation, Object[] ins, Object[] outs, TimeSpan timeout)
   at System.ServiceModel.Channels.ServiceChannelProxy.InvokeService(IMethodCallMessage methodCall, ProxyOperationRuntime operation)
   at System.ServiceModel.Channels.ServiceChannelProxy.Invoke(IMessage message)

Exception rethrown at [0]: 
   at Microsoft.Xrm.Tooling.Connector.CrmServiceClient.Execute(OrganizationRequest request)
   at Adxstudio.Xrm.Services.Pooling.Dataverse.PoolableDataverseConnection.InvokeFuntion[TResult](Func`1 function) in C:\__w\1\s\Framework\Adxstudio.Xrm\Services\Pooling\Dataverse\PoolableDataverseConnection.cs:line 212
   at Microsoft.Xrm.Client.Services.OrganizationService.InnerOrganizationService.UsingService[TResult](Func`2 action) in C:\__w\1\s\Framework\Microsoft.Xrm.Client\Services\OrganizationService.cs:line 436
   at Adxstudio.Xrm.Services.CachedOrganizationService.InnerExecute(OrganizationRequest request) in C:\__w\1\s\Framework\Adxstudio.Xrm\Services\CachedOrganizationService.cs:line 429
   at Adxstudio.Xrm.Services.OrganizationServiceCache.InnerExecute[TRequest,TResponse,TResult](TRequest query, Func`2 execute, Func`2 selector) in C:\__w\1\s\Framework\Adxstudio.Xrm\Services\OrganizationServiceCache.cs:line 653
   at Adxstudio.Xrm.Services.OrganizationServiceCache.InnerExecute[TRequest,TResponse,TResult](TRequest request, Func`2 execute, Func`2 selector, String selectorCacheKey) in C:\__w\1\s\Framework\Adxstudio.Xrm\Services\OrganizationServiceCache.cs:line 323
   at Adxstudio.Xrm.Services.ContentMapOrganizationServiceCache.Execute[T](OrganizationRequest request, Func`2 execute, Func`2 selector, String selectorCacheKey) in C:\__w\1\s\Framework\Adxstudio.Xrm\Services\ContentMapOrganizationServiceCache.cs:line 36
   at Adxstudio.Xrm.Services.PortalBusOrganizationServiceCache.Execute[T](OrganizationRequest request, Func`2 execute, Func`2 selector, String selectorCacheKey) in C:\__w\1\s\Framework\Adxstudio.Xrm\Services\PortalBusOrganizationServiceCache.cs:line 44
   at Adxstudio.Xrm.Services.CachedOrganizationService.Execute[T](OrganizationRequest request, Func`2 selector, String selectorCacheKey) in C:\__w\1\s\Framework\Adxstudio.Xrm\Services\CachedOrganizationService.cs:line 367
   at Adxstudio.Xrm.Services.CachedOrganizationService.Execute[T](OrganizationRequest request) in C:\__w\1\s\Framework\Adxstudio.Xrm\Services\CachedOrganizationService.cs:line 358
   at Adxstudio.Xrm.Services.CrmOnlineOrganizationService.<>c__DisplayClass26_0.<Execute>b__0() in C:\__w\1\s\Framework\Adxstudio.Xrm\Services\CrmOnlineOrganizationService.cs:line 259
   at Microsoft.Practices.TransientFaultHandling.RetryPolicy.ExecuteAction[TResult](Func`1 func)
   at Adxstudio.Xrm.EventHubBasedInvalidation.CrmChangeTrackingManager.RequestRecordDeltaFromCrm(Dictionary`2 entitiesWithLastTimestamp, CrmDbContext context, Guid websiteId) in C:\__w\1\s\Framework\Adxstudio.Xrm\EventHubBasedInvalidation\CrmChangeTrackingManager.cs:line 188

mscorlib

The remote name could not be resolved: 'nhficdevelopment.crm6.dynamics.com'
System.Net.WebException
   at System.Net.HttpWebRequest.GetRequestStream(TransportContext& context)
   at System.Net.HttpWebRequest.GetRequestStream()
   at System.ServiceModel.Channels.HttpOutput.WebRequestHttpOutput.GetOutputStream()

System

, EventData:, Category:Cache, ErrorCategory:UserError",
2024-03-08T03:54:28,Error,site-85de4385-0987-4ae5-9917-b7715602956d-AUe,0cce7d,638454668682254390,0,552444,130,"RequestData:, RequestPath:/_services/entity-grid-data.json/40096e18-22f9-ed11-8f6e-00224893bfba, RequestExtension:, SessionId:, UserId:sXv8nXuSZdGsv_EIJtCzVZVEgTShipphNYdPg9YNmRFMqDwsYwOoMVmVxr1MiooIYH5LvAwkwoYjYVV1cvxHZzOOlyVFaVnCstnBQXu4j219USeOXmQtIs5IQX9SecK0NPhR7gIKsN3BnkcvohMrkw2, CorrelationId:3c2c8a2f-7d6e-4173-aa0a-da16db8fa932, Elapsed:1684.1562, RequestMethod:POST, RequestContentType:application/json; charset=UTF-8, RequestAccept:application/json, text/javascript, */*; q=0.01, RequestCacheControl:, UserAgent:Mozilla/5.0 (Windows NT 10.0; Win64; x64) AppleWebKit/537.36 (KHTML, like Gecko) Chrome/122.0.0.0 Safari/537.36, HandlerName:System.Web.Mvc.MvcHandler, HandlerExecuted:False, VaryByCustom:, MemberName:AddActionLinkToDisabledActionLinksList, SourceFilePath:C:\__w\1\s\Samples\MasterPortal\Areas\Portal\Controllers\EntityGridController.cs, SourceLineNumber:1663, ExceptionMessage:Data at the root level is invalid. Line 1, position 1.
System.Xml.XmlException
   at System.Xml.XmlTextReaderImpl.Throw(Exception e)
   at System.Xml.XmlTextReaderImpl.ParseRootLevelWhitespace()
   at System.Xml.XmlTextReaderImpl.ParseDocumentContent()
   at System.Xml.XmlReader.MoveToContent()
   at System.Xml.Linq.XElement.Load(XmlReader reader, LoadOptions options)
   at System.Xml.Linq.XElement.Parse(String text, LoadOptions options)
   at Site.Areas.Portal.Controllers.EntityGridController.AddActionLinkToDisabledActionLinksList(OrganizationServiceContext context, EntityMetadata entityMetadata, ViewActionLink link, EntityRecord[] records) in C:\__w\1\s\Samples\MasterPortal\Areas\Portal\Controllers\EntityGridController.cs:line 0

System.Xml

, EventData:, Category:File, ErrorCategory:UserError",40000653-0000-1000-b63f-84710c7967bb
