date,level,applicationName,instanceId,eventTickCount,eventId,pid,tid,message,activityId
2024-04-04T11:25:16,Error,site-85de4385-0987-4ae5-9917-b7715602956d-AUe,30857d,638478267162599311,0,260660,268,"RequestData:, RequestPath:/bootstrap.min.css, RequestExtension:.css, SessionId:, UserId:f9EeDp-GO6Q2h3BoUKgj1YZl1y91M--HVbhT-SWZam4Tc8whEJ2jkQ3VGKqYx8ERzHVpMIO6R9wx1XDmTTGCQXEmmJz2BSaxaNgzFj-vM-xpzSlIcEMr7l8n1MRTxoVGEJSvsHOJ3LuqbIeAiJk11Q2, CorrelationId:ea4d4d54-2bed-411f-983c-3ff70244fb34, Elapsed:120034.4238, RequestMethod:GET, RequestContentType:, RequestAccept:text/css,*/*;q=0.1, RequestCacheControl:, UserAgent:Mozilla/5.0 (Windows NT 10.0; Win64; x64) AppleWebKit/537.36 (KHTML, like Gecko) Chrome/123.0.0.0 Safari/537.36, HandlerName:, HandlerExecuted:False, VaryByCustom:, MemberName:InvokeFuntion, SourceFilePath:C:\__w\1\s\Framework\Adxstudio.Xrm\Services\Pooling\Dataverse\PoolableDataverseConnection.cs, SourceLineNumber:214, ExceptionMessage:Thread was being aborted.
System.Threading.ThreadAbortException
   at Microsoft.Xrm.Tooling.Connector.CrmServiceClient.CrmCommand_Execute(OrganizationRequest req, String errorStringCheck)
   at Microsoft.Xrm.Tooling.Connector.CrmServiceClient.Execute(OrganizationRequest request)
   at Adxstudio.Xrm.Services.Pooling.Dataverse.PoolableDataverseConnection.InvokeFuntion[TResult](Func`1 function) in C:\__w\1\s\Framework\Adxstudio.Xrm\Services\Pooling\Dataverse\PoolableDataverseConnection.cs:line 209

Microsoft.Xrm.Tooling.Connector

, EventData:Error occured while making Dataverse Call, Category:Application, ErrorCategory:ApplicationError",40006336-0000-0200-b63f-84710c7967bb
2024-04-04T11:25:16,Error,site-85de4385-0987-4ae5-9917-b7715602956d-AUe,30857d,638478267164162569,0,260660,268,"RequestData:{""IsAuthenticated"":false,""Tags"":[]}, RequestPath:/bootstrap.min.css, RequestExtension:.css, SessionId:, UserId:f9EeDp-GO6Q2h3BoUKgj1YZl1y91M--HVbhT-SWZam4Tc8whEJ2jkQ3VGKqYx8ERzHVpMIO6R9wx1XDmTTGCQXEmmJz2BSaxaNgzFj-vM-xpzSlIcEMr7l8n1MRTxoVGEJSvsHOJ3LuqbIeAiJk11Q2, CorrelationId:ea4d4d54-2bed-411f-983c-3ff70244fb34, Elapsed:120196.8718, RequestMethod:GET, RequestContentType:, RequestAccept:text/css,*/*;q=0.1, RequestCacheControl:, UserAgent:Mozilla/5.0 (Windows NT 10.0; Win64; x64) AppleWebKit/537.36 (KHTML, like Gecko) Chrome/123.0.0.0 Safari/537.36, HandlerName:, HandlerExecuted:False, VaryByCustom:, ExceptionMessage:Request timed out.
System.Web.HttpException




, EventData:ASP.global_asax, originalResponseStatus: 500, Category:Application, ErrorCategory:ApplicationError",40006336-0000-0200-b63f-84710c7967bb
