date,level,applicationName,instanceId,eventTickCount,eventId,pid,tid,message,activityId
2024-03-11T07:54:12,Error,site-85de4385-0987-4ae5-9917-b7715602956d-AUe,0cce7d,638457404520831891,0,722452,86,"RequestData:, RequestPath:/Account/Login/ExternalLoginCallback, RequestExtension:, SessionId:wmv10dh2f3clmulf5bnmod5n, UserId:ckc6npXQICQNlLurczc7CtWoNHmiOfGUIBMresapTCpeQU78LdLE4mwoUROqYd7U7K9z3g_4_lQCjAnNu3fyunbZURGefVZrPe5hcqNcrvAxenznhFbb3GhuPR66uoUIPruvpgVkNBQm8iz6OpsGUw2, CorrelationId:9072dcd8-81d2-4a7a-9532-907dc20aff56, Elapsed:16.134, MemberName:ToGroups, SourceFilePath:C:\__w\1\s\Samples\MasterPortal\Areas\Account\Controllers\LoginController.cs, SourceLineNumber:1714, Category:Application, Message:Error while fetching groups of logged in user **redacted**
Message: An error occurred sending the request.
, ErrorCategory:ApplicationError",4000a2a8-0800-fb00-b63f-84710c7967bb
2024-03-11T07:54:40,Error,site-85de4385-0987-4ae5-9917-b7715602956d-AUe,0cce7d,638457404809442261,0,722452,51,"RequestData:, RequestPath:/Account/Login/ExternalLoginCallback, RequestExtension:, SessionId:wmv10dh2f3clmulf5bnmod5n, UserId:ckc6npXQICQNlLurczc7CtWoNHmiOfGUIBMresapTCpeQU78LdLE4mwoUROqYd7U7K9z3g_4_lQCjAnNu3fyunbZURGefVZrPe5hcqNcrvAxenznhFbb3GhuPR66uoUIPruvpgVkNBQm8iz6OpsGUw2, CorrelationId:2e64a33a-1447-4aa2-a570-fdac9118e4ad, Elapsed:12.8351, MemberName:ToGroups, SourceFilePath:C:\__w\1\s\Samples\MasterPortal\Areas\Account\Controllers\LoginController.cs, SourceLineNumber:1714, Category:Application, Message:Error while fetching groups of logged in user **redacted**
Message: An error occurred sending the request.
, ErrorCategory:ApplicationError",40004907-0002-e900-b63f-84710c7967bb
2024-03-11T07:55:05,Error,site-85de4385-0987-4ae5-9917-b7715602956d-AUe,0cce7d,638457405054602121,0,722452,35,"RequestData:, RequestPath:/Account/Login/ExternalLoginCallback, RequestExtension:, SessionId:wmv10dh2f3clmulf5bnmod5n, UserId:ckc6npXQICQNlLurczc7CtWoNHmiOfGUIBMresapTCpeQU78LdLE4mwoUROqYd7U7K9z3g_4_lQCjAnNu3fyunbZURGefVZrPe5hcqNcrvAxenznhFbb3GhuPR66uoUIPruvpgVkNBQm8iz6OpsGUw2, CorrelationId:30b39b2e-4041-4891-80bb-6b70c6d8208a, Elapsed:19.0117, MemberName:ToGroups, SourceFilePath:C:\__w\1\s\Samples\MasterPortal\Areas\Account\Controllers\LoginController.cs, SourceLineNumber:1714, Category:Application, Message:Error while fetching groups of logged in user **redacted**
Message: An error occurred sending the request.
, ErrorCategory:ApplicationError",40004922-0002-e900-b63f-84710c7967bb
2024-03-11T07:56:35,Error,site-85de4385-0987-4ae5-9917-b7715602956d-AUe,0cce7d,638457405955877145,0,722452,49,"RequestData:, RequestPath:/Account/Login/ExternalLoginCallback, RequestExtension:, SessionId:wmv10dh2f3clmulf5bnmod5n, UserId:ckc6npXQICQNlLurczc7CtWoNHmiOfGUIBMresapTCpeQU78LdLE4mwoUROqYd7U7K9z3g_4_lQCjAnNu3fyunbZURGefVZrPe5hcqNcrvAxenznhFbb3GhuPR66uoUIPruvpgVkNBQm8iz6OpsGUw2, CorrelationId:6ef590ac-55cd-46a0-8ab6-15d13b084973, Elapsed:12.7924, MemberName:ToGroups, SourceFilePath:C:\__w\1\s\Samples\MasterPortal\Areas\Account\Controllers\LoginController.cs, SourceLineNumber:1714, Category:Application, Message:Error while fetching groups of logged in user **redacted**
Message: An error occurred sending the request.
, ErrorCategory:ApplicationError",4000ae51-0002-8500-b63f-84710c7967bb
