date,level,applicationName,instanceId,eventTickCount,eventId,pid,tid,message,activityId
2024-01-22T05:03:44,Error,site-85de4385-0987-4ae5-9917-b7715602956d-AUe,05efbb,638414966242667637,0,311064,8794,"RequestData:, RequestPath:/_services/about, RequestExtension:, SessionId:, UserId:mNMBuY7bfQW-zr5jzURjUd5vAeagQWSe5ECHSEn4olgSzVNhCjK-wJQAUhEx-S6Y-90xrJYhGsWQGNnLqH5QIt661p7FFDHGHEmZARDIhR43Hs9aIK5y8xuKSdQuqJvJ1Ff5sW1-GGwheP4VH6h27A2, CorrelationId:3050da22-232b-4371-92e5-c04ff4faafe5, Elapsed:143.9821, MemberName:PopulateVirtualEntitiesActualSource, SourceFilePath:C:\__w\1\s\Framework\Adxstudio.Xrm\Caching\VirtualEntitiesCacheHelper.cs, SourceLineNumber:125, Category:Application, Message:The web api getDataSourceId for virtual entity returned empty DataSourceId, ErrorCategory:ApplicationError",80045c3c-0003-f200-b63f-84710c7967bb
2024-01-22T05:03:44,Error,site-85de4385-0987-4ae5-9917-b7715602956d-AUe,05efbb,638414966243292807,0,311064,8794,"RequestData:, RequestPath:/_services/about, RequestExtension:, SessionId:, UserId:mNMBuY7bfQW-zr5jzURjUd5vAeagQWSe5ECHSEn4olgSzVNhCjK-wJQAUhEx-S6Y-90xrJYhGsWQGNnLqH5QIt661p7FFDHGHEmZARDIhR43Hs9aIK5y8xuKSdQuqJvJ1Ff5sW1-GGwheP4VH6h27A2, CorrelationId:3050da22-232b-4371-92e5-c04ff4faafe5, Elapsed:193.7084, MemberName:PopulateVirtualEntitiesActualSource, SourceFilePath:C:\__w\1\s\Framework\Adxstudio.Xrm\Caching\VirtualEntitiesCacheHelper.cs, SourceLineNumber:125, Category:Application, Message:The web api getDataSourceId for virtual entity returned empty DataSourceId, ErrorCategory:ApplicationError",80045c3c-0003-f200-b63f-84710c7967bb
2024-01-22T05:03:44,Error,site-85de4385-0987-4ae5-9917-b7715602956d-AUe,05efbb,638414966243761634,0,311064,8794,"RequestData:, RequestPath:/_services/about, RequestExtension:, SessionId:, UserId:mNMBuY7bfQW-zr5jzURjUd5vAeagQWSe5ECHSEn4olgSzVNhCjK-wJQAUhEx-S6Y-90xrJYhGsWQGNnLqH5QIt661p7FFDHGHEmZARDIhR43Hs9aIK5y8xuKSdQuqJvJ1Ff5sW1-GGwheP4VH6h27A2, CorrelationId:3050da22-232b-4371-92e5-c04ff4faafe5, Elapsed:243.3972, MemberName:PopulateVirtualEntitiesActualSource, SourceFilePath:C:\__w\1\s\Framework\Adxstudio.Xrm\Caching\VirtualEntitiesCacheHelper.cs, SourceLineNumber:125, Category:Application, Message:The web api getDataSourceId for virtual entity returned empty DataSourceId, ErrorCategory:ApplicationError",80045c3c-0003-f200-b63f-84710c7967bb
2024-01-22T05:03:44,Error,site-85de4385-0987-4ae5-9917-b7715602956d-AUe,05efbb,638414966244230578,0,311064,8794,"RequestData:, RequestPath:/_services/about, RequestExtension:, SessionId:, UserId:mNMBuY7bfQW-zr5jzURjUd5vAeagQWSe5ECHSEn4olgSzVNhCjK-wJQAUhEx-S6Y-90xrJYhGsWQGNnLqH5QIt661p7FFDHGHEmZARDIhR43Hs9aIK5y8xuKSdQuqJvJ1Ff5sW1-GGwheP4VH6h27A2, CorrelationId:3050da22-232b-4371-92e5-c04ff4faafe5, Elapsed:291.4997, MemberName:PopulateVirtualEntitiesActualSource, SourceFilePath:C:\__w\1\s\Framework\Adxstudio.Xrm\Caching\VirtualEntitiesCacheHelper.cs, SourceLineNumber:125, Category:Application, Message:The web api getDataSourceId for virtual entity returned empty DataSourceId, ErrorCategory:ApplicationError",80045c3c-0003-f200-b63f-84710c7967bb
2024-01-22T05:03:44,Error,site-85de4385-0987-4ae5-9917-b7715602956d-AUe,05efbb,638414966244699364,0,311064,8794,"RequestData:, RequestPath:/_services/about, RequestExtension:, SessionId:, UserId:mNMBuY7bfQW-zr5jzURjUd5vAeagQWSe5ECHSEn4olgSzVNhCjK-wJQAUhEx-S6Y-90xrJYhGsWQGNnLqH5QIt661p7FFDHGHEmZARDIhR43Hs9aIK5y8xuKSdQuqJvJ1Ff5sW1-GGwheP4VH6h27A2, CorrelationId:3050da22-232b-4371-92e5-c04ff4faafe5, Elapsed:338.8582, MemberName:PopulateVirtualEntitiesActualSource, SourceFilePath:C:\__w\1\s\Framework\Adxstudio.Xrm\Caching\VirtualEntitiesCacheHelper.cs, SourceLineNumber:125, Category:Application, Message:The web api getDataSourceId for virtual entity returned empty DataSourceId, ErrorCategory:ApplicationError",80045c3c-0003-f200-b63f-84710c7967bb
2024-01-22T05:03:44,Error,site-85de4385-0987-4ae5-9917-b7715602956d-AUe,05efbb,638414966245168241,0,311064,8794,"RequestData:, RequestPath:/_services/about, RequestExtension:, SessionId:, UserId:mNMBuY7bfQW-zr5jzURjUd5vAeagQWSe5ECHSEn4olgSzVNhCjK-wJQAUhEx-S6Y-90xrJYhGsWQGNnLqH5QIt661p7FFDHGHEmZARDIhR43Hs9aIK5y8xuKSdQuqJvJ1Ff5sW1-GGwheP4VH6h27A2, CorrelationId:3050da22-232b-4371-92e5-c04ff4faafe5, Elapsed:384.7459, MemberName:PopulateVirtualEntitiesActualSource, SourceFilePath:C:\__w\1\s\Framework\Adxstudio.Xrm\Caching\VirtualEntitiesCacheHelper.cs, SourceLineNumber:125, Category:Application, Message:The web api getDataSourceId for virtual entity returned empty DataSourceId, ErrorCategory:ApplicationError",80045c3c-0003-f200-b63f-84710c7967bb
2024-01-22T05:03:44,Error,site-85de4385-0987-4ae5-9917-b7715602956d-AUe,05efbb,638414966245637127,0,311064,8794,"RequestData:, RequestPath:/_services/about, RequestExtension:, SessionId:, UserId:mNMBuY7bfQW-zr5jzURjUd5vAeagQWSe5ECHSEn4olgSzVNhCjK-wJQAUhEx-S6Y-90xrJYhGsWQGNnLqH5QIt661p7FFDHGHEmZARDIhR43Hs9aIK5y8xuKSdQuqJvJ1Ff5sW1-GGwheP4VH6h27A2, CorrelationId:3050da22-232b-4371-92e5-c04ff4faafe5, Elapsed:431.0137, MemberName:PopulateVirtualEntitiesActualSource, SourceFilePath:C:\__w\1\s\Framework\Adxstudio.Xrm\Caching\VirtualEntitiesCacheHelper.cs, SourceLineNumber:125, Category:Application, Message:The web api getDataSourceId for virtual entity returned empty DataSourceId, ErrorCategory:ApplicationError",80045c3c-0003-f200-b63f-84710c7967bb
2024-01-22T05:03:44,Error,site-85de4385-0987-4ae5-9917-b7715602956d-AUe,05efbb,638414966246105985,0,311064,8794,"RequestData:, RequestPath:/_services/about, RequestExtension:, SessionId:, UserId:mNMBuY7bfQW-zr5jzURjUd5vAeagQWSe5ECHSEn4olgSzVNhCjK-wJQAUhEx-S6Y-90xrJYhGsWQGNnLqH5QIt661p7FFDHGHEmZARDIhR43Hs9aIK5y8xuKSdQuqJvJ1Ff5sW1-GGwheP4VH6h27A2, CorrelationId:3050da22-232b-4371-92e5-c04ff4faafe5, Elapsed:479.7396, MemberName:PopulateVirtualEntitiesActualSource, SourceFilePath:C:\__w\1\s\Framework\Adxstudio.Xrm\Caching\VirtualEntitiesCacheHelper.cs, SourceLineNumber:125, Category:Application, Message:The web api getDataSourceId for virtual entity returned empty DataSourceId, ErrorCategory:ApplicationError",80045c3c-0003-f200-b63f-84710c7967bb
2024-01-22T05:03:44,Error,site-85de4385-0987-4ae5-9917-b7715602956d-AUe,05efbb,638414966246574807,0,311064,8794,"RequestData:, RequestPath:/_services/about, RequestExtension:, SessionId:, UserId:mNMBuY7bfQW-zr5jzURjUd5vAeagQWSe5ECHSEn4olgSzVNhCjK-wJQAUhEx-S6Y-90xrJYhGsWQGNnLqH5QIt661p7FFDHGHEmZARDIhR43Hs9aIK5y8xuKSdQuqJvJ1Ff5sW1-GGwheP4VH6h27A2, CorrelationId:3050da22-232b-4371-92e5-c04ff4faafe5, Elapsed:526.0469, MemberName:PopulateVirtualEntitiesActualSource, SourceFilePath:C:\__w\1\s\Framework\Adxstudio.Xrm\Caching\VirtualEntitiesCacheHelper.cs, SourceLineNumber:125, Category:Application, Message:The web api getDataSourceId for virtual entity returned empty DataSourceId, ErrorCategory:ApplicationError",80045c3c-0003-f200-b63f-84710c7967bb
2024-01-22T05:03:44,Error,site-85de4385-0987-4ae5-9917-b7715602956d-AUe,05efbb,638414966247043801,0,311064,8794,"RequestData:, RequestPath:/_services/about, RequestExtension:, SessionId:, UserId:mNMBuY7bfQW-zr5jzURjUd5vAeagQWSe5ECHSEn4olgSzVNhCjK-wJQAUhEx-S6Y-90xrJYhGsWQGNnLqH5QIt661p7FFDHGHEmZARDIhR43Hs9aIK5y8xuKSdQuqJvJ1Ff5sW1-GGwheP4VH6h27A2, CorrelationId:3050da22-232b-4371-92e5-c04ff4faafe5, Elapsed:573.1549, MemberName:PopulateVirtualEntitiesActualSource, SourceFilePath:C:\__w\1\s\Framework\Adxstudio.Xrm\Caching\VirtualEntitiesCacheHelper.cs, SourceLineNumber:125, Category:Application, Message:The web api getDataSourceId for virtual entity returned empty DataSourceId, ErrorCategory:ApplicationError",80045c3c-0003-f200-b63f-84710c7967bb
2024-01-22T05:03:44,Error,site-85de4385-0987-4ae5-9917-b7715602956d-AUe,05efbb,638414966247512563,0,311064,8794,"RequestData:, RequestPath:/_services/about, RequestExtension:, SessionId:, UserId:mNMBuY7bfQW-zr5jzURjUd5vAeagQWSe5ECHSEn4olgSzVNhCjK-wJQAUhEx-S6Y-90xrJYhGsWQGNnLqH5QIt661p7FFDHGHEmZARDIhR43Hs9aIK5y8xuKSdQuqJvJ1Ff5sW1-GGwheP4VH6h27A2, CorrelationId:3050da22-232b-4371-92e5-c04ff4faafe5, Elapsed:620.1337, MemberName:PopulateVirtualEntitiesActualSource, SourceFilePath:C:\__w\1\s\Framework\Adxstudio.Xrm\Caching\VirtualEntitiesCacheHelper.cs, SourceLineNumber:125, Category:Application, Message:The web api getDataSourceId for virtual entity returned empty DataSourceId, ErrorCategory:ApplicationError",80045c3c-0003-f200-b63f-84710c7967bb
2024-01-22T05:03:44,Error,site-85de4385-0987-4ae5-9917-b7715602956d-AUe,05efbb,638414966247981400,0,311064,8794,"RequestData:, RequestPath:/_services/about, RequestExtension:, SessionId:, UserId:mNMBuY7bfQW-zr5jzURjUd5vAeagQWSe5ECHSEn4olgSzVNhCjK-wJQAUhEx-S6Y-90xrJYhGsWQGNnLqH5QIt661p7FFDHGHEmZARDIhR43Hs9aIK5y8xuKSdQuqJvJ1Ff5sW1-GGwheP4VH6h27A2, CorrelationId:3050da22-232b-4371-92e5-c04ff4faafe5, Elapsed:674.5085, MemberName:PopulateVirtualEntitiesActualSource, SourceFilePath:C:\__w\1\s\Framework\Adxstudio.Xrm\Caching\VirtualEntitiesCacheHelper.cs, SourceLineNumber:125, Category:Application, Message:The web api getDataSourceId for virtual entity returned empty DataSourceId, ErrorCategory:ApplicationError",80045c3c-0003-f200-b63f-84710c7967bb
2024-01-22T05:03:44,Error,site-85de4385-0987-4ae5-9917-b7715602956d-AUe,05efbb,638414966249075437,0,311064,8794,"RequestData:, RequestPath:/_services/about, RequestExtension:, SessionId:, UserId:mNMBuY7bfQW-zr5jzURjUd5vAeagQWSe5ECHSEn4olgSzVNhCjK-wJQAUhEx-S6Y-90xrJYhGsWQGNnLqH5QIt661p7FFDHGHEmZARDIhR43Hs9aIK5y8xuKSdQuqJvJ1Ff5sW1-GGwheP4VH6h27A2, CorrelationId:3050da22-232b-4371-92e5-c04ff4faafe5, Elapsed:775.0536, MemberName:PopulateVirtualEntitiesActualSource, SourceFilePath:C:\__w\1\s\Framework\Adxstudio.Xrm\Caching\VirtualEntitiesCacheHelper.cs, SourceLineNumber:125, Category:Application, Message:The web api getDataSourceId for virtual entity returned empty DataSourceId, ErrorCategory:ApplicationError",80045c3c-0003-f200-b63f-84710c7967bb
2024-01-22T05:03:44,Error,site-85de4385-0987-4ae5-9917-b7715602956d-AUe,05efbb,638414966249544272,0,311064,8794,"RequestData:, RequestPath:/_services/about, RequestExtension:, SessionId:, UserId:mNMBuY7bfQW-zr5jzURjUd5vAeagQWSe5ECHSEn4olgSzVNhCjK-wJQAUhEx-S6Y-90xrJYhGsWQGNnLqH5QIt661p7FFDHGHEmZARDIhR43Hs9aIK5y8xuKSdQuqJvJ1Ff5sW1-GGwheP4VH6h27A2, CorrelationId:3050da22-232b-4371-92e5-c04ff4faafe5, Elapsed:831.3364, MemberName:PopulateVirtualEntitiesActualSource, SourceFilePath:C:\__w\1\s\Framework\Adxstudio.Xrm\Caching\VirtualEntitiesCacheHelper.cs, SourceLineNumber:125, Category:Application, Message:The web api getDataSourceId for virtual entity returned empty DataSourceId, ErrorCategory:ApplicationError",80045c3c-0003-f200-b63f-84710c7967bb
2024-01-22T05:03:45,Error,site-85de4385-0987-4ae5-9917-b7715602956d-AUe,05efbb,638414966250169438,0,311064,8794,"RequestData:, RequestPath:/_services/about, RequestExtension:, SessionId:, UserId:mNMBuY7bfQW-zr5jzURjUd5vAeagQWSe5ECHSEn4olgSzVNhCjK-wJQAUhEx-S6Y-90xrJYhGsWQGNnLqH5QIt661p7FFDHGHEmZARDIhR43Hs9aIK5y8xuKSdQuqJvJ1Ff5sW1-GGwheP4VH6h27A2, CorrelationId:3050da22-232b-4371-92e5-c04ff4faafe5, Elapsed:882.3187, MemberName:PopulateVirtualEntitiesActualSource, SourceFilePath:C:\__w\1\s\Framework\Adxstudio.Xrm\Caching\VirtualEntitiesCacheHelper.cs, SourceLineNumber:125, Category:Application, Message:The web api getDataSourceId for virtual entity returned empty DataSourceId, ErrorCategory:ApplicationError",80045c3c-0003-f200-b63f-84710c7967bb
2024-01-22T05:03:45,Error,site-85de4385-0987-4ae5-9917-b7715602956d-AUe,05efbb,638414966250638324,0,311064,8794,"RequestData:, RequestPath:/_services/about, RequestExtension:, SessionId:, UserId:mNMBuY7bfQW-zr5jzURjUd5vAeagQWSe5ECHSEn4olgSzVNhCjK-wJQAUhEx-S6Y-90xrJYhGsWQGNnLqH5QIt661p7FFDHGHEmZARDIhR43Hs9aIK5y8xuKSdQuqJvJ1Ff5sW1-GGwheP4VH6h27A2, CorrelationId:3050da22-232b-4371-92e5-c04ff4faafe5, Elapsed:933.1934, MemberName:PopulateVirtualEntitiesActualSource, SourceFilePath:C:\__w\1\s\Framework\Adxstudio.Xrm\Caching\VirtualEntitiesCacheHelper.cs, SourceLineNumber:125, Category:Application, Message:The web api getDataSourceId for virtual entity returned empty DataSourceId, ErrorCategory:ApplicationError",80045c3c-0003-f200-b63f-84710c7967bb
2024-01-22T05:03:45,Error,site-85de4385-0987-4ae5-9917-b7715602956d-AUe,05efbb,638414966251263431,0,311064,8794,"RequestData:, RequestPath:/_services/about, RequestExtension:, SessionId:, UserId:mNMBuY7bfQW-zr5jzURjUd5vAeagQWSe5ECHSEn4olgSzVNhCjK-wJQAUhEx-S6Y-90xrJYhGsWQGNnLqH5QIt661p7FFDHGHEmZARDIhR43Hs9aIK5y8xuKSdQuqJvJ1Ff5sW1-GGwheP4VH6h27A2, CorrelationId:3050da22-232b-4371-92e5-c04ff4faafe5, Elapsed:997.1746, MemberName:PopulateVirtualEntitiesActualSource, SourceFilePath:C:\__w\1\s\Framework\Adxstudio.Xrm\Caching\VirtualEntitiesCacheHelper.cs, SourceLineNumber:125, Category:Application, Message:The web api getDataSourceId for virtual entity returned empty DataSourceId, ErrorCategory:ApplicationError",80045c3c-0003-f200-b63f-84710c7967bb
2024-01-22T05:03:45,Error,site-85de4385-0987-4ae5-9917-b7715602956d-AUe,05efbb,638414966251888566,0,311064,8794,"RequestData:, RequestPath:/_services/about, RequestExtension:, SessionId:, UserId:mNMBuY7bfQW-zr5jzURjUd5vAeagQWSe5ECHSEn4olgSzVNhCjK-wJQAUhEx-S6Y-90xrJYhGsWQGNnLqH5QIt661p7FFDHGHEmZARDIhR43Hs9aIK5y8xuKSdQuqJvJ1Ff5sW1-GGwheP4VH6h27A2, CorrelationId:3050da22-232b-4371-92e5-c04ff4faafe5, Elapsed:1066.885, MemberName:PopulateVirtualEntitiesActualSource, SourceFilePath:C:\__w\1\s\Framework\Adxstudio.Xrm\Caching\VirtualEntitiesCacheHelper.cs, SourceLineNumber:125, Category:Application, Message:The web api getDataSourceId for virtual entity returned empty DataSourceId, ErrorCategory:ApplicationError",80045c3c-0003-f200-b63f-84710c7967bb
2024-01-22T05:03:45,Error,site-85de4385-0987-4ae5-9917-b7715602956d-AUe,05efbb,638414966252513707,0,311064,8794,"RequestData:, RequestPath:/_services/about, RequestExtension:, SessionId:, UserId:mNMBuY7bfQW-zr5jzURjUd5vAeagQWSe5ECHSEn4olgSzVNhCjK-wJQAUhEx-S6Y-90xrJYhGsWQGNnLqH5QIt661p7FFDHGHEmZARDIhR43Hs9aIK5y8xuKSdQuqJvJ1Ff5sW1-GGwheP4VH6h27A2, CorrelationId:3050da22-232b-4371-92e5-c04ff4faafe5, Elapsed:1114.4179, MemberName:PopulateVirtualEntitiesActualSource, SourceFilePath:C:\__w\1\s\Framework\Adxstudio.Xrm\Caching\VirtualEntitiesCacheHelper.cs, SourceLineNumber:125, Category:Application, Message:The web api getDataSourceId for virtual entity returned empty DataSourceId, ErrorCategory:ApplicationError",80045c3c-0003-f200-b63f-84710c7967bb
2024-01-22T05:03:45,Error,site-85de4385-0987-4ae5-9917-b7715602956d-AUe,05efbb,638414966252983209,0,311064,8794,"RequestData:, RequestPath:/_services/about, RequestExtension:, SessionId:, UserId:mNMBuY7bfQW-zr5jzURjUd5vAeagQWSe5ECHSEn4olgSzVNhCjK-wJQAUhEx-S6Y-90xrJYhGsWQGNnLqH5QIt661p7FFDHGHEmZARDIhR43Hs9aIK5y8xuKSdQuqJvJ1Ff5sW1-GGwheP4VH6h27A2, CorrelationId:3050da22-232b-4371-92e5-c04ff4faafe5, Elapsed:1164.8579, MemberName:PopulateVirtualEntitiesActualSource, SourceFilePath:C:\__w\1\s\Framework\Adxstudio.Xrm\Caching\VirtualEntitiesCacheHelper.cs, SourceLineNumber:125, Category:Application, Message:The web api getDataSourceId for virtual entity returned empty DataSourceId, ErrorCategory:ApplicationError",80045c3c-0003-f200-b63f-84710c7967bb
2024-01-22T05:03:45,Error,site-85de4385-0987-4ae5-9917-b7715602956d-AUe,05efbb,638414966253451405,0,311064,8794,"RequestData:, RequestPath:/_services/about, RequestExtension:, SessionId:, UserId:mNMBuY7bfQW-zr5jzURjUd5vAeagQWSe5ECHSEn4olgSzVNhCjK-wJQAUhEx-S6Y-90xrJYhGsWQGNnLqH5QIt661p7FFDHGHEmZARDIhR43Hs9aIK5y8xuKSdQuqJvJ1Ff5sW1-GGwheP4VH6h27A2, CorrelationId:3050da22-232b-4371-92e5-c04ff4faafe5, Elapsed:1215.0724, MemberName:PopulateVirtualEntitiesActualSource, SourceFilePath:C:\__w\1\s\Framework\Adxstudio.Xrm\Caching\VirtualEntitiesCacheHelper.cs, SourceLineNumber:125, Category:Application, Message:The web api getDataSourceId for virtual entity returned empty DataSourceId, ErrorCategory:ApplicationError",80045c3c-0003-f200-b63f-84710c7967bb
2024-01-22T05:03:45,Error,site-85de4385-0987-4ae5-9917-b7715602956d-AUe,05efbb,638414966253920245,0,311064,8794,"RequestData:, RequestPath:/_services/about, RequestExtension:, SessionId:, UserId:mNMBuY7bfQW-zr5jzURjUd5vAeagQWSe5ECHSEn4olgSzVNhCjK-wJQAUhEx-S6Y-90xrJYhGsWQGNnLqH5QIt661p7FFDHGHEmZARDIhR43Hs9aIK5y8xuKSdQuqJvJ1Ff5sW1-GGwheP4VH6h27A2, CorrelationId:3050da22-232b-4371-92e5-c04ff4faafe5, Elapsed:1268.7276, MemberName:PopulateVirtualEntitiesActualSource, SourceFilePath:C:\__w\1\s\Framework\Adxstudio.Xrm\Caching\VirtualEntitiesCacheHelper.cs, SourceLineNumber:125, Category:Application, Message:The web api getDataSourceId for virtual entity returned empty DataSourceId, ErrorCategory:ApplicationError",80045c3c-0003-f200-b63f-84710c7967bb
2024-01-22T05:03:45,Error,site-85de4385-0987-4ae5-9917-b7715602956d-AUe,05efbb,638414966254857989,0,311064,8794,"RequestData:, RequestPath:/_services/about, RequestExtension:, SessionId:, UserId:mNMBuY7bfQW-zr5jzURjUd5vAeagQWSe5ECHSEn4olgSzVNhCjK-wJQAUhEx-S6Y-90xrJYhGsWQGNnLqH5QIt661p7FFDHGHEmZARDIhR43Hs9aIK5y8xuKSdQuqJvJ1Ff5sW1-GGwheP4VH6h27A2, CorrelationId:3050da22-232b-4371-92e5-c04ff4faafe5, Elapsed:1363.9068, MemberName:PopulateVirtualEntitiesActualSource, SourceFilePath:C:\__w\1\s\Framework\Adxstudio.Xrm\Caching\VirtualEntitiesCacheHelper.cs, SourceLineNumber:125, Category:Application, Message:The web api getDataSourceId for virtual entity returned empty DataSourceId, ErrorCategory:ApplicationError",80045c3c-0003-f200-b63f-84710c7967bb
2024-01-22T05:03:45,Error,site-85de4385-0987-4ae5-9917-b7715602956d-AUe,05efbb,638414966255483121,0,311064,8794,"RequestData:, RequestPath:/_services/about, RequestExtension:, SessionId:, UserId:mNMBuY7bfQW-zr5jzURjUd5vAeagQWSe5ECHSEn4olgSzVNhCjK-wJQAUhEx-S6Y-90xrJYhGsWQGNnLqH5QIt661p7FFDHGHEmZARDIhR43Hs9aIK5y8xuKSdQuqJvJ1Ff5sW1-GGwheP4VH6h27A2, CorrelationId:3050da22-232b-4371-92e5-c04ff4faafe5, Elapsed:1412.3456, MemberName:PopulateVirtualEntitiesActualSource, SourceFilePath:C:\__w\1\s\Framework\Adxstudio.Xrm\Caching\VirtualEntitiesCacheHelper.cs, SourceLineNumber:125, Category:Application, Message:The web api getDataSourceId for virtual entity returned empty DataSourceId, ErrorCategory:ApplicationError",80045c3c-0003-f200-b63f-84710c7967bb
2024-01-22T05:03:45,Error,site-85de4385-0987-4ae5-9917-b7715602956d-AUe,05efbb,638414966256264526,0,311064,8794,"RequestData:, RequestPath:/_services/about, RequestExtension:, SessionId:, UserId:mNMBuY7bfQW-zr5jzURjUd5vAeagQWSe5ECHSEn4olgSzVNhCjK-wJQAUhEx-S6Y-90xrJYhGsWQGNnLqH5QIt661p7FFDHGHEmZARDIhR43Hs9aIK5y8xuKSdQuqJvJ1Ff5sW1-GGwheP4VH6h27A2, CorrelationId:3050da22-232b-4371-92e5-c04ff4faafe5, Elapsed:1492.7936, MemberName:PopulateVirtualEntitiesActualSource, SourceFilePath:C:\__w\1\s\Framework\Adxstudio.Xrm\Caching\VirtualEntitiesCacheHelper.cs, SourceLineNumber:125, Category:Application, Message:The web api getDataSourceId for virtual entity returned empty DataSourceId, ErrorCategory:ApplicationError",80045c3c-0003-f200-b63f-84710c7967bb
2024-01-22T05:03:45,Error,site-85de4385-0987-4ae5-9917-b7715602956d-AUe,05efbb,638414966257045964,0,311064,8794,"RequestData:, RequestPath:/_services/about, RequestExtension:, SessionId:, UserId:mNMBuY7bfQW-zr5jzURjUd5vAeagQWSe5ECHSEn4olgSzVNhCjK-wJQAUhEx-S6Y-90xrJYhGsWQGNnLqH5QIt661p7FFDHGHEmZARDIhR43Hs9aIK5y8xuKSdQuqJvJ1Ff5sW1-GGwheP4VH6h27A2, CorrelationId:3050da22-232b-4371-92e5-c04ff4faafe5, Elapsed:1578.9025, MemberName:PopulateVirtualEntitiesActualSource, SourceFilePath:C:\__w\1\s\Framework\Adxstudio.Xrm\Caching\VirtualEntitiesCacheHelper.cs, SourceLineNumber:125, Category:Application, Message:The web api getDataSourceId for virtual entity returned empty DataSourceId, ErrorCategory:ApplicationError",80045c3c-0003-f200-b63f-84710c7967bb
2024-01-22T05:03:45,Error,site-85de4385-0987-4ae5-9917-b7715602956d-AUe,05efbb,638414966257514808,0,311064,8794,"RequestData:, RequestPath:/_services/about, RequestExtension:, SessionId:, UserId:mNMBuY7bfQW-zr5jzURjUd5vAeagQWSe5ECHSEn4olgSzVNhCjK-wJQAUhEx-S6Y-90xrJYhGsWQGNnLqH5QIt661p7FFDHGHEmZARDIhR43Hs9aIK5y8xuKSdQuqJvJ1Ff5sW1-GGwheP4VH6h27A2, CorrelationId:3050da22-232b-4371-92e5-c04ff4faafe5, Elapsed:1628.3477, MemberName:PopulateVirtualEntitiesActualSource, SourceFilePath:C:\__w\1\s\Framework\Adxstudio.Xrm\Caching\VirtualEntitiesCacheHelper.cs, SourceLineNumber:125, Category:Application, Message:The web api getDataSourceId for virtual entity returned empty DataSourceId, ErrorCategory:ApplicationError",80045c3c-0003-f200-b63f-84710c7967bb
2024-01-22T05:03:45,Error,site-85de4385-0987-4ae5-9917-b7715602956d-AUe,05efbb,638414966258140108,0,311064,8794,"RequestData:, RequestPath:/_services/about, RequestExtension:, SessionId:, UserId:mNMBuY7bfQW-zr5jzURjUd5vAeagQWSe5ECHSEn4olgSzVNhCjK-wJQAUhEx-S6Y-90xrJYhGsWQGNnLqH5QIt661p7FFDHGHEmZARDIhR43Hs9aIK5y8xuKSdQuqJvJ1Ff5sW1-GGwheP4VH6h27A2, CorrelationId:3050da22-232b-4371-92e5-c04ff4faafe5, Elapsed:1679.4823, MemberName:PopulateVirtualEntitiesActualSource, SourceFilePath:C:\__w\1\s\Framework\Adxstudio.Xrm\Caching\VirtualEntitiesCacheHelper.cs, SourceLineNumber:125, Category:Application, Message:The web api getDataSourceId for virtual entity returned empty DataSourceId, ErrorCategory:ApplicationError",80045c3c-0003-f200-b63f-84710c7967bb
2024-01-22T05:03:46,Error,site-85de4385-0987-4ae5-9917-b7715602956d-AUe,05efbb,638414966260015927,0,311064,8794,"RequestData:, RequestPath:/_services/about, RequestExtension:, SessionId:, UserId:mNMBuY7bfQW-zr5jzURjUd5vAeagQWSe5ECHSEn4olgSzVNhCjK-wJQAUhEx-S6Y-90xrJYhGsWQGNnLqH5QIt661p7FFDHGHEmZARDIhR43Hs9aIK5y8xuKSdQuqJvJ1Ff5sW1-GGwheP4VH6h27A2, CorrelationId:3050da22-232b-4371-92e5-c04ff4faafe5, Elapsed:1866.9025, MemberName:PopulateVirtualEntitiesActualSource, SourceFilePath:C:\__w\1\s\Framework\Adxstudio.Xrm\Caching\VirtualEntitiesCacheHelper.cs, SourceLineNumber:125, Category:Application, Message:The web api getDataSourceId for virtual entity returned empty DataSourceId, ErrorCategory:ApplicationError",80045c3c-0003-f200-b63f-84710c7967bb
2024-01-22T05:03:46,Error,site-85de4385-0987-4ae5-9917-b7715602956d-AUe,05efbb,638414966260484250,0,311064,8794,"RequestData:, RequestPath:/_services/about, RequestExtension:, SessionId:, UserId:mNMBuY7bfQW-zr5jzURjUd5vAeagQWSe5ECHSEn4olgSzVNhCjK-wJQAUhEx-S6Y-90xrJYhGsWQGNnLqH5QIt661p7FFDHGHEmZARDIhR43Hs9aIK5y8xuKSdQuqJvJ1Ff5sW1-GGwheP4VH6h27A2, CorrelationId:3050da22-232b-4371-92e5-c04ff4faafe5, Elapsed:1921.5377, MemberName:PopulateVirtualEntitiesActualSource, SourceFilePath:C:\__w\1\s\Framework\Adxstudio.Xrm\Caching\VirtualEntitiesCacheHelper.cs, SourceLineNumber:125, Category:Application, Message:The web api getDataSourceId for virtual entity returned empty DataSourceId, ErrorCategory:ApplicationError",80045c3c-0003-f200-b63f-84710c7967bb
2024-01-22T05:03:46,Error,site-85de4385-0987-4ae5-9917-b7715602956d-AUe,05efbb,638414966260953065,0,311064,8794,"RequestData:, RequestPath:/_services/about, RequestExtension:, SessionId:, UserId:mNMBuY7bfQW-zr5jzURjUd5vAeagQWSe5ECHSEn4olgSzVNhCjK-wJQAUhEx-S6Y-90xrJYhGsWQGNnLqH5QIt661p7FFDHGHEmZARDIhR43Hs9aIK5y8xuKSdQuqJvJ1Ff5sW1-GGwheP4VH6h27A2, CorrelationId:3050da22-232b-4371-92e5-c04ff4faafe5, Elapsed:1972.8066, MemberName:PopulateVirtualEntitiesActualSource, SourceFilePath:C:\__w\1\s\Framework\Adxstudio.Xrm\Caching\VirtualEntitiesCacheHelper.cs, SourceLineNumber:125, Category:Application, Message:The web api getDataSourceId for virtual entity returned empty DataSourceId, ErrorCategory:ApplicationError",80045c3c-0003-f200-b63f-84710c7967bb
2024-01-22T05:03:46,Error,site-85de4385-0987-4ae5-9917-b7715602956d-AUe,05efbb,638414966261578224,0,311064,8794,"RequestData:, RequestPath:/_services/about, RequestExtension:, SessionId:, UserId:mNMBuY7bfQW-zr5jzURjUd5vAeagQWSe5ECHSEn4olgSzVNhCjK-wJQAUhEx-S6Y-90xrJYhGsWQGNnLqH5QIt661p7FFDHGHEmZARDIhR43Hs9aIK5y8xuKSdQuqJvJ1Ff5sW1-GGwheP4VH6h27A2, CorrelationId:3050da22-232b-4371-92e5-c04ff4faafe5, Elapsed:2026.9913, MemberName:PopulateVirtualEntitiesActualSource, SourceFilePath:C:\__w\1\s\Framework\Adxstudio.Xrm\Caching\VirtualEntitiesCacheHelper.cs, SourceLineNumber:125, Category:Application, Message:The web api getDataSourceId for virtual entity returned empty DataSourceId, ErrorCategory:ApplicationError",80045c3c-0003-f200-b63f-84710c7967bb
2024-01-22T05:03:46,Error,site-85de4385-0987-4ae5-9917-b7715602956d-AUe,05efbb,638414966262047089,0,311064,8794,"RequestData:, RequestPath:/_services/about, RequestExtension:, SessionId:, UserId:mNMBuY7bfQW-zr5jzURjUd5vAeagQWSe5ECHSEn4olgSzVNhCjK-wJQAUhEx-S6Y-90xrJYhGsWQGNnLqH5QIt661p7FFDHGHEmZARDIhR43Hs9aIK5y8xuKSdQuqJvJ1Ff5sW1-GGwheP4VH6h27A2, CorrelationId:3050da22-232b-4371-92e5-c04ff4faafe5, Elapsed:2075.518, MemberName:PopulateVirtualEntitiesActualSource, SourceFilePath:C:\__w\1\s\Framework\Adxstudio.Xrm\Caching\VirtualEntitiesCacheHelper.cs, SourceLineNumber:125, Category:Application, Message:The web api getDataSourceId for virtual entity returned empty DataSourceId, ErrorCategory:ApplicationError",80045c3c-0003-f200-b63f-84710c7967bb
2024-01-22T05:03:46,Error,site-85de4385-0987-4ae5-9917-b7715602956d-AUe,05efbb,638414966262515977,0,311064,8794,"RequestData:, RequestPath:/_services/about, RequestExtension:, SessionId:, UserId:mNMBuY7bfQW-zr5jzURjUd5vAeagQWSe5ECHSEn4olgSzVNhCjK-wJQAUhEx-S6Y-90xrJYhGsWQGNnLqH5QIt661p7FFDHGHEmZARDIhR43Hs9aIK5y8xuKSdQuqJvJ1Ff5sW1-GGwheP4VH6h27A2, CorrelationId:3050da22-232b-4371-92e5-c04ff4faafe5, Elapsed:2125.7421, MemberName:PopulateVirtualEntitiesActualSource, SourceFilePath:C:\__w\1\s\Framework\Adxstudio.Xrm\Caching\VirtualEntitiesCacheHelper.cs, SourceLineNumber:125, Category:Application, Message:The web api getDataSourceId for virtual entity returned empty DataSourceId, ErrorCategory:ApplicationError",80045c3c-0003-f200-b63f-84710c7967bb
2024-01-22T05:03:46,Error,site-85de4385-0987-4ae5-9917-b7715602956d-AUe,05efbb,638414966262984813,0,311064,8794,"RequestData:, RequestPath:/_services/about, RequestExtension:, SessionId:, UserId:mNMBuY7bfQW-zr5jzURjUd5vAeagQWSe5ECHSEn4olgSzVNhCjK-wJQAUhEx-S6Y-90xrJYhGsWQGNnLqH5QIt661p7FFDHGHEmZARDIhR43Hs9aIK5y8xuKSdQuqJvJ1Ff5sW1-GGwheP4VH6h27A2, CorrelationId:3050da22-232b-4371-92e5-c04ff4faafe5, Elapsed:2174.2768, MemberName:PopulateVirtualEntitiesActualSource, SourceFilePath:C:\__w\1\s\Framework\Adxstudio.Xrm\Caching\VirtualEntitiesCacheHelper.cs, SourceLineNumber:125, Category:Application, Message:The web api getDataSourceId for virtual entity returned empty DataSourceId, ErrorCategory:ApplicationError",80045c3c-0003-f200-b63f-84710c7967bb
2024-01-22T05:03:46,Error,site-85de4385-0987-4ae5-9917-b7715602956d-AUe,05efbb,638414966263453648,0,311064,8794,"RequestData:, RequestPath:/_services/about, RequestExtension:, SessionId:, UserId:mNMBuY7bfQW-zr5jzURjUd5vAeagQWSe5ECHSEn4olgSzVNhCjK-wJQAUhEx-S6Y-90xrJYhGsWQGNnLqH5QIt661p7FFDHGHEmZARDIhR43Hs9aIK5y8xuKSdQuqJvJ1Ff5sW1-GGwheP4VH6h27A2, CorrelationId:3050da22-232b-4371-92e5-c04ff4faafe5, Elapsed:2222.6265, MemberName:PopulateVirtualEntitiesActualSource, SourceFilePath:C:\__w\1\s\Framework\Adxstudio.Xrm\Caching\VirtualEntitiesCacheHelper.cs, SourceLineNumber:125, Category:Application, Message:The web api getDataSourceId for virtual entity returned empty DataSourceId, ErrorCategory:ApplicationError",80045c3c-0003-f200-b63f-84710c7967bb
2024-01-22T05:03:46,Error,site-85de4385-0987-4ae5-9917-b7715602956d-AUe,05efbb,638414966264078750,0,311064,8794,"RequestData:, RequestPath:/_services/about, RequestExtension:, SessionId:, UserId:mNMBuY7bfQW-zr5jzURjUd5vAeagQWSe5ECHSEn4olgSzVNhCjK-wJQAUhEx-S6Y-90xrJYhGsWQGNnLqH5QIt661p7FFDHGHEmZARDIhR43Hs9aIK5y8xuKSdQuqJvJ1Ff5sW1-GGwheP4VH6h27A2, CorrelationId:3050da22-232b-4371-92e5-c04ff4faafe5, Elapsed:2271.4568, MemberName:PopulateVirtualEntitiesActualSource, SourceFilePath:C:\__w\1\s\Framework\Adxstudio.Xrm\Caching\VirtualEntitiesCacheHelper.cs, SourceLineNumber:125, Category:Application, Message:The web api getDataSourceId for virtual entity returned empty DataSourceId, ErrorCategory:ApplicationError",80045c3c-0003-f200-b63f-84710c7967bb
2024-01-22T05:03:46,Error,site-85de4385-0987-4ae5-9917-b7715602956d-AUe,05efbb,638414966264548438,0,311064,8794,"RequestData:, RequestPath:/_services/about, RequestExtension:, SessionId:, UserId:mNMBuY7bfQW-zr5jzURjUd5vAeagQWSe5ECHSEn4olgSzVNhCjK-wJQAUhEx-S6Y-90xrJYhGsWQGNnLqH5QIt661p7FFDHGHEmZARDIhR43Hs9aIK5y8xuKSdQuqJvJ1Ff5sW1-GGwheP4VH6h27A2, CorrelationId:3050da22-232b-4371-92e5-c04ff4faafe5, Elapsed:2318.7984, MemberName:PopulateVirtualEntitiesActualSource, SourceFilePath:C:\__w\1\s\Framework\Adxstudio.Xrm\Caching\VirtualEntitiesCacheHelper.cs, SourceLineNumber:125, Category:Application, Message:The web api getDataSourceId for virtual entity returned empty DataSourceId, ErrorCategory:ApplicationError",80045c3c-0003-f200-b63f-84710c7967bb
2024-01-22T05:03:46,Error,site-85de4385-0987-4ae5-9917-b7715602956d-AUe,05efbb,638414966265016471,0,311064,8794,"RequestData:, RequestPath:/_services/about, RequestExtension:, SessionId:, UserId:mNMBuY7bfQW-zr5jzURjUd5vAeagQWSe5ECHSEn4olgSzVNhCjK-wJQAUhEx-S6Y-90xrJYhGsWQGNnLqH5QIt661p7FFDHGHEmZARDIhR43Hs9aIK5y8xuKSdQuqJvJ1Ff5sW1-GGwheP4VH6h27A2, CorrelationId:3050da22-232b-4371-92e5-c04ff4faafe5, Elapsed:2371.0418, MemberName:PopulateVirtualEntitiesActualSource, SourceFilePath:C:\__w\1\s\Framework\Adxstudio.Xrm\Caching\VirtualEntitiesCacheHelper.cs, SourceLineNumber:125, Category:Application, Message:The web api getDataSourceId for virtual entity returned empty DataSourceId, ErrorCategory:ApplicationError",80045c3c-0003-f200-b63f-84710c7967bb
2024-01-22T05:03:46,Error,site-85de4385-0987-4ae5-9917-b7715602956d-AUe,05efbb,638414966265485287,0,311064,8794,"RequestData:, RequestPath:/_services/about, RequestExtension:, SessionId:, UserId:mNMBuY7bfQW-zr5jzURjUd5vAeagQWSe5ECHSEn4olgSzVNhCjK-wJQAUhEx-S6Y-90xrJYhGsWQGNnLqH5QIt661p7FFDHGHEmZARDIhR43Hs9aIK5y8xuKSdQuqJvJ1Ff5sW1-GGwheP4VH6h27A2, CorrelationId:3050da22-232b-4371-92e5-c04ff4faafe5, Elapsed:2421.291, MemberName:PopulateVirtualEntitiesActualSource, SourceFilePath:C:\__w\1\s\Framework\Adxstudio.Xrm\Caching\VirtualEntitiesCacheHelper.cs, SourceLineNumber:125, Category:Application, Message:The web api getDataSourceId for virtual entity returned empty DataSourceId, ErrorCategory:ApplicationError",80045c3c-0003-f200-b63f-84710c7967bb
2024-01-22T05:03:46,Error,site-85de4385-0987-4ae5-9917-b7715602956d-AUe,05efbb,638414966265954234,0,311064,8794,"RequestData:, RequestPath:/_services/about, RequestExtension:, SessionId:, UserId:mNMBuY7bfQW-zr5jzURjUd5vAeagQWSe5ECHSEn4olgSzVNhCjK-wJQAUhEx-S6Y-90xrJYhGsWQGNnLqH5QIt661p7FFDHGHEmZARDIhR43Hs9aIK5y8xuKSdQuqJvJ1Ff5sW1-GGwheP4VH6h27A2, CorrelationId:3050da22-232b-4371-92e5-c04ff4faafe5, Elapsed:2470.0521, MemberName:PopulateVirtualEntitiesActualSource, SourceFilePath:C:\__w\1\s\Framework\Adxstudio.Xrm\Caching\VirtualEntitiesCacheHelper.cs, SourceLineNumber:125, Category:Application, Message:The web api getDataSourceId for virtual entity returned empty DataSourceId, ErrorCategory:ApplicationError",80045c3c-0003-f200-b63f-84710c7967bb
2024-01-22T05:03:46,Error,site-85de4385-0987-4ae5-9917-b7715602956d-AUe,05efbb,638414966266423073,0,311064,8794,"RequestData:, RequestPath:/_services/about, RequestExtension:, SessionId:, UserId:mNMBuY7bfQW-zr5jzURjUd5vAeagQWSe5ECHSEn4olgSzVNhCjK-wJQAUhEx-S6Y-90xrJYhGsWQGNnLqH5QIt661p7FFDHGHEmZARDIhR43Hs9aIK5y8xuKSdQuqJvJ1Ff5sW1-GGwheP4VH6h27A2, CorrelationId:3050da22-232b-4371-92e5-c04ff4faafe5, Elapsed:2518.274, MemberName:PopulateVirtualEntitiesActualSource, SourceFilePath:C:\__w\1\s\Framework\Adxstudio.Xrm\Caching\VirtualEntitiesCacheHelper.cs, SourceLineNumber:125, Category:Application, Message:The web api getDataSourceId for virtual entity returned empty DataSourceId, ErrorCategory:ApplicationError",80045c3c-0003-f200-b63f-84710c7967bb
2024-01-22T05:03:46,Error,site-85de4385-0987-4ae5-9917-b7715602956d-AUe,05efbb,638414966266891896,0,311064,8794,"RequestData:, RequestPath:/_services/about, RequestExtension:, SessionId:, UserId:mNMBuY7bfQW-zr5jzURjUd5vAeagQWSe5ECHSEn4olgSzVNhCjK-wJQAUhEx-S6Y-90xrJYhGsWQGNnLqH5QIt661p7FFDHGHEmZARDIhR43Hs9aIK5y8xuKSdQuqJvJ1Ff5sW1-GGwheP4VH6h27A2, CorrelationId:3050da22-232b-4371-92e5-c04ff4faafe5, Elapsed:2565.7272, MemberName:PopulateVirtualEntitiesActualSource, SourceFilePath:C:\__w\1\s\Framework\Adxstudio.Xrm\Caching\VirtualEntitiesCacheHelper.cs, SourceLineNumber:125, Category:Application, Message:The web api getDataSourceId for virtual entity returned empty DataSourceId, ErrorCategory:ApplicationError",80045c3c-0003-f200-b63f-84710c7967bb
2024-01-22T05:03:46,Error,site-85de4385-0987-4ae5-9917-b7715602956d-AUe,05efbb,638414966267516955,0,311064,8794,"RequestData:, RequestPath:/_services/about, RequestExtension:, SessionId:, UserId:mNMBuY7bfQW-zr5jzURjUd5vAeagQWSe5ECHSEn4olgSzVNhCjK-wJQAUhEx-S6Y-90xrJYhGsWQGNnLqH5QIt661p7FFDHGHEmZARDIhR43Hs9aIK5y8xuKSdQuqJvJ1Ff5sW1-GGwheP4VH6h27A2, CorrelationId:3050da22-232b-4371-92e5-c04ff4faafe5, Elapsed:2629.4072, MemberName:PopulateVirtualEntitiesActualSource, SourceFilePath:C:\__w\1\s\Framework\Adxstudio.Xrm\Caching\VirtualEntitiesCacheHelper.cs, SourceLineNumber:125, Category:Application, Message:The web api getDataSourceId for virtual entity returned empty DataSourceId, ErrorCategory:ApplicationError",80045c3c-0003-f200-b63f-84710c7967bb
2024-01-22T05:03:46,Error,site-85de4385-0987-4ae5-9917-b7715602956d-AUe,05efbb,638414966268298360,0,311064,8794,"RequestData:, RequestPath:/_services/about, RequestExtension:, SessionId:, UserId:mNMBuY7bfQW-zr5jzURjUd5vAeagQWSe5ECHSEn4olgSzVNhCjK-wJQAUhEx-S6Y-90xrJYhGsWQGNnLqH5QIt661p7FFDHGHEmZARDIhR43Hs9aIK5y8xuKSdQuqJvJ1Ff5sW1-GGwheP4VH6h27A2, CorrelationId:3050da22-232b-4371-92e5-c04ff4faafe5, Elapsed:2695.3054, MemberName:PopulateVirtualEntitiesActualSource, SourceFilePath:C:\__w\1\s\Framework\Adxstudio.Xrm\Caching\VirtualEntitiesCacheHelper.cs, SourceLineNumber:125, Category:Application, Message:The web api getDataSourceId for virtual entity returned empty DataSourceId, ErrorCategory:ApplicationError",80045c3c-0003-f200-b63f-84710c7967bb
2024-01-22T05:03:46,Error,site-85de4385-0987-4ae5-9917-b7715602956d-AUe,05efbb,638414966269125385,0,311064,8794,"RequestData:, RequestPath:/_services/about, RequestExtension:, SessionId:, UserId:mNMBuY7bfQW-zr5jzURjUd5vAeagQWSe5ECHSEn4olgSzVNhCjK-wJQAUhEx-S6Y-90xrJYhGsWQGNnLqH5QIt661p7FFDHGHEmZARDIhR43Hs9aIK5y8xuKSdQuqJvJ1Ff5sW1-GGwheP4VH6h27A2, CorrelationId:3050da22-232b-4371-92e5-c04ff4faafe5, Elapsed:2776.903, MemberName:PopulateVirtualEntitiesActualSource, SourceFilePath:C:\__w\1\s\Framework\Adxstudio.Xrm\Caching\VirtualEntitiesCacheHelper.cs, SourceLineNumber:125, Category:Application, Message:The web api getDataSourceId for virtual entity returned empty DataSourceId, ErrorCategory:ApplicationError",80045c3c-0003-f200-b63f-84710c7967bb
2024-01-22T05:03:47,Error,site-85de4385-0987-4ae5-9917-b7715602956d-AUe,05efbb,638414966271111477,0,311064,8794,"RequestData:, RequestPath:/_services/about, RequestExtension:, SessionId:, UserId:mNMBuY7bfQW-zr5jzURjUd5vAeagQWSe5ECHSEn4olgSzVNhCjK-wJQAUhEx-S6Y-90xrJYhGsWQGNnLqH5QIt661p7FFDHGHEmZARDIhR43Hs9aIK5y8xuKSdQuqJvJ1Ff5sW1-GGwheP4VH6h27A2, CorrelationId:3050da22-232b-4371-92e5-c04ff4faafe5, Elapsed:2982.6103, MemberName:PopulateVirtualEntitiesActualSource, SourceFilePath:C:\__w\1\s\Framework\Adxstudio.Xrm\Caching\VirtualEntitiesCacheHelper.cs, SourceLineNumber:125, Category:Application, Message:The web api getDataSourceId for virtual entity returned empty DataSourceId, ErrorCategory:ApplicationError",80045c3c-0003-f200-b63f-84710c7967bb
2024-01-22T05:03:47,Error,site-85de4385-0987-4ae5-9917-b7715602956d-AUe,05efbb,638414966271736617,0,311064,8794,"RequestData:, RequestPath:/_services/about, RequestExtension:, SessionId:, UserId:mNMBuY7bfQW-zr5jzURjUd5vAeagQWSe5ECHSEn4olgSzVNhCjK-wJQAUhEx-S6Y-90xrJYhGsWQGNnLqH5QIt661p7FFDHGHEmZARDIhR43Hs9aIK5y8xuKSdQuqJvJ1Ff5sW1-GGwheP4VH6h27A2, CorrelationId:3050da22-232b-4371-92e5-c04ff4faafe5, Elapsed:3036.1393, MemberName:PopulateVirtualEntitiesActualSource, SourceFilePath:C:\__w\1\s\Framework\Adxstudio.Xrm\Caching\VirtualEntitiesCacheHelper.cs, SourceLineNumber:125, Category:Application, Message:The web api getDataSourceId for virtual entity returned empty DataSourceId, ErrorCategory:ApplicationError",80045c3c-0003-f200-b63f-84710c7967bb
2024-01-22T05:03:47,Error,site-85de4385-0987-4ae5-9917-b7715602956d-AUe,05efbb,638414966272205438,0,311064,8794,"RequestData:, RequestPath:/_services/about, RequestExtension:, SessionId:, UserId:mNMBuY7bfQW-zr5jzURjUd5vAeagQWSe5ECHSEn4olgSzVNhCjK-wJQAUhEx-S6Y-90xrJYhGsWQGNnLqH5QIt661p7FFDHGHEmZARDIhR43Hs9aIK5y8xuKSdQuqJvJ1Ff5sW1-GGwheP4VH6h27A2, CorrelationId:3050da22-232b-4371-92e5-c04ff4faafe5, Elapsed:3086.1695, MemberName:PopulateVirtualEntitiesActualSource, SourceFilePath:C:\__w\1\s\Framework\Adxstudio.Xrm\Caching\VirtualEntitiesCacheHelper.cs, SourceLineNumber:125, Category:Application, Message:The web api getDataSourceId for virtual entity returned empty DataSourceId, ErrorCategory:ApplicationError",80045c3c-0003-f200-b63f-84710c7967bb
2024-01-22T05:03:47,Error,site-85de4385-0987-4ae5-9917-b7715602956d-AUe,05efbb,638414966272674346,0,311064,8794,"RequestData:, RequestPath:/_services/about, RequestExtension:, SessionId:, UserId:mNMBuY7bfQW-zr5jzURjUd5vAeagQWSe5ECHSEn4olgSzVNhCjK-wJQAUhEx-S6Y-90xrJYhGsWQGNnLqH5QIt661p7FFDHGHEmZARDIhR43Hs9aIK5y8xuKSdQuqJvJ1Ff5sW1-GGwheP4VH6h27A2, CorrelationId:3050da22-232b-4371-92e5-c04ff4faafe5, Elapsed:3131.9387, MemberName:PopulateVirtualEntitiesActualSource, SourceFilePath:C:\__w\1\s\Framework\Adxstudio.Xrm\Caching\VirtualEntitiesCacheHelper.cs, SourceLineNumber:125, Category:Application, Message:The web api getDataSourceId for virtual entity returned empty DataSourceId, ErrorCategory:ApplicationError",80045c3c-0003-f200-b63f-84710c7967bb
2024-01-22T05:03:47,Error,site-85de4385-0987-4ae5-9917-b7715602956d-AUe,05efbb,638414966274393407,0,311064,8794,"RequestData:, RequestPath:/_services/about, RequestExtension:, SessionId:, UserId:mNMBuY7bfQW-zr5jzURjUd5vAeagQWSe5ECHSEn4olgSzVNhCjK-wJQAUhEx-S6Y-90xrJYhGsWQGNnLqH5QIt661p7FFDHGHEmZARDIhR43Hs9aIK5y8xuKSdQuqJvJ1Ff5sW1-GGwheP4VH6h27A2, CorrelationId:3050da22-232b-4371-92e5-c04ff4faafe5, Elapsed:3304.2369, MemberName:PopulateVirtualEntitiesActualSource, SourceFilePath:C:\__w\1\s\Framework\Adxstudio.Xrm\Caching\VirtualEntitiesCacheHelper.cs, SourceLineNumber:125, Category:Application, Message:The web api getDataSourceId for virtual entity returned empty DataSourceId, ErrorCategory:ApplicationError",80045c3c-0003-f200-b63f-84710c7967bb
2024-01-22T05:03:47,Error,site-85de4385-0987-4ae5-9917-b7715602956d-AUe,05efbb,638414966275799927,0,311064,8794,"RequestData:, RequestPath:/_services/about, RequestExtension:, SessionId:, UserId:mNMBuY7bfQW-zr5jzURjUd5vAeagQWSe5ECHSEn4olgSzVNhCjK-wJQAUhEx-S6Y-90xrJYhGsWQGNnLqH5QIt661p7FFDHGHEmZARDIhR43Hs9aIK5y8xuKSdQuqJvJ1Ff5sW1-GGwheP4VH6h27A2, CorrelationId:3050da22-232b-4371-92e5-c04ff4faafe5, Elapsed:3452.7572, MemberName:PopulateVirtualEntitiesActualSource, SourceFilePath:C:\__w\1\s\Framework\Adxstudio.Xrm\Caching\VirtualEntitiesCacheHelper.cs, SourceLineNumber:125, Category:Application, Message:The web api getDataSourceId for virtual entity returned empty DataSourceId, ErrorCategory:ApplicationError",80045c3c-0003-f200-b63f-84710c7967bb
2024-01-22T05:03:47,Error,site-85de4385-0987-4ae5-9917-b7715602956d-AUe,05efbb,638414966276425079,0,311064,8794,"RequestData:, RequestPath:/_services/about, RequestExtension:, SessionId:, UserId:mNMBuY7bfQW-zr5jzURjUd5vAeagQWSe5ECHSEn4olgSzVNhCjK-wJQAUhEx-S6Y-90xrJYhGsWQGNnLqH5QIt661p7FFDHGHEmZARDIhR43Hs9aIK5y8xuKSdQuqJvJ1Ff5sW1-GGwheP4VH6h27A2, CorrelationId:3050da22-232b-4371-92e5-c04ff4faafe5, Elapsed:3506.4689, MemberName:PopulateVirtualEntitiesActualSource, SourceFilePath:C:\__w\1\s\Framework\Adxstudio.Xrm\Caching\VirtualEntitiesCacheHelper.cs, SourceLineNumber:125, Category:Application, Message:The web api getDataSourceId for virtual entity returned empty DataSourceId, ErrorCategory:ApplicationError",80045c3c-0003-f200-b63f-84710c7967bb
2024-01-22T05:03:47,Error,site-85de4385-0987-4ae5-9917-b7715602956d-AUe,05efbb,638414966276893909,0,311064,8794,"RequestData:, RequestPath:/_services/about, RequestExtension:, SessionId:, UserId:mNMBuY7bfQW-zr5jzURjUd5vAeagQWSe5ECHSEn4olgSzVNhCjK-wJQAUhEx-S6Y-90xrJYhGsWQGNnLqH5QIt661p7FFDHGHEmZARDIhR43Hs9aIK5y8xuKSdQuqJvJ1Ff5sW1-GGwheP4VH6h27A2, CorrelationId:3050da22-232b-4371-92e5-c04ff4faafe5, Elapsed:3565.0437, MemberName:PopulateVirtualEntitiesActualSource, SourceFilePath:C:\__w\1\s\Framework\Adxstudio.Xrm\Caching\VirtualEntitiesCacheHelper.cs, SourceLineNumber:125, Category:Application, Message:The web api getDataSourceId for virtual entity returned empty DataSourceId, ErrorCategory:ApplicationError",80045c3c-0003-f200-b63f-84710c7967bb
2024-01-22T05:03:47,Error,site-85de4385-0987-4ae5-9917-b7715602956d-AUe,05efbb,638414966277675315,0,311064,8794,"RequestData:, RequestPath:/_services/about, RequestExtension:, SessionId:, UserId:mNMBuY7bfQW-zr5jzURjUd5vAeagQWSe5ECHSEn4olgSzVNhCjK-wJQAUhEx-S6Y-90xrJYhGsWQGNnLqH5QIt661p7FFDHGHEmZARDIhR43Hs9aIK5y8xuKSdQuqJvJ1Ff5sW1-GGwheP4VH6h27A2, CorrelationId:3050da22-232b-4371-92e5-c04ff4faafe5, Elapsed:3636.7034, MemberName:PopulateVirtualEntitiesActualSource, SourceFilePath:C:\__w\1\s\Framework\Adxstudio.Xrm\Caching\VirtualEntitiesCacheHelper.cs, SourceLineNumber:125, Category:Application, Message:The web api getDataSourceId for virtual entity returned empty DataSourceId, ErrorCategory:ApplicationError",80045c3c-0003-f200-b63f-84710c7967bb
2024-01-22T05:03:47,Error,site-85de4385-0987-4ae5-9917-b7715602956d-AUe,05efbb,638414966278144169,0,311064,8794,"RequestData:, RequestPath:/_services/about, RequestExtension:, SessionId:, UserId:mNMBuY7bfQW-zr5jzURjUd5vAeagQWSe5ECHSEn4olgSzVNhCjK-wJQAUhEx-S6Y-90xrJYhGsWQGNnLqH5QIt661p7FFDHGHEmZARDIhR43Hs9aIK5y8xuKSdQuqJvJ1Ff5sW1-GGwheP4VH6h27A2, CorrelationId:3050da22-232b-4371-92e5-c04ff4faafe5, Elapsed:3686.4746, MemberName:PopulateVirtualEntitiesActualSource, SourceFilePath:C:\__w\1\s\Framework\Adxstudio.Xrm\Caching\VirtualEntitiesCacheHelper.cs, SourceLineNumber:125, Category:Application, Message:The web api getDataSourceId for virtual entity returned empty DataSourceId, ErrorCategory:ApplicationError",80045c3c-0003-f200-b63f-84710c7967bb
2024-01-22T05:29:19,Error,site-85de4385-0987-4ae5-9917-b7715602956d-AUe,05efbb,638414981591570767,0,311064,9259,"RequestData:, RequestPath:/Registration/, RequestExtension:, SessionId:axku1fqp3m2rwuhnv31mznch, UserId:j2MoGsosM5Vf6QDDaCiM2Ct6zTm6pqTU_zKoIMtXRWP0UObMIX0WNv_KHn2M9OP7PvzkBnT8JUZDAOHtQ_nY9yte3sLodFX8VHDqbviPinb8NuNq5zGB1GmSpPxhCoBvWmAGJLkZSuxqDDUlVLAiDg2, CorrelationId:c8c04c38-d17b-46e5-8a17-1f671d575a46, Elapsed:1261.2841, RequestMethod:GET, RequestContentType:, RequestAccept:text/html,application/xhtml+xml,application/xml;q=0.9,image/webp,image/apng,*/*;q=0.8,application/signed-exchange;v=b3;q=0.7, RequestCacheControl:, UserAgent:Mozilla/5.0 (Windows NT 10.0; Win64; x64) AppleWebKit/537.36 (KHTML, like Gecko) Chrome/120.0.0.0 Safari/537.36 Edg/120.0.0.0, HandlerName:ASP.pages_webtemplate_aspx, HandlerExecuted:False, VaryByCustom:user;website;language, MemberName:OnLoad, SourceFilePath:C:\__w\1\s\Framework\Adxstudio.Xrm\Web\UI\WebControls\LiquidServerControl.cs, SourceLineNumber:367, ExceptionMessage:Couldn't load user record. Portal context User is null.
System.ApplicationException
   at Adxstudio.Xrm.Web.UI.WebControls.WebForm.TryGetPrimaryEntitySourceDefinition(OrganizationServiceContext context, Entity step, WebFormEntitySourceDefinition& definition, Entity& record) in C:\__w\1\s\Framework\Adxstudio.Xrm\Web\UI\WebControls\WebForm.cs:line 2453
   at Adxstudio.Xrm.Web.UI.WebControls.WebForm.TryGetSessionHistory(OrganizationServiceContext context, Entity webform, Entity startStep, WebFormEntitySourceDefinition& entitySourceDefinition, Entity& record, SessionHistory& sessionHistory) in C:\__w\1\s\Framework\Adxstudio.Xrm\Web\UI\WebControls\WebForm.cs:line 2292
   at Adxstudio.Xrm.Web.UI.WebControls.WebForm.CreateChildControls() in C:\__w\1\s\Framework\Adxstudio.Xrm\Web\UI\WebControls\WebForm.cs:line 875
   at System.Web.UI.Control.EnsureChildControls()
   at System.Web.UI.WebControls.CompositeControl.DataBind()
   at System.Web.UI.Control.DataBindChildren()
   at System.Web.UI.Control.DataBind(Boolean raiseOnDataBinding)
   at System.Web.UI.Control.DataBindChildren()
   at System.Web.UI.Control.DataBind(Boolean raiseOnDataBinding)
   at System.Web.UI.Control.DataBindChildren()
   at System.Web.UI.Control.DataBind(Boolean raiseOnDataBinding)
   at Adxstudio.Xrm.Web.UI.WebControls.LiquidServerControl.OnLoad(EventArgs args) in C:\__w\1\s\Framework\Adxstudio.Xrm\Web\UI\WebControls\LiquidServerControl.cs:line 361

Adxstudio.Xrm

, EventData:, Category:Application, ErrorCategory:ApplicationError",80000690-0000-c400-b63f-84710c7967bb
2024-01-22T05:29:19,Error,site-85de4385-0987-4ae5-9917-b7715602956d-AUe,05efbb,638414981591570767,0,311064,9259,"RequestData:{""IsAuthenticated"":false,""Tags"":[]}, RequestPath:/Registration/, RequestExtension:, SessionId:axku1fqp3m2rwuhnv31mznch, UserId:j2MoGsosM5Vf6QDDaCiM2Ct6zTm6pqTU_zKoIMtXRWP0UObMIX0WNv_KHn2M9OP7PvzkBnT8JUZDAOHtQ_nY9yte3sLodFX8VHDqbviPinb8NuNq5zGB1GmSpPxhCoBvWmAGJLkZSuxqDDUlVLAiDg2, CorrelationId:c8c04c38-d17b-46e5-8a17-1f671d575a46, Elapsed:1268.3238, RequestMethod:GET, RequestContentType:, RequestAccept:text/html,application/xhtml+xml,application/xml;q=0.9,image/webp,image/apng,*/*;q=0.8,application/signed-exchange;v=b3;q=0.7, RequestCacheControl:, UserAgent:Mozilla/5.0 (Windows NT 10.0; Win64; x64) AppleWebKit/537.36 (KHTML, like Gecko) Chrome/120.0.0.0 Safari/537.36 Edg/120.0.0.0, HandlerName:ASP.pages_webtemplate_aspx, HandlerExecuted:False, VaryByCustom:user;website;language, ExceptionMessage:Exception of type 'System.Web.HttpUnhandledException' was thrown.
System.Web.HttpUnhandledException
   at System.Web.UI.Page.HandleError(Exception e)
   at System.Web.UI.Page.ProcessRequestMain(Boolean includeStagesBeforeAsyncPoint, Boolean includeStagesAfterAsyncPoint)
   at System.Web.UI.Page.ProcessRequest(Boolean includeStagesBeforeAsyncPoint, Boolean includeStagesAfterAsyncPoint)
   at System.Web.UI.Page.ProcessRequest()
   at System.Web.UI.Page.ProcessRequest(HttpContext context)
   at ASP.pages_webtemplate_aspx.ProcessRequest(HttpContext context)
   at System.Web.HttpApplication.CallHandlerExecutionStep.System.Web.HttpApplication.IExecutionStep.Execute()
   at System.Web.HttpApplication.ExecuteStepImpl(IExecutionStep step)
   at System.Web.HttpApplication.ExecuteStep(IExecutionStep step, Boolean& completedSynchronously)

System.Web

Couldn't load user record. Portal context User is null.
System.ApplicationException
   at Adxstudio.Xrm.Web.UI.WebControls.WebForm.TryGetPrimaryEntitySourceDefinition(OrganizationServiceContext context, Entity step, WebFormEntitySourceDefinition& definition, Entity& record) in C:\__w\1\s\Framework\Adxstudio.Xrm\Web\UI\WebControls\WebForm.cs:line 2453
   at Adxstudio.Xrm.Web.UI.WebControls.WebForm.TryGetSessionHistory(OrganizationServiceContext context, Entity webform, Entity startStep, WebFormEntitySourceDefinition& entitySourceDefinition, Entity& record, SessionHistory& sessionHistory) in C:\__w\1\s\Framework\Adxstudio.Xrm\Web\UI\WebControls\WebForm.cs:line 2292
   at Adxstudio.Xrm.Web.UI.WebControls.WebForm.CreateChildControls() in C:\__w\1\s\Framework\Adxstudio.Xrm\Web\UI\WebControls\WebForm.cs:line 875
   at System.Web.UI.Control.EnsureChildControls()
   at System.Web.UI.Control.PreRenderRecursiveInternal()
   at System.Web.UI.Control.PreRenderRecursiveInternal()
   at System.Web.UI.Control.PreRenderRecursiveInternal()
   at System.Web.UI.Control.PreRenderRecursiveInternal()
   at System.Web.UI.Control.PreRenderRecursiveInternal()
   at System.Web.UI.Control.PreRenderRecursiveInternal()
   at System.Web.UI.Control.PreRenderRecursiveInternal()
   at System.Web.UI.Page.ProcessRequestMain(Boolean includeStagesBeforeAsyncPoint, Boolean includeStagesAfterAsyncPoint)

Adxstudio.Xrm

, EventData:ASP.global_asax, originalResponseStatus: 500, Category:Application, ErrorCategory:ApplicationError",80000690-0000-c400-b63f-84710c7967bb
2024-01-22T05:35:24,Error,site-85de4385-0987-4ae5-9917-b7715602956d-AUe,05efbb,638414985248727102,0,311064,8757,"RequestData:, RequestPath:/_services/entity-grid-data.json/40096e18-22f9-ed11-8f6e-00224893bfba, RequestExtension:, SessionId:, UserId:U7qtlEBg5vyKVSRFcg6WIp3gqtsyYKjBDmejL0U8EjImAlY08tTsRpbHtTrdx6BGd7drJi0fINZyrYliuI7OY2TPls5CX_77fMbvL0TwABPCApgGPhvOcBdG3xVkS1X4gnS-UhJzCgox07L3E1dGxg2, CorrelationId:eb76937b-3e07-4bcb-91ad-4150b7429207, Elapsed:570.7628, RequestMethod:POST, RequestContentType:application/json; charset=UTF-8, RequestAccept:application/json, text/javascript, */*; q=0.01, RequestCacheControl:, UserAgent:Mozilla/5.0 (Windows NT 10.0; Win64; x64) AppleWebKit/537.36 (KHTML, like Gecko) Chrome/120.0.0.0 Safari/537.36, HandlerName:System.Web.Mvc.MvcHandler, HandlerExecuted:False, VaryByCustom:, MemberName:AddActionLinkToDisabledActionLinksList, SourceFilePath:C:\__w\1\s\Samples\MasterPortal\Areas\Portal\Controllers\EntityGridController.cs, SourceLineNumber:1663, ExceptionMessage:Data at the root level is invalid. Line 1, position 1.
System.Xml.XmlException
   at System.Xml.XmlTextReaderImpl.Throw(Exception e)
   at System.Xml.XmlTextReaderImpl.ParseRootLevelWhitespace()
   at System.Xml.XmlTextReaderImpl.ParseDocumentContent()
   at System.Xml.XmlReader.MoveToContent()
   at System.Xml.Linq.XElement.Load(XmlReader reader, LoadOptions options)
   at System.Xml.Linq.XElement.Parse(String text, LoadOptions options)
   at Site.Areas.Portal.Controllers.EntityGridController.AddActionLinkToDisabledActionLinksList(OrganizationServiceContext context, EntityMetadata entityMetadata, ViewActionLink link, EntityRecord[] records) in C:\__w\1\s\Samples\MasterPortal\Areas\Portal\Controllers\EntityGridController.cs:line 0

System.Xml

, EventData:, Category:File, ErrorCategory:UserError",80045ddc-0003-f200-b63f-84710c7967bb
2024-01-22T05:36:06,Error,site-85de4385-0987-4ae5-9917-b7715602956d-AUe,05efbb,638414985667661398,0,311064,9261,"RequestData:, RequestPath:/_services/entity-grid-data.json/40096e18-22f9-ed11-8f6e-00224893bfba, RequestExtension:, SessionId:, UserId:U7qtlEBg5vyKVSRFcg6WIp3gqtsyYKjBDmejL0U8EjImAlY08tTsRpbHtTrdx6BGd7drJi0fINZyrYliuI7OY2TPls5CX_77fMbvL0TwABPCApgGPhvOcBdG3xVkS1X4gnS-UhJzCgox07L3E1dGxg2, CorrelationId:e32cd974-a79f-4a5c-94e0-cfd3e6f04519, Elapsed:486.7068, RequestMethod:POST, RequestContentType:application/json; charset=UTF-8, RequestAccept:application/json, text/javascript, */*; q=0.01, RequestCacheControl:, UserAgent:Mozilla/5.0 (Windows NT 10.0; Win64; x64) AppleWebKit/537.36 (KHTML, like Gecko) Chrome/120.0.0.0 Safari/537.36, HandlerName:System.Web.Mvc.MvcHandler, HandlerExecuted:False, VaryByCustom:, MemberName:AddActionLinkToDisabledActionLinksList, SourceFilePath:C:\__w\1\s\Samples\MasterPortal\Areas\Portal\Controllers\EntityGridController.cs, SourceLineNumber:1663, ExceptionMessage:Data at the root level is invalid. Line 1, position 1.
System.Xml.XmlException
   at System.Xml.XmlTextReaderImpl.Throw(Exception e)
   at System.Xml.XmlTextReaderImpl.ParseRootLevelWhitespace()
   at System.Xml.XmlTextReaderImpl.ParseDocumentContent()
   at System.Xml.XmlReader.MoveToContent()
   at System.Xml.Linq.XElement.Load(XmlReader reader, LoadOptions options)
   at System.Xml.Linq.XElement.Parse(String text, LoadOptions options)
   at Site.Areas.Portal.Controllers.EntityGridController.AddActionLinkToDisabledActionLinksList(OrganizationServiceContext context, EntityMetadata entityMetadata, ViewActionLink link, EntityRecord[] records) in C:\__w\1\s\Samples\MasterPortal\Areas\Portal\Controllers\EntityGridController.cs:line 0

System.Xml

, EventData:, Category:File, ErrorCategory:UserError",8000ca2c-0003-bd00-b63f-84710c7967bb
2024-01-22T05:38:03,Error,site-85de4385-0987-4ae5-9917-b7715602956d-AUe,05efbb,638414986830198698,0,311064,9020,"RequestData:, RequestPath:/_services/entity-grid-data.json/40096e18-22f9-ed11-8f6e-00224893bfba, RequestExtension:, SessionId:, UserId:U7qtlEBg5vyKVSRFcg6WIp3gqtsyYKjBDmejL0U8EjImAlY08tTsRpbHtTrdx6BGd7drJi0fINZyrYliuI7OY2TPls5CX_77fMbvL0TwABPCApgGPhvOcBdG3xVkS1X4gnS-UhJzCgox07L3E1dGxg2, CorrelationId:4cfcd440-2161-40d2-af18-99f3d5f715d7, Elapsed:114.223, RequestMethod:POST, RequestContentType:application/json; charset=UTF-8, RequestAccept:application/json, text/javascript, */*; q=0.01, RequestCacheControl:, UserAgent:Mozilla/5.0 (Windows NT 10.0; Win64; x64) AppleWebKit/537.36 (KHTML, like Gecko) Chrome/120.0.0.0 Safari/537.36, HandlerName:System.Web.Mvc.MvcHandler, HandlerExecuted:False, VaryByCustom:, MemberName:AddActionLinkToDisabledActionLinksList, SourceFilePath:C:\__w\1\s\Samples\MasterPortal\Areas\Portal\Controllers\EntityGridController.cs, SourceLineNumber:1663, ExceptionMessage:Data at the root level is invalid. Line 1, position 1.
System.Xml.XmlException
   at System.Xml.XmlTextReaderImpl.Throw(Exception e)
   at System.Xml.XmlTextReaderImpl.ParseRootLevelWhitespace()
   at System.Xml.XmlTextReaderImpl.ParseDocumentContent()
   at System.Xml.XmlReader.MoveToContent()
   at System.Xml.Linq.XElement.Load(XmlReader reader, LoadOptions options)
   at System.Xml.Linq.XElement.Parse(String text, LoadOptions options)
   at Site.Areas.Portal.Controllers.EntityGridController.AddActionLinkToDisabledActionLinksList(OrganizationServiceContext context, EntityMetadata entityMetadata, ViewActionLink link, EntityRecord[] records) in C:\__w\1\s\Samples\MasterPortal\Areas\Portal\Controllers\EntityGridController.cs:line 0

System.Xml

, EventData:, Category:File, ErrorCategory:UserError",8000663b-0002-bf00-b63f-84710c7967bb
2024-01-22T05:39:42,Error,site-85de4385-0987-4ae5-9917-b7715602956d-AUe,05efbb,638414987825546554,0,311064,9346,"RequestData:, RequestPath:/_services/entity-grid-data.json/40096e18-22f9-ed11-8f6e-00224893bfba, RequestExtension:, SessionId:, UserId:U7qtlEBg5vyKVSRFcg6WIp3gqtsyYKjBDmejL0U8EjImAlY08tTsRpbHtTrdx6BGd7drJi0fINZyrYliuI7OY2TPls5CX_77fMbvL0TwABPCApgGPhvOcBdG3xVkS1X4gnS-UhJzCgox07L3E1dGxg2, CorrelationId:1291cac4-51cf-43a3-8eb1-9da21fe282f2, Elapsed:534.8852, RequestMethod:POST, RequestContentType:application/json; charset=UTF-8, RequestAccept:application/json, text/javascript, */*; q=0.01, RequestCacheControl:, UserAgent:Mozilla/5.0 (Windows NT 10.0; Win64; x64) AppleWebKit/537.36 (KHTML, like Gecko) Chrome/120.0.0.0 Safari/537.36, HandlerName:System.Web.Mvc.MvcHandler, HandlerExecuted:False, VaryByCustom:, MemberName:AddActionLinkToDisabledActionLinksList, SourceFilePath:C:\__w\1\s\Samples\MasterPortal\Areas\Portal\Controllers\EntityGridController.cs, SourceLineNumber:1663, ExceptionMessage:Data at the root level is invalid. Line 1, position 1.
System.Xml.XmlException
   at System.Xml.XmlTextReaderImpl.Throw(Exception e)
   at System.Xml.XmlTextReaderImpl.ParseRootLevelWhitespace()
   at System.Xml.XmlTextReaderImpl.ParseDocumentContent()
   at System.Xml.XmlReader.MoveToContent()
   at System.Xml.Linq.XElement.Load(XmlReader reader, LoadOptions options)
   at System.Xml.Linq.XElement.Parse(String text, LoadOptions options)
   at Site.Areas.Portal.Controllers.EntityGridController.AddActionLinkToDisabledActionLinksList(OrganizationServiceContext context, EntityMetadata entityMetadata, ViewActionLink link, EntityRecord[] records) in C:\__w\1\s\Samples\MasterPortal\Areas\Portal\Controllers\EntityGridController.cs:line 0

System.Xml

, EventData:, Category:File, ErrorCategory:UserError",8000922b-0001-ca00-b63f-84710c7967bb
2024-01-22T05:40:18,Error,site-85de4385-0987-4ae5-9917-b7715602956d-AUe,05efbb,638414988180922935,0,311064,9261,"RequestData:, RequestPath:/_services/entity-grid-data.json/40096e18-22f9-ed11-8f6e-00224893bfba, RequestExtension:, SessionId:, UserId:U7qtlEBg5vyKVSRFcg6WIp3gqtsyYKjBDmejL0U8EjImAlY08tTsRpbHtTrdx6BGd7drJi0fINZyrYliuI7OY2TPls5CX_77fMbvL0TwABPCApgGPhvOcBdG3xVkS1X4gnS-UhJzCgox07L3E1dGxg2, CorrelationId:cf3d99b5-85b5-4cd0-9861-80e30ed96540, Elapsed:23.1967, RequestMethod:POST, RequestContentType:application/json; charset=UTF-8, RequestAccept:application/json, text/javascript, */*; q=0.01, RequestCacheControl:, UserAgent:Mozilla/5.0 (Windows NT 10.0; Win64; x64) AppleWebKit/537.36 (KHTML, like Gecko) Chrome/120.0.0.0 Safari/537.36, HandlerName:System.Web.Mvc.MvcHandler, HandlerExecuted:False, VaryByCustom:, MemberName:AddActionLinkToDisabledActionLinksList, SourceFilePath:C:\__w\1\s\Samples\MasterPortal\Areas\Portal\Controllers\EntityGridController.cs, SourceLineNumber:1663, ExceptionMessage:Data at the root level is invalid. Line 1, position 1.
System.Xml.XmlException
   at System.Xml.XmlTextReaderImpl.Throw(Exception e)
   at System.Xml.XmlTextReaderImpl.ParseRootLevelWhitespace()
   at System.Xml.XmlTextReaderImpl.ParseDocumentContent()
   at System.Xml.XmlReader.MoveToContent()
   at System.Xml.Linq.XElement.Load(XmlReader reader, LoadOptions options)
   at System.Xml.Linq.XElement.Parse(String text, LoadOptions options)
   at Site.Areas.Portal.Controllers.EntityGridController.AddActionLinkToDisabledActionLinksList(OrganizationServiceContext context, EntityMetadata entityMetadata, ViewActionLink link, EntityRecord[] records) in C:\__w\1\s\Samples\MasterPortal\Areas\Portal\Controllers\EntityGridController.cs:line 0

System.Xml

, EventData:, Category:File, ErrorCategory:UserError",80047dfb-0002-ce00-b63f-84710c7967bb
2024-01-22T05:42:18,Error,site-85de4385-0987-4ae5-9917-b7715602956d-AUe,05efbb,638414989389732097,0,311064,9358,"RequestData:, RequestPath:, RequestExtension:, SessionId:, UserId:, CorrelationId:00000000-0000-0000-0000-000000000000, Elapsed:0, RequestMethod:, RequestContentType:, RequestAccept:, RequestCacheControl:, UserAgent:, HandlerName:, HandlerExecuted:False, VaryByCustom:, MemberName:HandleExceptionAsync, SourceFilePath:C:\__w\1\s\Framework\Adxstudio.Xrm\Identity\MSAL\MsalTokenManager.cs, SourceLineNumber:211, ExceptionMessage:AADSTS9002313: Invalid request. Request is malformed or invalid. Trace ID: 835b2e09-7372-4706-81c2-feca9c824700 Correlation ID: b0e02525-a8b7-496f-8c64-438ba8031fa1 Timestamp: 2024-01-22 05:42:18Z
Microsoft.Identity.Client.MsalUiRequiredException
   at Microsoft.Identity.Client.OAuth2.OAuth2Client.ThrowServerException(HttpResponse response, RequestContext requestContext)
   at Microsoft.Identity.Client.OAuth2.OAuth2Client.CreateResponse[T](HttpResponse response, RequestContext requestContext)
   at Microsoft.Identity.Client.OAuth2.OAuth2Client.<ExecuteRequestAsync>d__12`1.MoveNext()
--- End of stack trace from previous location where exception was thrown ---
   at System.Runtime.ExceptionServices.ExceptionDispatchInfo.Throw()
   at System.Runtime.CompilerServices.TaskAwaiter.HandleNonSuccessAndDebuggerNotification(Task task)
   at Microsoft.Identity.Client.OAuth2.OAuth2Client.<GetTokenAsync>d__11.MoveNext()
--- End of stack trace from previous location where exception was thrown ---
   at System.Runtime.ExceptionServices.ExceptionDispatchInfo.Throw()
   at System.Runtime.CompilerServices.TaskAwaiter.HandleNonSuccessAndDebuggerNotification(Task task)
   at Microsoft.Identity.Client.OAuth2.TokenClient.<SendHttpAndClearTelemetryAsync>d__11.MoveNext()
--- End of stack trace from previous location where exception was thrown ---
   at System.Runtime.ExceptionServices.ExceptionDispatchInfo.Throw()
   at Microsoft.Identity.Client.OAuth2.TokenClient.<SendHttpAndClearTelemetryAsync>d__11.MoveNext()
--- End of stack trace from previous location where exception was thrown ---
   at System.Runtime.ExceptionServices.ExceptionDispatchInfo.Throw()
   at System.Runtime.CompilerServices.TaskAwaiter.HandleNonSuccessAndDebuggerNotification(Task task)
   at Microsoft.Identity.Client.OAuth2.TokenClient.<SendTokenRequestAsync>d__5.MoveNext()
--- End of stack trace from previous location where exception was thrown ---
   at System.Runtime.ExceptionServices.ExceptionDispatchInfo.Throw()
   at System.Runtime.CompilerServices.TaskAwaiter.HandleNonSuccessAndDebuggerNotification(Task task)
   at Microsoft.Identity.Client.Internal.Requests.RequestBase.<SendTokenRequestAsync>d__25.MoveNext()
--- End of stack trace from previous location where exception was thrown ---
   at System.Runtime.ExceptionServices.ExceptionDispatchInfo.Throw()
   at System.Runtime.CompilerServices.TaskAwaiter.HandleNonSuccessAndDebuggerNotification(Task task)
   at Microsoft.Identity.Client.Internal.Requests.ConfidentialAuthCodeRequest.<ExecuteAsync>d__2.MoveNext()
--- End of stack trace from previous location where exception was thrown ---
   at System.Runtime.ExceptionServices.ExceptionDispatchInfo.Throw()
   at System.Runtime.CompilerServices.TaskAwaiter.HandleNonSuccessAndDebuggerNotification(Task task)
   at Microsoft.Identity.Client.Internal.Requests.RequestBase.<RunAsync>d__12.MoveNext()
--- End of stack trace from previous location where exception was thrown ---
   at System.Runtime.ExceptionServices.ExceptionDispatchInfo.Throw()
   at System.Runtime.CompilerServices.TaskAwaiter.HandleNonSuccessAndDebuggerNotification(Task task)
   at Microsoft.Identity.Client.ApiConfig.Executors.ConfidentialClientExecutor.<ExecuteAsync>d__2.MoveNext()
--- End of stack trace from previous location where exception was thrown ---
   at System.Runtime.ExceptionServices.ExceptionDispatchInfo.Throw()
   at System.Runtime.CompilerServices.TaskAwaiter.HandleNonSuccessAndDebuggerNotification(Task task)
   at Adxstudio.Xrm.Identity.MSAL.MsalTokenProvider.<GetTokenByAuthorizationCodeAsync>d__6.MoveNext() in C:\__w\1\s\Framework\Adxstudio.Xrm\Identity\MSAL\MsalTokenProvider.cs:line 136
--- End of stack trace from previous location where exception was thrown ---
   at System.Runtime.ExceptionServices.ExceptionDispatchInfo.Throw()
   at System.Runtime.CompilerServices.TaskAwaiter.HandleNonSuccessAndDebuggerNotification(Task task)
   at Adxstudio.Xrm.Identity.MSAL.MsalTokenManager.<>c__DisplayClass9_0.<<GetTokenByAuthorizationCodeAsync>b__0>d.MoveNext() in C:\__w\1\s\Framework\Adxstudio.Xrm\Identity\MSAL\MsalTokenManager.cs:line 137
--- End of stack trace from previous location where exception was thrown ---
   at System.Runtime.ExceptionServices.ExceptionDispatchInfo.Throw()
   at System.Runtime.CompilerServices.TaskAwaiter.HandleNonSuccessAndDebuggerNotification(Task task)
   at Adxstudio.Xrm.Identity.MSAL.MsalTokenManager.<HandleExceptionAsync>d__12`1.MoveNext() in C:\__w\1\s\Framework\Adxstudio.Xrm\Identity\MSAL\MsalTokenManager.cs:line 0

Microsoft.Identity.Client

, EventData:GetTokenByAuthorizationCodeAsync failed, ErrorCode: invalid_grant, statusCode: 400, correlationId: b0e02525-a8b7-496f-8c64-438ba8031fa1, Category:Application, ErrorCategory:ApplicationError",8005dfc0-0002-f100-b63f-84710c7967bb
2024-01-22T05:42:19,Error,site-85de4385-0987-4ae5-9917-b7715602956d-AUe,05efbb,638414989390513440,0,311064,9344,"RequestData:, RequestPath:, RequestExtension:, SessionId:, UserId:, CorrelationId:00000000-0000-0000-0000-000000000000, Elapsed:0, RequestMethod:, RequestContentType:, RequestAccept:, RequestCacheControl:, UserAgent:, HandlerName:, HandlerExecuted:False, VaryByCustom:, MemberName:HandleExceptionAsync, SourceFilePath:C:\__w\1\s\Framework\Adxstudio.Xrm\Identity\MSAL\MsalTokenManager.cs, SourceLineNumber:211, ExceptionMessage:AADSTS9002313: Invalid request. Request is malformed or invalid. Trace ID: 9363cd0e-9c11-4c99-876b-f97df3943300 Correlation ID: 1b0e1ddd-c48e-422d-88ae-e11d4b23d9a0 Timestamp: 2024-01-22 05:42:19Z
Microsoft.Identity.Client.MsalUiRequiredException
   at Microsoft.Identity.Client.OAuth2.OAuth2Client.ThrowServerException(HttpResponse response, RequestContext requestContext)
   at Microsoft.Identity.Client.OAuth2.OAuth2Client.CreateResponse[T](HttpResponse response, RequestContext requestContext)
   at Microsoft.Identity.Client.OAuth2.OAuth2Client.<ExecuteRequestAsync>d__12`1.MoveNext()
--- End of stack trace from previous location where exception was thrown ---
   at System.Runtime.ExceptionServices.ExceptionDispatchInfo.Throw()
   at System.Runtime.CompilerServices.TaskAwaiter.HandleNonSuccessAndDebuggerNotification(Task task)
   at Microsoft.Identity.Client.OAuth2.OAuth2Client.<GetTokenAsync>d__11.MoveNext()
--- End of stack trace from previous location where exception was thrown ---
   at System.Runtime.ExceptionServices.ExceptionDispatchInfo.Throw()
   at System.Runtime.CompilerServices.TaskAwaiter.HandleNonSuccessAndDebuggerNotification(Task task)
   at Microsoft.Identity.Client.OAuth2.TokenClient.<SendHttpAndClearTelemetryAsync>d__11.MoveNext()
--- End of stack trace from previous location where exception was thrown ---
   at System.Runtime.ExceptionServices.ExceptionDispatchInfo.Throw()
   at Microsoft.Identity.Client.OAuth2.TokenClient.<SendHttpAndClearTelemetryAsync>d__11.MoveNext()
--- End of stack trace from previous location where exception was thrown ---
   at System.Runtime.ExceptionServices.ExceptionDispatchInfo.Throw()
   at System.Runtime.CompilerServices.TaskAwaiter.HandleNonSuccessAndDebuggerNotification(Task task)
   at Microsoft.Identity.Client.OAuth2.TokenClient.<SendTokenRequestAsync>d__5.MoveNext()
--- End of stack trace from previous location where exception was thrown ---
   at System.Runtime.ExceptionServices.ExceptionDispatchInfo.Throw()
   at System.Runtime.CompilerServices.TaskAwaiter.HandleNonSuccessAndDebuggerNotification(Task task)
   at Microsoft.Identity.Client.Internal.Requests.RequestBase.<SendTokenRequestAsync>d__25.MoveNext()
--- End of stack trace from previous location where exception was thrown ---
   at System.Runtime.ExceptionServices.ExceptionDispatchInfo.Throw()
   at System.Runtime.CompilerServices.TaskAwaiter.HandleNonSuccessAndDebuggerNotification(Task task)
   at Microsoft.Identity.Client.Internal.Requests.ConfidentialAuthCodeRequest.<ExecuteAsync>d__2.MoveNext()
--- End of stack trace from previous location where exception was thrown ---
   at System.Runtime.ExceptionServices.ExceptionDispatchInfo.Throw()
   at System.Runtime.CompilerServices.TaskAwaiter.HandleNonSuccessAndDebuggerNotification(Task task)
   at Microsoft.Identity.Client.Internal.Requests.RequestBase.<RunAsync>d__12.MoveNext()
--- End of stack trace from previous location where exception was thrown ---
   at System.Runtime.ExceptionServices.ExceptionDispatchInfo.Throw()
   at System.Runtime.CompilerServices.TaskAwaiter.HandleNonSuccessAndDebuggerNotification(Task task)
   at Microsoft.Identity.Client.ApiConfig.Executors.ConfidentialClientExecutor.<ExecuteAsync>d__2.MoveNext()
--- End of stack trace from previous location where exception was thrown ---
   at System.Runtime.ExceptionServices.ExceptionDispatchInfo.Throw()
   at System.Runtime.CompilerServices.TaskAwaiter.HandleNonSuccessAndDebuggerNotification(Task task)
   at Adxstudio.Xrm.Identity.MSAL.MsalTokenProvider.<GetTokenByAuthorizationCodeAsync>d__6.MoveNext() in C:\__w\1\s\Framework\Adxstudio.Xrm\Identity\MSAL\MsalTokenProvider.cs:line 136
--- End of stack trace from previous location where exception was thrown ---
   at System.Runtime.ExceptionServices.ExceptionDispatchInfo.Throw()
   at System.Runtime.CompilerServices.TaskAwaiter.HandleNonSuccessAndDebuggerNotification(Task task)
   at Adxstudio.Xrm.Identity.MSAL.MsalTokenManager.<>c__DisplayClass9_0.<<GetTokenByAuthorizationCodeAsync>b__0>d.MoveNext() in C:\__w\1\s\Framework\Adxstudio.Xrm\Identity\MSAL\MsalTokenManager.cs:line 137
--- End of stack trace from previous location where exception was thrown ---
   at System.Runtime.ExceptionServices.ExceptionDispatchInfo.Throw()
   at System.Runtime.CompilerServices.TaskAwaiter.HandleNonSuccessAndDebuggerNotification(Task task)
   at Adxstudio.Xrm.Identity.MSAL.MsalTokenManager.<HandleExceptionAsync>d__12`1.MoveNext() in C:\__w\1\s\Framework\Adxstudio.Xrm\Identity\MSAL\MsalTokenManager.cs:line 0

Microsoft.Identity.Client

, EventData:GetTokenByAuthorizationCodeAsync failed, ErrorCode: invalid_grant, statusCode: 400, correlationId: 1b0e1ddd-c48e-422d-88ae-e11d4b23d9a0, Category:Application, ErrorCategory:ApplicationError",8005dfc0-0002-f100-b63f-84710c7967bb
2024-01-22T05:59:42,Error,site-85de4385-0987-4ae5-9917-b7715602956d-AUe,05efbb,638414999829891910,0,311064,9349,"RequestData:, RequestPath:/_services/entity-grid-data.json/40096e18-22f9-ed11-8f6e-00224893bfba, RequestExtension:, SessionId:, UserId:U7qtlEBg5vyKVSRFcg6WIp3gqtsyYKjBDmejL0U8EjImAlY08tTsRpbHtTrdx6BGd7drJi0fINZyrYliuI7OY2TPls5CX_77fMbvL0TwABPCApgGPhvOcBdG3xVkS1X4gnS-UhJzCgox07L3E1dGxg2, CorrelationId:6bfa9477-c71f-4368-b3aa-f597a6b64168, Elapsed:109.893, RequestMethod:POST, RequestContentType:application/json; charset=UTF-8, RequestAccept:application/json, text/javascript, */*; q=0.01, RequestCacheControl:, UserAgent:Mozilla/5.0 (Windows NT 10.0; Win64; x64) AppleWebKit/537.36 (KHTML, like Gecko) Chrome/120.0.0.0 Safari/537.36, HandlerName:System.Web.Mvc.MvcHandler, HandlerExecuted:False, VaryByCustom:, MemberName:AddActionLinkToDisabledActionLinksList, SourceFilePath:C:\__w\1\s\Samples\MasterPortal\Areas\Portal\Controllers\EntityGridController.cs, SourceLineNumber:1663, ExceptionMessage:Data at the root level is invalid. Line 1, position 1.
System.Xml.XmlException
   at System.Xml.XmlTextReaderImpl.Throw(Exception e)
   at System.Xml.XmlTextReaderImpl.ParseRootLevelWhitespace()
   at System.Xml.XmlTextReaderImpl.ParseDocumentContent()
   at System.Xml.XmlReader.MoveToContent()
   at System.Xml.Linq.XElement.Load(XmlReader reader, LoadOptions options)
   at System.Xml.Linq.XElement.Parse(String text, LoadOptions options)
   at Site.Areas.Portal.Controllers.EntityGridController.AddActionLinkToDisabledActionLinksList(OrganizationServiceContext context, EntityMetadata entityMetadata, ViewActionLink link, EntityRecord[] records) in C:\__w\1\s\Samples\MasterPortal\Areas\Portal\Controllers\EntityGridController.cs:line 0

System.Xml

, EventData:, Category:File, ErrorCategory:UserError",8000a3c6-0001-e500-b63f-84710c7967bb
