date,level,applicationName,instanceId,eventTickCount,eventId,pid,tid,message,activityId
2024-03-26T07:06:45,Error,site-85de4385-0987-4ae5-9917-b7715602956d-AUe,0cce7d,638470336057078675,0,567192,177,"RequestData:, RequestPath:, RequestExtension:, SessionId:, UserId:, CorrelationId:61e1b818-3e8b-452d-80d8-2a5bf3bb085c, Elapsed:0, RequestMethod:, RequestContentType:, RequestAccept:, RequestCacheControl:, UserAgent:, HandlerName:, HandlerExecuted:False, VaryByCustom:, MemberName:OnError, SourceFilePath:C:\__w\1\s\Framework\Adxstudio.Xrm\Threading\FluentSchedulerJob.cs, SourceLineNumber:75, ExceptionMessage:The Search feature has not been enabled. Please check your configuration.
Adxstudio.Xrm.Search.SearchDisabledProviderException
   at Adxstudio.Xrm.Search.SearchManager.EnsureEnabled() in C:\__w\1\s\Framework\Adxstudio.Xrm\Search\SearchManager.cs:line 77
   at Adxstudio.Xrm.Search.SearchIndexStatsJob.ExecuteConcurrent(Guid id) in C:\__w\1\s\Framework\Adxstudio.Xrm\Search\SearchIndexStatsJob.cs:line 27
   at Adxstudio.Xrm.Threading.ConcurrentFluentSchedulerJob.ExecuteInternal(Guid id) in C:\__w\1\s\Framework\Adxstudio.Xrm\Threading\ConcurrentFluentSchedulerJob.cs:line 89
   at Adxstudio.Xrm.Threading.FluentSchedulerJob.Execute() in C:\__w\1\s\Framework\Adxstudio.Xrm\Threading\FluentSchedulerJob.cs:line 50

Adxstudio.Xrm

, EventData:, Category:Application, ErrorCategory:UserError",
2024-03-26T07:06:45,Error,site-85de4385-0987-4ae5-9917-b7715602956d-AUe,0cce7d,638470336057234938,0,567192,74,"RequestData:, RequestPath:, RequestExtension:, SessionId:, UserId:, CorrelationId:751641f6-3fae-4ab6-a56e-7c317258c784, Elapsed:0, RequestMethod:, RequestContentType:, RequestAccept:, RequestCacheControl:, UserAgent:, HandlerName:, HandlerExecuted:False, VaryByCustom:, MemberName:ConfigurePortal, SourceFilePath:C:\__w\1\s\Samples\MasterPortal\App_Start\Startup.cs, SourceLineNumber:96, ExceptionMessage:One or more errors occurred.
System.AggregateException
   at System.Threading.Tasks.Task.ThrowIfExceptional(Boolean includeTaskCanceledExceptions)
   at System.Threading.Tasks.Task.Wait(Int32 millisecondsTimeout, CancellationToken cancellationToken)
   at FluentScheduler.JobManager.<>c__DisplayClass42_0.<RunJob>b__0() in C:\Users\Talles\GitHub\FluentScheduler\Library\JobManager.cs:line 439
   at System.Threading.Tasks.Task.Execute()

mscorlib

The Search feature has not been enabled. Please check your configuration.
Adxstudio.Xrm.Search.SearchDisabledProviderException
   at Adxstudio.Xrm.Search.SearchManager.EnsureEnabled() in C:\__w\1\s\Framework\Adxstudio.Xrm\Search\SearchManager.cs:line 77
   at Adxstudio.Xrm.Search.SearchIndexStatsJob.ExecuteConcurrent(Guid id) in C:\__w\1\s\Framework\Adxstudio.Xrm\Search\SearchIndexStatsJob.cs:line 27
   at Adxstudio.Xrm.Threading.ConcurrentFluentSchedulerJob.ExecuteInternal(Guid id) in C:\__w\1\s\Framework\Adxstudio.Xrm\Threading\ConcurrentFluentSchedulerJob.cs:line 89
   at Adxstudio.Xrm.Threading.FluentSchedulerJob.Execute() in C:\__w\1\s\Framework\Adxstudio.Xrm\Threading\FluentSchedulerJob.cs:line 59
   at System.Threading.Tasks.Task.Execute()

Adxstudio.Xrm

, EventData:Exception in scheduled job, Category:Application, ErrorCategory:UserError",
