date,level,applicationName,instanceId,eventTickCount,eventId,pid,tid,message,activityId
2024-01-29T13:26:19,Error,site-85de4385-0987-4ae5-9917-b7715602956d-AUe,7e7bb2,638421315797380291,0,10548,10,"RequestData:, RequestPath:, RequestExtension:, SessionId:, UserId:, CorrelationId:00000000-0000-0000-0000-000000000000, Elapsed:0, MemberName:PopulateVirtualEntitiesActualSource, SourceFilePath:C:\__w\1\s\Framework\Adxstudio.Xrm\Caching\VirtualEntitiesCacheHelper.cs, SourceLineNumber:125, Category:Application, Message:The web api getDataSourceId for virtual entity returned empty DataSourceId, ErrorCategory:ApplicationError",
2024-01-29T13:26:20,Error,site-85de4385-0987-4ae5-9917-b7715602956d-AUe,7e7bb2,638421315805505478,0,10548,10,"RequestData:, RequestPath:, RequestExtension:, SessionId:, UserId:, CorrelationId:00000000-0000-0000-0000-000000000000, Elapsed:0, MemberName:PopulateVirtualEntitiesActualSource, SourceFilePath:C:\__w\1\s\Framework\Adxstudio.Xrm\Caching\VirtualEntitiesCacheHelper.cs, SourceLineNumber:125, Category:Application, Message:The web api getDataSourceId for virtual entity returned empty DataSourceId, ErrorCategory:ApplicationError",
2024-01-29T13:26:21,Error,site-85de4385-0987-4ae5-9917-b7715602956d-AUe,7e7bb2,638421315812380617,0,10548,10,"RequestData:, RequestPath:, RequestExtension:, SessionId:, UserId:, CorrelationId:00000000-0000-0000-0000-000000000000, Elapsed:0, MemberName:PopulateVirtualEntitiesActualSource, SourceFilePath:C:\__w\1\s\Framework\Adxstudio.Xrm\Caching\VirtualEntitiesCacheHelper.cs, SourceLineNumber:125, Category:Application, Message:The web api getDataSourceId for virtual entity returned empty DataSourceId, ErrorCategory:ApplicationError",
2024-01-29T13:26:22,Error,site-85de4385-0987-4ae5-9917-b7715602956d-AUe,7e7bb2,638421315825662179,0,10548,10,"RequestData:, RequestPath:, RequestExtension:, SessionId:, UserId:, CorrelationId:00000000-0000-0000-0000-000000000000, Elapsed:0, MemberName:PopulateVirtualEntitiesActualSource, SourceFilePath:C:\__w\1\s\Framework\Adxstudio.Xrm\Caching\VirtualEntitiesCacheHelper.cs, SourceLineNumber:125, Category:Application, Message:The web api getDataSourceId for virtual entity returned empty DataSourceId, ErrorCategory:ApplicationError",
2024-01-29T13:26:23,Error,site-85de4385-0987-4ae5-9917-b7715602956d-AUe,7e7bb2,638421315831443524,0,10548,10,"RequestData:, RequestPath:, RequestExtension:, SessionId:, UserId:, CorrelationId:00000000-0000-0000-0000-000000000000, Elapsed:0, MemberName:PopulateVirtualEntitiesActualSource, SourceFilePath:C:\__w\1\s\Framework\Adxstudio.Xrm\Caching\VirtualEntitiesCacheHelper.cs, SourceLineNumber:125, Category:Application, Message:The web api getDataSourceId for virtual entity returned empty DataSourceId, ErrorCategory:ApplicationError",
2024-01-29T13:26:23,Error,site-85de4385-0987-4ae5-9917-b7715602956d-AUe,7e7bb2,638421315833787338,0,10548,10,"RequestData:, RequestPath:, RequestExtension:, SessionId:, UserId:, CorrelationId:00000000-0000-0000-0000-000000000000, Elapsed:0, MemberName:PopulateVirtualEntitiesActualSource, SourceFilePath:C:\__w\1\s\Framework\Adxstudio.Xrm\Caching\VirtualEntitiesCacheHelper.cs, SourceLineNumber:125, Category:Application, Message:The web api getDataSourceId for virtual entity returned empty DataSourceId, ErrorCategory:ApplicationError",
2024-01-29T13:26:23,Error,site-85de4385-0987-4ae5-9917-b7715602956d-AUe,7e7bb2,638421315836131150,0,10548,10,"RequestData:, RequestPath:, RequestExtension:, SessionId:, UserId:, CorrelationId:00000000-0000-0000-0000-000000000000, Elapsed:0, MemberName:PopulateVirtualEntitiesActualSource, SourceFilePath:C:\__w\1\s\Framework\Adxstudio.Xrm\Caching\VirtualEntitiesCacheHelper.cs, SourceLineNumber:125, Category:Application, Message:The web api getDataSourceId for virtual entity returned empty DataSourceId, ErrorCategory:ApplicationError",
2024-01-29T13:26:23,Error,site-85de4385-0987-4ae5-9917-b7715602956d-AUe,7e7bb2,638421315837849951,0,10548,10,"RequestData:, RequestPath:, RequestExtension:, SessionId:, UserId:, CorrelationId:00000000-0000-0000-0000-000000000000, Elapsed:0, MemberName:PopulateVirtualEntitiesActualSource, SourceFilePath:C:\__w\1\s\Framework\Adxstudio.Xrm\Caching\VirtualEntitiesCacheHelper.cs, SourceLineNumber:125, Category:Application, Message:The web api getDataSourceId for virtual entity returned empty DataSourceId, ErrorCategory:ApplicationError",
2024-01-29T13:26:23,Error,site-85de4385-0987-4ae5-9917-b7715602956d-AUe,7e7bb2,638421315838631211,0,10548,10,"RequestData:, RequestPath:, RequestExtension:, SessionId:, UserId:, CorrelationId:00000000-0000-0000-0000-000000000000, Elapsed:0, MemberName:PopulateVirtualEntitiesActualSource, SourceFilePath:C:\__w\1\s\Framework\Adxstudio.Xrm\Caching\VirtualEntitiesCacheHelper.cs, SourceLineNumber:125, Category:Application, Message:The web api getDataSourceId for virtual entity returned empty DataSourceId, ErrorCategory:ApplicationError",
2024-01-29T13:26:24,Error,site-85de4385-0987-4ae5-9917-b7715602956d-AUe,7e7bb2,638421315840506268,0,10548,10,"RequestData:, RequestPath:, RequestExtension:, SessionId:, UserId:, CorrelationId:00000000-0000-0000-0000-000000000000, Elapsed:0, MemberName:PopulateVirtualEntitiesActualSource, SourceFilePath:C:\__w\1\s\Framework\Adxstudio.Xrm\Caching\VirtualEntitiesCacheHelper.cs, SourceLineNumber:125, Category:Application, Message:The web api getDataSourceId for virtual entity returned empty DataSourceId, ErrorCategory:ApplicationError",
2024-01-29T13:26:24,Error,site-85de4385-0987-4ae5-9917-b7715602956d-AUe,7e7bb2,638421315841131279,0,10548,10,"RequestData:, RequestPath:, RequestExtension:, SessionId:, UserId:, CorrelationId:00000000-0000-0000-0000-000000000000, Elapsed:0, MemberName:PopulateVirtualEntitiesActualSource, SourceFilePath:C:\__w\1\s\Framework\Adxstudio.Xrm\Caching\VirtualEntitiesCacheHelper.cs, SourceLineNumber:125, Category:Application, Message:The web api getDataSourceId for virtual entity returned empty DataSourceId, ErrorCategory:ApplicationError",
2024-01-29T13:26:24,Error,site-85de4385-0987-4ae5-9917-b7715602956d-AUe,7e7bb2,638421315841600047,0,10548,10,"RequestData:, RequestPath:, RequestExtension:, SessionId:, UserId:, CorrelationId:00000000-0000-0000-0000-000000000000, Elapsed:0, MemberName:PopulateVirtualEntitiesActualSource, SourceFilePath:C:\__w\1\s\Framework\Adxstudio.Xrm\Caching\VirtualEntitiesCacheHelper.cs, SourceLineNumber:125, Category:Application, Message:The web api getDataSourceId for virtual entity returned empty DataSourceId, ErrorCategory:ApplicationError",
2024-01-29T13:26:24,Error,site-85de4385-0987-4ae5-9917-b7715602956d-AUe,7e7bb2,638421315845193884,0,10548,10,"RequestData:, RequestPath:, RequestExtension:, SessionId:, UserId:, CorrelationId:00000000-0000-0000-0000-000000000000, Elapsed:0, MemberName:PopulateVirtualEntitiesActualSource, SourceFilePath:C:\__w\1\s\Framework\Adxstudio.Xrm\Caching\VirtualEntitiesCacheHelper.cs, SourceLineNumber:125, Category:Application, Message:The web api getDataSourceId for virtual entity returned empty DataSourceId, ErrorCategory:ApplicationError",
2024-01-29T13:26:26,Error,site-85de4385-0987-4ae5-9917-b7715602956d-AUe,7e7bb2,638421315860662990,0,10548,10,"RequestData:, RequestPath:, RequestExtension:, SessionId:, UserId:, CorrelationId:00000000-0000-0000-0000-000000000000, Elapsed:0, MemberName:PopulateVirtualEntitiesActualSource, SourceFilePath:C:\__w\1\s\Framework\Adxstudio.Xrm\Caching\VirtualEntitiesCacheHelper.cs, SourceLineNumber:125, Category:Application, Message:The web api getDataSourceId for virtual entity returned empty DataSourceId, ErrorCategory:ApplicationError",
2024-01-29T13:26:26,Error,site-85de4385-0987-4ae5-9917-b7715602956d-AUe,7e7bb2,638421315866131857,0,10548,10,"RequestData:, RequestPath:, RequestExtension:, SessionId:, UserId:, CorrelationId:00000000-0000-0000-0000-000000000000, Elapsed:0, MemberName:PopulateVirtualEntitiesActualSource, SourceFilePath:C:\__w\1\s\Framework\Adxstudio.Xrm\Caching\VirtualEntitiesCacheHelper.cs, SourceLineNumber:125, Category:Application, Message:The web api getDataSourceId for virtual entity returned empty DataSourceId, ErrorCategory:ApplicationError",
2024-01-29T13:26:27,Error,site-85de4385-0987-4ae5-9917-b7715602956d-AUe,7e7bb2,638421315871483584,0,10548,10,"RequestData:, RequestPath:, RequestExtension:, SessionId:, UserId:, CorrelationId:00000000-0000-0000-0000-000000000000, Elapsed:0, MemberName:PopulateVirtualEntitiesActualSource, SourceFilePath:C:\__w\1\s\Framework\Adxstudio.Xrm\Caching\VirtualEntitiesCacheHelper.cs, SourceLineNumber:125, Category:Application, Message:The web api getDataSourceId for virtual entity returned empty DataSourceId, ErrorCategory:ApplicationError",
2024-01-29T13:26:29,Error,site-85de4385-0987-4ae5-9917-b7715602956d-AUe,7e7bb2,638421315899257532,0,10548,10,"RequestData:, RequestPath:, RequestExtension:, SessionId:, UserId:, CorrelationId:00000000-0000-0000-0000-000000000000, Elapsed:0, MemberName:PopulateVirtualEntitiesActualSource, SourceFilePath:C:\__w\1\s\Framework\Adxstudio.Xrm\Caching\VirtualEntitiesCacheHelper.cs, SourceLineNumber:125, Category:Application, Message:The web api getDataSourceId for virtual entity returned empty DataSourceId, ErrorCategory:ApplicationError",
2024-01-29T13:26:31,Error,site-85de4385-0987-4ae5-9917-b7715602956d-AUe,7e7bb2,638421315910038996,0,10548,10,"RequestData:, RequestPath:, RequestExtension:, SessionId:, UserId:, CorrelationId:00000000-0000-0000-0000-000000000000, Elapsed:0, MemberName:PopulateVirtualEntitiesActualSource, SourceFilePath:C:\__w\1\s\Framework\Adxstudio.Xrm\Caching\VirtualEntitiesCacheHelper.cs, SourceLineNumber:125, Category:Application, Message:The web api getDataSourceId for virtual entity returned empty DataSourceId, ErrorCategory:ApplicationError",
2024-01-29T13:26:31,Error,site-85de4385-0987-4ae5-9917-b7715602956d-AUe,7e7bb2,638421315911289014,0,10548,10,"RequestData:, RequestPath:, RequestExtension:, SessionId:, UserId:, CorrelationId:00000000-0000-0000-0000-000000000000, Elapsed:0, MemberName:PopulateVirtualEntitiesActualSource, SourceFilePath:C:\__w\1\s\Framework\Adxstudio.Xrm\Caching\VirtualEntitiesCacheHelper.cs, SourceLineNumber:125, Category:Application, Message:The web api getDataSourceId for virtual entity returned empty DataSourceId, ErrorCategory:ApplicationError",
2024-01-29T13:26:40,Error,site-85de4385-0987-4ae5-9917-b7715602956d-AUe,7e7bb2,638421316000665739,0,10548,10,"RequestData:, RequestPath:, RequestExtension:, SessionId:, UserId:, CorrelationId:00000000-0000-0000-0000-000000000000, Elapsed:0, MemberName:PopulateVirtualEntitiesActualSource, SourceFilePath:C:\__w\1\s\Framework\Adxstudio.Xrm\Caching\VirtualEntitiesCacheHelper.cs, SourceLineNumber:125, Category:Application, Message:The web api getDataSourceId for virtual entity returned empty DataSourceId, ErrorCategory:ApplicationError",
2024-01-29T13:26:40,Error,site-85de4385-0987-4ae5-9917-b7715602956d-AUe,7e7bb2,638421316002072012,0,10548,10,"RequestData:, RequestPath:, RequestExtension:, SessionId:, UserId:, CorrelationId:00000000-0000-0000-0000-000000000000, Elapsed:0, MemberName:PopulateVirtualEntitiesActualSource, SourceFilePath:C:\__w\1\s\Framework\Adxstudio.Xrm\Caching\VirtualEntitiesCacheHelper.cs, SourceLineNumber:125, Category:Application, Message:The web api getDataSourceId for virtual entity returned empty DataSourceId, ErrorCategory:ApplicationError",
2024-01-29T13:26:41,Error,site-85de4385-0987-4ae5-9917-b7715602956d-AUe,7e7bb2,638421316010822168,0,10548,10,"RequestData:, RequestPath:, RequestExtension:, SessionId:, UserId:, CorrelationId:00000000-0000-0000-0000-000000000000, Elapsed:0, MemberName:PopulateVirtualEntitiesActualSource, SourceFilePath:C:\__w\1\s\Framework\Adxstudio.Xrm\Caching\VirtualEntitiesCacheHelper.cs, SourceLineNumber:125, Category:Application, Message:The web api getDataSourceId for virtual entity returned empty DataSourceId, ErrorCategory:ApplicationError",
2024-01-29T13:26:42,Error,site-85de4385-0987-4ae5-9917-b7715602956d-AUe,7e7bb2,638421316024416168,0,10548,10,"RequestData:, RequestPath:, RequestExtension:, SessionId:, UserId:, CorrelationId:00000000-0000-0000-0000-000000000000, Elapsed:0, MemberName:PopulateVirtualEntitiesActualSource, SourceFilePath:C:\__w\1\s\Framework\Adxstudio.Xrm\Caching\VirtualEntitiesCacheHelper.cs, SourceLineNumber:125, Category:Application, Message:The web api getDataSourceId for virtual entity returned empty DataSourceId, ErrorCategory:ApplicationError",
2024-01-29T13:26:42,Error,site-85de4385-0987-4ae5-9917-b7715602956d-AUe,7e7bb2,638421316024884943,0,10548,10,"RequestData:, RequestPath:, RequestExtension:, SessionId:, UserId:, CorrelationId:00000000-0000-0000-0000-000000000000, Elapsed:0, MemberName:PopulateVirtualEntitiesActualSource, SourceFilePath:C:\__w\1\s\Framework\Adxstudio.Xrm\Caching\VirtualEntitiesCacheHelper.cs, SourceLineNumber:125, Category:Application, Message:The web api getDataSourceId for virtual entity returned empty DataSourceId, ErrorCategory:ApplicationError",
2024-01-29T13:26:42,Error,site-85de4385-0987-4ae5-9917-b7715602956d-AUe,7e7bb2,638421316027072492,0,10548,10,"RequestData:, RequestPath:, RequestExtension:, SessionId:, UserId:, CorrelationId:00000000-0000-0000-0000-000000000000, Elapsed:0, MemberName:PopulateVirtualEntitiesActualSource, SourceFilePath:C:\__w\1\s\Framework\Adxstudio.Xrm\Caching\VirtualEntitiesCacheHelper.cs, SourceLineNumber:125, Category:Application, Message:The web api getDataSourceId for virtual entity returned empty DataSourceId, ErrorCategory:ApplicationError",
2024-01-29T13:26:43,Error,site-85de4385-0987-4ae5-9917-b7715602956d-AUe,7e7bb2,638421316034416380,0,10548,10,"RequestData:, RequestPath:, RequestExtension:, SessionId:, UserId:, CorrelationId:00000000-0000-0000-0000-000000000000, Elapsed:0, MemberName:PopulateVirtualEntitiesActualSource, SourceFilePath:C:\__w\1\s\Framework\Adxstudio.Xrm\Caching\VirtualEntitiesCacheHelper.cs, SourceLineNumber:125, Category:Application, Message:The web api getDataSourceId for virtual entity returned empty DataSourceId, ErrorCategory:ApplicationError",
2024-01-29T13:26:43,Error,site-85de4385-0987-4ae5-9917-b7715602956d-AUe,7e7bb2,638421316035197630,0,10548,10,"RequestData:, RequestPath:, RequestExtension:, SessionId:, UserId:, CorrelationId:00000000-0000-0000-0000-000000000000, Elapsed:0, MemberName:PopulateVirtualEntitiesActualSource, SourceFilePath:C:\__w\1\s\Framework\Adxstudio.Xrm\Caching\VirtualEntitiesCacheHelper.cs, SourceLineNumber:125, Category:Application, Message:The web api getDataSourceId for virtual entity returned empty DataSourceId, ErrorCategory:ApplicationError",
2024-01-29T13:26:43,Error,site-85de4385-0987-4ae5-9917-b7715602956d-AUe,7e7bb2,638421316037853942,0,10548,10,"RequestData:, RequestPath:, RequestExtension:, SessionId:, UserId:, CorrelationId:00000000-0000-0000-0000-000000000000, Elapsed:0, MemberName:PopulateVirtualEntitiesActualSource, SourceFilePath:C:\__w\1\s\Framework\Adxstudio.Xrm\Caching\VirtualEntitiesCacheHelper.cs, SourceLineNumber:125, Category:Application, Message:The web api getDataSourceId for virtual entity returned empty DataSourceId, ErrorCategory:ApplicationError",
2024-01-29T13:26:44,Error,site-85de4385-0987-4ae5-9917-b7715602956d-AUe,7e7bb2,638421316041135259,0,10548,10,"RequestData:, RequestPath:, RequestExtension:, SessionId:, UserId:, CorrelationId:00000000-0000-0000-0000-000000000000, Elapsed:0, MemberName:PopulateVirtualEntitiesActualSource, SourceFilePath:C:\__w\1\s\Framework\Adxstudio.Xrm\Caching\VirtualEntitiesCacheHelper.cs, SourceLineNumber:125, Category:Application, Message:The web api getDataSourceId for virtual entity returned empty DataSourceId, ErrorCategory:ApplicationError",
2024-01-29T13:26:44,Error,site-85de4385-0987-4ae5-9917-b7715602956d-AUe,7e7bb2,638421316043479040,0,10548,10,"RequestData:, RequestPath:, RequestExtension:, SessionId:, UserId:, CorrelationId:00000000-0000-0000-0000-000000000000, Elapsed:0, MemberName:PopulateVirtualEntitiesActualSource, SourceFilePath:C:\__w\1\s\Framework\Adxstudio.Xrm\Caching\VirtualEntitiesCacheHelper.cs, SourceLineNumber:125, Category:Application, Message:The web api getDataSourceId for virtual entity returned empty DataSourceId, ErrorCategory:ApplicationError",
2024-01-29T13:26:44,Error,site-85de4385-0987-4ae5-9917-b7715602956d-AUe,7e7bb2,638421316044260311,0,10548,10,"RequestData:, RequestPath:, RequestExtension:, SessionId:, UserId:, CorrelationId:00000000-0000-0000-0000-000000000000, Elapsed:0, MemberName:PopulateVirtualEntitiesActualSource, SourceFilePath:C:\__w\1\s\Framework\Adxstudio.Xrm\Caching\VirtualEntitiesCacheHelper.cs, SourceLineNumber:125, Category:Application, Message:The web api getDataSourceId for virtual entity returned empty DataSourceId, ErrorCategory:ApplicationError",
2024-01-29T13:26:44,Error,site-85de4385-0987-4ae5-9917-b7715602956d-AUe,7e7bb2,638421316047229104,0,10548,10,"RequestData:, RequestPath:, RequestExtension:, SessionId:, UserId:, CorrelationId:00000000-0000-0000-0000-000000000000, Elapsed:0, MemberName:PopulateVirtualEntitiesActualSource, SourceFilePath:C:\__w\1\s\Framework\Adxstudio.Xrm\Caching\VirtualEntitiesCacheHelper.cs, SourceLineNumber:125, Category:Application, Message:The web api getDataSourceId for virtual entity returned empty DataSourceId, ErrorCategory:ApplicationError",
2024-01-29T13:26:45,Error,site-85de4385-0987-4ae5-9917-b7715602956d-AUe,7e7bb2,638421316053791750,0,10548,10,"RequestData:, RequestPath:, RequestExtension:, SessionId:, UserId:, CorrelationId:00000000-0000-0000-0000-000000000000, Elapsed:0, MemberName:PopulateVirtualEntitiesActualSource, SourceFilePath:C:\__w\1\s\Framework\Adxstudio.Xrm\Caching\VirtualEntitiesCacheHelper.cs, SourceLineNumber:125, Category:Application, Message:The web api getDataSourceId for virtual entity returned empty DataSourceId, ErrorCategory:ApplicationError",
2024-01-29T13:26:45,Error,site-85de4385-0987-4ae5-9917-b7715602956d-AUe,7e7bb2,638421316055041771,0,10548,10,"RequestData:, RequestPath:, RequestExtension:, SessionId:, UserId:, CorrelationId:00000000-0000-0000-0000-000000000000, Elapsed:0, MemberName:PopulateVirtualEntitiesActualSource, SourceFilePath:C:\__w\1\s\Framework\Adxstudio.Xrm\Caching\VirtualEntitiesCacheHelper.cs, SourceLineNumber:125, Category:Application, Message:The web api getDataSourceId for virtual entity returned empty DataSourceId, ErrorCategory:ApplicationError",
2024-01-29T13:26:45,Error,site-85de4385-0987-4ae5-9917-b7715602956d-AUe,7e7bb2,638421316055666780,0,10548,10,"RequestData:, RequestPath:, RequestExtension:, SessionId:, UserId:, CorrelationId:00000000-0000-0000-0000-000000000000, Elapsed:0, MemberName:PopulateVirtualEntitiesActualSource, SourceFilePath:C:\__w\1\s\Framework\Adxstudio.Xrm\Caching\VirtualEntitiesCacheHelper.cs, SourceLineNumber:125, Category:Application, Message:The web api getDataSourceId for virtual entity returned empty DataSourceId, ErrorCategory:ApplicationError",
2024-01-29T13:26:45,Error,site-85de4385-0987-4ae5-9917-b7715602956d-AUe,7e7bb2,638421316056916801,0,10548,10,"RequestData:, RequestPath:, RequestExtension:, SessionId:, UserId:, CorrelationId:00000000-0000-0000-0000-000000000000, Elapsed:0, MemberName:PopulateVirtualEntitiesActualSource, SourceFilePath:C:\__w\1\s\Framework\Adxstudio.Xrm\Caching\VirtualEntitiesCacheHelper.cs, SourceLineNumber:125, Category:Application, Message:The web api getDataSourceId for virtual entity returned empty DataSourceId, ErrorCategory:ApplicationError",
2024-01-29T13:26:45,Error,site-85de4385-0987-4ae5-9917-b7715602956d-AUe,7e7bb2,638421316058323120,0,10548,10,"RequestData:, RequestPath:, RequestExtension:, SessionId:, UserId:, CorrelationId:00000000-0000-0000-0000-000000000000, Elapsed:0, MemberName:PopulateVirtualEntitiesActualSource, SourceFilePath:C:\__w\1\s\Framework\Adxstudio.Xrm\Caching\VirtualEntitiesCacheHelper.cs, SourceLineNumber:125, Category:Application, Message:The web api getDataSourceId for virtual entity returned empty DataSourceId, ErrorCategory:ApplicationError",
2024-01-29T13:26:45,Error,site-85de4385-0987-4ae5-9917-b7715602956d-AUe,7e7bb2,638421316059260605,0,10548,10,"RequestData:, RequestPath:, RequestExtension:, SessionId:, UserId:, CorrelationId:00000000-0000-0000-0000-000000000000, Elapsed:0, MemberName:PopulateVirtualEntitiesActualSource, SourceFilePath:C:\__w\1\s\Framework\Adxstudio.Xrm\Caching\VirtualEntitiesCacheHelper.cs, SourceLineNumber:125, Category:Application, Message:The web api getDataSourceId for virtual entity returned empty DataSourceId, ErrorCategory:ApplicationError",
2024-01-29T13:26:46,Error,site-85de4385-0987-4ae5-9917-b7715602956d-AUe,7e7bb2,638421316061291906,0,10548,10,"RequestData:, RequestPath:, RequestExtension:, SessionId:, UserId:, CorrelationId:00000000-0000-0000-0000-000000000000, Elapsed:0, MemberName:PopulateVirtualEntitiesActualSource, SourceFilePath:C:\__w\1\s\Framework\Adxstudio.Xrm\Caching\VirtualEntitiesCacheHelper.cs, SourceLineNumber:125, Category:Application, Message:The web api getDataSourceId for virtual entity returned empty DataSourceId, ErrorCategory:ApplicationError",
2024-01-29T13:26:46,Error,site-85de4385-0987-4ae5-9917-b7715602956d-AUe,7e7bb2,638421316061916914,0,10548,10,"RequestData:, RequestPath:, RequestExtension:, SessionId:, UserId:, CorrelationId:00000000-0000-0000-0000-000000000000, Elapsed:0, MemberName:PopulateVirtualEntitiesActualSource, SourceFilePath:C:\__w\1\s\Framework\Adxstudio.Xrm\Caching\VirtualEntitiesCacheHelper.cs, SourceLineNumber:125, Category:Application, Message:The web api getDataSourceId for virtual entity returned empty DataSourceId, ErrorCategory:ApplicationError",
2024-01-29T13:26:47,Error,site-85de4385-0987-4ae5-9917-b7715602956d-AUe,7e7bb2,638421316071292151,0,10548,10,"RequestData:, RequestPath:, RequestExtension:, SessionId:, UserId:, CorrelationId:00000000-0000-0000-0000-000000000000, Elapsed:0, MemberName:PopulateVirtualEntitiesActualSource, SourceFilePath:C:\__w\1\s\Framework\Adxstudio.Xrm\Caching\VirtualEntitiesCacheHelper.cs, SourceLineNumber:125, Category:Application, Message:The web api getDataSourceId for virtual entity returned empty DataSourceId, ErrorCategory:ApplicationError",
2024-01-29T13:26:47,Error,site-85de4385-0987-4ae5-9917-b7715602956d-AUe,7e7bb2,638421316073948463,0,10548,10,"RequestData:, RequestPath:, RequestExtension:, SessionId:, UserId:, CorrelationId:00000000-0000-0000-0000-000000000000, Elapsed:0, MemberName:PopulateVirtualEntitiesActualSource, SourceFilePath:C:\__w\1\s\Framework\Adxstudio.Xrm\Caching\VirtualEntitiesCacheHelper.cs, SourceLineNumber:125, Category:Application, Message:The web api getDataSourceId for virtual entity returned empty DataSourceId, ErrorCategory:ApplicationError",
2024-01-29T13:26:47,Error,site-85de4385-0987-4ae5-9917-b7715602956d-AUe,7e7bb2,638421316075510983,0,10548,10,"RequestData:, RequestPath:, RequestExtension:, SessionId:, UserId:, CorrelationId:00000000-0000-0000-0000-000000000000, Elapsed:0, MemberName:PopulateVirtualEntitiesActualSource, SourceFilePath:C:\__w\1\s\Framework\Adxstudio.Xrm\Caching\VirtualEntitiesCacheHelper.cs, SourceLineNumber:125, Category:Application, Message:The web api getDataSourceId for virtual entity returned empty DataSourceId, ErrorCategory:ApplicationError",
2024-01-29T13:26:47,Error,site-85de4385-0987-4ae5-9917-b7715602956d-AUe,7e7bb2,638421316077542271,0,10548,10,"RequestData:, RequestPath:, RequestExtension:, SessionId:, UserId:, CorrelationId:00000000-0000-0000-0000-000000000000, Elapsed:0, MemberName:PopulateVirtualEntitiesActualSource, SourceFilePath:C:\__w\1\s\Framework\Adxstudio.Xrm\Caching\VirtualEntitiesCacheHelper.cs, SourceLineNumber:125, Category:Application, Message:The web api getDataSourceId for virtual entity returned empty DataSourceId, ErrorCategory:ApplicationError",
2024-01-29T13:26:48,Error,site-85de4385-0987-4ae5-9917-b7715602956d-AUe,7e7bb2,638421316080042301,0,10548,10,"RequestData:, RequestPath:, RequestExtension:, SessionId:, UserId:, CorrelationId:00000000-0000-0000-0000-000000000000, Elapsed:0, MemberName:PopulateVirtualEntitiesActualSource, SourceFilePath:C:\__w\1\s\Framework\Adxstudio.Xrm\Caching\VirtualEntitiesCacheHelper.cs, SourceLineNumber:125, Category:Application, Message:The web api getDataSourceId for virtual entity returned empty DataSourceId, ErrorCategory:ApplicationError",
2024-01-29T13:26:48,Error,site-85de4385-0987-4ae5-9917-b7715602956d-AUe,7e7bb2,638421316087698744,0,10548,10,"RequestData:, RequestPath:, RequestExtension:, SessionId:, UserId:, CorrelationId:00000000-0000-0000-0000-000000000000, Elapsed:0, MemberName:PopulateVirtualEntitiesActualSource, SourceFilePath:C:\__w\1\s\Framework\Adxstudio.Xrm\Caching\VirtualEntitiesCacheHelper.cs, SourceLineNumber:125, Category:Application, Message:The web api getDataSourceId for virtual entity returned empty DataSourceId, ErrorCategory:ApplicationError",
2024-01-29T13:26:48,Error,site-85de4385-0987-4ae5-9917-b7715602956d-AUe,7e7bb2,638421316089105011,0,10548,10,"RequestData:, RequestPath:, RequestExtension:, SessionId:, UserId:, CorrelationId:00000000-0000-0000-0000-000000000000, Elapsed:0, MemberName:PopulateVirtualEntitiesActualSource, SourceFilePath:C:\__w\1\s\Framework\Adxstudio.Xrm\Caching\VirtualEntitiesCacheHelper.cs, SourceLineNumber:125, Category:Application, Message:The web api getDataSourceId for virtual entity returned empty DataSourceId, ErrorCategory:ApplicationError",
2024-01-29T13:26:49,Error,site-85de4385-0987-4ae5-9917-b7715602956d-AUe,7e7bb2,638421316092230122,0,10548,10,"RequestData:, RequestPath:, RequestExtension:, SessionId:, UserId:, CorrelationId:00000000-0000-0000-0000-000000000000, Elapsed:0, MemberName:PopulateVirtualEntitiesActualSource, SourceFilePath:C:\__w\1\s\Framework\Adxstudio.Xrm\Caching\VirtualEntitiesCacheHelper.cs, SourceLineNumber:125, Category:Application, Message:The web api getDataSourceId for virtual entity returned empty DataSourceId, ErrorCategory:ApplicationError",
2024-01-29T13:26:49,Error,site-85de4385-0987-4ae5-9917-b7715602956d-AUe,7e7bb2,638421316095198950,0,10548,10,"RequestData:, RequestPath:, RequestExtension:, SessionId:, UserId:, CorrelationId:00000000-0000-0000-0000-000000000000, Elapsed:0, MemberName:PopulateVirtualEntitiesActualSource, SourceFilePath:C:\__w\1\s\Framework\Adxstudio.Xrm\Caching\VirtualEntitiesCacheHelper.cs, SourceLineNumber:125, Category:Application, Message:The web api getDataSourceId for virtual entity returned empty DataSourceId, ErrorCategory:ApplicationError",
2024-01-29T13:26:49,Error,site-85de4385-0987-4ae5-9917-b7715602956d-AUe,7e7bb2,638421316098011478,0,10548,10,"RequestData:, RequestPath:, RequestExtension:, SessionId:, UserId:, CorrelationId:00000000-0000-0000-0000-000000000000, Elapsed:0, MemberName:PopulateVirtualEntitiesActualSource, SourceFilePath:C:\__w\1\s\Framework\Adxstudio.Xrm\Caching\VirtualEntitiesCacheHelper.cs, SourceLineNumber:125, Category:Application, Message:The web api getDataSourceId for virtual entity returned empty DataSourceId, ErrorCategory:ApplicationError",
2024-01-29T13:26:49,Error,site-85de4385-0987-4ae5-9917-b7715602956d-AUe,7e7bb2,638421316099574014,0,10548,10,"RequestData:, RequestPath:, RequestExtension:, SessionId:, UserId:, CorrelationId:00000000-0000-0000-0000-000000000000, Elapsed:0, MemberName:PopulateVirtualEntitiesActualSource, SourceFilePath:C:\__w\1\s\Framework\Adxstudio.Xrm\Caching\VirtualEntitiesCacheHelper.cs, SourceLineNumber:125, Category:Application, Message:The web api getDataSourceId for virtual entity returned empty DataSourceId, ErrorCategory:ApplicationError",
2024-01-29T13:26:50,Error,site-85de4385-0987-4ae5-9917-b7715602956d-AUe,7e7bb2,638421316101292788,0,10548,10,"RequestData:, RequestPath:, RequestExtension:, SessionId:, UserId:, CorrelationId:00000000-0000-0000-0000-000000000000, Elapsed:0, MemberName:PopulateVirtualEntitiesActualSource, SourceFilePath:C:\__w\1\s\Framework\Adxstudio.Xrm\Caching\VirtualEntitiesCacheHelper.cs, SourceLineNumber:125, Category:Application, Message:The web api getDataSourceId for virtual entity returned empty DataSourceId, ErrorCategory:ApplicationError",
2024-01-29T13:26:50,Error,site-85de4385-0987-4ae5-9917-b7715602956d-AUe,7e7bb2,638421316103636583,0,10548,10,"RequestData:, RequestPath:, RequestExtension:, SessionId:, UserId:, CorrelationId:00000000-0000-0000-0000-000000000000, Elapsed:0, MemberName:PopulateVirtualEntitiesActualSource, SourceFilePath:C:\__w\1\s\Framework\Adxstudio.Xrm\Caching\VirtualEntitiesCacheHelper.cs, SourceLineNumber:125, Category:Application, Message:The web api getDataSourceId for virtual entity returned empty DataSourceId, ErrorCategory:ApplicationError",
2024-01-29T13:26:50,Error,site-85de4385-0987-4ae5-9917-b7715602956d-AUe,7e7bb2,638421316104886613,0,10548,10,"RequestData:, RequestPath:, RequestExtension:, SessionId:, UserId:, CorrelationId:00000000-0000-0000-0000-000000000000, Elapsed:0, MemberName:PopulateVirtualEntitiesActualSource, SourceFilePath:C:\__w\1\s\Framework\Adxstudio.Xrm\Caching\VirtualEntitiesCacheHelper.cs, SourceLineNumber:125, Category:Application, Message:The web api getDataSourceId for virtual entity returned empty DataSourceId, ErrorCategory:ApplicationError",
2024-01-29T13:26:50,Error,site-85de4385-0987-4ae5-9917-b7715602956d-AUe,7e7bb2,638421316106136657,0,10548,10,"RequestData:, RequestPath:, RequestExtension:, SessionId:, UserId:, CorrelationId:00000000-0000-0000-0000-000000000000, Elapsed:0, MemberName:PopulateVirtualEntitiesActualSource, SourceFilePath:C:\__w\1\s\Framework\Adxstudio.Xrm\Caching\VirtualEntitiesCacheHelper.cs, SourceLineNumber:125, Category:Application, Message:The web api getDataSourceId for virtual entity returned empty DataSourceId, ErrorCategory:ApplicationError",
2024-01-29T13:26:50,Error,site-85de4385-0987-4ae5-9917-b7715602956d-AUe,7e7bb2,638421316108011694,0,10548,10,"RequestData:, RequestPath:, RequestExtension:, SessionId:, UserId:, CorrelationId:00000000-0000-0000-0000-000000000000, Elapsed:0, MemberName:PopulateVirtualEntitiesActualSource, SourceFilePath:C:\__w\1\s\Framework\Adxstudio.Xrm\Caching\VirtualEntitiesCacheHelper.cs, SourceLineNumber:125, Category:Application, Message:The web api getDataSourceId for virtual entity returned empty DataSourceId, ErrorCategory:ApplicationError",
2024-01-29T13:55:28,Error,site-85de4385-0987-4ae5-9917-b7715602956d-AUe,7e7bb2,638421333284789313,0,10548,191,"RequestData:, RequestPath:/_services/about, RequestExtension:, SessionId:, UserId:T11a6QdWUcUWSTSY_vvspe4EXDnixg8LDQeoTCdXGxLouja4craLJE-139gFWME0RT0Q5_XBSDSxhkxr6PIRFE5dcy08dcvUNg9yqAAanxWuG45xbKmITi_3eRcbvodrdCJPseNDAMg74A7wRRJfRg2, CorrelationId:a8f6c113-612c-4d39-a7ab-0fdba20e120e, Elapsed:1279.733, MemberName:PopulateVirtualEntitiesActualSource, SourceFilePath:C:\__w\1\s\Framework\Adxstudio.Xrm\Caching\VirtualEntitiesCacheHelper.cs, SourceLineNumber:125, Category:Application, Message:The web api getDataSourceId for virtual entity returned empty DataSourceId, ErrorCategory:ApplicationError",8000006b-0002-d700-b63f-84710c7967bb
2024-01-29T13:55:28,Error,site-85de4385-0987-4ae5-9917-b7715602956d-AUe,7e7bb2,638421333285258852,0,10548,191,"RequestData:, RequestPath:/_services/about, RequestExtension:, SessionId:, UserId:T11a6QdWUcUWSTSY_vvspe4EXDnixg8LDQeoTCdXGxLouja4craLJE-139gFWME0RT0Q5_XBSDSxhkxr6PIRFE5dcy08dcvUNg9yqAAanxWuG45xbKmITi_3eRcbvodrdCJPseNDAMg74A7wRRJfRg2, CorrelationId:a8f6c113-612c-4d39-a7ab-0fdba20e120e, Elapsed:1340.2056, MemberName:PopulateVirtualEntitiesActualSource, SourceFilePath:C:\__w\1\s\Framework\Adxstudio.Xrm\Caching\VirtualEntitiesCacheHelper.cs, SourceLineNumber:125, Category:Application, Message:The web api getDataSourceId for virtual entity returned empty DataSourceId, ErrorCategory:ApplicationError",8000006b-0002-d700-b63f-84710c7967bb
2024-01-29T13:55:28,Error,site-85de4385-0987-4ae5-9917-b7715602956d-AUe,7e7bb2,638421333285727353,0,10548,191,"RequestData:, RequestPath:/_services/about, RequestExtension:, SessionId:, UserId:T11a6QdWUcUWSTSY_vvspe4EXDnixg8LDQeoTCdXGxLouja4craLJE-139gFWME0RT0Q5_XBSDSxhkxr6PIRFE5dcy08dcvUNg9yqAAanxWuG45xbKmITi_3eRcbvodrdCJPseNDAMg74A7wRRJfRg2, CorrelationId:a8f6c113-612c-4d39-a7ab-0fdba20e120e, Elapsed:1387.7803, MemberName:PopulateVirtualEntitiesActualSource, SourceFilePath:C:\__w\1\s\Framework\Adxstudio.Xrm\Caching\VirtualEntitiesCacheHelper.cs, SourceLineNumber:125, Category:Application, Message:The web api getDataSourceId for virtual entity returned empty DataSourceId, ErrorCategory:ApplicationError",8000006b-0002-d700-b63f-84710c7967bb
2024-01-29T13:55:28,Error,site-85de4385-0987-4ae5-9917-b7715602956d-AUe,7e7bb2,638421333286197399,0,10548,191,"RequestData:, RequestPath:/_services/about, RequestExtension:, SessionId:, UserId:T11a6QdWUcUWSTSY_vvspe4EXDnixg8LDQeoTCdXGxLouja4craLJE-139gFWME0RT0Q5_XBSDSxhkxr6PIRFE5dcy08dcvUNg9yqAAanxWuG45xbKmITi_3eRcbvodrdCJPseNDAMg74A7wRRJfRg2, CorrelationId:a8f6c113-612c-4d39-a7ab-0fdba20e120e, Elapsed:1436.8052, MemberName:PopulateVirtualEntitiesActualSource, SourceFilePath:C:\__w\1\s\Framework\Adxstudio.Xrm\Caching\VirtualEntitiesCacheHelper.cs, SourceLineNumber:125, Category:Application, Message:The web api getDataSourceId for virtual entity returned empty DataSourceId, ErrorCategory:ApplicationError",8000006b-0002-d700-b63f-84710c7967bb
2024-01-29T13:55:28,Error,site-85de4385-0987-4ae5-9917-b7715602956d-AUe,7e7bb2,638421333286820661,0,10548,191,"RequestData:, RequestPath:/_services/about, RequestExtension:, SessionId:, UserId:T11a6QdWUcUWSTSY_vvspe4EXDnixg8LDQeoTCdXGxLouja4craLJE-139gFWME0RT0Q5_XBSDSxhkxr6PIRFE5dcy08dcvUNg9yqAAanxWuG45xbKmITi_3eRcbvodrdCJPseNDAMg74A7wRRJfRg2, CorrelationId:a8f6c113-612c-4d39-a7ab-0fdba20e120e, Elapsed:1487.0297, MemberName:PopulateVirtualEntitiesActualSource, SourceFilePath:C:\__w\1\s\Framework\Adxstudio.Xrm\Caching\VirtualEntitiesCacheHelper.cs, SourceLineNumber:125, Category:Application, Message:The web api getDataSourceId for virtual entity returned empty DataSourceId, ErrorCategory:ApplicationError",8000006b-0002-d700-b63f-84710c7967bb
2024-01-29T13:55:28,Error,site-85de4385-0987-4ae5-9917-b7715602956d-AUe,7e7bb2,638421333287133141,0,10548,191,"RequestData:, RequestPath:/_services/about, RequestExtension:, SessionId:, UserId:T11a6QdWUcUWSTSY_vvspe4EXDnixg8LDQeoTCdXGxLouja4craLJE-139gFWME0RT0Q5_XBSDSxhkxr6PIRFE5dcy08dcvUNg9yqAAanxWuG45xbKmITi_3eRcbvodrdCJPseNDAMg74A7wRRJfRg2, CorrelationId:a8f6c113-612c-4d39-a7ab-0fdba20e120e, Elapsed:1532.9865, MemberName:PopulateVirtualEntitiesActualSource, SourceFilePath:C:\__w\1\s\Framework\Adxstudio.Xrm\Caching\VirtualEntitiesCacheHelper.cs, SourceLineNumber:125, Category:Application, Message:The web api getDataSourceId for virtual entity returned empty DataSourceId, ErrorCategory:ApplicationError",8000006b-0002-d700-b63f-84710c7967bb
2024-01-29T13:55:28,Error,site-85de4385-0987-4ae5-9917-b7715602956d-AUe,7e7bb2,638421333287602440,0,10548,191,"RequestData:, RequestPath:/_services/about, RequestExtension:, SessionId:, UserId:T11a6QdWUcUWSTSY_vvspe4EXDnixg8LDQeoTCdXGxLouja4craLJE-139gFWME0RT0Q5_XBSDSxhkxr6PIRFE5dcy08dcvUNg9yqAAanxWuG45xbKmITi_3eRcbvodrdCJPseNDAMg74A7wRRJfRg2, CorrelationId:a8f6c113-612c-4d39-a7ab-0fdba20e120e, Elapsed:1574.198, MemberName:PopulateVirtualEntitiesActualSource, SourceFilePath:C:\__w\1\s\Framework\Adxstudio.Xrm\Caching\VirtualEntitiesCacheHelper.cs, SourceLineNumber:125, Category:Application, Message:The web api getDataSourceId for virtual entity returned empty DataSourceId, ErrorCategory:ApplicationError",8000006b-0002-d700-b63f-84710c7967bb
2024-01-29T13:55:28,Error,site-85de4385-0987-4ae5-9917-b7715602956d-AUe,7e7bb2,638421333288071205,0,10548,191,"RequestData:, RequestPath:/_services/about, RequestExtension:, SessionId:, UserId:T11a6QdWUcUWSTSY_vvspe4EXDnixg8LDQeoTCdXGxLouja4craLJE-139gFWME0RT0Q5_XBSDSxhkxr6PIRFE5dcy08dcvUNg9yqAAanxWuG45xbKmITi_3eRcbvodrdCJPseNDAMg74A7wRRJfRg2, CorrelationId:a8f6c113-612c-4d39-a7ab-0fdba20e120e, Elapsed:1615.6454, MemberName:PopulateVirtualEntitiesActualSource, SourceFilePath:C:\__w\1\s\Framework\Adxstudio.Xrm\Caching\VirtualEntitiesCacheHelper.cs, SourceLineNumber:125, Category:Application, Message:The web api getDataSourceId for virtual entity returned empty DataSourceId, ErrorCategory:ApplicationError",8000006b-0002-d700-b63f-84710c7967bb
2024-01-29T13:55:28,Error,site-85de4385-0987-4ae5-9917-b7715602956d-AUe,7e7bb2,638421333288539407,0,10548,191,"RequestData:, RequestPath:/_services/about, RequestExtension:, SessionId:, UserId:T11a6QdWUcUWSTSY_vvspe4EXDnixg8LDQeoTCdXGxLouja4craLJE-139gFWME0RT0Q5_XBSDSxhkxr6PIRFE5dcy08dcvUNg9yqAAanxWuG45xbKmITi_3eRcbvodrdCJPseNDAMg74A7wRRJfRg2, CorrelationId:a8f6c113-612c-4d39-a7ab-0fdba20e120e, Elapsed:1658.7017, MemberName:PopulateVirtualEntitiesActualSource, SourceFilePath:C:\__w\1\s\Framework\Adxstudio.Xrm\Caching\VirtualEntitiesCacheHelper.cs, SourceLineNumber:125, Category:Application, Message:The web api getDataSourceId for virtual entity returned empty DataSourceId, ErrorCategory:ApplicationError",8000006b-0002-d700-b63f-84710c7967bb
2024-01-29T13:55:28,Error,site-85de4385-0987-4ae5-9917-b7715602956d-AUe,7e7bb2,638421333288852473,0,10548,191,"RequestData:, RequestPath:/_services/about, RequestExtension:, SessionId:, UserId:T11a6QdWUcUWSTSY_vvspe4EXDnixg8LDQeoTCdXGxLouja4craLJE-139gFWME0RT0Q5_XBSDSxhkxr6PIRFE5dcy08dcvUNg9yqAAanxWuG45xbKmITi_3eRcbvodrdCJPseNDAMg74A7wRRJfRg2, CorrelationId:a8f6c113-612c-4d39-a7ab-0fdba20e120e, Elapsed:1700.8223, MemberName:PopulateVirtualEntitiesActualSource, SourceFilePath:C:\__w\1\s\Framework\Adxstudio.Xrm\Caching\VirtualEntitiesCacheHelper.cs, SourceLineNumber:125, Category:Application, Message:The web api getDataSourceId for virtual entity returned empty DataSourceId, ErrorCategory:ApplicationError",8000006b-0002-d700-b63f-84710c7967bb
2024-01-29T13:55:28,Error,site-85de4385-0987-4ae5-9917-b7715602956d-AUe,7e7bb2,638421333289320699,0,10548,191,"RequestData:, RequestPath:/_services/about, RequestExtension:, SessionId:, UserId:T11a6QdWUcUWSTSY_vvspe4EXDnixg8LDQeoTCdXGxLouja4craLJE-139gFWME0RT0Q5_XBSDSxhkxr6PIRFE5dcy08dcvUNg9yqAAanxWuG45xbKmITi_3eRcbvodrdCJPseNDAMg74A7wRRJfRg2, CorrelationId:a8f6c113-612c-4d39-a7ab-0fdba20e120e, Elapsed:1745.6516, MemberName:PopulateVirtualEntitiesActualSource, SourceFilePath:C:\__w\1\s\Framework\Adxstudio.Xrm\Caching\VirtualEntitiesCacheHelper.cs, SourceLineNumber:125, Category:Application, Message:The web api getDataSourceId for virtual entity returned empty DataSourceId, ErrorCategory:ApplicationError",8000006b-0002-d700-b63f-84710c7967bb
2024-01-29T13:55:28,Error,site-85de4385-0987-4ae5-9917-b7715602956d-AUe,7e7bb2,638421333289789449,0,10548,191,"RequestData:, RequestPath:/_services/about, RequestExtension:, SessionId:, UserId:T11a6QdWUcUWSTSY_vvspe4EXDnixg8LDQeoTCdXGxLouja4craLJE-139gFWME0RT0Q5_XBSDSxhkxr6PIRFE5dcy08dcvUNg9yqAAanxWuG45xbKmITi_3eRcbvodrdCJPseNDAMg74A7wRRJfRg2, CorrelationId:a8f6c113-612c-4d39-a7ab-0fdba20e120e, Elapsed:1787.7858, MemberName:PopulateVirtualEntitiesActualSource, SourceFilePath:C:\__w\1\s\Framework\Adxstudio.Xrm\Caching\VirtualEntitiesCacheHelper.cs, SourceLineNumber:125, Category:Application, Message:The web api getDataSourceId for virtual entity returned empty DataSourceId, ErrorCategory:ApplicationError",8000006b-0002-d700-b63f-84710c7967bb
2024-01-29T13:55:29,Error,site-85de4385-0987-4ae5-9917-b7715602956d-AUe,7e7bb2,638421333290101954,0,10548,191,"RequestData:, RequestPath:/_services/about, RequestExtension:, SessionId:, UserId:T11a6QdWUcUWSTSY_vvspe4EXDnixg8LDQeoTCdXGxLouja4craLJE-139gFWME0RT0Q5_XBSDSxhkxr6PIRFE5dcy08dcvUNg9yqAAanxWuG45xbKmITi_3eRcbvodrdCJPseNDAMg74A7wRRJfRg2, CorrelationId:a8f6c113-612c-4d39-a7ab-0fdba20e120e, Elapsed:1830.2942, MemberName:PopulateVirtualEntitiesActualSource, SourceFilePath:C:\__w\1\s\Framework\Adxstudio.Xrm\Caching\VirtualEntitiesCacheHelper.cs, SourceLineNumber:125, Category:Application, Message:The web api getDataSourceId for virtual entity returned empty DataSourceId, ErrorCategory:ApplicationError",8000006b-0002-d700-b63f-84710c7967bb
2024-01-29T13:55:29,Error,site-85de4385-0987-4ae5-9917-b7715602956d-AUe,7e7bb2,638421333290570717,0,10548,191,"RequestData:, RequestPath:/_services/about, RequestExtension:, SessionId:, UserId:T11a6QdWUcUWSTSY_vvspe4EXDnixg8LDQeoTCdXGxLouja4craLJE-139gFWME0RT0Q5_XBSDSxhkxr6PIRFE5dcy08dcvUNg9yqAAanxWuG45xbKmITi_3eRcbvodrdCJPseNDAMg74A7wRRJfRg2, CorrelationId:a8f6c113-612c-4d39-a7ab-0fdba20e120e, Elapsed:1874.1159, MemberName:PopulateVirtualEntitiesActualSource, SourceFilePath:C:\__w\1\s\Framework\Adxstudio.Xrm\Caching\VirtualEntitiesCacheHelper.cs, SourceLineNumber:125, Category:Application, Message:The web api getDataSourceId for virtual entity returned empty DataSourceId, ErrorCategory:ApplicationError",8000006b-0002-d700-b63f-84710c7967bb
2024-01-29T13:55:29,Error,site-85de4385-0987-4ae5-9917-b7715602956d-AUe,7e7bb2,638421333291039994,0,10548,191,"RequestData:, RequestPath:/_services/about, RequestExtension:, SessionId:, UserId:T11a6QdWUcUWSTSY_vvspe4EXDnixg8LDQeoTCdXGxLouja4craLJE-139gFWME0RT0Q5_XBSDSxhkxr6PIRFE5dcy08dcvUNg9yqAAanxWuG45xbKmITi_3eRcbvodrdCJPseNDAMg74A7wRRJfRg2, CorrelationId:a8f6c113-612c-4d39-a7ab-0fdba20e120e, Elapsed:1919.57, MemberName:PopulateVirtualEntitiesActualSource, SourceFilePath:C:\__w\1\s\Framework\Adxstudio.Xrm\Caching\VirtualEntitiesCacheHelper.cs, SourceLineNumber:125, Category:Application, Message:The web api getDataSourceId for virtual entity returned empty DataSourceId, ErrorCategory:ApplicationError",8000006b-0002-d700-b63f-84710c7967bb
2024-01-29T13:55:29,Error,site-85de4385-0987-4ae5-9917-b7715602956d-AUe,7e7bb2,638421333291508768,0,10548,191,"RequestData:, RequestPath:/_services/about, RequestExtension:, SessionId:, UserId:T11a6QdWUcUWSTSY_vvspe4EXDnixg8LDQeoTCdXGxLouja4craLJE-139gFWME0RT0Q5_XBSDSxhkxr6PIRFE5dcy08dcvUNg9yqAAanxWuG45xbKmITi_3eRcbvodrdCJPseNDAMg74A7wRRJfRg2, CorrelationId:a8f6c113-612c-4d39-a7ab-0fdba20e120e, Elapsed:1962.6796, MemberName:PopulateVirtualEntitiesActualSource, SourceFilePath:C:\__w\1\s\Framework\Adxstudio.Xrm\Caching\VirtualEntitiesCacheHelper.cs, SourceLineNumber:125, Category:Application, Message:The web api getDataSourceId for virtual entity returned empty DataSourceId, ErrorCategory:ApplicationError",8000006b-0002-d700-b63f-84710c7967bb
2024-01-29T13:55:29,Error,site-85de4385-0987-4ae5-9917-b7715602956d-AUe,7e7bb2,638421333291977807,0,10548,191,"RequestData:, RequestPath:/_services/about, RequestExtension:, SessionId:, UserId:T11a6QdWUcUWSTSY_vvspe4EXDnixg8LDQeoTCdXGxLouja4craLJE-139gFWME0RT0Q5_XBSDSxhkxr6PIRFE5dcy08dcvUNg9yqAAanxWuG45xbKmITi_3eRcbvodrdCJPseNDAMg74A7wRRJfRg2, CorrelationId:a8f6c113-612c-4d39-a7ab-0fdba20e120e, Elapsed:2008.7169, MemberName:PopulateVirtualEntitiesActualSource, SourceFilePath:C:\__w\1\s\Framework\Adxstudio.Xrm\Caching\VirtualEntitiesCacheHelper.cs, SourceLineNumber:125, Category:Application, Message:The web api getDataSourceId for virtual entity returned empty DataSourceId, ErrorCategory:ApplicationError",8000006b-0002-d700-b63f-84710c7967bb
2024-01-29T13:55:29,Error,site-85de4385-0987-4ae5-9917-b7715602956d-AUe,7e7bb2,638421333292446502,0,10548,191,"RequestData:, RequestPath:/_services/about, RequestExtension:, SessionId:, UserId:T11a6QdWUcUWSTSY_vvspe4EXDnixg8LDQeoTCdXGxLouja4craLJE-139gFWME0RT0Q5_XBSDSxhkxr6PIRFE5dcy08dcvUNg9yqAAanxWuG45xbKmITi_3eRcbvodrdCJPseNDAMg74A7wRRJfRg2, CorrelationId:a8f6c113-612c-4d39-a7ab-0fdba20e120e, Elapsed:2057.0462, MemberName:PopulateVirtualEntitiesActualSource, SourceFilePath:C:\__w\1\s\Framework\Adxstudio.Xrm\Caching\VirtualEntitiesCacheHelper.cs, SourceLineNumber:125, Category:Application, Message:The web api getDataSourceId for virtual entity returned empty DataSourceId, ErrorCategory:ApplicationError",8000006b-0002-d700-b63f-84710c7967bb
2024-01-29T13:55:29,Error,site-85de4385-0987-4ae5-9917-b7715602956d-AUe,7e7bb2,638421333292915268,0,10548,191,"RequestData:, RequestPath:/_services/about, RequestExtension:, SessionId:, UserId:T11a6QdWUcUWSTSY_vvspe4EXDnixg8LDQeoTCdXGxLouja4craLJE-139gFWME0RT0Q5_XBSDSxhkxr6PIRFE5dcy08dcvUNg9yqAAanxWuG45xbKmITi_3eRcbvodrdCJPseNDAMg74A7wRRJfRg2, CorrelationId:a8f6c113-612c-4d39-a7ab-0fdba20e120e, Elapsed:2099.8724, MemberName:PopulateVirtualEntitiesActualSource, SourceFilePath:C:\__w\1\s\Framework\Adxstudio.Xrm\Caching\VirtualEntitiesCacheHelper.cs, SourceLineNumber:125, Category:Application, Message:The web api getDataSourceId for virtual entity returned empty DataSourceId, ErrorCategory:ApplicationError",8000006b-0002-d700-b63f-84710c7967bb
2024-01-29T13:55:29,Error,site-85de4385-0987-4ae5-9917-b7715602956d-AUe,7e7bb2,638421333293384060,0,10548,191,"RequestData:, RequestPath:/_services/about, RequestExtension:, SessionId:, UserId:T11a6QdWUcUWSTSY_vvspe4EXDnixg8LDQeoTCdXGxLouja4craLJE-139gFWME0RT0Q5_XBSDSxhkxr6PIRFE5dcy08dcvUNg9yqAAanxWuG45xbKmITi_3eRcbvodrdCJPseNDAMg74A7wRRJfRg2, CorrelationId:a8f6c113-612c-4d39-a7ab-0fdba20e120e, Elapsed:2144.2468, MemberName:PopulateVirtualEntitiesActualSource, SourceFilePath:C:\__w\1\s\Framework\Adxstudio.Xrm\Caching\VirtualEntitiesCacheHelper.cs, SourceLineNumber:125, Category:Application, Message:The web api getDataSourceId for virtual entity returned empty DataSourceId, ErrorCategory:ApplicationError",8000006b-0002-d700-b63f-84710c7967bb
2024-01-29T13:55:29,Error,site-85de4385-0987-4ae5-9917-b7715602956d-AUe,7e7bb2,638421333293852564,0,10548,191,"RequestData:, RequestPath:/_services/about, RequestExtension:, SessionId:, UserId:T11a6QdWUcUWSTSY_vvspe4EXDnixg8LDQeoTCdXGxLouja4craLJE-139gFWME0RT0Q5_XBSDSxhkxr6PIRFE5dcy08dcvUNg9yqAAanxWuG45xbKmITi_3eRcbvodrdCJPseNDAMg74A7wRRJfRg2, CorrelationId:a8f6c113-612c-4d39-a7ab-0fdba20e120e, Elapsed:2199.54, MemberName:PopulateVirtualEntitiesActualSource, SourceFilePath:C:\__w\1\s\Framework\Adxstudio.Xrm\Caching\VirtualEntitiesCacheHelper.cs, SourceLineNumber:125, Category:Application, Message:The web api getDataSourceId for virtual entity returned empty DataSourceId, ErrorCategory:ApplicationError",8000006b-0002-d700-b63f-84710c7967bb
2024-01-29T13:55:29,Error,site-85de4385-0987-4ae5-9917-b7715602956d-AUe,7e7bb2,638421333294321581,0,10548,191,"RequestData:, RequestPath:/_services/about, RequestExtension:, SessionId:, UserId:T11a6QdWUcUWSTSY_vvspe4EXDnixg8LDQeoTCdXGxLouja4craLJE-139gFWME0RT0Q5_XBSDSxhkxr6PIRFE5dcy08dcvUNg9yqAAanxWuG45xbKmITi_3eRcbvodrdCJPseNDAMg74A7wRRJfRg2, CorrelationId:a8f6c113-612c-4d39-a7ab-0fdba20e120e, Elapsed:2243.8216, MemberName:PopulateVirtualEntitiesActualSource, SourceFilePath:C:\__w\1\s\Framework\Adxstudio.Xrm\Caching\VirtualEntitiesCacheHelper.cs, SourceLineNumber:125, Category:Application, Message:The web api getDataSourceId for virtual entity returned empty DataSourceId, ErrorCategory:ApplicationError",8000006b-0002-d700-b63f-84710c7967bb
2024-01-29T13:55:29,Error,site-85de4385-0987-4ae5-9917-b7715602956d-AUe,7e7bb2,638421333294946493,0,10548,191,"RequestData:, RequestPath:/_services/about, RequestExtension:, SessionId:, UserId:T11a6QdWUcUWSTSY_vvspe4EXDnixg8LDQeoTCdXGxLouja4craLJE-139gFWME0RT0Q5_XBSDSxhkxr6PIRFE5dcy08dcvUNg9yqAAanxWuG45xbKmITi_3eRcbvodrdCJPseNDAMg74A7wRRJfRg2, CorrelationId:a8f6c113-612c-4d39-a7ab-0fdba20e120e, Elapsed:2299.78, MemberName:PopulateVirtualEntitiesActualSource, SourceFilePath:C:\__w\1\s\Framework\Adxstudio.Xrm\Caching\VirtualEntitiesCacheHelper.cs, SourceLineNumber:125, Category:Application, Message:The web api getDataSourceId for virtual entity returned empty DataSourceId, ErrorCategory:ApplicationError",8000006b-0002-d700-b63f-84710c7967bb
2024-01-29T13:55:29,Error,site-85de4385-0987-4ae5-9917-b7715602956d-AUe,7e7bb2,638421333295259075,0,10548,191,"RequestData:, RequestPath:/_services/about, RequestExtension:, SessionId:, UserId:T11a6QdWUcUWSTSY_vvspe4EXDnixg8LDQeoTCdXGxLouja4craLJE-139gFWME0RT0Q5_XBSDSxhkxr6PIRFE5dcy08dcvUNg9yqAAanxWuG45xbKmITi_3eRcbvodrdCJPseNDAMg74A7wRRJfRg2, CorrelationId:a8f6c113-612c-4d39-a7ab-0fdba20e120e, Elapsed:2341.961, MemberName:PopulateVirtualEntitiesActualSource, SourceFilePath:C:\__w\1\s\Framework\Adxstudio.Xrm\Caching\VirtualEntitiesCacheHelper.cs, SourceLineNumber:125, Category:Application, Message:The web api getDataSourceId for virtual entity returned empty DataSourceId, ErrorCategory:ApplicationError",8000006b-0002-d700-b63f-84710c7967bb
2024-01-29T13:55:29,Error,site-85de4385-0987-4ae5-9917-b7715602956d-AUe,7e7bb2,638421333295727096,0,10548,191,"RequestData:, RequestPath:/_services/about, RequestExtension:, SessionId:, UserId:T11a6QdWUcUWSTSY_vvspe4EXDnixg8LDQeoTCdXGxLouja4craLJE-139gFWME0RT0Q5_XBSDSxhkxr6PIRFE5dcy08dcvUNg9yqAAanxWuG45xbKmITi_3eRcbvodrdCJPseNDAMg74A7wRRJfRg2, CorrelationId:a8f6c113-612c-4d39-a7ab-0fdba20e120e, Elapsed:2384.4557, MemberName:PopulateVirtualEntitiesActualSource, SourceFilePath:C:\__w\1\s\Framework\Adxstudio.Xrm\Caching\VirtualEntitiesCacheHelper.cs, SourceLineNumber:125, Category:Application, Message:The web api getDataSourceId for virtual entity returned empty DataSourceId, ErrorCategory:ApplicationError",8000006b-0002-d700-b63f-84710c7967bb
2024-01-29T13:55:29,Error,site-85de4385-0987-4ae5-9917-b7715602956d-AUe,7e7bb2,638421333296198889,0,10548,191,"RequestData:, RequestPath:/_services/about, RequestExtension:, SessionId:, UserId:T11a6QdWUcUWSTSY_vvspe4EXDnixg8LDQeoTCdXGxLouja4craLJE-139gFWME0RT0Q5_XBSDSxhkxr6PIRFE5dcy08dcvUNg9yqAAanxWuG45xbKmITi_3eRcbvodrdCJPseNDAMg74A7wRRJfRg2, CorrelationId:a8f6c113-612c-4d39-a7ab-0fdba20e120e, Elapsed:2427.1216, MemberName:PopulateVirtualEntitiesActualSource, SourceFilePath:C:\__w\1\s\Framework\Adxstudio.Xrm\Caching\VirtualEntitiesCacheHelper.cs, SourceLineNumber:125, Category:Application, Message:The web api getDataSourceId for virtual entity returned empty DataSourceId, ErrorCategory:ApplicationError",8000006b-0002-d700-b63f-84710c7967bb
2024-01-29T13:55:29,Error,site-85de4385-0987-4ae5-9917-b7715602956d-AUe,7e7bb2,638421333296664624,0,10548,191,"RequestData:, RequestPath:/_services/about, RequestExtension:, SessionId:, UserId:T11a6QdWUcUWSTSY_vvspe4EXDnixg8LDQeoTCdXGxLouja4craLJE-139gFWME0RT0Q5_XBSDSxhkxr6PIRFE5dcy08dcvUNg9yqAAanxWuG45xbKmITi_3eRcbvodrdCJPseNDAMg74A7wRRJfRg2, CorrelationId:a8f6c113-612c-4d39-a7ab-0fdba20e120e, Elapsed:2476.5756, MemberName:PopulateVirtualEntitiesActualSource, SourceFilePath:C:\__w\1\s\Framework\Adxstudio.Xrm\Caching\VirtualEntitiesCacheHelper.cs, SourceLineNumber:125, Category:Application, Message:The web api getDataSourceId for virtual entity returned empty DataSourceId, ErrorCategory:ApplicationError",8000006b-0002-d700-b63f-84710c7967bb
2024-01-29T13:55:29,Error,site-85de4385-0987-4ae5-9917-b7715602956d-AUe,7e7bb2,638421333297133904,0,10548,191,"RequestData:, RequestPath:/_services/about, RequestExtension:, SessionId:, UserId:T11a6QdWUcUWSTSY_vvspe4EXDnixg8LDQeoTCdXGxLouja4craLJE-139gFWME0RT0Q5_XBSDSxhkxr6PIRFE5dcy08dcvUNg9yqAAanxWuG45xbKmITi_3eRcbvodrdCJPseNDAMg74A7wRRJfRg2, CorrelationId:a8f6c113-612c-4d39-a7ab-0fdba20e120e, Elapsed:2520.1519, MemberName:PopulateVirtualEntitiesActualSource, SourceFilePath:C:\__w\1\s\Framework\Adxstudio.Xrm\Caching\VirtualEntitiesCacheHelper.cs, SourceLineNumber:125, Category:Application, Message:The web api getDataSourceId for virtual entity returned empty DataSourceId, ErrorCategory:ApplicationError",8000006b-0002-d700-b63f-84710c7967bb
2024-01-29T13:55:29,Error,site-85de4385-0987-4ae5-9917-b7715602956d-AUe,7e7bb2,638421333297446411,0,10548,191,"RequestData:, RequestPath:/_services/about, RequestExtension:, SessionId:, UserId:T11a6QdWUcUWSTSY_vvspe4EXDnixg8LDQeoTCdXGxLouja4craLJE-139gFWME0RT0Q5_XBSDSxhkxr6PIRFE5dcy08dcvUNg9yqAAanxWuG45xbKmITi_3eRcbvodrdCJPseNDAMg74A7wRRJfRg2, CorrelationId:a8f6c113-612c-4d39-a7ab-0fdba20e120e, Elapsed:2563.8878, MemberName:PopulateVirtualEntitiesActualSource, SourceFilePath:C:\__w\1\s\Framework\Adxstudio.Xrm\Caching\VirtualEntitiesCacheHelper.cs, SourceLineNumber:125, Category:Application, Message:The web api getDataSourceId for virtual entity returned empty DataSourceId, ErrorCategory:ApplicationError",8000006b-0002-d700-b63f-84710c7967bb
2024-01-29T13:55:29,Error,site-85de4385-0987-4ae5-9917-b7715602956d-AUe,7e7bb2,638421333297915165,0,10548,191,"RequestData:, RequestPath:/_services/about, RequestExtension:, SessionId:, UserId:T11a6QdWUcUWSTSY_vvspe4EXDnixg8LDQeoTCdXGxLouja4craLJE-139gFWME0RT0Q5_XBSDSxhkxr6PIRFE5dcy08dcvUNg9yqAAanxWuG45xbKmITi_3eRcbvodrdCJPseNDAMg74A7wRRJfRg2, CorrelationId:a8f6c113-612c-4d39-a7ab-0fdba20e120e, Elapsed:2608.2034, MemberName:PopulateVirtualEntitiesActualSource, SourceFilePath:C:\__w\1\s\Framework\Adxstudio.Xrm\Caching\VirtualEntitiesCacheHelper.cs, SourceLineNumber:125, Category:Application, Message:The web api getDataSourceId for virtual entity returned empty DataSourceId, ErrorCategory:ApplicationError",8000006b-0002-d700-b63f-84710c7967bb
2024-01-29T13:55:29,Error,site-85de4385-0987-4ae5-9917-b7715602956d-AUe,7e7bb2,638421333298383916,0,10548,191,"RequestData:, RequestPath:/_services/about, RequestExtension:, SessionId:, UserId:T11a6QdWUcUWSTSY_vvspe4EXDnixg8LDQeoTCdXGxLouja4craLJE-139gFWME0RT0Q5_XBSDSxhkxr6PIRFE5dcy08dcvUNg9yqAAanxWuG45xbKmITi_3eRcbvodrdCJPseNDAMg74A7wRRJfRg2, CorrelationId:a8f6c113-612c-4d39-a7ab-0fdba20e120e, Elapsed:2652.5299, MemberName:PopulateVirtualEntitiesActualSource, SourceFilePath:C:\__w\1\s\Framework\Adxstudio.Xrm\Caching\VirtualEntitiesCacheHelper.cs, SourceLineNumber:125, Category:Application, Message:The web api getDataSourceId for virtual entity returned empty DataSourceId, ErrorCategory:ApplicationError",8000006b-0002-d700-b63f-84710c7967bb
2024-01-29T13:55:29,Error,site-85de4385-0987-4ae5-9917-b7715602956d-AUe,7e7bb2,638421333298852721,0,10548,191,"RequestData:, RequestPath:/_services/about, RequestExtension:, SessionId:, UserId:T11a6QdWUcUWSTSY_vvspe4EXDnixg8LDQeoTCdXGxLouja4craLJE-139gFWME0RT0Q5_XBSDSxhkxr6PIRFE5dcy08dcvUNg9yqAAanxWuG45xbKmITi_3eRcbvodrdCJPseNDAMg74A7wRRJfRg2, CorrelationId:a8f6c113-612c-4d39-a7ab-0fdba20e120e, Elapsed:2696.638, MemberName:PopulateVirtualEntitiesActualSource, SourceFilePath:C:\__w\1\s\Framework\Adxstudio.Xrm\Caching\VirtualEntitiesCacheHelper.cs, SourceLineNumber:125, Category:Application, Message:The web api getDataSourceId for virtual entity returned empty DataSourceId, ErrorCategory:ApplicationError",8000006b-0002-d700-b63f-84710c7967bb
2024-01-29T13:55:29,Error,site-85de4385-0987-4ae5-9917-b7715602956d-AUe,7e7bb2,638421333299321449,0,10548,191,"RequestData:, RequestPath:/_services/about, RequestExtension:, SessionId:, UserId:T11a6QdWUcUWSTSY_vvspe4EXDnixg8LDQeoTCdXGxLouja4craLJE-139gFWME0RT0Q5_XBSDSxhkxr6PIRFE5dcy08dcvUNg9yqAAanxWuG45xbKmITi_3eRcbvodrdCJPseNDAMg74A7wRRJfRg2, CorrelationId:a8f6c113-612c-4d39-a7ab-0fdba20e120e, Elapsed:2743.9518, MemberName:PopulateVirtualEntitiesActualSource, SourceFilePath:C:\__w\1\s\Framework\Adxstudio.Xrm\Caching\VirtualEntitiesCacheHelper.cs, SourceLineNumber:125, Category:Application, Message:The web api getDataSourceId for virtual entity returned empty DataSourceId, ErrorCategory:ApplicationError",8000006b-0002-d700-b63f-84710c7967bb
2024-01-29T13:55:29,Error,site-85de4385-0987-4ae5-9917-b7715602956d-AUe,7e7bb2,638421333299790429,0,10548,191,"RequestData:, RequestPath:/_services/about, RequestExtension:, SessionId:, UserId:T11a6QdWUcUWSTSY_vvspe4EXDnixg8LDQeoTCdXGxLouja4craLJE-139gFWME0RT0Q5_XBSDSxhkxr6PIRFE5dcy08dcvUNg9yqAAanxWuG45xbKmITi_3eRcbvodrdCJPseNDAMg74A7wRRJfRg2, CorrelationId:a8f6c113-612c-4d39-a7ab-0fdba20e120e, Elapsed:2788.5988, MemberName:PopulateVirtualEntitiesActualSource, SourceFilePath:C:\__w\1\s\Framework\Adxstudio.Xrm\Caching\VirtualEntitiesCacheHelper.cs, SourceLineNumber:125, Category:Application, Message:The web api getDataSourceId for virtual entity returned empty DataSourceId, ErrorCategory:ApplicationError",8000006b-0002-d700-b63f-84710c7967bb
2024-01-29T13:55:30,Error,site-85de4385-0987-4ae5-9917-b7715602956d-AUe,7e7bb2,638421333300259236,0,10548,191,"RequestData:, RequestPath:/_services/about, RequestExtension:, SessionId:, UserId:T11a6QdWUcUWSTSY_vvspe4EXDnixg8LDQeoTCdXGxLouja4craLJE-139gFWME0RT0Q5_XBSDSxhkxr6PIRFE5dcy08dcvUNg9yqAAanxWuG45xbKmITi_3eRcbvodrdCJPseNDAMg74A7wRRJfRg2, CorrelationId:a8f6c113-612c-4d39-a7ab-0fdba20e120e, Elapsed:2837.8653, MemberName:PopulateVirtualEntitiesActualSource, SourceFilePath:C:\__w\1\s\Framework\Adxstudio.Xrm\Caching\VirtualEntitiesCacheHelper.cs, SourceLineNumber:125, Category:Application, Message:The web api getDataSourceId for virtual entity returned empty DataSourceId, ErrorCategory:ApplicationError",8000006b-0002-d700-b63f-84710c7967bb
2024-01-29T13:55:30,Error,site-85de4385-0987-4ae5-9917-b7715602956d-AUe,7e7bb2,638421333302134071,0,10548,191,"RequestData:, RequestPath:/_services/about, RequestExtension:, SessionId:, UserId:T11a6QdWUcUWSTSY_vvspe4EXDnixg8LDQeoTCdXGxLouja4craLJE-139gFWME0RT0Q5_XBSDSxhkxr6PIRFE5dcy08dcvUNg9yqAAanxWuG45xbKmITi_3eRcbvodrdCJPseNDAMg74A7wRRJfRg2, CorrelationId:a8f6c113-612c-4d39-a7ab-0fdba20e120e, Elapsed:3027.9504, MemberName:PopulateVirtualEntitiesActualSource, SourceFilePath:C:\__w\1\s\Framework\Adxstudio.Xrm\Caching\VirtualEntitiesCacheHelper.cs, SourceLineNumber:125, Category:Application, Message:The web api getDataSourceId for virtual entity returned empty DataSourceId, ErrorCategory:ApplicationError",8000006b-0002-d700-b63f-84710c7967bb
2024-01-29T13:55:30,Error,site-85de4385-0987-4ae5-9917-b7715602956d-AUe,7e7bb2,638421333302602242,0,10548,191,"RequestData:, RequestPath:/_services/about, RequestExtension:, SessionId:, UserId:T11a6QdWUcUWSTSY_vvspe4EXDnixg8LDQeoTCdXGxLouja4craLJE-139gFWME0RT0Q5_XBSDSxhkxr6PIRFE5dcy08dcvUNg9yqAAanxWuG45xbKmITi_3eRcbvodrdCJPseNDAMg74A7wRRJfRg2, CorrelationId:a8f6c113-612c-4d39-a7ab-0fdba20e120e, Elapsed:3074.0107, MemberName:PopulateVirtualEntitiesActualSource, SourceFilePath:C:\__w\1\s\Framework\Adxstudio.Xrm\Caching\VirtualEntitiesCacheHelper.cs, SourceLineNumber:125, Category:Application, Message:The web api getDataSourceId for virtual entity returned empty DataSourceId, ErrorCategory:ApplicationError",8000006b-0002-d700-b63f-84710c7967bb
2024-01-29T13:55:30,Error,site-85de4385-0987-4ae5-9917-b7715602956d-AUe,7e7bb2,638421333303071693,0,10548,191,"RequestData:, RequestPath:/_services/about, RequestExtension:, SessionId:, UserId:T11a6QdWUcUWSTSY_vvspe4EXDnixg8LDQeoTCdXGxLouja4craLJE-139gFWME0RT0Q5_XBSDSxhkxr6PIRFE5dcy08dcvUNg9yqAAanxWuG45xbKmITi_3eRcbvodrdCJPseNDAMg74A7wRRJfRg2, CorrelationId:a8f6c113-612c-4d39-a7ab-0fdba20e120e, Elapsed:3117.6307, MemberName:PopulateVirtualEntitiesActualSource, SourceFilePath:C:\__w\1\s\Framework\Adxstudio.Xrm\Caching\VirtualEntitiesCacheHelper.cs, SourceLineNumber:125, Category:Application, Message:The web api getDataSourceId for virtual entity returned empty DataSourceId, ErrorCategory:ApplicationError",8000006b-0002-d700-b63f-84710c7967bb
2024-01-29T13:55:30,Error,site-85de4385-0987-4ae5-9917-b7715602956d-AUe,7e7bb2,638421333303540270,0,10548,191,"RequestData:, RequestPath:/_services/about, RequestExtension:, SessionId:, UserId:T11a6QdWUcUWSTSY_vvspe4EXDnixg8LDQeoTCdXGxLouja4craLJE-139gFWME0RT0Q5_XBSDSxhkxr6PIRFE5dcy08dcvUNg9yqAAanxWuG45xbKmITi_3eRcbvodrdCJPseNDAMg74A7wRRJfRg2, CorrelationId:a8f6c113-612c-4d39-a7ab-0fdba20e120e, Elapsed:3161.504, MemberName:PopulateVirtualEntitiesActualSource, SourceFilePath:C:\__w\1\s\Framework\Adxstudio.Xrm\Caching\VirtualEntitiesCacheHelper.cs, SourceLineNumber:125, Category:Application, Message:The web api getDataSourceId for virtual entity returned empty DataSourceId, ErrorCategory:ApplicationError",8000006b-0002-d700-b63f-84710c7967bb
2024-01-29T13:55:30,Error,site-85de4385-0987-4ae5-9917-b7715602956d-AUe,7e7bb2,638421333304009291,0,10548,191,"RequestData:, RequestPath:/_services/about, RequestExtension:, SessionId:, UserId:T11a6QdWUcUWSTSY_vvspe4EXDnixg8LDQeoTCdXGxLouja4craLJE-139gFWME0RT0Q5_XBSDSxhkxr6PIRFE5dcy08dcvUNg9yqAAanxWuG45xbKmITi_3eRcbvodrdCJPseNDAMg74A7wRRJfRg2, CorrelationId:a8f6c113-612c-4d39-a7ab-0fdba20e120e, Elapsed:3208.4531, MemberName:PopulateVirtualEntitiesActualSource, SourceFilePath:C:\__w\1\s\Framework\Adxstudio.Xrm\Caching\VirtualEntitiesCacheHelper.cs, SourceLineNumber:125, Category:Application, Message:The web api getDataSourceId for virtual entity returned empty DataSourceId, ErrorCategory:ApplicationError",8000006b-0002-d700-b63f-84710c7967bb
2024-01-29T13:55:30,Error,site-85de4385-0987-4ae5-9917-b7715602956d-AUe,7e7bb2,638421333304478036,0,10548,191,"RequestData:, RequestPath:/_services/about, RequestExtension:, SessionId:, UserId:T11a6QdWUcUWSTSY_vvspe4EXDnixg8LDQeoTCdXGxLouja4craLJE-139gFWME0RT0Q5_XBSDSxhkxr6PIRFE5dcy08dcvUNg9yqAAanxWuG45xbKmITi_3eRcbvodrdCJPseNDAMg74A7wRRJfRg2, CorrelationId:a8f6c113-612c-4d39-a7ab-0fdba20e120e, Elapsed:3256.6887, MemberName:PopulateVirtualEntitiesActualSource, SourceFilePath:C:\__w\1\s\Framework\Adxstudio.Xrm\Caching\VirtualEntitiesCacheHelper.cs, SourceLineNumber:125, Category:Application, Message:The web api getDataSourceId for virtual entity returned empty DataSourceId, ErrorCategory:ApplicationError",8000006b-0002-d700-b63f-84710c7967bb
2024-01-29T13:55:30,Error,site-85de4385-0987-4ae5-9917-b7715602956d-AUe,7e7bb2,638421333304946041,0,10548,191,"RequestData:, RequestPath:/_services/about, RequestExtension:, SessionId:, UserId:T11a6QdWUcUWSTSY_vvspe4EXDnixg8LDQeoTCdXGxLouja4craLJE-139gFWME0RT0Q5_XBSDSxhkxr6PIRFE5dcy08dcvUNg9yqAAanxWuG45xbKmITi_3eRcbvodrdCJPseNDAMg74A7wRRJfRg2, CorrelationId:a8f6c113-612c-4d39-a7ab-0fdba20e120e, Elapsed:3302.9138, MemberName:PopulateVirtualEntitiesActualSource, SourceFilePath:C:\__w\1\s\Framework\Adxstudio.Xrm\Caching\VirtualEntitiesCacheHelper.cs, SourceLineNumber:125, Category:Application, Message:The web api getDataSourceId for virtual entity returned empty DataSourceId, ErrorCategory:ApplicationError",8000006b-0002-d700-b63f-84710c7967bb
2024-01-29T13:55:30,Error,site-85de4385-0987-4ae5-9917-b7715602956d-AUe,7e7bb2,638421333305415471,0,10548,191,"RequestData:, RequestPath:/_services/about, RequestExtension:, SessionId:, UserId:T11a6QdWUcUWSTSY_vvspe4EXDnixg8LDQeoTCdXGxLouja4craLJE-139gFWME0RT0Q5_XBSDSxhkxr6PIRFE5dcy08dcvUNg9yqAAanxWuG45xbKmITi_3eRcbvodrdCJPseNDAMg74A7wRRJfRg2, CorrelationId:a8f6c113-612c-4d39-a7ab-0fdba20e120e, Elapsed:3350.2124, MemberName:PopulateVirtualEntitiesActualSource, SourceFilePath:C:\__w\1\s\Framework\Adxstudio.Xrm\Caching\VirtualEntitiesCacheHelper.cs, SourceLineNumber:125, Category:Application, Message:The web api getDataSourceId for virtual entity returned empty DataSourceId, ErrorCategory:ApplicationError",8000006b-0002-d700-b63f-84710c7967bb
2024-01-29T13:55:30,Error,site-85de4385-0987-4ae5-9917-b7715602956d-AUe,7e7bb2,638421333305884089,0,10548,191,"RequestData:, RequestPath:/_services/about, RequestExtension:, SessionId:, UserId:T11a6QdWUcUWSTSY_vvspe4EXDnixg8LDQeoTCdXGxLouja4craLJE-139gFWME0RT0Q5_XBSDSxhkxr6PIRFE5dcy08dcvUNg9yqAAanxWuG45xbKmITi_3eRcbvodrdCJPseNDAMg74A7wRRJfRg2, CorrelationId:a8f6c113-612c-4d39-a7ab-0fdba20e120e, Elapsed:3400.2735, MemberName:PopulateVirtualEntitiesActualSource, SourceFilePath:C:\__w\1\s\Framework\Adxstudio.Xrm\Caching\VirtualEntitiesCacheHelper.cs, SourceLineNumber:125, Category:Application, Message:The web api getDataSourceId for virtual entity returned empty DataSourceId, ErrorCategory:ApplicationError",8000006b-0002-d700-b63f-84710c7967bb
2024-01-29T13:55:30,Error,site-85de4385-0987-4ae5-9917-b7715602956d-AUe,7e7bb2,638421333306353658,0,10548,191,"RequestData:, RequestPath:/_services/about, RequestExtension:, SessionId:, UserId:T11a6QdWUcUWSTSY_vvspe4EXDnixg8LDQeoTCdXGxLouja4craLJE-139gFWME0RT0Q5_XBSDSxhkxr6PIRFE5dcy08dcvUNg9yqAAanxWuG45xbKmITi_3eRcbvodrdCJPseNDAMg74A7wRRJfRg2, CorrelationId:a8f6c113-612c-4d39-a7ab-0fdba20e120e, Elapsed:3445.1048, MemberName:PopulateVirtualEntitiesActualSource, SourceFilePath:C:\__w\1\s\Framework\Adxstudio.Xrm\Caching\VirtualEntitiesCacheHelper.cs, SourceLineNumber:125, Category:Application, Message:The web api getDataSourceId for virtual entity returned empty DataSourceId, ErrorCategory:ApplicationError",8000006b-0002-d700-b63f-84710c7967bb
2024-01-29T13:55:30,Error,site-85de4385-0987-4ae5-9917-b7715602956d-AUe,7e7bb2,638421333306821835,0,10548,191,"RequestData:, RequestPath:/_services/about, RequestExtension:, SessionId:, UserId:T11a6QdWUcUWSTSY_vvspe4EXDnixg8LDQeoTCdXGxLouja4craLJE-139gFWME0RT0Q5_XBSDSxhkxr6PIRFE5dcy08dcvUNg9yqAAanxWuG45xbKmITi_3eRcbvodrdCJPseNDAMg74A7wRRJfRg2, CorrelationId:a8f6c113-612c-4d39-a7ab-0fdba20e120e, Elapsed:3491.0884, MemberName:PopulateVirtualEntitiesActualSource, SourceFilePath:C:\__w\1\s\Framework\Adxstudio.Xrm\Caching\VirtualEntitiesCacheHelper.cs, SourceLineNumber:125, Category:Application, Message:The web api getDataSourceId for virtual entity returned empty DataSourceId, ErrorCategory:ApplicationError",8000006b-0002-d700-b63f-84710c7967bb
2024-01-29T13:55:30,Error,site-85de4385-0987-4ae5-9917-b7715602956d-AUe,7e7bb2,638421333307759116,0,10548,191,"RequestData:, RequestPath:/_services/about, RequestExtension:, SessionId:, UserId:T11a6QdWUcUWSTSY_vvspe4EXDnixg8LDQeoTCdXGxLouja4craLJE-139gFWME0RT0Q5_XBSDSxhkxr6PIRFE5dcy08dcvUNg9yqAAanxWuG45xbKmITi_3eRcbvodrdCJPseNDAMg74A7wRRJfRg2, CorrelationId:a8f6c113-612c-4d39-a7ab-0fdba20e120e, Elapsed:3584.2154, MemberName:PopulateVirtualEntitiesActualSource, SourceFilePath:C:\__w\1\s\Framework\Adxstudio.Xrm\Caching\VirtualEntitiesCacheHelper.cs, SourceLineNumber:125, Category:Application, Message:The web api getDataSourceId for virtual entity returned empty DataSourceId, ErrorCategory:ApplicationError",8000006b-0002-d700-b63f-84710c7967bb
2024-01-29T13:55:30,Error,site-85de4385-0987-4ae5-9917-b7715602956d-AUe,7e7bb2,638421333308227879,0,10548,191,"RequestData:, RequestPath:/_services/about, RequestExtension:, SessionId:, UserId:T11a6QdWUcUWSTSY_vvspe4EXDnixg8LDQeoTCdXGxLouja4craLJE-139gFWME0RT0Q5_XBSDSxhkxr6PIRFE5dcy08dcvUNg9yqAAanxWuG45xbKmITi_3eRcbvodrdCJPseNDAMg74A7wRRJfRg2, CorrelationId:a8f6c113-612c-4d39-a7ab-0fdba20e120e, Elapsed:3631.7496, MemberName:PopulateVirtualEntitiesActualSource, SourceFilePath:C:\__w\1\s\Framework\Adxstudio.Xrm\Caching\VirtualEntitiesCacheHelper.cs, SourceLineNumber:125, Category:Application, Message:The web api getDataSourceId for virtual entity returned empty DataSourceId, ErrorCategory:ApplicationError",8000006b-0002-d700-b63f-84710c7967bb
2024-01-29T13:55:30,Error,site-85de4385-0987-4ae5-9917-b7715602956d-AUe,7e7bb2,638421333308696649,0,10548,191,"RequestData:, RequestPath:/_services/about, RequestExtension:, SessionId:, UserId:T11a6QdWUcUWSTSY_vvspe4EXDnixg8LDQeoTCdXGxLouja4craLJE-139gFWME0RT0Q5_XBSDSxhkxr6PIRFE5dcy08dcvUNg9yqAAanxWuG45xbKmITi_3eRcbvodrdCJPseNDAMg74A7wRRJfRg2, CorrelationId:a8f6c113-612c-4d39-a7ab-0fdba20e120e, Elapsed:3676.8942, MemberName:PopulateVirtualEntitiesActualSource, SourceFilePath:C:\__w\1\s\Framework\Adxstudio.Xrm\Caching\VirtualEntitiesCacheHelper.cs, SourceLineNumber:125, Category:Application, Message:The web api getDataSourceId for virtual entity returned empty DataSourceId, ErrorCategory:ApplicationError",8000006b-0002-d700-b63f-84710c7967bb
2024-01-29T13:55:30,Error,site-85de4385-0987-4ae5-9917-b7715602956d-AUe,7e7bb2,638421333309165381,0,10548,191,"RequestData:, RequestPath:/_services/about, RequestExtension:, SessionId:, UserId:T11a6QdWUcUWSTSY_vvspe4EXDnixg8LDQeoTCdXGxLouja4craLJE-139gFWME0RT0Q5_XBSDSxhkxr6PIRFE5dcy08dcvUNg9yqAAanxWuG45xbKmITi_3eRcbvodrdCJPseNDAMg74A7wRRJfRg2, CorrelationId:a8f6c113-612c-4d39-a7ab-0fdba20e120e, Elapsed:3723.2817, MemberName:PopulateVirtualEntitiesActualSource, SourceFilePath:C:\__w\1\s\Framework\Adxstudio.Xrm\Caching\VirtualEntitiesCacheHelper.cs, SourceLineNumber:125, Category:Application, Message:The web api getDataSourceId for virtual entity returned empty DataSourceId, ErrorCategory:ApplicationError",8000006b-0002-d700-b63f-84710c7967bb
2024-01-29T13:55:30,Error,site-85de4385-0987-4ae5-9917-b7715602956d-AUe,7e7bb2,638421333309634413,0,10548,191,"RequestData:, RequestPath:/_services/about, RequestExtension:, SessionId:, UserId:T11a6QdWUcUWSTSY_vvspe4EXDnixg8LDQeoTCdXGxLouja4craLJE-139gFWME0RT0Q5_XBSDSxhkxr6PIRFE5dcy08dcvUNg9yqAAanxWuG45xbKmITi_3eRcbvodrdCJPseNDAMg74A7wRRJfRg2, CorrelationId:a8f6c113-612c-4d39-a7ab-0fdba20e120e, Elapsed:3769.0985, MemberName:PopulateVirtualEntitiesActualSource, SourceFilePath:C:\__w\1\s\Framework\Adxstudio.Xrm\Caching\VirtualEntitiesCacheHelper.cs, SourceLineNumber:125, Category:Application, Message:The web api getDataSourceId for virtual entity returned empty DataSourceId, ErrorCategory:ApplicationError",8000006b-0002-d700-b63f-84710c7967bb
2024-01-29T13:55:31,Error,site-85de4385-0987-4ae5-9917-b7715602956d-AUe,7e7bb2,638421333310102952,0,10548,191,"RequestData:, RequestPath:/_services/about, RequestExtension:, SessionId:, UserId:T11a6QdWUcUWSTSY_vvspe4EXDnixg8LDQeoTCdXGxLouja4craLJE-139gFWME0RT0Q5_XBSDSxhkxr6PIRFE5dcy08dcvUNg9yqAAanxWuG45xbKmITi_3eRcbvodrdCJPseNDAMg74A7wRRJfRg2, CorrelationId:a8f6c113-612c-4d39-a7ab-0fdba20e120e, Elapsed:3815.6144, MemberName:PopulateVirtualEntitiesActualSource, SourceFilePath:C:\__w\1\s\Framework\Adxstudio.Xrm\Caching\VirtualEntitiesCacheHelper.cs, SourceLineNumber:125, Category:Application, Message:The web api getDataSourceId for virtual entity returned empty DataSourceId, ErrorCategory:ApplicationError",8000006b-0002-d700-b63f-84710c7967bb
2024-01-29T13:55:31,Error,site-85de4385-0987-4ae5-9917-b7715602956d-AUe,7e7bb2,638421333310415672,0,10548,191,"RequestData:, RequestPath:/_services/about, RequestExtension:, SessionId:, UserId:T11a6QdWUcUWSTSY_vvspe4EXDnixg8LDQeoTCdXGxLouja4craLJE-139gFWME0RT0Q5_XBSDSxhkxr6PIRFE5dcy08dcvUNg9yqAAanxWuG45xbKmITi_3eRcbvodrdCJPseNDAMg74A7wRRJfRg2, CorrelationId:a8f6c113-612c-4d39-a7ab-0fdba20e120e, Elapsed:3859.4306, MemberName:PopulateVirtualEntitiesActualSource, SourceFilePath:C:\__w\1\s\Framework\Adxstudio.Xrm\Caching\VirtualEntitiesCacheHelper.cs, SourceLineNumber:125, Category:Application, Message:The web api getDataSourceId for virtual entity returned empty DataSourceId, ErrorCategory:ApplicationError",8000006b-0002-d700-b63f-84710c7967bb
2024-01-29T13:55:31,Error,site-85de4385-0987-4ae5-9917-b7715602956d-AUe,7e7bb2,638421333311039965,0,10548,191,"RequestData:, RequestPath:/_services/about, RequestExtension:, SessionId:, UserId:T11a6QdWUcUWSTSY_vvspe4EXDnixg8LDQeoTCdXGxLouja4craLJE-139gFWME0RT0Q5_XBSDSxhkxr6PIRFE5dcy08dcvUNg9yqAAanxWuG45xbKmITi_3eRcbvodrdCJPseNDAMg74A7wRRJfRg2, CorrelationId:a8f6c113-612c-4d39-a7ab-0fdba20e120e, Elapsed:3908.971, MemberName:PopulateVirtualEntitiesActualSource, SourceFilePath:C:\__w\1\s\Framework\Adxstudio.Xrm\Caching\VirtualEntitiesCacheHelper.cs, SourceLineNumber:125, Category:Application, Message:The web api getDataSourceId for virtual entity returned empty DataSourceId, ErrorCategory:ApplicationError",8000006b-0002-d700-b63f-84710c7967bb
2024-01-29T13:55:31,Error,site-85de4385-0987-4ae5-9917-b7715602956d-AUe,7e7bb2,638421333311508729,0,10548,191,"RequestData:, RequestPath:/_services/about, RequestExtension:, SessionId:, UserId:T11a6QdWUcUWSTSY_vvspe4EXDnixg8LDQeoTCdXGxLouja4craLJE-139gFWME0RT0Q5_XBSDSxhkxr6PIRFE5dcy08dcvUNg9yqAAanxWuG45xbKmITi_3eRcbvodrdCJPseNDAMg74A7wRRJfRg2, CorrelationId:a8f6c113-612c-4d39-a7ab-0fdba20e120e, Elapsed:3958.0558, MemberName:PopulateVirtualEntitiesActualSource, SourceFilePath:C:\__w\1\s\Framework\Adxstudio.Xrm\Caching\VirtualEntitiesCacheHelper.cs, SourceLineNumber:125, Category:Application, Message:The web api getDataSourceId for virtual entity returned empty DataSourceId, ErrorCategory:ApplicationError",8000006b-0002-d700-b63f-84710c7967bb
2024-01-29T13:55:31,Error,site-85de4385-0987-4ae5-9917-b7715602956d-AUe,7e7bb2,638421333311977483,0,10548,191,"RequestData:, RequestPath:/_services/about, RequestExtension:, SessionId:, UserId:T11a6QdWUcUWSTSY_vvspe4EXDnixg8LDQeoTCdXGxLouja4craLJE-139gFWME0RT0Q5_XBSDSxhkxr6PIRFE5dcy08dcvUNg9yqAAanxWuG45xbKmITi_3eRcbvodrdCJPseNDAMg74A7wRRJfRg2, CorrelationId:a8f6c113-612c-4d39-a7ab-0fdba20e120e, Elapsed:4009.8011, MemberName:PopulateVirtualEntitiesActualSource, SourceFilePath:C:\__w\1\s\Framework\Adxstudio.Xrm\Caching\VirtualEntitiesCacheHelper.cs, SourceLineNumber:125, Category:Application, Message:The web api getDataSourceId for virtual entity returned empty DataSourceId, ErrorCategory:ApplicationError",8000006b-0002-d700-b63f-84710c7967bb
