date,level,applicationName,instanceId,eventTickCount,eventId,pid,tid,message,activityId
2024-02-12T09:25:15,Error,site-85de4385-0987-4ae5-9917-b7715602956d-AUe,7e7bb2,638433267155062913,0,35932,145,"RequestData:, RequestPath:/_services/about, RequestExtension:, SessionId:, UserId:11KWF1WrQ_tOMl5DlpeZnSoPNKbiZYXYy0Achvoju_qSiCPHVw0m4TqnEYVqJGa3sdJ7NpPSSZCWa2pD3fj3S8JpGxJev7y9HjAPKUeGJ_zzhmTaX0VdNvTf9r324dYTB7jRLYOcv5eAaWvdLL-hLA2, CorrelationId:24b3557f-beee-4182-b57b-dea5ec93cd58, Elapsed:145.3775, MemberName:PopulateVirtualEntitiesActualSource, SourceFilePath:C:\__w\1\s\Framework\Adxstudio.Xrm\Caching\VirtualEntitiesCacheHelper.cs, SourceLineNumber:125, Category:Application, Message:The web api getDataSourceId for virtual entity returned empty DataSourceId, ErrorCategory:ApplicationError",800207a5-0000-fc00-b63f-84710c7967bb
2024-02-12T09:25:15,Error,site-85de4385-0987-4ae5-9917-b7715602956d-AUe,7e7bb2,638433267155688403,0,35932,145,"RequestData:, RequestPath:/_services/about, RequestExtension:, SessionId:, UserId:11KWF1WrQ_tOMl5DlpeZnSoPNKbiZYXYy0Achvoju_qSiCPHVw0m4TqnEYVqJGa3sdJ7NpPSSZCWa2pD3fj3S8JpGxJev7y9HjAPKUeGJ_zzhmTaX0VdNvTf9r324dYTB7jRLYOcv5eAaWvdLL-hLA2, CorrelationId:24b3557f-beee-4182-b57b-dea5ec93cd58, Elapsed:207.1132, MemberName:PopulateVirtualEntitiesActualSource, SourceFilePath:C:\__w\1\s\Framework\Adxstudio.Xrm\Caching\VirtualEntitiesCacheHelper.cs, SourceLineNumber:125, Category:Application, Message:The web api getDataSourceId for virtual entity returned empty DataSourceId, ErrorCategory:ApplicationError",800207a5-0000-fc00-b63f-84710c7967bb
2024-02-12T09:25:15,Error,site-85de4385-0987-4ae5-9917-b7715602956d-AUe,7e7bb2,638433267156313708,0,35932,145,"RequestData:, RequestPath:/_services/about, RequestExtension:, SessionId:, UserId:11KWF1WrQ_tOMl5DlpeZnSoPNKbiZYXYy0Achvoju_qSiCPHVw0m4TqnEYVqJGa3sdJ7NpPSSZCWa2pD3fj3S8JpGxJev7y9HjAPKUeGJ_zzhmTaX0VdNvTf9r324dYTB7jRLYOcv5eAaWvdLL-hLA2, CorrelationId:24b3557f-beee-4182-b57b-dea5ec93cd58, Elapsed:270.6982, MemberName:PopulateVirtualEntitiesActualSource, SourceFilePath:C:\__w\1\s\Framework\Adxstudio.Xrm\Caching\VirtualEntitiesCacheHelper.cs, SourceLineNumber:125, Category:Application, Message:The web api getDataSourceId for virtual entity returned empty DataSourceId, ErrorCategory:ApplicationError",800207a5-0000-fc00-b63f-84710c7967bb
2024-02-12T09:25:15,Error,site-85de4385-0987-4ae5-9917-b7715602956d-AUe,7e7bb2,638433267157094856,0,35932,145,"RequestData:, RequestPath:/_services/about, RequestExtension:, SessionId:, UserId:11KWF1WrQ_tOMl5DlpeZnSoPNKbiZYXYy0Achvoju_qSiCPHVw0m4TqnEYVqJGa3sdJ7NpPSSZCWa2pD3fj3S8JpGxJev7y9HjAPKUeGJ_zzhmTaX0VdNvTf9r324dYTB7jRLYOcv5eAaWvdLL-hLA2, CorrelationId:24b3557f-beee-4182-b57b-dea5ec93cd58, Elapsed:334.0754, MemberName:PopulateVirtualEntitiesActualSource, SourceFilePath:C:\__w\1\s\Framework\Adxstudio.Xrm\Caching\VirtualEntitiesCacheHelper.cs, SourceLineNumber:125, Category:Application, Message:The web api getDataSourceId for virtual entity returned empty DataSourceId, ErrorCategory:ApplicationError",800207a5-0000-fc00-b63f-84710c7967bb
2024-02-12T09:25:15,Error,site-85de4385-0987-4ae5-9917-b7715602956d-AUe,7e7bb2,638433267157719961,0,35932,145,"RequestData:, RequestPath:/_services/about, RequestExtension:, SessionId:, UserId:11KWF1WrQ_tOMl5DlpeZnSoPNKbiZYXYy0Achvoju_qSiCPHVw0m4TqnEYVqJGa3sdJ7NpPSSZCWa2pD3fj3S8JpGxJev7y9HjAPKUeGJ_zzhmTaX0VdNvTf9r324dYTB7jRLYOcv5eAaWvdLL-hLA2, CorrelationId:24b3557f-beee-4182-b57b-dea5ec93cd58, Elapsed:397.4564, MemberName:PopulateVirtualEntitiesActualSource, SourceFilePath:C:\__w\1\s\Framework\Adxstudio.Xrm\Caching\VirtualEntitiesCacheHelper.cs, SourceLineNumber:125, Category:Application, Message:The web api getDataSourceId for virtual entity returned empty DataSourceId, ErrorCategory:ApplicationError",800207a5-0000-fc00-b63f-84710c7967bb
2024-02-12T09:25:15,Error,site-85de4385-0987-4ae5-9917-b7715602956d-AUe,7e7bb2,638433267158344328,0,35932,145,"RequestData:, RequestPath:/_services/about, RequestExtension:, SessionId:, UserId:11KWF1WrQ_tOMl5DlpeZnSoPNKbiZYXYy0Achvoju_qSiCPHVw0m4TqnEYVqJGa3sdJ7NpPSSZCWa2pD3fj3S8JpGxJev7y9HjAPKUeGJ_zzhmTaX0VdNvTf9r324dYTB7jRLYOcv5eAaWvdLL-hLA2, CorrelationId:24b3557f-beee-4182-b57b-dea5ec93cd58, Elapsed:458.9474, MemberName:PopulateVirtualEntitiesActualSource, SourceFilePath:C:\__w\1\s\Framework\Adxstudio.Xrm\Caching\VirtualEntitiesCacheHelper.cs, SourceLineNumber:125, Category:Application, Message:The web api getDataSourceId for virtual entity returned empty DataSourceId, ErrorCategory:ApplicationError",800207a5-0000-fc00-b63f-84710c7967bb
2024-02-12T09:25:15,Error,site-85de4385-0987-4ae5-9917-b7715602956d-AUe,7e7bb2,638433267159594719,0,35932,145,"RequestData:, RequestPath:/_services/about, RequestExtension:, SessionId:, UserId:11KWF1WrQ_tOMl5DlpeZnSoPNKbiZYXYy0Achvoju_qSiCPHVw0m4TqnEYVqJGa3sdJ7NpPSSZCWa2pD3fj3S8JpGxJev7y9HjAPKUeGJ_zzhmTaX0VdNvTf9r324dYTB7jRLYOcv5eAaWvdLL-hLA2, CorrelationId:24b3557f-beee-4182-b57b-dea5ec93cd58, Elapsed:586.1728, MemberName:PopulateVirtualEntitiesActualSource, SourceFilePath:C:\__w\1\s\Framework\Adxstudio.Xrm\Caching\VirtualEntitiesCacheHelper.cs, SourceLineNumber:125, Category:Application, Message:The web api getDataSourceId for virtual entity returned empty DataSourceId, ErrorCategory:ApplicationError",800207a5-0000-fc00-b63f-84710c7967bb
2024-02-12T09:25:16,Error,site-85de4385-0987-4ae5-9917-b7715602956d-AUe,7e7bb2,638433267160219242,0,35932,145,"RequestData:, RequestPath:/_services/about, RequestExtension:, SessionId:, UserId:11KWF1WrQ_tOMl5DlpeZnSoPNKbiZYXYy0Achvoju_qSiCPHVw0m4TqnEYVqJGa3sdJ7NpPSSZCWa2pD3fj3S8JpGxJev7y9HjAPKUeGJ_zzhmTaX0VdNvTf9r324dYTB7jRLYOcv5eAaWvdLL-hLA2, CorrelationId:24b3557f-beee-4182-b57b-dea5ec93cd58, Elapsed:648.9411, MemberName:PopulateVirtualEntitiesActualSource, SourceFilePath:C:\__w\1\s\Framework\Adxstudio.Xrm\Caching\VirtualEntitiesCacheHelper.cs, SourceLineNumber:125, Category:Application, Message:The web api getDataSourceId for virtual entity returned empty DataSourceId, ErrorCategory:ApplicationError",800207a5-0000-fc00-b63f-84710c7967bb
2024-02-12T09:25:16,Error,site-85de4385-0987-4ae5-9917-b7715602956d-AUe,7e7bb2,638433267160845332,0,35932,145,"RequestData:, RequestPath:/_services/about, RequestExtension:, SessionId:, UserId:11KWF1WrQ_tOMl5DlpeZnSoPNKbiZYXYy0Achvoju_qSiCPHVw0m4TqnEYVqJGa3sdJ7NpPSSZCWa2pD3fj3S8JpGxJev7y9HjAPKUeGJ_zzhmTaX0VdNvTf9r324dYTB7jRLYOcv5eAaWvdLL-hLA2, CorrelationId:24b3557f-beee-4182-b57b-dea5ec93cd58, Elapsed:710.8566, MemberName:PopulateVirtualEntitiesActualSource, SourceFilePath:C:\__w\1\s\Framework\Adxstudio.Xrm\Caching\VirtualEntitiesCacheHelper.cs, SourceLineNumber:125, Category:Application, Message:The web api getDataSourceId for virtual entity returned empty DataSourceId, ErrorCategory:ApplicationError",800207a5-0000-fc00-b63f-84710c7967bb
2024-02-12T09:25:16,Error,site-85de4385-0987-4ae5-9917-b7715602956d-AUe,7e7bb2,638433267161469321,0,35932,145,"RequestData:, RequestPath:/_services/about, RequestExtension:, SessionId:, UserId:11KWF1WrQ_tOMl5DlpeZnSoPNKbiZYXYy0Achvoju_qSiCPHVw0m4TqnEYVqJGa3sdJ7NpPSSZCWa2pD3fj3S8JpGxJev7y9HjAPKUeGJ_zzhmTaX0VdNvTf9r324dYTB7jRLYOcv5eAaWvdLL-hLA2, CorrelationId:24b3557f-beee-4182-b57b-dea5ec93cd58, Elapsed:774.2324, MemberName:PopulateVirtualEntitiesActualSource, SourceFilePath:C:\__w\1\s\Framework\Adxstudio.Xrm\Caching\VirtualEntitiesCacheHelper.cs, SourceLineNumber:125, Category:Application, Message:The web api getDataSourceId for virtual entity returned empty DataSourceId, ErrorCategory:ApplicationError",800207a5-0000-fc00-b63f-84710c7967bb
2024-02-12T09:25:16,Error,site-85de4385-0987-4ae5-9917-b7715602956d-AUe,7e7bb2,638433267162095058,0,35932,145,"RequestData:, RequestPath:/_services/about, RequestExtension:, SessionId:, UserId:11KWF1WrQ_tOMl5DlpeZnSoPNKbiZYXYy0Achvoju_qSiCPHVw0m4TqnEYVqJGa3sdJ7NpPSSZCWa2pD3fj3S8JpGxJev7y9HjAPKUeGJ_zzhmTaX0VdNvTf9r324dYTB7jRLYOcv5eAaWvdLL-hLA2, CorrelationId:24b3557f-beee-4182-b57b-dea5ec93cd58, Elapsed:835.6982, MemberName:PopulateVirtualEntitiesActualSource, SourceFilePath:C:\__w\1\s\Framework\Adxstudio.Xrm\Caching\VirtualEntitiesCacheHelper.cs, SourceLineNumber:125, Category:Application, Message:The web api getDataSourceId for virtual entity returned empty DataSourceId, ErrorCategory:ApplicationError",800207a5-0000-fc00-b63f-84710c7967bb
2024-02-12T09:25:16,Error,site-85de4385-0987-4ae5-9917-b7715602956d-AUe,7e7bb2,638433267162563597,0,35932,145,"RequestData:, RequestPath:/_services/about, RequestExtension:, SessionId:, UserId:11KWF1WrQ_tOMl5DlpeZnSoPNKbiZYXYy0Achvoju_qSiCPHVw0m4TqnEYVqJGa3sdJ7NpPSSZCWa2pD3fj3S8JpGxJev7y9HjAPKUeGJ_zzhmTaX0VdNvTf9r324dYTB7jRLYOcv5eAaWvdLL-hLA2, CorrelationId:24b3557f-beee-4182-b57b-dea5ec93cd58, Elapsed:890.5508, MemberName:PopulateVirtualEntitiesActualSource, SourceFilePath:C:\__w\1\s\Framework\Adxstudio.Xrm\Caching\VirtualEntitiesCacheHelper.cs, SourceLineNumber:125, Category:Application, Message:The web api getDataSourceId for virtual entity returned empty DataSourceId, ErrorCategory:ApplicationError",800207a5-0000-fc00-b63f-84710c7967bb
2024-02-12T09:25:16,Error,site-85de4385-0987-4ae5-9917-b7715602956d-AUe,7e7bb2,638433267163032563,0,35932,145,"RequestData:, RequestPath:/_services/about, RequestExtension:, SessionId:, UserId:11KWF1WrQ_tOMl5DlpeZnSoPNKbiZYXYy0Achvoju_qSiCPHVw0m4TqnEYVqJGa3sdJ7NpPSSZCWa2pD3fj3S8JpGxJev7y9HjAPKUeGJ_zzhmTaX0VdNvTf9r324dYTB7jRLYOcv5eAaWvdLL-hLA2, CorrelationId:24b3557f-beee-4182-b57b-dea5ec93cd58, Elapsed:942.2814, MemberName:PopulateVirtualEntitiesActualSource, SourceFilePath:C:\__w\1\s\Framework\Adxstudio.Xrm\Caching\VirtualEntitiesCacheHelper.cs, SourceLineNumber:125, Category:Application, Message:The web api getDataSourceId for virtual entity returned empty DataSourceId, ErrorCategory:ApplicationError",800207a5-0000-fc00-b63f-84710c7967bb
2024-02-12T09:25:16,Error,site-85de4385-0987-4ae5-9917-b7715602956d-AUe,7e7bb2,638433267163657345,0,35932,145,"RequestData:, RequestPath:/_services/about, RequestExtension:, SessionId:, UserId:11KWF1WrQ_tOMl5DlpeZnSoPNKbiZYXYy0Achvoju_qSiCPHVw0m4TqnEYVqJGa3sdJ7NpPSSZCWa2pD3fj3S8JpGxJev7y9HjAPKUeGJ_zzhmTaX0VdNvTf9r324dYTB7jRLYOcv5eAaWvdLL-hLA2, CorrelationId:24b3557f-beee-4182-b57b-dea5ec93cd58, Elapsed:994.7041, MemberName:PopulateVirtualEntitiesActualSource, SourceFilePath:C:\__w\1\s\Framework\Adxstudio.Xrm\Caching\VirtualEntitiesCacheHelper.cs, SourceLineNumber:125, Category:Application, Message:The web api getDataSourceId for virtual entity returned empty DataSourceId, ErrorCategory:ApplicationError",800207a5-0000-fc00-b63f-84710c7967bb
2024-02-12T09:25:16,Error,site-85de4385-0987-4ae5-9917-b7715602956d-AUe,7e7bb2,638433267164126081,0,35932,145,"RequestData:, RequestPath:/_services/about, RequestExtension:, SessionId:, UserId:11KWF1WrQ_tOMl5DlpeZnSoPNKbiZYXYy0Achvoju_qSiCPHVw0m4TqnEYVqJGa3sdJ7NpPSSZCWa2pD3fj3S8JpGxJev7y9HjAPKUeGJ_zzhmTaX0VdNvTf9r324dYTB7jRLYOcv5eAaWvdLL-hLA2, CorrelationId:24b3557f-beee-4182-b57b-dea5ec93cd58, Elapsed:1043.4692, MemberName:PopulateVirtualEntitiesActualSource, SourceFilePath:C:\__w\1\s\Framework\Adxstudio.Xrm\Caching\VirtualEntitiesCacheHelper.cs, SourceLineNumber:125, Category:Application, Message:The web api getDataSourceId for virtual entity returned empty DataSourceId, ErrorCategory:ApplicationError",800207a5-0000-fc00-b63f-84710c7967bb
2024-02-12T09:25:16,Error,site-85de4385-0987-4ae5-9917-b7715602956d-AUe,7e7bb2,638433267164595119,0,35932,145,"RequestData:, RequestPath:/_services/about, RequestExtension:, SessionId:, UserId:11KWF1WrQ_tOMl5DlpeZnSoPNKbiZYXYy0Achvoju_qSiCPHVw0m4TqnEYVqJGa3sdJ7NpPSSZCWa2pD3fj3S8JpGxJev7y9HjAPKUeGJ_zzhmTaX0VdNvTf9r324dYTB7jRLYOcv5eAaWvdLL-hLA2, CorrelationId:24b3557f-beee-4182-b57b-dea5ec93cd58, Elapsed:1097.9336, MemberName:PopulateVirtualEntitiesActualSource, SourceFilePath:C:\__w\1\s\Framework\Adxstudio.Xrm\Caching\VirtualEntitiesCacheHelper.cs, SourceLineNumber:125, Category:Application, Message:The web api getDataSourceId for virtual entity returned empty DataSourceId, ErrorCategory:ApplicationError",800207a5-0000-fc00-b63f-84710c7967bb
2024-02-12T09:25:16,Error,site-85de4385-0987-4ae5-9917-b7715602956d-AUe,7e7bb2,638433267165220243,0,35932,145,"RequestData:, RequestPath:/_services/about, RequestExtension:, SessionId:, UserId:11KWF1WrQ_tOMl5DlpeZnSoPNKbiZYXYy0Achvoju_qSiCPHVw0m4TqnEYVqJGa3sdJ7NpPSSZCWa2pD3fj3S8JpGxJev7y9HjAPKUeGJ_zzhmTaX0VdNvTf9r324dYTB7jRLYOcv5eAaWvdLL-hLA2, CorrelationId:24b3557f-beee-4182-b57b-dea5ec93cd58, Elapsed:1147.7592, MemberName:PopulateVirtualEntitiesActualSource, SourceFilePath:C:\__w\1\s\Framework\Adxstudio.Xrm\Caching\VirtualEntitiesCacheHelper.cs, SourceLineNumber:125, Category:Application, Message:The web api getDataSourceId for virtual entity returned empty DataSourceId, ErrorCategory:ApplicationError",800207a5-0000-fc00-b63f-84710c7967bb
2024-02-12T09:25:16,Error,site-85de4385-0987-4ae5-9917-b7715602956d-AUe,7e7bb2,638433267165688869,0,35932,145,"RequestData:, RequestPath:/_services/about, RequestExtension:, SessionId:, UserId:11KWF1WrQ_tOMl5DlpeZnSoPNKbiZYXYy0Achvoju_qSiCPHVw0m4TqnEYVqJGa3sdJ7NpPSSZCWa2pD3fj3S8JpGxJev7y9HjAPKUeGJ_zzhmTaX0VdNvTf9r324dYTB7jRLYOcv5eAaWvdLL-hLA2, CorrelationId:24b3557f-beee-4182-b57b-dea5ec93cd58, Elapsed:1197.8928, MemberName:PopulateVirtualEntitiesActualSource, SourceFilePath:C:\__w\1\s\Framework\Adxstudio.Xrm\Caching\VirtualEntitiesCacheHelper.cs, SourceLineNumber:125, Category:Application, Message:The web api getDataSourceId for virtual entity returned empty DataSourceId, ErrorCategory:ApplicationError",800207a5-0000-fc00-b63f-84710c7967bb
2024-02-12T09:25:16,Error,site-85de4385-0987-4ae5-9917-b7715602956d-AUe,7e7bb2,638433267166157438,0,35932,145,"RequestData:, RequestPath:/_services/about, RequestExtension:, SessionId:, UserId:11KWF1WrQ_tOMl5DlpeZnSoPNKbiZYXYy0Achvoju_qSiCPHVw0m4TqnEYVqJGa3sdJ7NpPSSZCWa2pD3fj3S8JpGxJev7y9HjAPKUeGJ_zzhmTaX0VdNvTf9r324dYTB7jRLYOcv5eAaWvdLL-hLA2, CorrelationId:24b3557f-beee-4182-b57b-dea5ec93cd58, Elapsed:1254.1122, MemberName:PopulateVirtualEntitiesActualSource, SourceFilePath:C:\__w\1\s\Framework\Adxstudio.Xrm\Caching\VirtualEntitiesCacheHelper.cs, SourceLineNumber:125, Category:Application, Message:The web api getDataSourceId for virtual entity returned empty DataSourceId, ErrorCategory:ApplicationError",800207a5-0000-fc00-b63f-84710c7967bb
2024-02-12T09:25:16,Error,site-85de4385-0987-4ae5-9917-b7715602956d-AUe,7e7bb2,638433267166782024,0,35932,145,"RequestData:, RequestPath:/_services/about, RequestExtension:, SessionId:, UserId:11KWF1WrQ_tOMl5DlpeZnSoPNKbiZYXYy0Achvoju_qSiCPHVw0m4TqnEYVqJGa3sdJ7NpPSSZCWa2pD3fj3S8JpGxJev7y9HjAPKUeGJ_zzhmTaX0VdNvTf9r324dYTB7jRLYOcv5eAaWvdLL-hLA2, CorrelationId:24b3557f-beee-4182-b57b-dea5ec93cd58, Elapsed:1305.9395, MemberName:PopulateVirtualEntitiesActualSource, SourceFilePath:C:\__w\1\s\Framework\Adxstudio.Xrm\Caching\VirtualEntitiesCacheHelper.cs, SourceLineNumber:125, Category:Application, Message:The web api getDataSourceId for virtual entity returned empty DataSourceId, ErrorCategory:ApplicationError",800207a5-0000-fc00-b63f-84710c7967bb
2024-02-12T09:25:16,Error,site-85de4385-0987-4ae5-9917-b7715602956d-AUe,7e7bb2,638433267167251472,0,35932,145,"RequestData:, RequestPath:/_services/about, RequestExtension:, SessionId:, UserId:11KWF1WrQ_tOMl5DlpeZnSoPNKbiZYXYy0Achvoju_qSiCPHVw0m4TqnEYVqJGa3sdJ7NpPSSZCWa2pD3fj3S8JpGxJev7y9HjAPKUeGJ_zzhmTaX0VdNvTf9r324dYTB7jRLYOcv5eAaWvdLL-hLA2, CorrelationId:24b3557f-beee-4182-b57b-dea5ec93cd58, Elapsed:1359.1471, MemberName:PopulateVirtualEntitiesActualSource, SourceFilePath:C:\__w\1\s\Framework\Adxstudio.Xrm\Caching\VirtualEntitiesCacheHelper.cs, SourceLineNumber:125, Category:Application, Message:The web api getDataSourceId for virtual entity returned empty DataSourceId, ErrorCategory:ApplicationError",800207a5-0000-fc00-b63f-84710c7967bb
2024-02-12T09:25:16,Error,site-85de4385-0987-4ae5-9917-b7715602956d-AUe,7e7bb2,638433267167719929,0,35932,145,"RequestData:, RequestPath:/_services/about, RequestExtension:, SessionId:, UserId:11KWF1WrQ_tOMl5DlpeZnSoPNKbiZYXYy0Achvoju_qSiCPHVw0m4TqnEYVqJGa3sdJ7NpPSSZCWa2pD3fj3S8JpGxJev7y9HjAPKUeGJ_zzhmTaX0VdNvTf9r324dYTB7jRLYOcv5eAaWvdLL-hLA2, CorrelationId:24b3557f-beee-4182-b57b-dea5ec93cd58, Elapsed:1408.132, MemberName:PopulateVirtualEntitiesActualSource, SourceFilePath:C:\__w\1\s\Framework\Adxstudio.Xrm\Caching\VirtualEntitiesCacheHelper.cs, SourceLineNumber:125, Category:Application, Message:The web api getDataSourceId for virtual entity returned empty DataSourceId, ErrorCategory:ApplicationError",800207a5-0000-fc00-b63f-84710c7967bb
2024-02-12T09:25:16,Error,site-85de4385-0987-4ae5-9917-b7715602956d-AUe,7e7bb2,638433267168344451,0,35932,145,"RequestData:, RequestPath:/_services/about, RequestExtension:, SessionId:, UserId:11KWF1WrQ_tOMl5DlpeZnSoPNKbiZYXYy0Achvoju_qSiCPHVw0m4TqnEYVqJGa3sdJ7NpPSSZCWa2pD3fj3S8JpGxJev7y9HjAPKUeGJ_zzhmTaX0VdNvTf9r324dYTB7jRLYOcv5eAaWvdLL-hLA2, CorrelationId:24b3557f-beee-4182-b57b-dea5ec93cd58, Elapsed:1458.7484, MemberName:PopulateVirtualEntitiesActualSource, SourceFilePath:C:\__w\1\s\Framework\Adxstudio.Xrm\Caching\VirtualEntitiesCacheHelper.cs, SourceLineNumber:125, Category:Application, Message:The web api getDataSourceId for virtual entity returned empty DataSourceId, ErrorCategory:ApplicationError",800207a5-0000-fc00-b63f-84710c7967bb
2024-02-12T09:25:16,Error,site-85de4385-0987-4ae5-9917-b7715602956d-AUe,7e7bb2,638433267168813326,0,35932,145,"RequestData:, RequestPath:/_services/about, RequestExtension:, SessionId:, UserId:11KWF1WrQ_tOMl5DlpeZnSoPNKbiZYXYy0Achvoju_qSiCPHVw0m4TqnEYVqJGa3sdJ7NpPSSZCWa2pD3fj3S8JpGxJev7y9HjAPKUeGJ_zzhmTaX0VdNvTf9r324dYTB7jRLYOcv5eAaWvdLL-hLA2, CorrelationId:24b3557f-beee-4182-b57b-dea5ec93cd58, Elapsed:1509.0016, MemberName:PopulateVirtualEntitiesActualSource, SourceFilePath:C:\__w\1\s\Framework\Adxstudio.Xrm\Caching\VirtualEntitiesCacheHelper.cs, SourceLineNumber:125, Category:Application, Message:The web api getDataSourceId for virtual entity returned empty DataSourceId, ErrorCategory:ApplicationError",800207a5-0000-fc00-b63f-84710c7967bb
2024-02-12T09:25:17,Error,site-85de4385-0987-4ae5-9917-b7715602956d-AUe,7e7bb2,638433267170376243,0,35932,145,"RequestData:, RequestPath:/_services/about, RequestExtension:, SessionId:, UserId:11KWF1WrQ_tOMl5DlpeZnSoPNKbiZYXYy0Achvoju_qSiCPHVw0m4TqnEYVqJGa3sdJ7NpPSSZCWa2pD3fj3S8JpGxJev7y9HjAPKUeGJ_zzhmTaX0VdNvTf9r324dYTB7jRLYOcv5eAaWvdLL-hLA2, CorrelationId:24b3557f-beee-4182-b57b-dea5ec93cd58, Elapsed:1666.1825, MemberName:PopulateVirtualEntitiesActualSource, SourceFilePath:C:\__w\1\s\Framework\Adxstudio.Xrm\Caching\VirtualEntitiesCacheHelper.cs, SourceLineNumber:125, Category:Application, Message:The web api getDataSourceId for virtual entity returned empty DataSourceId, ErrorCategory:ApplicationError",800207a5-0000-fc00-b63f-84710c7967bb
2024-02-12T09:25:17,Error,site-85de4385-0987-4ae5-9917-b7715602956d-AUe,7e7bb2,638433267170845018,0,35932,145,"RequestData:, RequestPath:/_services/about, RequestExtension:, SessionId:, UserId:11KWF1WrQ_tOMl5DlpeZnSoPNKbiZYXYy0Achvoju_qSiCPHVw0m4TqnEYVqJGa3sdJ7NpPSSZCWa2pD3fj3S8JpGxJev7y9HjAPKUeGJ_zzhmTaX0VdNvTf9r324dYTB7jRLYOcv5eAaWvdLL-hLA2, CorrelationId:24b3557f-beee-4182-b57b-dea5ec93cd58, Elapsed:1718.7815, MemberName:PopulateVirtualEntitiesActualSource, SourceFilePath:C:\__w\1\s\Framework\Adxstudio.Xrm\Caching\VirtualEntitiesCacheHelper.cs, SourceLineNumber:125, Category:Application, Message:The web api getDataSourceId for virtual entity returned empty DataSourceId, ErrorCategory:ApplicationError",800207a5-0000-fc00-b63f-84710c7967bb
2024-02-12T09:25:17,Error,site-85de4385-0987-4ae5-9917-b7715602956d-AUe,7e7bb2,638433267171469508,0,35932,145,"RequestData:, RequestPath:/_services/about, RequestExtension:, SessionId:, UserId:11KWF1WrQ_tOMl5DlpeZnSoPNKbiZYXYy0Achvoju_qSiCPHVw0m4TqnEYVqJGa3sdJ7NpPSSZCWa2pD3fj3S8JpGxJev7y9HjAPKUeGJ_zzhmTaX0VdNvTf9r324dYTB7jRLYOcv5eAaWvdLL-hLA2, CorrelationId:24b3557f-beee-4182-b57b-dea5ec93cd58, Elapsed:1770.9092, MemberName:PopulateVirtualEntitiesActualSource, SourceFilePath:C:\__w\1\s\Framework\Adxstudio.Xrm\Caching\VirtualEntitiesCacheHelper.cs, SourceLineNumber:125, Category:Application, Message:The web api getDataSourceId for virtual entity returned empty DataSourceId, ErrorCategory:ApplicationError",800207a5-0000-fc00-b63f-84710c7967bb
2024-02-12T09:25:17,Error,site-85de4385-0987-4ae5-9917-b7715602956d-AUe,7e7bb2,638433267171939035,0,35932,145,"RequestData:, RequestPath:/_services/about, RequestExtension:, SessionId:, UserId:11KWF1WrQ_tOMl5DlpeZnSoPNKbiZYXYy0Achvoju_qSiCPHVw0m4TqnEYVqJGa3sdJ7NpPSSZCWa2pD3fj3S8JpGxJev7y9HjAPKUeGJ_zzhmTaX0VdNvTf9r324dYTB7jRLYOcv5eAaWvdLL-hLA2, CorrelationId:24b3557f-beee-4182-b57b-dea5ec93cd58, Elapsed:1821.6165, MemberName:PopulateVirtualEntitiesActualSource, SourceFilePath:C:\__w\1\s\Framework\Adxstudio.Xrm\Caching\VirtualEntitiesCacheHelper.cs, SourceLineNumber:125, Category:Application, Message:The web api getDataSourceId for virtual entity returned empty DataSourceId, ErrorCategory:ApplicationError",800207a5-0000-fc00-b63f-84710c7967bb
2024-02-12T09:25:17,Error,site-85de4385-0987-4ae5-9917-b7715602956d-AUe,7e7bb2,638433267172407045,0,35932,145,"RequestData:, RequestPath:/_services/about, RequestExtension:, SessionId:, UserId:11KWF1WrQ_tOMl5DlpeZnSoPNKbiZYXYy0Achvoju_qSiCPHVw0m4TqnEYVqJGa3sdJ7NpPSSZCWa2pD3fj3S8JpGxJev7y9HjAPKUeGJ_zzhmTaX0VdNvTf9r324dYTB7jRLYOcv5eAaWvdLL-hLA2, CorrelationId:24b3557f-beee-4182-b57b-dea5ec93cd58, Elapsed:1874.0842, MemberName:PopulateVirtualEntitiesActualSource, SourceFilePath:C:\__w\1\s\Framework\Adxstudio.Xrm\Caching\VirtualEntitiesCacheHelper.cs, SourceLineNumber:125, Category:Application, Message:The web api getDataSourceId for virtual entity returned empty DataSourceId, ErrorCategory:ApplicationError",800207a5-0000-fc00-b63f-84710c7967bb
2024-02-12T09:25:17,Error,site-85de4385-0987-4ae5-9917-b7715602956d-AUe,7e7bb2,638433267173032593,0,35932,145,"RequestData:, RequestPath:/_services/about, RequestExtension:, SessionId:, UserId:11KWF1WrQ_tOMl5DlpeZnSoPNKbiZYXYy0Achvoju_qSiCPHVw0m4TqnEYVqJGa3sdJ7NpPSSZCWa2pD3fj3S8JpGxJev7y9HjAPKUeGJ_zzhmTaX0VdNvTf9r324dYTB7jRLYOcv5eAaWvdLL-hLA2, CorrelationId:24b3557f-beee-4182-b57b-dea5ec93cd58, Elapsed:1929.4192, MemberName:PopulateVirtualEntitiesActualSource, SourceFilePath:C:\__w\1\s\Framework\Adxstudio.Xrm\Caching\VirtualEntitiesCacheHelper.cs, SourceLineNumber:125, Category:Application, Message:The web api getDataSourceId for virtual entity returned empty DataSourceId, ErrorCategory:ApplicationError",800207a5-0000-fc00-b63f-84710c7967bb
2024-02-12T09:25:17,Error,site-85de4385-0987-4ae5-9917-b7715602956d-AUe,7e7bb2,638433267173501340,0,35932,145,"RequestData:, RequestPath:/_services/about, RequestExtension:, SessionId:, UserId:11KWF1WrQ_tOMl5DlpeZnSoPNKbiZYXYy0Achvoju_qSiCPHVw0m4TqnEYVqJGa3sdJ7NpPSSZCWa2pD3fj3S8JpGxJev7y9HjAPKUeGJ_zzhmTaX0VdNvTf9r324dYTB7jRLYOcv5eAaWvdLL-hLA2, CorrelationId:24b3557f-beee-4182-b57b-dea5ec93cd58, Elapsed:1979.0549, MemberName:PopulateVirtualEntitiesActualSource, SourceFilePath:C:\__w\1\s\Framework\Adxstudio.Xrm\Caching\VirtualEntitiesCacheHelper.cs, SourceLineNumber:125, Category:Application, Message:The web api getDataSourceId for virtual entity returned empty DataSourceId, ErrorCategory:ApplicationError",800207a5-0000-fc00-b63f-84710c7967bb
2024-02-12T09:25:17,Error,site-85de4385-0987-4ae5-9917-b7715602956d-AUe,7e7bb2,638433267173970332,0,35932,145,"RequestData:, RequestPath:/_services/about, RequestExtension:, SessionId:, UserId:11KWF1WrQ_tOMl5DlpeZnSoPNKbiZYXYy0Achvoju_qSiCPHVw0m4TqnEYVqJGa3sdJ7NpPSSZCWa2pD3fj3S8JpGxJev7y9HjAPKUeGJ_zzhmTaX0VdNvTf9r324dYTB7jRLYOcv5eAaWvdLL-hLA2, CorrelationId:24b3557f-beee-4182-b57b-dea5ec93cd58, Elapsed:2031.3795, MemberName:PopulateVirtualEntitiesActualSource, SourceFilePath:C:\__w\1\s\Framework\Adxstudio.Xrm\Caching\VirtualEntitiesCacheHelper.cs, SourceLineNumber:125, Category:Application, Message:The web api getDataSourceId for virtual entity returned empty DataSourceId, ErrorCategory:ApplicationError",800207a5-0000-fc00-b63f-84710c7967bb
2024-02-12T09:25:17,Error,site-85de4385-0987-4ae5-9917-b7715602956d-AUe,7e7bb2,638433267174438314,0,35932,145,"RequestData:, RequestPath:/_services/about, RequestExtension:, SessionId:, UserId:11KWF1WrQ_tOMl5DlpeZnSoPNKbiZYXYy0Achvoju_qSiCPHVw0m4TqnEYVqJGa3sdJ7NpPSSZCWa2pD3fj3S8JpGxJev7y9HjAPKUeGJ_zzhmTaX0VdNvTf9r324dYTB7jRLYOcv5eAaWvdLL-hLA2, CorrelationId:24b3557f-beee-4182-b57b-dea5ec93cd58, Elapsed:2081.9891, MemberName:PopulateVirtualEntitiesActualSource, SourceFilePath:C:\__w\1\s\Framework\Adxstudio.Xrm\Caching\VirtualEntitiesCacheHelper.cs, SourceLineNumber:125, Category:Application, Message:The web api getDataSourceId for virtual entity returned empty DataSourceId, ErrorCategory:ApplicationError",800207a5-0000-fc00-b63f-84710c7967bb
2024-02-12T09:25:17,Error,site-85de4385-0987-4ae5-9917-b7715602956d-AUe,7e7bb2,638433267175064167,0,35932,145,"RequestData:, RequestPath:/_services/about, RequestExtension:, SessionId:, UserId:11KWF1WrQ_tOMl5DlpeZnSoPNKbiZYXYy0Achvoju_qSiCPHVw0m4TqnEYVqJGa3sdJ7NpPSSZCWa2pD3fj3S8JpGxJev7y9HjAPKUeGJ_zzhmTaX0VdNvTf9r324dYTB7jRLYOcv5eAaWvdLL-hLA2, CorrelationId:24b3557f-beee-4182-b57b-dea5ec93cd58, Elapsed:2131.1719, MemberName:PopulateVirtualEntitiesActualSource, SourceFilePath:C:\__w\1\s\Framework\Adxstudio.Xrm\Caching\VirtualEntitiesCacheHelper.cs, SourceLineNumber:125, Category:Application, Message:The web api getDataSourceId for virtual entity returned empty DataSourceId, ErrorCategory:ApplicationError",800207a5-0000-fc00-b63f-84710c7967bb
2024-02-12T09:25:17,Error,site-85de4385-0987-4ae5-9917-b7715602956d-AUe,7e7bb2,638433267175532621,0,35932,145,"RequestData:, RequestPath:/_services/about, RequestExtension:, SessionId:, UserId:11KWF1WrQ_tOMl5DlpeZnSoPNKbiZYXYy0Achvoju_qSiCPHVw0m4TqnEYVqJGa3sdJ7NpPSSZCWa2pD3fj3S8JpGxJev7y9HjAPKUeGJ_zzhmTaX0VdNvTf9r324dYTB7jRLYOcv5eAaWvdLL-hLA2, CorrelationId:24b3557f-beee-4182-b57b-dea5ec93cd58, Elapsed:2185.0164, MemberName:PopulateVirtualEntitiesActualSource, SourceFilePath:C:\__w\1\s\Framework\Adxstudio.Xrm\Caching\VirtualEntitiesCacheHelper.cs, SourceLineNumber:125, Category:Application, Message:The web api getDataSourceId for virtual entity returned empty DataSourceId, ErrorCategory:ApplicationError",800207a5-0000-fc00-b63f-84710c7967bb
2024-02-12T09:25:17,Error,site-85de4385-0987-4ae5-9917-b7715602956d-AUe,7e7bb2,638433267176157134,0,35932,145,"RequestData:, RequestPath:/_services/about, RequestExtension:, SessionId:, UserId:11KWF1WrQ_tOMl5DlpeZnSoPNKbiZYXYy0Achvoju_qSiCPHVw0m4TqnEYVqJGa3sdJ7NpPSSZCWa2pD3fj3S8JpGxJev7y9HjAPKUeGJ_zzhmTaX0VdNvTf9r324dYTB7jRLYOcv5eAaWvdLL-hLA2, CorrelationId:24b3557f-beee-4182-b57b-dea5ec93cd58, Elapsed:2240.1203, MemberName:PopulateVirtualEntitiesActualSource, SourceFilePath:C:\__w\1\s\Framework\Adxstudio.Xrm\Caching\VirtualEntitiesCacheHelper.cs, SourceLineNumber:125, Category:Application, Message:The web api getDataSourceId for virtual entity returned empty DataSourceId, ErrorCategory:ApplicationError",800207a5-0000-fc00-b63f-84710c7967bb
2024-02-12T09:25:17,Error,site-85de4385-0987-4ae5-9917-b7715602956d-AUe,7e7bb2,638433267176625964,0,35932,145,"RequestData:, RequestPath:/_services/about, RequestExtension:, SessionId:, UserId:11KWF1WrQ_tOMl5DlpeZnSoPNKbiZYXYy0Achvoju_qSiCPHVw0m4TqnEYVqJGa3sdJ7NpPSSZCWa2pD3fj3S8JpGxJev7y9HjAPKUeGJ_zzhmTaX0VdNvTf9r324dYTB7jRLYOcv5eAaWvdLL-hLA2, CorrelationId:24b3557f-beee-4182-b57b-dea5ec93cd58, Elapsed:2291.2102, MemberName:PopulateVirtualEntitiesActualSource, SourceFilePath:C:\__w\1\s\Framework\Adxstudio.Xrm\Caching\VirtualEntitiesCacheHelper.cs, SourceLineNumber:125, Category:Application, Message:The web api getDataSourceId for virtual entity returned empty DataSourceId, ErrorCategory:ApplicationError",800207a5-0000-fc00-b63f-84710c7967bb
2024-02-12T09:25:17,Error,site-85de4385-0987-4ae5-9917-b7715602956d-AUe,7e7bb2,638433267177106744,0,35932,145,"RequestData:, RequestPath:/_services/about, RequestExtension:, SessionId:, UserId:11KWF1WrQ_tOMl5DlpeZnSoPNKbiZYXYy0Achvoju_qSiCPHVw0m4TqnEYVqJGa3sdJ7NpPSSZCWa2pD3fj3S8JpGxJev7y9HjAPKUeGJ_zzhmTaX0VdNvTf9r324dYTB7jRLYOcv5eAaWvdLL-hLA2, CorrelationId:24b3557f-beee-4182-b57b-dea5ec93cd58, Elapsed:2346.4445, MemberName:PopulateVirtualEntitiesActualSource, SourceFilePath:C:\__w\1\s\Framework\Adxstudio.Xrm\Caching\VirtualEntitiesCacheHelper.cs, SourceLineNumber:125, Category:Application, Message:The web api getDataSourceId for virtual entity returned empty DataSourceId, ErrorCategory:ApplicationError",800207a5-0000-fc00-b63f-84710c7967bb
2024-02-12T09:25:17,Error,site-85de4385-0987-4ae5-9917-b7715602956d-AUe,7e7bb2,638433267177732596,0,35932,145,"RequestData:, RequestPath:/_services/about, RequestExtension:, SessionId:, UserId:11KWF1WrQ_tOMl5DlpeZnSoPNKbiZYXYy0Achvoju_qSiCPHVw0m4TqnEYVqJGa3sdJ7NpPSSZCWa2pD3fj3S8JpGxJev7y9HjAPKUeGJ_zzhmTaX0VdNvTf9r324dYTB7jRLYOcv5eAaWvdLL-hLA2, CorrelationId:24b3557f-beee-4182-b57b-dea5ec93cd58, Elapsed:2399.0356, MemberName:PopulateVirtualEntitiesActualSource, SourceFilePath:C:\__w\1\s\Framework\Adxstudio.Xrm\Caching\VirtualEntitiesCacheHelper.cs, SourceLineNumber:125, Category:Application, Message:The web api getDataSourceId for virtual entity returned empty DataSourceId, ErrorCategory:ApplicationError",800207a5-0000-fc00-b63f-84710c7967bb
2024-02-12T09:25:17,Error,site-85de4385-0987-4ae5-9917-b7715602956d-AUe,7e7bb2,638433267178201050,0,35932,145,"RequestData:, RequestPath:/_services/about, RequestExtension:, SessionId:, UserId:11KWF1WrQ_tOMl5DlpeZnSoPNKbiZYXYy0Achvoju_qSiCPHVw0m4TqnEYVqJGa3sdJ7NpPSSZCWa2pD3fj3S8JpGxJev7y9HjAPKUeGJ_zzhmTaX0VdNvTf9r324dYTB7jRLYOcv5eAaWvdLL-hLA2, CorrelationId:24b3557f-beee-4182-b57b-dea5ec93cd58, Elapsed:2450.5725, MemberName:PopulateVirtualEntitiesActualSource, SourceFilePath:C:\__w\1\s\Framework\Adxstudio.Xrm\Caching\VirtualEntitiesCacheHelper.cs, SourceLineNumber:125, Category:Application, Message:The web api getDataSourceId for virtual entity returned empty DataSourceId, ErrorCategory:ApplicationError",800207a5-0000-fc00-b63f-84710c7967bb
2024-02-12T09:25:17,Error,site-85de4385-0987-4ae5-9917-b7715602956d-AUe,7e7bb2,638433267178671343,0,35932,145,"RequestData:, RequestPath:/_services/about, RequestExtension:, SessionId:, UserId:11KWF1WrQ_tOMl5DlpeZnSoPNKbiZYXYy0Achvoju_qSiCPHVw0m4TqnEYVqJGa3sdJ7NpPSSZCWa2pD3fj3S8JpGxJev7y9HjAPKUeGJ_zzhmTaX0VdNvTf9r324dYTB7jRLYOcv5eAaWvdLL-hLA2, CorrelationId:24b3557f-beee-4182-b57b-dea5ec93cd58, Elapsed:2500.2025, MemberName:PopulateVirtualEntitiesActualSource, SourceFilePath:C:\__w\1\s\Framework\Adxstudio.Xrm\Caching\VirtualEntitiesCacheHelper.cs, SourceLineNumber:125, Category:Application, Message:The web api getDataSourceId for virtual entity returned empty DataSourceId, ErrorCategory:ApplicationError",800207a5-0000-fc00-b63f-84710c7967bb
2024-02-12T09:25:17,Error,site-85de4385-0987-4ae5-9917-b7715602956d-AUe,7e7bb2,638433267179295376,0,35932,145,"RequestData:, RequestPath:/_services/about, RequestExtension:, SessionId:, UserId:11KWF1WrQ_tOMl5DlpeZnSoPNKbiZYXYy0Achvoju_qSiCPHVw0m4TqnEYVqJGa3sdJ7NpPSSZCWa2pD3fj3S8JpGxJev7y9HjAPKUeGJ_zzhmTaX0VdNvTf9r324dYTB7jRLYOcv5eAaWvdLL-hLA2, CorrelationId:24b3557f-beee-4182-b57b-dea5ec93cd58, Elapsed:2557.0297, MemberName:PopulateVirtualEntitiesActualSource, SourceFilePath:C:\__w\1\s\Framework\Adxstudio.Xrm\Caching\VirtualEntitiesCacheHelper.cs, SourceLineNumber:125, Category:Application, Message:The web api getDataSourceId for virtual entity returned empty DataSourceId, ErrorCategory:ApplicationError",800207a5-0000-fc00-b63f-84710c7967bb
2024-02-12T09:25:17,Error,site-85de4385-0987-4ae5-9917-b7715602956d-AUe,7e7bb2,638433267179763077,0,35932,145,"RequestData:, RequestPath:/_services/about, RequestExtension:, SessionId:, UserId:11KWF1WrQ_tOMl5DlpeZnSoPNKbiZYXYy0Achvoju_qSiCPHVw0m4TqnEYVqJGa3sdJ7NpPSSZCWa2pD3fj3S8JpGxJev7y9HjAPKUeGJ_zzhmTaX0VdNvTf9r324dYTB7jRLYOcv5eAaWvdLL-hLA2, CorrelationId:24b3557f-beee-4182-b57b-dea5ec93cd58, Elapsed:2608.8312, MemberName:PopulateVirtualEntitiesActualSource, SourceFilePath:C:\__w\1\s\Framework\Adxstudio.Xrm\Caching\VirtualEntitiesCacheHelper.cs, SourceLineNumber:125, Category:Application, Message:The web api getDataSourceId for virtual entity returned empty DataSourceId, ErrorCategory:ApplicationError",800207a5-0000-fc00-b63f-84710c7967bb
2024-02-12T09:25:18,Error,site-85de4385-0987-4ae5-9917-b7715602956d-AUe,7e7bb2,638433267180388848,0,35932,145,"RequestData:, RequestPath:/_services/about, RequestExtension:, SessionId:, UserId:11KWF1WrQ_tOMl5DlpeZnSoPNKbiZYXYy0Achvoju_qSiCPHVw0m4TqnEYVqJGa3sdJ7NpPSSZCWa2pD3fj3S8JpGxJev7y9HjAPKUeGJ_zzhmTaX0VdNvTf9r324dYTB7jRLYOcv5eAaWvdLL-hLA2, CorrelationId:24b3557f-beee-4182-b57b-dea5ec93cd58, Elapsed:2664.001, MemberName:PopulateVirtualEntitiesActualSource, SourceFilePath:C:\__w\1\s\Framework\Adxstudio.Xrm\Caching\VirtualEntitiesCacheHelper.cs, SourceLineNumber:125, Category:Application, Message:The web api getDataSourceId for virtual entity returned empty DataSourceId, ErrorCategory:ApplicationError",800207a5-0000-fc00-b63f-84710c7967bb
2024-02-12T09:25:18,Error,site-85de4385-0987-4ae5-9917-b7715602956d-AUe,7e7bb2,638433267180857373,0,35932,145,"RequestData:, RequestPath:/_services/about, RequestExtension:, SessionId:, UserId:11KWF1WrQ_tOMl5DlpeZnSoPNKbiZYXYy0Achvoju_qSiCPHVw0m4TqnEYVqJGa3sdJ7NpPSSZCWa2pD3fj3S8JpGxJev7y9HjAPKUeGJ_zzhmTaX0VdNvTf9r324dYTB7jRLYOcv5eAaWvdLL-hLA2, CorrelationId:24b3557f-beee-4182-b57b-dea5ec93cd58, Elapsed:2722.5678, MemberName:PopulateVirtualEntitiesActualSource, SourceFilePath:C:\__w\1\s\Framework\Adxstudio.Xrm\Caching\VirtualEntitiesCacheHelper.cs, SourceLineNumber:125, Category:Application, Message:The web api getDataSourceId for virtual entity returned empty DataSourceId, ErrorCategory:ApplicationError",800207a5-0000-fc00-b63f-84710c7967bb
2024-02-12T09:25:18,Error,site-85de4385-0987-4ae5-9917-b7715602956d-AUe,7e7bb2,638433267181482417,0,35932,145,"RequestData:, RequestPath:/_services/about, RequestExtension:, SessionId:, UserId:11KWF1WrQ_tOMl5DlpeZnSoPNKbiZYXYy0Achvoju_qSiCPHVw0m4TqnEYVqJGa3sdJ7NpPSSZCWa2pD3fj3S8JpGxJev7y9HjAPKUeGJ_zzhmTaX0VdNvTf9r324dYTB7jRLYOcv5eAaWvdLL-hLA2, CorrelationId:24b3557f-beee-4182-b57b-dea5ec93cd58, Elapsed:2775.75, MemberName:PopulateVirtualEntitiesActualSource, SourceFilePath:C:\__w\1\s\Framework\Adxstudio.Xrm\Caching\VirtualEntitiesCacheHelper.cs, SourceLineNumber:125, Category:Application, Message:The web api getDataSourceId for virtual entity returned empty DataSourceId, ErrorCategory:ApplicationError",800207a5-0000-fc00-b63f-84710c7967bb
2024-02-12T09:25:18,Error,site-85de4385-0987-4ae5-9917-b7715602956d-AUe,7e7bb2,638433267181951167,0,35932,145,"RequestData:, RequestPath:/_services/about, RequestExtension:, SessionId:, UserId:11KWF1WrQ_tOMl5DlpeZnSoPNKbiZYXYy0Achvoju_qSiCPHVw0m4TqnEYVqJGa3sdJ7NpPSSZCWa2pD3fj3S8JpGxJev7y9HjAPKUeGJ_zzhmTaX0VdNvTf9r324dYTB7jRLYOcv5eAaWvdLL-hLA2, CorrelationId:24b3557f-beee-4182-b57b-dea5ec93cd58, Elapsed:2826.6887, MemberName:PopulateVirtualEntitiesActualSource, SourceFilePath:C:\__w\1\s\Framework\Adxstudio.Xrm\Caching\VirtualEntitiesCacheHelper.cs, SourceLineNumber:125, Category:Application, Message:The web api getDataSourceId for virtual entity returned empty DataSourceId, ErrorCategory:ApplicationError",800207a5-0000-fc00-b63f-84710c7967bb
2024-02-12T09:25:18,Error,site-85de4385-0987-4ae5-9917-b7715602956d-AUe,7e7bb2,638433267182420276,0,35932,145,"RequestData:, RequestPath:/_services/about, RequestExtension:, SessionId:, UserId:11KWF1WrQ_tOMl5DlpeZnSoPNKbiZYXYy0Achvoju_qSiCPHVw0m4TqnEYVqJGa3sdJ7NpPSSZCWa2pD3fj3S8JpGxJev7y9HjAPKUeGJ_zzhmTaX0VdNvTf9r324dYTB7jRLYOcv5eAaWvdLL-hLA2, CorrelationId:24b3557f-beee-4182-b57b-dea5ec93cd58, Elapsed:2877.1172, MemberName:PopulateVirtualEntitiesActualSource, SourceFilePath:C:\__w\1\s\Framework\Adxstudio.Xrm\Caching\VirtualEntitiesCacheHelper.cs, SourceLineNumber:125, Category:Application, Message:The web api getDataSourceId for virtual entity returned empty DataSourceId, ErrorCategory:ApplicationError",800207a5-0000-fc00-b63f-84710c7967bb
2024-02-12T09:25:18,Error,site-85de4385-0987-4ae5-9917-b7715602956d-AUe,7e7bb2,638433267183201654,0,35932,145,"RequestData:, RequestPath:/_services/about, RequestExtension:, SessionId:, UserId:11KWF1WrQ_tOMl5DlpeZnSoPNKbiZYXYy0Achvoju_qSiCPHVw0m4TqnEYVqJGa3sdJ7NpPSSZCWa2pD3fj3S8JpGxJev7y9HjAPKUeGJ_zzhmTaX0VdNvTf9r324dYTB7jRLYOcv5eAaWvdLL-hLA2, CorrelationId:24b3557f-beee-4182-b57b-dea5ec93cd58, Elapsed:2952.0291, MemberName:PopulateVirtualEntitiesActualSource, SourceFilePath:C:\__w\1\s\Framework\Adxstudio.Xrm\Caching\VirtualEntitiesCacheHelper.cs, SourceLineNumber:125, Category:Application, Message:The web api getDataSourceId for virtual entity returned empty DataSourceId, ErrorCategory:ApplicationError",800207a5-0000-fc00-b63f-84710c7967bb
2024-02-12T09:25:18,Error,site-85de4385-0987-4ae5-9917-b7715602956d-AUe,7e7bb2,638433267183669954,0,35932,145,"RequestData:, RequestPath:/_services/about, RequestExtension:, SessionId:, UserId:11KWF1WrQ_tOMl5DlpeZnSoPNKbiZYXYy0Achvoju_qSiCPHVw0m4TqnEYVqJGa3sdJ7NpPSSZCWa2pD3fj3S8JpGxJev7y9HjAPKUeGJ_zzhmTaX0VdNvTf9r324dYTB7jRLYOcv5eAaWvdLL-hLA2, CorrelationId:24b3557f-beee-4182-b57b-dea5ec93cd58, Elapsed:3005.2292, MemberName:PopulateVirtualEntitiesActualSource, SourceFilePath:C:\__w\1\s\Framework\Adxstudio.Xrm\Caching\VirtualEntitiesCacheHelper.cs, SourceLineNumber:125, Category:Application, Message:The web api getDataSourceId for virtual entity returned empty DataSourceId, ErrorCategory:ApplicationError",800207a5-0000-fc00-b63f-84710c7967bb
2024-02-12T09:25:18,Error,site-85de4385-0987-4ae5-9917-b7715602956d-AUe,7e7bb2,638433267184295193,0,35932,145,"RequestData:, RequestPath:/_services/about, RequestExtension:, SessionId:, UserId:11KWF1WrQ_tOMl5DlpeZnSoPNKbiZYXYy0Achvoju_qSiCPHVw0m4TqnEYVqJGa3sdJ7NpPSSZCWa2pD3fj3S8JpGxJev7y9HjAPKUeGJ_zzhmTaX0VdNvTf9r324dYTB7jRLYOcv5eAaWvdLL-hLA2, CorrelationId:24b3557f-beee-4182-b57b-dea5ec93cd58, Elapsed:3055.5507, MemberName:PopulateVirtualEntitiesActualSource, SourceFilePath:C:\__w\1\s\Framework\Adxstudio.Xrm\Caching\VirtualEntitiesCacheHelper.cs, SourceLineNumber:125, Category:Application, Message:The web api getDataSourceId for virtual entity returned empty DataSourceId, ErrorCategory:ApplicationError",800207a5-0000-fc00-b63f-84710c7967bb
2024-02-12T09:25:18,Error,site-85de4385-0987-4ae5-9917-b7715602956d-AUe,7e7bb2,638433267184919958,0,35932,145,"RequestData:, RequestPath:/_services/about, RequestExtension:, SessionId:, UserId:11KWF1WrQ_tOMl5DlpeZnSoPNKbiZYXYy0Achvoju_qSiCPHVw0m4TqnEYVqJGa3sdJ7NpPSSZCWa2pD3fj3S8JpGxJev7y9HjAPKUeGJ_zzhmTaX0VdNvTf9r324dYTB7jRLYOcv5eAaWvdLL-hLA2, CorrelationId:24b3557f-beee-4182-b57b-dea5ec93cd58, Elapsed:3117.2338, MemberName:PopulateVirtualEntitiesActualSource, SourceFilePath:C:\__w\1\s\Framework\Adxstudio.Xrm\Caching\VirtualEntitiesCacheHelper.cs, SourceLineNumber:125, Category:Application, Message:The web api getDataSourceId for virtual entity returned empty DataSourceId, ErrorCategory:ApplicationError",800207a5-0000-fc00-b63f-84710c7967bb
2024-02-12T09:25:18,Error,site-85de4385-0987-4ae5-9917-b7715602956d-AUe,7e7bb2,638433267185388897,0,35932,145,"RequestData:, RequestPath:/_services/about, RequestExtension:, SessionId:, UserId:11KWF1WrQ_tOMl5DlpeZnSoPNKbiZYXYy0Achvoju_qSiCPHVw0m4TqnEYVqJGa3sdJ7NpPSSZCWa2pD3fj3S8JpGxJev7y9HjAPKUeGJ_zzhmTaX0VdNvTf9r324dYTB7jRLYOcv5eAaWvdLL-hLA2, CorrelationId:24b3557f-beee-4182-b57b-dea5ec93cd58, Elapsed:3167.4269, MemberName:PopulateVirtualEntitiesActualSource, SourceFilePath:C:\__w\1\s\Framework\Adxstudio.Xrm\Caching\VirtualEntitiesCacheHelper.cs, SourceLineNumber:125, Category:Application, Message:The web api getDataSourceId for virtual entity returned empty DataSourceId, ErrorCategory:ApplicationError",800207a5-0000-fc00-b63f-84710c7967bb
2024-02-12T09:25:18,Error,site-85de4385-0987-4ae5-9917-b7715602956d-AUe,7e7bb2,638433267185857505,0,35932,145,"RequestData:, RequestPath:/_services/about, RequestExtension:, SessionId:, UserId:11KWF1WrQ_tOMl5DlpeZnSoPNKbiZYXYy0Achvoju_qSiCPHVw0m4TqnEYVqJGa3sdJ7NpPSSZCWa2pD3fj3S8JpGxJev7y9HjAPKUeGJ_zzhmTaX0VdNvTf9r324dYTB7jRLYOcv5eAaWvdLL-hLA2, CorrelationId:24b3557f-beee-4182-b57b-dea5ec93cd58, Elapsed:3215.9423, MemberName:PopulateVirtualEntitiesActualSource, SourceFilePath:C:\__w\1\s\Framework\Adxstudio.Xrm\Caching\VirtualEntitiesCacheHelper.cs, SourceLineNumber:125, Category:Application, Message:The web api getDataSourceId for virtual entity returned empty DataSourceId, ErrorCategory:ApplicationError",800207a5-0000-fc00-b63f-84710c7967bb
2024-02-12T09:25:18,Error,site-85de4385-0987-4ae5-9917-b7715602956d-AUe,7e7bb2,638433267186326494,0,35932,145,"RequestData:, RequestPath:/_services/about, RequestExtension:, SessionId:, UserId:11KWF1WrQ_tOMl5DlpeZnSoPNKbiZYXYy0Achvoju_qSiCPHVw0m4TqnEYVqJGa3sdJ7NpPSSZCWa2pD3fj3S8JpGxJev7y9HjAPKUeGJ_zzhmTaX0VdNvTf9r324dYTB7jRLYOcv5eAaWvdLL-hLA2, CorrelationId:24b3557f-beee-4182-b57b-dea5ec93cd58, Elapsed:3268.4615, MemberName:PopulateVirtualEntitiesActualSource, SourceFilePath:C:\__w\1\s\Framework\Adxstudio.Xrm\Caching\VirtualEntitiesCacheHelper.cs, SourceLineNumber:125, Category:Application, Message:The web api getDataSourceId for virtual entity returned empty DataSourceId, ErrorCategory:ApplicationError",800207a5-0000-fc00-b63f-84710c7967bb
2024-02-12T09:25:18,Error,site-85de4385-0987-4ae5-9917-b7715602956d-AUe,7e7bb2,638433267186794505,0,35932,145,"RequestData:, RequestPath:/_services/about, RequestExtension:, SessionId:, UserId:11KWF1WrQ_tOMl5DlpeZnSoPNKbiZYXYy0Achvoju_qSiCPHVw0m4TqnEYVqJGa3sdJ7NpPSSZCWa2pD3fj3S8JpGxJev7y9HjAPKUeGJ_zzhmTaX0VdNvTf9r324dYTB7jRLYOcv5eAaWvdLL-hLA2, CorrelationId:24b3557f-beee-4182-b57b-dea5ec93cd58, Elapsed:3318.5285, MemberName:PopulateVirtualEntitiesActualSource, SourceFilePath:C:\__w\1\s\Framework\Adxstudio.Xrm\Caching\VirtualEntitiesCacheHelper.cs, SourceLineNumber:125, Category:Application, Message:The web api getDataSourceId for virtual entity returned empty DataSourceId, ErrorCategory:ApplicationError",800207a5-0000-fc00-b63f-84710c7967bb
2024-02-12T09:34:50,Error,site-85de4385-0987-4ae5-9917-b7715602956d-AUe,7e7bb2,638433272900005703,0,35932,230,"RequestData:, RequestPath:/_services/about, RequestExtension:, SessionId:, UserId:11KWF1WrQ_tOMl5DlpeZnSoPNKbiZYXYy0Achvoju_qSiCPHVw0m4TqnEYVqJGa3sdJ7NpPSSZCWa2pD3fj3S8JpGxJev7y9HjAPKUeGJ_zzhmTaX0VdNvTf9r324dYTB7jRLYOcv5eAaWvdLL-hLA2, CorrelationId:787e3a23-8fb5-4231-b1d2-f218ce99ecea, Elapsed:136.6439, MemberName:PopulateVirtualEntitiesActualSource, SourceFilePath:C:\__w\1\s\Framework\Adxstudio.Xrm\Caching\VirtualEntitiesCacheHelper.cs, SourceLineNumber:125, Category:Application, Message:The web api getDataSourceId for virtual entity returned empty DataSourceId, ErrorCategory:ApplicationError",8001c5a3-0003-c400-b63f-84710c7967bb
2024-02-12T09:34:50,Error,site-85de4385-0987-4ae5-9917-b7715602956d-AUe,7e7bb2,638433272900630750,0,35932,230,"RequestData:, RequestPath:/_services/about, RequestExtension:, SessionId:, UserId:11KWF1WrQ_tOMl5DlpeZnSoPNKbiZYXYy0Achvoju_qSiCPHVw0m4TqnEYVqJGa3sdJ7NpPSSZCWa2pD3fj3S8JpGxJev7y9HjAPKUeGJ_zzhmTaX0VdNvTf9r324dYTB7jRLYOcv5eAaWvdLL-hLA2, CorrelationId:787e3a23-8fb5-4231-b1d2-f218ce99ecea, Elapsed:185.3106, MemberName:PopulateVirtualEntitiesActualSource, SourceFilePath:C:\__w\1\s\Framework\Adxstudio.Xrm\Caching\VirtualEntitiesCacheHelper.cs, SourceLineNumber:125, Category:Application, Message:The web api getDataSourceId for virtual entity returned empty DataSourceId, ErrorCategory:ApplicationError",8001c5a3-0003-c400-b63f-84710c7967bb
2024-02-12T09:34:50,Error,site-85de4385-0987-4ae5-9917-b7715602956d-AUe,7e7bb2,638433272901099881,0,35932,230,"RequestData:, RequestPath:/_services/about, RequestExtension:, SessionId:, UserId:11KWF1WrQ_tOMl5DlpeZnSoPNKbiZYXYy0Achvoju_qSiCPHVw0m4TqnEYVqJGa3sdJ7NpPSSZCWa2pD3fj3S8JpGxJev7y9HjAPKUeGJ_zzhmTaX0VdNvTf9r324dYTB7jRLYOcv5eAaWvdLL-hLA2, CorrelationId:787e3a23-8fb5-4231-b1d2-f218ce99ecea, Elapsed:234.1995, MemberName:PopulateVirtualEntitiesActualSource, SourceFilePath:C:\__w\1\s\Framework\Adxstudio.Xrm\Caching\VirtualEntitiesCacheHelper.cs, SourceLineNumber:125, Category:Application, Message:The web api getDataSourceId for virtual entity returned empty DataSourceId, ErrorCategory:ApplicationError",8001c5a3-0003-c400-b63f-84710c7967bb
2024-02-12T09:34:50,Error,site-85de4385-0987-4ae5-9917-b7715602956d-AUe,7e7bb2,638433272901568902,0,35932,230,"RequestData:, RequestPath:/_services/about, RequestExtension:, SessionId:, UserId:11KWF1WrQ_tOMl5DlpeZnSoPNKbiZYXYy0Achvoju_qSiCPHVw0m4TqnEYVqJGa3sdJ7NpPSSZCWa2pD3fj3S8JpGxJev7y9HjAPKUeGJ_zzhmTaX0VdNvTf9r324dYTB7jRLYOcv5eAaWvdLL-hLA2, CorrelationId:787e3a23-8fb5-4231-b1d2-f218ce99ecea, Elapsed:281.9451, MemberName:PopulateVirtualEntitiesActualSource, SourceFilePath:C:\__w\1\s\Framework\Adxstudio.Xrm\Caching\VirtualEntitiesCacheHelper.cs, SourceLineNumber:125, Category:Application, Message:The web api getDataSourceId for virtual entity returned empty DataSourceId, ErrorCategory:ApplicationError",8001c5a3-0003-c400-b63f-84710c7967bb
2024-02-12T09:34:50,Error,site-85de4385-0987-4ae5-9917-b7715602956d-AUe,7e7bb2,638433272902037622,0,35932,230,"RequestData:, RequestPath:/_services/about, RequestExtension:, SessionId:, UserId:11KWF1WrQ_tOMl5DlpeZnSoPNKbiZYXYy0Achvoju_qSiCPHVw0m4TqnEYVqJGa3sdJ7NpPSSZCWa2pD3fj3S8JpGxJev7y9HjAPKUeGJ_zzhmTaX0VdNvTf9r324dYTB7jRLYOcv5eAaWvdLL-hLA2, CorrelationId:787e3a23-8fb5-4231-b1d2-f218ce99ecea, Elapsed:330.3328, MemberName:PopulateVirtualEntitiesActualSource, SourceFilePath:C:\__w\1\s\Framework\Adxstudio.Xrm\Caching\VirtualEntitiesCacheHelper.cs, SourceLineNumber:125, Category:Application, Message:The web api getDataSourceId for virtual entity returned empty DataSourceId, ErrorCategory:ApplicationError",8001c5a3-0003-c400-b63f-84710c7967bb
2024-02-12T09:34:50,Error,site-85de4385-0987-4ae5-9917-b7715602956d-AUe,7e7bb2,638433272902506148,0,35932,230,"RequestData:, RequestPath:/_services/about, RequestExtension:, SessionId:, UserId:11KWF1WrQ_tOMl5DlpeZnSoPNKbiZYXYy0Achvoju_qSiCPHVw0m4TqnEYVqJGa3sdJ7NpPSSZCWa2pD3fj3S8JpGxJev7y9HjAPKUeGJ_zzhmTaX0VdNvTf9r324dYTB7jRLYOcv5eAaWvdLL-hLA2, CorrelationId:787e3a23-8fb5-4231-b1d2-f218ce99ecea, Elapsed:376.862, MemberName:PopulateVirtualEntitiesActualSource, SourceFilePath:C:\__w\1\s\Framework\Adxstudio.Xrm\Caching\VirtualEntitiesCacheHelper.cs, SourceLineNumber:125, Category:Application, Message:The web api getDataSourceId for virtual entity returned empty DataSourceId, ErrorCategory:ApplicationError",8001c5a3-0003-c400-b63f-84710c7967bb
2024-02-12T09:34:50,Error,site-85de4385-0987-4ae5-9917-b7715602956d-AUe,7e7bb2,638433272902975148,0,35932,230,"RequestData:, RequestPath:/_services/about, RequestExtension:, SessionId:, UserId:11KWF1WrQ_tOMl5DlpeZnSoPNKbiZYXYy0Achvoju_qSiCPHVw0m4TqnEYVqJGa3sdJ7NpPSSZCWa2pD3fj3S8JpGxJev7y9HjAPKUeGJ_zzhmTaX0VdNvTf9r324dYTB7jRLYOcv5eAaWvdLL-hLA2, CorrelationId:787e3a23-8fb5-4231-b1d2-f218ce99ecea, Elapsed:424.4829, MemberName:PopulateVirtualEntitiesActualSource, SourceFilePath:C:\__w\1\s\Framework\Adxstudio.Xrm\Caching\VirtualEntitiesCacheHelper.cs, SourceLineNumber:125, Category:Application, Message:The web api getDataSourceId for virtual entity returned empty DataSourceId, ErrorCategory:ApplicationError",8001c5a3-0003-c400-b63f-84710c7967bb
2024-02-12T09:34:50,Error,site-85de4385-0987-4ae5-9917-b7715602956d-AUe,7e7bb2,638433272903443686,0,35932,230,"RequestData:, RequestPath:/_services/about, RequestExtension:, SessionId:, UserId:11KWF1WrQ_tOMl5DlpeZnSoPNKbiZYXYy0Achvoju_qSiCPHVw0m4TqnEYVqJGa3sdJ7NpPSSZCWa2pD3fj3S8JpGxJev7y9HjAPKUeGJ_zzhmTaX0VdNvTf9r324dYTB7jRLYOcv5eAaWvdLL-hLA2, CorrelationId:787e3a23-8fb5-4231-b1d2-f218ce99ecea, Elapsed:473.9091, MemberName:PopulateVirtualEntitiesActualSource, SourceFilePath:C:\__w\1\s\Framework\Adxstudio.Xrm\Caching\VirtualEntitiesCacheHelper.cs, SourceLineNumber:125, Category:Application, Message:The web api getDataSourceId for virtual entity returned empty DataSourceId, ErrorCategory:ApplicationError",8001c5a3-0003-c400-b63f-84710c7967bb
2024-02-12T09:34:50,Error,site-85de4385-0987-4ae5-9917-b7715602956d-AUe,7e7bb2,638433272903912744,0,35932,230,"RequestData:, RequestPath:/_services/about, RequestExtension:, SessionId:, UserId:11KWF1WrQ_tOMl5DlpeZnSoPNKbiZYXYy0Achvoju_qSiCPHVw0m4TqnEYVqJGa3sdJ7NpPSSZCWa2pD3fj3S8JpGxJev7y9HjAPKUeGJ_zzhmTaX0VdNvTf9r324dYTB7jRLYOcv5eAaWvdLL-hLA2, CorrelationId:787e3a23-8fb5-4231-b1d2-f218ce99ecea, Elapsed:520.4747, MemberName:PopulateVirtualEntitiesActualSource, SourceFilePath:C:\__w\1\s\Framework\Adxstudio.Xrm\Caching\VirtualEntitiesCacheHelper.cs, SourceLineNumber:125, Category:Application, Message:The web api getDataSourceId for virtual entity returned empty DataSourceId, ErrorCategory:ApplicationError",8001c5a3-0003-c400-b63f-84710c7967bb
2024-02-12T09:34:50,Error,site-85de4385-0987-4ae5-9917-b7715602956d-AUe,7e7bb2,638433272904381437,0,35932,230,"RequestData:, RequestPath:/_services/about, RequestExtension:, SessionId:, UserId:11KWF1WrQ_tOMl5DlpeZnSoPNKbiZYXYy0Achvoju_qSiCPHVw0m4TqnEYVqJGa3sdJ7NpPSSZCWa2pD3fj3S8JpGxJev7y9HjAPKUeGJ_zzhmTaX0VdNvTf9r324dYTB7jRLYOcv5eAaWvdLL-hLA2, CorrelationId:787e3a23-8fb5-4231-b1d2-f218ce99ecea, Elapsed:566.4218, MemberName:PopulateVirtualEntitiesActualSource, SourceFilePath:C:\__w\1\s\Framework\Adxstudio.Xrm\Caching\VirtualEntitiesCacheHelper.cs, SourceLineNumber:125, Category:Application, Message:The web api getDataSourceId for virtual entity returned empty DataSourceId, ErrorCategory:ApplicationError",8001c5a3-0003-c400-b63f-84710c7967bb
2024-02-12T09:34:50,Error,site-85de4385-0987-4ae5-9917-b7715602956d-AUe,7e7bb2,638433272904850213,0,35932,230,"RequestData:, RequestPath:/_services/about, RequestExtension:, SessionId:, UserId:11KWF1WrQ_tOMl5DlpeZnSoPNKbiZYXYy0Achvoju_qSiCPHVw0m4TqnEYVqJGa3sdJ7NpPSSZCWa2pD3fj3S8JpGxJev7y9HjAPKUeGJ_zzhmTaX0VdNvTf9r324dYTB7jRLYOcv5eAaWvdLL-hLA2, CorrelationId:787e3a23-8fb5-4231-b1d2-f218ce99ecea, Elapsed:614.1971, MemberName:PopulateVirtualEntitiesActualSource, SourceFilePath:C:\__w\1\s\Framework\Adxstudio.Xrm\Caching\VirtualEntitiesCacheHelper.cs, SourceLineNumber:125, Category:Application, Message:The web api getDataSourceId for virtual entity returned empty DataSourceId, ErrorCategory:ApplicationError",8001c5a3-0003-c400-b63f-84710c7967bb
2024-02-12T09:34:50,Error,site-85de4385-0987-4ae5-9917-b7715602956d-AUe,7e7bb2,638433272905318966,0,35932,230,"RequestData:, RequestPath:/_services/about, RequestExtension:, SessionId:, UserId:11KWF1WrQ_tOMl5DlpeZnSoPNKbiZYXYy0Achvoju_qSiCPHVw0m4TqnEYVqJGa3sdJ7NpPSSZCWa2pD3fj3S8JpGxJev7y9HjAPKUeGJ_zzhmTaX0VdNvTf9r324dYTB7jRLYOcv5eAaWvdLL-hLA2, CorrelationId:787e3a23-8fb5-4231-b1d2-f218ce99ecea, Elapsed:659.9206, MemberName:PopulateVirtualEntitiesActualSource, SourceFilePath:C:\__w\1\s\Framework\Adxstudio.Xrm\Caching\VirtualEntitiesCacheHelper.cs, SourceLineNumber:125, Category:Application, Message:The web api getDataSourceId for virtual entity returned empty DataSourceId, ErrorCategory:ApplicationError",8001c5a3-0003-c400-b63f-84710c7967bb
2024-02-12T09:34:50,Error,site-85de4385-0987-4ae5-9917-b7715602956d-AUe,7e7bb2,638433272905787945,0,35932,230,"RequestData:, RequestPath:/_services/about, RequestExtension:, SessionId:, UserId:11KWF1WrQ_tOMl5DlpeZnSoPNKbiZYXYy0Achvoju_qSiCPHVw0m4TqnEYVqJGa3sdJ7NpPSSZCWa2pD3fj3S8JpGxJev7y9HjAPKUeGJ_zzhmTaX0VdNvTf9r324dYTB7jRLYOcv5eAaWvdLL-hLA2, CorrelationId:787e3a23-8fb5-4231-b1d2-f218ce99ecea, Elapsed:705.7941, MemberName:PopulateVirtualEntitiesActualSource, SourceFilePath:C:\__w\1\s\Framework\Adxstudio.Xrm\Caching\VirtualEntitiesCacheHelper.cs, SourceLineNumber:125, Category:Application, Message:The web api getDataSourceId for virtual entity returned empty DataSourceId, ErrorCategory:ApplicationError",8001c5a3-0003-c400-b63f-84710c7967bb
2024-02-12T09:34:50,Error,site-85de4385-0987-4ae5-9917-b7715602956d-AUe,7e7bb2,638433272906256466,0,35932,230,"RequestData:, RequestPath:/_services/about, RequestExtension:, SessionId:, UserId:11KWF1WrQ_tOMl5DlpeZnSoPNKbiZYXYy0Achvoju_qSiCPHVw0m4TqnEYVqJGa3sdJ7NpPSSZCWa2pD3fj3S8JpGxJev7y9HjAPKUeGJ_zzhmTaX0VdNvTf9r324dYTB7jRLYOcv5eAaWvdLL-hLA2, CorrelationId:787e3a23-8fb5-4231-b1d2-f218ce99ecea, Elapsed:751.6693, MemberName:PopulateVirtualEntitiesActualSource, SourceFilePath:C:\__w\1\s\Framework\Adxstudio.Xrm\Caching\VirtualEntitiesCacheHelper.cs, SourceLineNumber:125, Category:Application, Message:The web api getDataSourceId for virtual entity returned empty DataSourceId, ErrorCategory:ApplicationError",8001c5a3-0003-c400-b63f-84710c7967bb
2024-02-12T09:34:50,Error,site-85de4385-0987-4ae5-9917-b7715602956d-AUe,7e7bb2,638433272906724498,0,35932,230,"RequestData:, RequestPath:/_services/about, RequestExtension:, SessionId:, UserId:11KWF1WrQ_tOMl5DlpeZnSoPNKbiZYXYy0Achvoju_qSiCPHVw0m4TqnEYVqJGa3sdJ7NpPSSZCWa2pD3fj3S8JpGxJev7y9HjAPKUeGJ_zzhmTaX0VdNvTf9r324dYTB7jRLYOcv5eAaWvdLL-hLA2, CorrelationId:787e3a23-8fb5-4231-b1d2-f218ce99ecea, Elapsed:797.7793, MemberName:PopulateVirtualEntitiesActualSource, SourceFilePath:C:\__w\1\s\Framework\Adxstudio.Xrm\Caching\VirtualEntitiesCacheHelper.cs, SourceLineNumber:125, Category:Application, Message:The web api getDataSourceId for virtual entity returned empty DataSourceId, ErrorCategory:ApplicationError",8001c5a3-0003-c400-b63f-84710c7967bb
2024-02-12T09:34:50,Error,site-85de4385-0987-4ae5-9917-b7715602956d-AUe,7e7bb2,638433272907193779,0,35932,230,"RequestData:, RequestPath:/_services/about, RequestExtension:, SessionId:, UserId:11KWF1WrQ_tOMl5DlpeZnSoPNKbiZYXYy0Achvoju_qSiCPHVw0m4TqnEYVqJGa3sdJ7NpPSSZCWa2pD3fj3S8JpGxJev7y9HjAPKUeGJ_zzhmTaX0VdNvTf9r324dYTB7jRLYOcv5eAaWvdLL-hLA2, CorrelationId:787e3a23-8fb5-4231-b1d2-f218ce99ecea, Elapsed:843.4577, MemberName:PopulateVirtualEntitiesActualSource, SourceFilePath:C:\__w\1\s\Framework\Adxstudio.Xrm\Caching\VirtualEntitiesCacheHelper.cs, SourceLineNumber:125, Category:Application, Message:The web api getDataSourceId for virtual entity returned empty DataSourceId, ErrorCategory:ApplicationError",8001c5a3-0003-c400-b63f-84710c7967bb
2024-02-12T09:34:50,Error,site-85de4385-0987-4ae5-9917-b7715602956d-AUe,7e7bb2,638433272907662504,0,35932,230,"RequestData:, RequestPath:/_services/about, RequestExtension:, SessionId:, UserId:11KWF1WrQ_tOMl5DlpeZnSoPNKbiZYXYy0Achvoju_qSiCPHVw0m4TqnEYVqJGa3sdJ7NpPSSZCWa2pD3fj3S8JpGxJev7y9HjAPKUeGJ_zzhmTaX0VdNvTf9r324dYTB7jRLYOcv5eAaWvdLL-hLA2, CorrelationId:787e3a23-8fb5-4231-b1d2-f218ce99ecea, Elapsed:889.6049, MemberName:PopulateVirtualEntitiesActualSource, SourceFilePath:C:\__w\1\s\Framework\Adxstudio.Xrm\Caching\VirtualEntitiesCacheHelper.cs, SourceLineNumber:125, Category:Application, Message:The web api getDataSourceId for virtual entity returned empty DataSourceId, ErrorCategory:ApplicationError",8001c5a3-0003-c400-b63f-84710c7967bb
2024-02-12T09:34:50,Error,site-85de4385-0987-4ae5-9917-b7715602956d-AUe,7e7bb2,638433272908130781,0,35932,230,"RequestData:, RequestPath:/_services/about, RequestExtension:, SessionId:, UserId:11KWF1WrQ_tOMl5DlpeZnSoPNKbiZYXYy0Achvoju_qSiCPHVw0m4TqnEYVqJGa3sdJ7NpPSSZCWa2pD3fj3S8JpGxJev7y9HjAPKUeGJ_zzhmTaX0VdNvTf9r324dYTB7jRLYOcv5eAaWvdLL-hLA2, CorrelationId:787e3a23-8fb5-4231-b1d2-f218ce99ecea, Elapsed:935.56, MemberName:PopulateVirtualEntitiesActualSource, SourceFilePath:C:\__w\1\s\Framework\Adxstudio.Xrm\Caching\VirtualEntitiesCacheHelper.cs, SourceLineNumber:125, Category:Application, Message:The web api getDataSourceId for virtual entity returned empty DataSourceId, ErrorCategory:ApplicationError",8001c5a3-0003-c400-b63f-84710c7967bb
2024-02-12T09:34:50,Error,site-85de4385-0987-4ae5-9917-b7715602956d-AUe,7e7bb2,638433272908599501,0,35932,230,"RequestData:, RequestPath:/_services/about, RequestExtension:, SessionId:, UserId:11KWF1WrQ_tOMl5DlpeZnSoPNKbiZYXYy0Achvoju_qSiCPHVw0m4TqnEYVqJGa3sdJ7NpPSSZCWa2pD3fj3S8JpGxJev7y9HjAPKUeGJ_zzhmTaX0VdNvTf9r324dYTB7jRLYOcv5eAaWvdLL-hLA2, CorrelationId:787e3a23-8fb5-4231-b1d2-f218ce99ecea, Elapsed:982.1996, MemberName:PopulateVirtualEntitiesActualSource, SourceFilePath:C:\__w\1\s\Framework\Adxstudio.Xrm\Caching\VirtualEntitiesCacheHelper.cs, SourceLineNumber:125, Category:Application, Message:The web api getDataSourceId for virtual entity returned empty DataSourceId, ErrorCategory:ApplicationError",8001c5a3-0003-c400-b63f-84710c7967bb
2024-02-12T09:34:50,Error,site-85de4385-0987-4ae5-9917-b7715602956d-AUe,7e7bb2,638433272908912829,0,35932,230,"RequestData:, RequestPath:/_services/about, RequestExtension:, SessionId:, UserId:11KWF1WrQ_tOMl5DlpeZnSoPNKbiZYXYy0Achvoju_qSiCPHVw0m4TqnEYVqJGa3sdJ7NpPSSZCWa2pD3fj3S8JpGxJev7y9HjAPKUeGJ_zzhmTaX0VdNvTf9r324dYTB7jRLYOcv5eAaWvdLL-hLA2, CorrelationId:787e3a23-8fb5-4231-b1d2-f218ce99ecea, Elapsed:1027.3471, MemberName:PopulateVirtualEntitiesActualSource, SourceFilePath:C:\__w\1\s\Framework\Adxstudio.Xrm\Caching\VirtualEntitiesCacheHelper.cs, SourceLineNumber:125, Category:Application, Message:The web api getDataSourceId for virtual entity returned empty DataSourceId, ErrorCategory:ApplicationError",8001c5a3-0003-c400-b63f-84710c7967bb
2024-02-12T09:34:50,Error,site-85de4385-0987-4ae5-9917-b7715602956d-AUe,7e7bb2,638433272909693796,0,35932,230,"RequestData:, RequestPath:/_services/about, RequestExtension:, SessionId:, UserId:11KWF1WrQ_tOMl5DlpeZnSoPNKbiZYXYy0Achvoju_qSiCPHVw0m4TqnEYVqJGa3sdJ7NpPSSZCWa2pD3fj3S8JpGxJev7y9HjAPKUeGJ_zzhmTaX0VdNvTf9r324dYTB7jRLYOcv5eAaWvdLL-hLA2, CorrelationId:787e3a23-8fb5-4231-b1d2-f218ce99ecea, Elapsed:1094.3207, MemberName:PopulateVirtualEntitiesActualSource, SourceFilePath:C:\__w\1\s\Framework\Adxstudio.Xrm\Caching\VirtualEntitiesCacheHelper.cs, SourceLineNumber:125, Category:Application, Message:The web api getDataSourceId for virtual entity returned empty DataSourceId, ErrorCategory:ApplicationError",8001c5a3-0003-c400-b63f-84710c7967bb
2024-02-12T09:34:51,Error,site-85de4385-0987-4ae5-9917-b7715602956d-AUe,7e7bb2,638433272910163003,0,35932,230,"RequestData:, RequestPath:/_services/about, RequestExtension:, SessionId:, UserId:11KWF1WrQ_tOMl5DlpeZnSoPNKbiZYXYy0Achvoju_qSiCPHVw0m4TqnEYVqJGa3sdJ7NpPSSZCWa2pD3fj3S8JpGxJev7y9HjAPKUeGJ_zzhmTaX0VdNvTf9r324dYTB7jRLYOcv5eAaWvdLL-hLA2, CorrelationId:787e3a23-8fb5-4231-b1d2-f218ce99ecea, Elapsed:1141.7819, MemberName:PopulateVirtualEntitiesActualSource, SourceFilePath:C:\__w\1\s\Framework\Adxstudio.Xrm\Caching\VirtualEntitiesCacheHelper.cs, SourceLineNumber:125, Category:Application, Message:The web api getDataSourceId for virtual entity returned empty DataSourceId, ErrorCategory:ApplicationError",8001c5a3-0003-c400-b63f-84710c7967bb
2024-02-12T09:34:51,Error,site-85de4385-0987-4ae5-9917-b7715602956d-AUe,7e7bb2,638433272910631567,0,35932,230,"RequestData:, RequestPath:/_services/about, RequestExtension:, SessionId:, UserId:11KWF1WrQ_tOMl5DlpeZnSoPNKbiZYXYy0Achvoju_qSiCPHVw0m4TqnEYVqJGa3sdJ7NpPSSZCWa2pD3fj3S8JpGxJev7y9HjAPKUeGJ_zzhmTaX0VdNvTf9r324dYTB7jRLYOcv5eAaWvdLL-hLA2, CorrelationId:787e3a23-8fb5-4231-b1d2-f218ce99ecea, Elapsed:1188.6761, MemberName:PopulateVirtualEntitiesActualSource, SourceFilePath:C:\__w\1\s\Framework\Adxstudio.Xrm\Caching\VirtualEntitiesCacheHelper.cs, SourceLineNumber:125, Category:Application, Message:The web api getDataSourceId for virtual entity returned empty DataSourceId, ErrorCategory:ApplicationError",8001c5a3-0003-c400-b63f-84710c7967bb
2024-02-12T09:34:51,Error,site-85de4385-0987-4ae5-9917-b7715602956d-AUe,7e7bb2,638433272911099581,0,35932,230,"RequestData:, RequestPath:/_services/about, RequestExtension:, SessionId:, UserId:11KWF1WrQ_tOMl5DlpeZnSoPNKbiZYXYy0Achvoju_qSiCPHVw0m4TqnEYVqJGa3sdJ7NpPSSZCWa2pD3fj3S8JpGxJev7y9HjAPKUeGJ_zzhmTaX0VdNvTf9r324dYTB7jRLYOcv5eAaWvdLL-hLA2, CorrelationId:787e3a23-8fb5-4231-b1d2-f218ce99ecea, Elapsed:1241.9565, MemberName:PopulateVirtualEntitiesActualSource, SourceFilePath:C:\__w\1\s\Framework\Adxstudio.Xrm\Caching\VirtualEntitiesCacheHelper.cs, SourceLineNumber:125, Category:Application, Message:The web api getDataSourceId for virtual entity returned empty DataSourceId, ErrorCategory:ApplicationError",8001c5a3-0003-c400-b63f-84710c7967bb
2024-02-12T09:34:51,Error,site-85de4385-0987-4ae5-9917-b7715602956d-AUe,7e7bb2,638433272911568332,0,35932,230,"RequestData:, RequestPath:/_services/about, RequestExtension:, SessionId:, UserId:11KWF1WrQ_tOMl5DlpeZnSoPNKbiZYXYy0Achvoju_qSiCPHVw0m4TqnEYVqJGa3sdJ7NpPSSZCWa2pD3fj3S8JpGxJev7y9HjAPKUeGJ_zzhmTaX0VdNvTf9r324dYTB7jRLYOcv5eAaWvdLL-hLA2, CorrelationId:787e3a23-8fb5-4231-b1d2-f218ce99ecea, Elapsed:1288.5897, MemberName:PopulateVirtualEntitiesActualSource, SourceFilePath:C:\__w\1\s\Framework\Adxstudio.Xrm\Caching\VirtualEntitiesCacheHelper.cs, SourceLineNumber:125, Category:Application, Message:The web api getDataSourceId for virtual entity returned empty DataSourceId, ErrorCategory:ApplicationError",8001c5a3-0003-c400-b63f-84710c7967bb
2024-02-12T09:34:51,Error,site-85de4385-0987-4ae5-9917-b7715602956d-AUe,7e7bb2,638433272912037882,0,35932,230,"RequestData:, RequestPath:/_services/about, RequestExtension:, SessionId:, UserId:11KWF1WrQ_tOMl5DlpeZnSoPNKbiZYXYy0Achvoju_qSiCPHVw0m4TqnEYVqJGa3sdJ7NpPSSZCWa2pD3fj3S8JpGxJev7y9HjAPKUeGJ_zzhmTaX0VdNvTf9r324dYTB7jRLYOcv5eAaWvdLL-hLA2, CorrelationId:787e3a23-8fb5-4231-b1d2-f218ce99ecea, Elapsed:1335.5212, MemberName:PopulateVirtualEntitiesActualSource, SourceFilePath:C:\__w\1\s\Framework\Adxstudio.Xrm\Caching\VirtualEntitiesCacheHelper.cs, SourceLineNumber:125, Category:Application, Message:The web api getDataSourceId for virtual entity returned empty DataSourceId, ErrorCategory:ApplicationError",8001c5a3-0003-c400-b63f-84710c7967bb
2024-02-12T09:34:51,Error,site-85de4385-0987-4ae5-9917-b7715602956d-AUe,7e7bb2,638433272912506381,0,35932,230,"RequestData:, RequestPath:/_services/about, RequestExtension:, SessionId:, UserId:11KWF1WrQ_tOMl5DlpeZnSoPNKbiZYXYy0Achvoju_qSiCPHVw0m4TqnEYVqJGa3sdJ7NpPSSZCWa2pD3fj3S8JpGxJev7y9HjAPKUeGJ_zzhmTaX0VdNvTf9r324dYTB7jRLYOcv5eAaWvdLL-hLA2, CorrelationId:787e3a23-8fb5-4231-b1d2-f218ce99ecea, Elapsed:1382.3637, MemberName:PopulateVirtualEntitiesActualSource, SourceFilePath:C:\__w\1\s\Framework\Adxstudio.Xrm\Caching\VirtualEntitiesCacheHelper.cs, SourceLineNumber:125, Category:Application, Message:The web api getDataSourceId for virtual entity returned empty DataSourceId, ErrorCategory:ApplicationError",8001c5a3-0003-c400-b63f-84710c7967bb
2024-02-12T09:34:51,Error,site-85de4385-0987-4ae5-9917-b7715602956d-AUe,7e7bb2,638433272912975095,0,35932,230,"RequestData:, RequestPath:/_services/about, RequestExtension:, SessionId:, UserId:11KWF1WrQ_tOMl5DlpeZnSoPNKbiZYXYy0Achvoju_qSiCPHVw0m4TqnEYVqJGa3sdJ7NpPSSZCWa2pD3fj3S8JpGxJev7y9HjAPKUeGJ_zzhmTaX0VdNvTf9r324dYTB7jRLYOcv5eAaWvdLL-hLA2, CorrelationId:787e3a23-8fb5-4231-b1d2-f218ce99ecea, Elapsed:1429.3252, MemberName:PopulateVirtualEntitiesActualSource, SourceFilePath:C:\__w\1\s\Framework\Adxstudio.Xrm\Caching\VirtualEntitiesCacheHelper.cs, SourceLineNumber:125, Category:Application, Message:The web api getDataSourceId for virtual entity returned empty DataSourceId, ErrorCategory:ApplicationError",8001c5a3-0003-c400-b63f-84710c7967bb
2024-02-12T09:34:51,Error,site-85de4385-0987-4ae5-9917-b7715602956d-AUe,7e7bb2,638433272913443390,0,35932,230,"RequestData:, RequestPath:/_services/about, RequestExtension:, SessionId:, UserId:11KWF1WrQ_tOMl5DlpeZnSoPNKbiZYXYy0Achvoju_qSiCPHVw0m4TqnEYVqJGa3sdJ7NpPSSZCWa2pD3fj3S8JpGxJev7y9HjAPKUeGJ_zzhmTaX0VdNvTf9r324dYTB7jRLYOcv5eAaWvdLL-hLA2, CorrelationId:787e3a23-8fb5-4231-b1d2-f218ce99ecea, Elapsed:1477.3116, MemberName:PopulateVirtualEntitiesActualSource, SourceFilePath:C:\__w\1\s\Framework\Adxstudio.Xrm\Caching\VirtualEntitiesCacheHelper.cs, SourceLineNumber:125, Category:Application, Message:The web api getDataSourceId for virtual entity returned empty DataSourceId, ErrorCategory:ApplicationError",8001c5a3-0003-c400-b63f-84710c7967bb
2024-02-12T09:34:51,Error,site-85de4385-0987-4ae5-9917-b7715602956d-AUe,7e7bb2,638433272913912853,0,35932,230,"RequestData:, RequestPath:/_services/about, RequestExtension:, SessionId:, UserId:11KWF1WrQ_tOMl5DlpeZnSoPNKbiZYXYy0Achvoju_qSiCPHVw0m4TqnEYVqJGa3sdJ7NpPSSZCWa2pD3fj3S8JpGxJev7y9HjAPKUeGJ_zzhmTaX0VdNvTf9r324dYTB7jRLYOcv5eAaWvdLL-hLA2, CorrelationId:787e3a23-8fb5-4231-b1d2-f218ce99ecea, Elapsed:1524.588, MemberName:PopulateVirtualEntitiesActualSource, SourceFilePath:C:\__w\1\s\Framework\Adxstudio.Xrm\Caching\VirtualEntitiesCacheHelper.cs, SourceLineNumber:125, Category:Application, Message:The web api getDataSourceId for virtual entity returned empty DataSourceId, ErrorCategory:ApplicationError",8001c5a3-0003-c400-b63f-84710c7967bb
2024-02-12T09:34:51,Error,site-85de4385-0987-4ae5-9917-b7715602956d-AUe,7e7bb2,638433272914381386,0,35932,230,"RequestData:, RequestPath:/_services/about, RequestExtension:, SessionId:, UserId:11KWF1WrQ_tOMl5DlpeZnSoPNKbiZYXYy0Achvoju_qSiCPHVw0m4TqnEYVqJGa3sdJ7NpPSSZCWa2pD3fj3S8JpGxJev7y9HjAPKUeGJ_zzhmTaX0VdNvTf9r324dYTB7jRLYOcv5eAaWvdLL-hLA2, CorrelationId:787e3a23-8fb5-4231-b1d2-f218ce99ecea, Elapsed:1571.4288, MemberName:PopulateVirtualEntitiesActualSource, SourceFilePath:C:\__w\1\s\Framework\Adxstudio.Xrm\Caching\VirtualEntitiesCacheHelper.cs, SourceLineNumber:125, Category:Application, Message:The web api getDataSourceId for virtual entity returned empty DataSourceId, ErrorCategory:ApplicationError",8001c5a3-0003-c400-b63f-84710c7967bb
2024-02-12T09:34:51,Error,site-85de4385-0987-4ae5-9917-b7715602956d-AUe,7e7bb2,638433272914850247,0,35932,230,"RequestData:, RequestPath:/_services/about, RequestExtension:, SessionId:, UserId:11KWF1WrQ_tOMl5DlpeZnSoPNKbiZYXYy0Achvoju_qSiCPHVw0m4TqnEYVqJGa3sdJ7NpPSSZCWa2pD3fj3S8JpGxJev7y9HjAPKUeGJ_zzhmTaX0VdNvTf9r324dYTB7jRLYOcv5eAaWvdLL-hLA2, CorrelationId:787e3a23-8fb5-4231-b1d2-f218ce99ecea, Elapsed:1618.422, MemberName:PopulateVirtualEntitiesActualSource, SourceFilePath:C:\__w\1\s\Framework\Adxstudio.Xrm\Caching\VirtualEntitiesCacheHelper.cs, SourceLineNumber:125, Category:Application, Message:The web api getDataSourceId for virtual entity returned empty DataSourceId, ErrorCategory:ApplicationError",8001c5a3-0003-c400-b63f-84710c7967bb
2024-02-12T09:34:51,Error,site-85de4385-0987-4ae5-9917-b7715602956d-AUe,7e7bb2,638433272915318879,0,35932,230,"RequestData:, RequestPath:/_services/about, RequestExtension:, SessionId:, UserId:11KWF1WrQ_tOMl5DlpeZnSoPNKbiZYXYy0Achvoju_qSiCPHVw0m4TqnEYVqJGa3sdJ7NpPSSZCWa2pD3fj3S8JpGxJev7y9HjAPKUeGJ_zzhmTaX0VdNvTf9r324dYTB7jRLYOcv5eAaWvdLL-hLA2, CorrelationId:787e3a23-8fb5-4231-b1d2-f218ce99ecea, Elapsed:1666.6539, MemberName:PopulateVirtualEntitiesActualSource, SourceFilePath:C:\__w\1\s\Framework\Adxstudio.Xrm\Caching\VirtualEntitiesCacheHelper.cs, SourceLineNumber:125, Category:Application, Message:The web api getDataSourceId for virtual entity returned empty DataSourceId, ErrorCategory:ApplicationError",8001c5a3-0003-c400-b63f-84710c7967bb
2024-02-12T09:34:51,Error,site-85de4385-0987-4ae5-9917-b7715602956d-AUe,7e7bb2,638433272915787661,0,35932,230,"RequestData:, RequestPath:/_services/about, RequestExtension:, SessionId:, UserId:11KWF1WrQ_tOMl5DlpeZnSoPNKbiZYXYy0Achvoju_qSiCPHVw0m4TqnEYVqJGa3sdJ7NpPSSZCWa2pD3fj3S8JpGxJev7y9HjAPKUeGJ_zzhmTaX0VdNvTf9r324dYTB7jRLYOcv5eAaWvdLL-hLA2, CorrelationId:787e3a23-8fb5-4231-b1d2-f218ce99ecea, Elapsed:1711.5835, MemberName:PopulateVirtualEntitiesActualSource, SourceFilePath:C:\__w\1\s\Framework\Adxstudio.Xrm\Caching\VirtualEntitiesCacheHelper.cs, SourceLineNumber:125, Category:Application, Message:The web api getDataSourceId for virtual entity returned empty DataSourceId, ErrorCategory:ApplicationError",8001c5a3-0003-c400-b63f-84710c7967bb
2024-02-12T09:34:51,Error,site-85de4385-0987-4ae5-9917-b7715602956d-AUe,7e7bb2,638433272916256456,0,35932,230,"RequestData:, RequestPath:/_services/about, RequestExtension:, SessionId:, UserId:11KWF1WrQ_tOMl5DlpeZnSoPNKbiZYXYy0Achvoju_qSiCPHVw0m4TqnEYVqJGa3sdJ7NpPSSZCWa2pD3fj3S8JpGxJev7y9HjAPKUeGJ_zzhmTaX0VdNvTf9r324dYTB7jRLYOcv5eAaWvdLL-hLA2, CorrelationId:787e3a23-8fb5-4231-b1d2-f218ce99ecea, Elapsed:1756.6, MemberName:PopulateVirtualEntitiesActualSource, SourceFilePath:C:\__w\1\s\Framework\Adxstudio.Xrm\Caching\VirtualEntitiesCacheHelper.cs, SourceLineNumber:125, Category:Application, Message:The web api getDataSourceId for virtual entity returned empty DataSourceId, ErrorCategory:ApplicationError",8001c5a3-0003-c400-b63f-84710c7967bb
2024-02-12T09:34:51,Error,site-85de4385-0987-4ae5-9917-b7715602956d-AUe,7e7bb2,638433272916725191,0,35932,230,"RequestData:, RequestPath:/_services/about, RequestExtension:, SessionId:, UserId:11KWF1WrQ_tOMl5DlpeZnSoPNKbiZYXYy0Achvoju_qSiCPHVw0m4TqnEYVqJGa3sdJ7NpPSSZCWa2pD3fj3S8JpGxJev7y9HjAPKUeGJ_zzhmTaX0VdNvTf9r324dYTB7jRLYOcv5eAaWvdLL-hLA2, CorrelationId:787e3a23-8fb5-4231-b1d2-f218ce99ecea, Elapsed:1802.4191, MemberName:PopulateVirtualEntitiesActualSource, SourceFilePath:C:\__w\1\s\Framework\Adxstudio.Xrm\Caching\VirtualEntitiesCacheHelper.cs, SourceLineNumber:125, Category:Application, Message:The web api getDataSourceId for virtual entity returned empty DataSourceId, ErrorCategory:ApplicationError",8001c5a3-0003-c400-b63f-84710c7967bb
2024-02-12T09:34:51,Error,site-85de4385-0987-4ae5-9917-b7715602956d-AUe,7e7bb2,638433272917194212,0,35932,230,"RequestData:, RequestPath:/_services/about, RequestExtension:, SessionId:, UserId:11KWF1WrQ_tOMl5DlpeZnSoPNKbiZYXYy0Achvoju_qSiCPHVw0m4TqnEYVqJGa3sdJ7NpPSSZCWa2pD3fj3S8JpGxJev7y9HjAPKUeGJ_zzhmTaX0VdNvTf9r324dYTB7jRLYOcv5eAaWvdLL-hLA2, CorrelationId:787e3a23-8fb5-4231-b1d2-f218ce99ecea, Elapsed:1850.2186, MemberName:PopulateVirtualEntitiesActualSource, SourceFilePath:C:\__w\1\s\Framework\Adxstudio.Xrm\Caching\VirtualEntitiesCacheHelper.cs, SourceLineNumber:125, Category:Application, Message:The web api getDataSourceId for virtual entity returned empty DataSourceId, ErrorCategory:ApplicationError",8001c5a3-0003-c400-b63f-84710c7967bb
2024-02-12T09:34:51,Error,site-85de4385-0987-4ae5-9917-b7715602956d-AUe,7e7bb2,638433272918130961,0,35932,230,"RequestData:, RequestPath:/_services/about, RequestExtension:, SessionId:, UserId:11KWF1WrQ_tOMl5DlpeZnSoPNKbiZYXYy0Achvoju_qSiCPHVw0m4TqnEYVqJGa3sdJ7NpPSSZCWa2pD3fj3S8JpGxJev7y9HjAPKUeGJ_zzhmTaX0VdNvTf9r324dYTB7jRLYOcv5eAaWvdLL-hLA2, CorrelationId:787e3a23-8fb5-4231-b1d2-f218ce99ecea, Elapsed:1948.7776, MemberName:PopulateVirtualEntitiesActualSource, SourceFilePath:C:\__w\1\s\Framework\Adxstudio.Xrm\Caching\VirtualEntitiesCacheHelper.cs, SourceLineNumber:125, Category:Application, Message:The web api getDataSourceId for virtual entity returned empty DataSourceId, ErrorCategory:ApplicationError",8001c5a3-0003-c400-b63f-84710c7967bb
2024-02-12T09:34:51,Error,site-85de4385-0987-4ae5-9917-b7715602956d-AUe,7e7bb2,638433272918599936,0,35932,230,"RequestData:, RequestPath:/_services/about, RequestExtension:, SessionId:, UserId:11KWF1WrQ_tOMl5DlpeZnSoPNKbiZYXYy0Achvoju_qSiCPHVw0m4TqnEYVqJGa3sdJ7NpPSSZCWa2pD3fj3S8JpGxJev7y9HjAPKUeGJ_zzhmTaX0VdNvTf9r324dYTB7jRLYOcv5eAaWvdLL-hLA2, CorrelationId:787e3a23-8fb5-4231-b1d2-f218ce99ecea, Elapsed:1996.1575, MemberName:PopulateVirtualEntitiesActualSource, SourceFilePath:C:\__w\1\s\Framework\Adxstudio.Xrm\Caching\VirtualEntitiesCacheHelper.cs, SourceLineNumber:125, Category:Application, Message:The web api getDataSourceId for virtual entity returned empty DataSourceId, ErrorCategory:ApplicationError",8001c5a3-0003-c400-b63f-84710c7967bb
2024-02-12T09:34:51,Error,site-85de4385-0987-4ae5-9917-b7715602956d-AUe,7e7bb2,638433272919068970,0,35932,230,"RequestData:, RequestPath:/_services/about, RequestExtension:, SessionId:, UserId:11KWF1WrQ_tOMl5DlpeZnSoPNKbiZYXYy0Achvoju_qSiCPHVw0m4TqnEYVqJGa3sdJ7NpPSSZCWa2pD3fj3S8JpGxJev7y9HjAPKUeGJ_zzhmTaX0VdNvTf9r324dYTB7jRLYOcv5eAaWvdLL-hLA2, CorrelationId:787e3a23-8fb5-4231-b1d2-f218ce99ecea, Elapsed:2043.8674, MemberName:PopulateVirtualEntitiesActualSource, SourceFilePath:C:\__w\1\s\Framework\Adxstudio.Xrm\Caching\VirtualEntitiesCacheHelper.cs, SourceLineNumber:125, Category:Application, Message:The web api getDataSourceId for virtual entity returned empty DataSourceId, ErrorCategory:ApplicationError",8001c5a3-0003-c400-b63f-84710c7967bb
2024-02-12T09:34:51,Error,site-85de4385-0987-4ae5-9917-b7715602956d-AUe,7e7bb2,638433272919693981,0,35932,230,"RequestData:, RequestPath:/_services/about, RequestExtension:, SessionId:, UserId:11KWF1WrQ_tOMl5DlpeZnSoPNKbiZYXYy0Achvoju_qSiCPHVw0m4TqnEYVqJGa3sdJ7NpPSSZCWa2pD3fj3S8JpGxJev7y9HjAPKUeGJ_zzhmTaX0VdNvTf9r324dYTB7jRLYOcv5eAaWvdLL-hLA2, CorrelationId:787e3a23-8fb5-4231-b1d2-f218ce99ecea, Elapsed:2092.029, MemberName:PopulateVirtualEntitiesActualSource, SourceFilePath:C:\__w\1\s\Framework\Adxstudio.Xrm\Caching\VirtualEntitiesCacheHelper.cs, SourceLineNumber:125, Category:Application, Message:The web api getDataSourceId for virtual entity returned empty DataSourceId, ErrorCategory:ApplicationError",8001c5a3-0003-c400-b63f-84710c7967bb
2024-02-12T09:34:52,Error,site-85de4385-0987-4ae5-9917-b7715602956d-AUe,7e7bb2,638433272920163014,0,35932,230,"RequestData:, RequestPath:/_services/about, RequestExtension:, SessionId:, UserId:11KWF1WrQ_tOMl5DlpeZnSoPNKbiZYXYy0Achvoju_qSiCPHVw0m4TqnEYVqJGa3sdJ7NpPSSZCWa2pD3fj3S8JpGxJev7y9HjAPKUeGJ_zzhmTaX0VdNvTf9r324dYTB7jRLYOcv5eAaWvdLL-hLA2, CorrelationId:787e3a23-8fb5-4231-b1d2-f218ce99ecea, Elapsed:2139.6299, MemberName:PopulateVirtualEntitiesActualSource, SourceFilePath:C:\__w\1\s\Framework\Adxstudio.Xrm\Caching\VirtualEntitiesCacheHelper.cs, SourceLineNumber:125, Category:Application, Message:The web api getDataSourceId for virtual entity returned empty DataSourceId, ErrorCategory:ApplicationError",8001c5a3-0003-c400-b63f-84710c7967bb
2024-02-12T09:34:52,Error,site-85de4385-0987-4ae5-9917-b7715602956d-AUe,7e7bb2,638433272920631713,0,35932,230,"RequestData:, RequestPath:/_services/about, RequestExtension:, SessionId:, UserId:11KWF1WrQ_tOMl5DlpeZnSoPNKbiZYXYy0Achvoju_qSiCPHVw0m4TqnEYVqJGa3sdJ7NpPSSZCWa2pD3fj3S8JpGxJev7y9HjAPKUeGJ_zzhmTaX0VdNvTf9r324dYTB7jRLYOcv5eAaWvdLL-hLA2, CorrelationId:787e3a23-8fb5-4231-b1d2-f218ce99ecea, Elapsed:2191.5828, MemberName:PopulateVirtualEntitiesActualSource, SourceFilePath:C:\__w\1\s\Framework\Adxstudio.Xrm\Caching\VirtualEntitiesCacheHelper.cs, SourceLineNumber:125, Category:Application, Message:The web api getDataSourceId for virtual entity returned empty DataSourceId, ErrorCategory:ApplicationError",8001c5a3-0003-c400-b63f-84710c7967bb
2024-02-12T09:34:52,Error,site-85de4385-0987-4ae5-9917-b7715602956d-AUe,7e7bb2,638433272921100316,0,35932,230,"RequestData:, RequestPath:/_services/about, RequestExtension:, SessionId:, UserId:11KWF1WrQ_tOMl5DlpeZnSoPNKbiZYXYy0Achvoju_qSiCPHVw0m4TqnEYVqJGa3sdJ7NpPSSZCWa2pD3fj3S8JpGxJev7y9HjAPKUeGJ_zzhmTaX0VdNvTf9r324dYTB7jRLYOcv5eAaWvdLL-hLA2, CorrelationId:787e3a23-8fb5-4231-b1d2-f218ce99ecea, Elapsed:2243.1524, MemberName:PopulateVirtualEntitiesActualSource, SourceFilePath:C:\__w\1\s\Framework\Adxstudio.Xrm\Caching\VirtualEntitiesCacheHelper.cs, SourceLineNumber:125, Category:Application, Message:The web api getDataSourceId for virtual entity returned empty DataSourceId, ErrorCategory:ApplicationError",8001c5a3-0003-c400-b63f-84710c7967bb
2024-02-12T09:34:52,Error,site-85de4385-0987-4ae5-9917-b7715602956d-AUe,7e7bb2,638433272921569277,0,35932,230,"RequestData:, RequestPath:/_services/about, RequestExtension:, SessionId:, UserId:11KWF1WrQ_tOMl5DlpeZnSoPNKbiZYXYy0Achvoju_qSiCPHVw0m4TqnEYVqJGa3sdJ7NpPSSZCWa2pD3fj3S8JpGxJev7y9HjAPKUeGJ_zzhmTaX0VdNvTf9r324dYTB7jRLYOcv5eAaWvdLL-hLA2, CorrelationId:787e3a23-8fb5-4231-b1d2-f218ce99ecea, Elapsed:2291.5459, MemberName:PopulateVirtualEntitiesActualSource, SourceFilePath:C:\__w\1\s\Framework\Adxstudio.Xrm\Caching\VirtualEntitiesCacheHelper.cs, SourceLineNumber:125, Category:Application, Message:The web api getDataSourceId for virtual entity returned empty DataSourceId, ErrorCategory:ApplicationError",8001c5a3-0003-c400-b63f-84710c7967bb
2024-02-12T09:34:52,Error,site-85de4385-0987-4ae5-9917-b7715602956d-AUe,7e7bb2,638433272922194017,0,35932,230,"RequestData:, RequestPath:/_services/about, RequestExtension:, SessionId:, UserId:11KWF1WrQ_tOMl5DlpeZnSoPNKbiZYXYy0Achvoju_qSiCPHVw0m4TqnEYVqJGa3sdJ7NpPSSZCWa2pD3fj3S8JpGxJev7y9HjAPKUeGJ_zzhmTaX0VdNvTf9r324dYTB7jRLYOcv5eAaWvdLL-hLA2, CorrelationId:787e3a23-8fb5-4231-b1d2-f218ce99ecea, Elapsed:2342.028, MemberName:PopulateVirtualEntitiesActualSource, SourceFilePath:C:\__w\1\s\Framework\Adxstudio.Xrm\Caching\VirtualEntitiesCacheHelper.cs, SourceLineNumber:125, Category:Application, Message:The web api getDataSourceId for virtual entity returned empty DataSourceId, ErrorCategory:ApplicationError",8001c5a3-0003-c400-b63f-84710c7967bb
2024-02-12T09:34:52,Error,site-85de4385-0987-4ae5-9917-b7715602956d-AUe,7e7bb2,638433272922663147,0,35932,230,"RequestData:, RequestPath:/_services/about, RequestExtension:, SessionId:, UserId:11KWF1WrQ_tOMl5DlpeZnSoPNKbiZYXYy0Achvoju_qSiCPHVw0m4TqnEYVqJGa3sdJ7NpPSSZCWa2pD3fj3S8JpGxJev7y9HjAPKUeGJ_zzhmTaX0VdNvTf9r324dYTB7jRLYOcv5eAaWvdLL-hLA2, CorrelationId:787e3a23-8fb5-4231-b1d2-f218ce99ecea, Elapsed:2389.6462, MemberName:PopulateVirtualEntitiesActualSource, SourceFilePath:C:\__w\1\s\Framework\Adxstudio.Xrm\Caching\VirtualEntitiesCacheHelper.cs, SourceLineNumber:125, Category:Application, Message:The web api getDataSourceId for virtual entity returned empty DataSourceId, ErrorCategory:ApplicationError",8001c5a3-0003-c400-b63f-84710c7967bb
2024-02-12T09:34:52,Error,site-85de4385-0987-4ae5-9917-b7715602956d-AUe,7e7bb2,638433272923287322,0,35932,230,"RequestData:, RequestPath:/_services/about, RequestExtension:, SessionId:, UserId:11KWF1WrQ_tOMl5DlpeZnSoPNKbiZYXYy0Achvoju_qSiCPHVw0m4TqnEYVqJGa3sdJ7NpPSSZCWa2pD3fj3S8JpGxJev7y9HjAPKUeGJ_zzhmTaX0VdNvTf9r324dYTB7jRLYOcv5eAaWvdLL-hLA2, CorrelationId:787e3a23-8fb5-4231-b1d2-f218ce99ecea, Elapsed:2456.2421, MemberName:PopulateVirtualEntitiesActualSource, SourceFilePath:C:\__w\1\s\Framework\Adxstudio.Xrm\Caching\VirtualEntitiesCacheHelper.cs, SourceLineNumber:125, Category:Application, Message:The web api getDataSourceId for virtual entity returned empty DataSourceId, ErrorCategory:ApplicationError",8001c5a3-0003-c400-b63f-84710c7967bb
2024-02-12T09:34:52,Error,site-85de4385-0987-4ae5-9917-b7715602956d-AUe,7e7bb2,638433272923756903,0,35932,230,"RequestData:, RequestPath:/_services/about, RequestExtension:, SessionId:, UserId:11KWF1WrQ_tOMl5DlpeZnSoPNKbiZYXYy0Achvoju_qSiCPHVw0m4TqnEYVqJGa3sdJ7NpPSSZCWa2pD3fj3S8JpGxJev7y9HjAPKUeGJ_zzhmTaX0VdNvTf9r324dYTB7jRLYOcv5eAaWvdLL-hLA2, CorrelationId:787e3a23-8fb5-4231-b1d2-f218ce99ecea, Elapsed:2503.911, MemberName:PopulateVirtualEntitiesActualSource, SourceFilePath:C:\__w\1\s\Framework\Adxstudio.Xrm\Caching\VirtualEntitiesCacheHelper.cs, SourceLineNumber:125, Category:Application, Message:The web api getDataSourceId for virtual entity returned empty DataSourceId, ErrorCategory:ApplicationError",8001c5a3-0003-c400-b63f-84710c7967bb
2024-02-12T09:34:52,Error,site-85de4385-0987-4ae5-9917-b7715602956d-AUe,7e7bb2,638433272924225585,0,35932,230,"RequestData:, RequestPath:/_services/about, RequestExtension:, SessionId:, UserId:11KWF1WrQ_tOMl5DlpeZnSoPNKbiZYXYy0Achvoju_qSiCPHVw0m4TqnEYVqJGa3sdJ7NpPSSZCWa2pD3fj3S8JpGxJev7y9HjAPKUeGJ_zzhmTaX0VdNvTf9r324dYTB7jRLYOcv5eAaWvdLL-hLA2, CorrelationId:787e3a23-8fb5-4231-b1d2-f218ce99ecea, Elapsed:2551.7023, MemberName:PopulateVirtualEntitiesActualSource, SourceFilePath:C:\__w\1\s\Framework\Adxstudio.Xrm\Caching\VirtualEntitiesCacheHelper.cs, SourceLineNumber:125, Category:Application, Message:The web api getDataSourceId for virtual entity returned empty DataSourceId, ErrorCategory:ApplicationError",8001c5a3-0003-c400-b63f-84710c7967bb
2024-02-12T09:34:52,Error,site-85de4385-0987-4ae5-9917-b7715602956d-AUe,7e7bb2,638433272925006070,0,35932,230,"RequestData:, RequestPath:/_services/about, RequestExtension:, SessionId:, UserId:11KWF1WrQ_tOMl5DlpeZnSoPNKbiZYXYy0Achvoju_qSiCPHVw0m4TqnEYVqJGa3sdJ7NpPSSZCWa2pD3fj3S8JpGxJev7y9HjAPKUeGJ_zzhmTaX0VdNvTf9r324dYTB7jRLYOcv5eAaWvdLL-hLA2, CorrelationId:787e3a23-8fb5-4231-b1d2-f218ce99ecea, Elapsed:2622.6102, MemberName:PopulateVirtualEntitiesActualSource, SourceFilePath:C:\__w\1\s\Framework\Adxstudio.Xrm\Caching\VirtualEntitiesCacheHelper.cs, SourceLineNumber:125, Category:Application, Message:The web api getDataSourceId for virtual entity returned empty DataSourceId, ErrorCategory:ApplicationError",8001c5a3-0003-c400-b63f-84710c7967bb
2024-02-12T09:34:52,Error,site-85de4385-0987-4ae5-9917-b7715602956d-AUe,7e7bb2,638433272925475603,0,35932,230,"RequestData:, RequestPath:/_services/about, RequestExtension:, SessionId:, UserId:11KWF1WrQ_tOMl5DlpeZnSoPNKbiZYXYy0Achvoju_qSiCPHVw0m4TqnEYVqJGa3sdJ7NpPSSZCWa2pD3fj3S8JpGxJev7y9HjAPKUeGJ_zzhmTaX0VdNvTf9r324dYTB7jRLYOcv5eAaWvdLL-hLA2, CorrelationId:787e3a23-8fb5-4231-b1d2-f218ce99ecea, Elapsed:2673.3816, MemberName:PopulateVirtualEntitiesActualSource, SourceFilePath:C:\__w\1\s\Framework\Adxstudio.Xrm\Caching\VirtualEntitiesCacheHelper.cs, SourceLineNumber:125, Category:Application, Message:The web api getDataSourceId for virtual entity returned empty DataSourceId, ErrorCategory:ApplicationError",8001c5a3-0003-c400-b63f-84710c7967bb
2024-02-12T09:34:52,Error,site-85de4385-0987-4ae5-9917-b7715602956d-AUe,7e7bb2,638433272925944157,0,35932,230,"RequestData:, RequestPath:/_services/about, RequestExtension:, SessionId:, UserId:11KWF1WrQ_tOMl5DlpeZnSoPNKbiZYXYy0Achvoju_qSiCPHVw0m4TqnEYVqJGa3sdJ7NpPSSZCWa2pD3fj3S8JpGxJev7y9HjAPKUeGJ_zzhmTaX0VdNvTf9r324dYTB7jRLYOcv5eAaWvdLL-hLA2, CorrelationId:787e3a23-8fb5-4231-b1d2-f218ce99ecea, Elapsed:2727.0693, MemberName:PopulateVirtualEntitiesActualSource, SourceFilePath:C:\__w\1\s\Framework\Adxstudio.Xrm\Caching\VirtualEntitiesCacheHelper.cs, SourceLineNumber:125, Category:Application, Message:The web api getDataSourceId for virtual entity returned empty DataSourceId, ErrorCategory:ApplicationError",8001c5a3-0003-c400-b63f-84710c7967bb
2024-02-12T09:34:52,Error,site-85de4385-0987-4ae5-9917-b7715602956d-AUe,7e7bb2,638433272926412903,0,35932,230,"RequestData:, RequestPath:/_services/about, RequestExtension:, SessionId:, UserId:11KWF1WrQ_tOMl5DlpeZnSoPNKbiZYXYy0Achvoju_qSiCPHVw0m4TqnEYVqJGa3sdJ7NpPSSZCWa2pD3fj3S8JpGxJev7y9HjAPKUeGJ_zzhmTaX0VdNvTf9r324dYTB7jRLYOcv5eAaWvdLL-hLA2, CorrelationId:787e3a23-8fb5-4231-b1d2-f218ce99ecea, Elapsed:2776.3833, MemberName:PopulateVirtualEntitiesActualSource, SourceFilePath:C:\__w\1\s\Framework\Adxstudio.Xrm\Caching\VirtualEntitiesCacheHelper.cs, SourceLineNumber:125, Category:Application, Message:The web api getDataSourceId for virtual entity returned empty DataSourceId, ErrorCategory:ApplicationError",8001c5a3-0003-c400-b63f-84710c7967bb
2024-02-12T09:34:52,Error,site-85de4385-0987-4ae5-9917-b7715602956d-AUe,7e7bb2,638433272926881824,0,35932,230,"RequestData:, RequestPath:/_services/about, RequestExtension:, SessionId:, UserId:11KWF1WrQ_tOMl5DlpeZnSoPNKbiZYXYy0Achvoju_qSiCPHVw0m4TqnEYVqJGa3sdJ7NpPSSZCWa2pD3fj3S8JpGxJev7y9HjAPKUeGJ_zzhmTaX0VdNvTf9r324dYTB7jRLYOcv5eAaWvdLL-hLA2, CorrelationId:787e3a23-8fb5-4231-b1d2-f218ce99ecea, Elapsed:2824.0824, MemberName:PopulateVirtualEntitiesActualSource, SourceFilePath:C:\__w\1\s\Framework\Adxstudio.Xrm\Caching\VirtualEntitiesCacheHelper.cs, SourceLineNumber:125, Category:Application, Message:The web api getDataSourceId for virtual entity returned empty DataSourceId, ErrorCategory:ApplicationError",8001c5a3-0003-c400-b63f-84710c7967bb
2024-02-12T09:34:52,Error,site-85de4385-0987-4ae5-9917-b7715602956d-AUe,7e7bb2,638433272927506112,0,35932,230,"RequestData:, RequestPath:/_services/about, RequestExtension:, SessionId:, UserId:11KWF1WrQ_tOMl5DlpeZnSoPNKbiZYXYy0Achvoju_qSiCPHVw0m4TqnEYVqJGa3sdJ7NpPSSZCWa2pD3fj3S8JpGxJev7y9HjAPKUeGJ_zzhmTaX0VdNvTf9r324dYTB7jRLYOcv5eAaWvdLL-hLA2, CorrelationId:787e3a23-8fb5-4231-b1d2-f218ce99ecea, Elapsed:2872.7622, MemberName:PopulateVirtualEntitiesActualSource, SourceFilePath:C:\__w\1\s\Framework\Adxstudio.Xrm\Caching\VirtualEntitiesCacheHelper.cs, SourceLineNumber:125, Category:Application, Message:The web api getDataSourceId for virtual entity returned empty DataSourceId, ErrorCategory:ApplicationError",8001c5a3-0003-c400-b63f-84710c7967bb
