date,level,applicationName,instanceId,eventTickCount,eventId,pid,tid,message,activityId
2024-02-19T06:11:39,Error,site-85de4385-0987-4ae5-9917-b7715602956d-AUe,7e7bb2,638439198995994815,0,35932,21,"RequestData:, RequestPath:/Request-Application-Recall-Form-Page/, RequestExtension:, SessionId:eo22qxjir3zrwhnlnetqbqau, UserId:Xko9qBMmfhZZhNfk7t1p_YaVwBQqFgFoki5xRUmOjP2cGWo-B-8aClZGyWEFBbyLZHDRARMP3IQ2YSC3zP-seJVLVPothBDAAPr42RruYea7PLAfGSn4wChaluPv2Mnxxc8K9ztwK93gqy_FevbGzg2, CorrelationId:25891e4f-bb86-4238-b4f5-0b3306c2c906, Elapsed:11940.5128, RequestMethod:POST, RequestContentType:application/x-www-form-urlencoded, RequestAccept:text/html,application/xhtml+xml,application/xml;q=0.9,image/avif,image/webp,image/apng,*/*;q=0.8,application/signed-exchange;v=b3;q=0.7, RequestCacheControl:max-age=0, UserAgent:Mozilla/5.0 (Windows NT 10.0; Win64; x64) AppleWebKit/537.36 (KHTML, like Gecko) Chrome/121.0.0.0 Safari/537.36, HandlerName:ASP.pages_webtemplate_aspx, HandlerExecuted:False, VaryByCustom:user;website;language, MemberName:InvokeFuntion, SourceFilePath:C:\__w\1\s\Framework\Adxstudio.Xrm\Services\Pooling\Dataverse\PoolableDataverseConnection.cs, SourceLineNumber:211, ExceptionMessage:Error initiating workflow on record with ID = 343608a1-ecce-ee11-9079-00224893bfba; Error initiating workflow on record with ID = 343608a1-ecce-ee11-9079-00224893bfba; Error initiating workflow on record with ID = 343608a1-ecce-ee11-9079-00224893bfba; Error initiating workflow on record with ID = 343608a1-ecce-ee11-9079-00224893bfba; Error initiating workflow on record with ID = 343608a1-ecce-ee11-9079-00224893bfba; Error initiating workflow on record with ID = 343608a1-ecce-ee11-9079-00224893bfba; This workflow job was canceled because the workflow that started it included an infinite loop. Correct the workflow logic and try again. For information about workflow logic, see Help.
System.ServiceModel.FaultException`1[[Microsoft.Xrm.Sdk.OrganizationServiceFault, Microsoft.Xrm.Sdk, Version=9.0.0.0, Culture=neutral, PublicKey**redacted**]]

Server stack trace: 
   at System.ServiceModel.Channels.ServiceChannel.HandleReply(ProxyOperationRuntime operation, ProxyRpc& rpc)
   at System.ServiceModel.Channels.ServiceChannel.Call(String action, Boolean oneway, ProxyOperationRuntime operation, Object[] ins, Object[] outs, TimeSpan timeout)
   at System.ServiceModel.Channels.ServiceChannelProxy.InvokeService(IMethodCallMessage methodCall, ProxyOperationRuntime operation)
   at System.ServiceModel.Channels.ServiceChannelProxy.Invoke(IMessage message)

Exception rethrown at [0]: 
   at Microsoft.Xrm.Tooling.Connector.CrmServiceClient.Execute(OrganizationRequest request)
   at Adxstudio.Xrm.Services.Pooling.Dataverse.PoolableDataverseConnection.InvokeFuntion[TResult](Func`1 function) in C:\__w\1\s\Framework\Adxstudio.Xrm\Services\Pooling\Dataverse\PoolableDataverseConnection.cs:line 206

mscorlib

, EventData:Error occured while making Dataverse Call, Category:Application, ErrorCategory:ApplicationError",8003210d-0402-c300-b63f-84710c7967bb
2024-02-19T06:11:39,Error,site-85de4385-0987-4ae5-9917-b7715602956d-AUe,7e7bb2,638439198996776621,0,35932,21,"RequestData:, RequestPath:/Request-Application-Recall-Form-Page/, RequestExtension:, SessionId:eo22qxjir3zrwhnlnetqbqau, UserId:Xko9qBMmfhZZhNfk7t1p_YaVwBQqFgFoki5xRUmOjP2cGWo-B-8aClZGyWEFBbyLZHDRARMP3IQ2YSC3zP-seJVLVPothBDAAPr42RruYea7PLAfGSn4wChaluPv2Mnxxc8K9ztwK93gqy_FevbGzg2, CorrelationId:25891e4f-bb86-4238-b4f5-0b3306c2c906, Elapsed:12024.3357, RequestMethod:POST, RequestContentType:application/x-www-form-urlencoded, RequestAccept:text/html,application/xhtml+xml,application/xml;q=0.9,image/avif,image/webp,image/apng,*/*;q=0.8,application/signed-exchange;v=b3;q=0.7, RequestCacheControl:max-age=0, UserAgent:Mozilla/5.0 (Windows NT 10.0; Win64; x64) AppleWebKit/537.36 (KHTML, like Gecko) Chrome/121.0.0.0 Safari/537.36, HandlerName:ASP.pages_webtemplate_aspx, HandlerExecuted:False, VaryByCustom:user;website;language, ExceptionMessage:Error initiating workflow on record with ID = 343608a1-ecce-ee11-9079-00224893bfba; Error initiating workflow on record with ID = 343608a1-ecce-ee11-9079-00224893bfba; Error initiating workflow on record with ID = 343608a1-ecce-ee11-9079-00224893bfba; Error initiating workflow on record with ID = 343608a1-ecce-ee11-9079-00224893bfba; Error initiating workflow on record with ID = 343608a1-ecce-ee11-9079-00224893bfba; Error initiating workflow on record with ID = 343608a1-ecce-ee11-9079-00224893bfba; This workflow job was canceled because the workflow that started it included an infinite loop. Correct the workflow logic and try again. For information about workflow logic, see Help.
System.ServiceModel.FaultException`1[[Microsoft.Xrm.Sdk.OrganizationServiceFault, Microsoft.Xrm.Sdk, Version=9.0.0.0, Culture=neutral, PublicKey**redacted**]]

Server stack trace: 
   at System.ServiceModel.Channels.ServiceChannel.HandleReply(ProxyOperationRuntime operation, ProxyRpc& rpc)
   at System.ServiceModel.Channels.ServiceChannel.Call(String action, Boolean oneway, ProxyOperationRuntime operation, Object[] ins, Object[] outs, TimeSpan timeout)
   at System.ServiceModel.Channels.ServiceChannelProxy.InvokeService(IMethodCallMessage methodCall, ProxyOperationRuntime operation)
   at System.ServiceModel.Channels.ServiceChannelProxy.Invoke(IMessage message)

Exception rethrown at [0]: 
   at Microsoft.Xrm.Tooling.Connector.CrmServiceClient.Execute(OrganizationRequest request)
   at Adxstudio.Xrm.Services.Pooling.Dataverse.PoolableDataverseConnection.InvokeFuntion[TResult](Func`1 function) in C:\__w\1\s\Framework\Adxstudio.Xrm\Services\Pooling\Dataverse\PoolableDataverseConnection.cs:line 212
   at Microsoft.Xrm.Client.Services.OrganizationService.InnerOrganizationService.UsingService[TResult](Func`2 action) in C:\__w\1\s\Framework\Microsoft.Xrm.Client\Services\OrganizationService.cs:line 436
   at Adxstudio.Xrm.Services.CachedOrganizationService.InnerExecute(OrganizationRequest request) in C:\__w\1\s\Framework\Adxstudio.Xrm\Services\CachedOrganizationService.cs:line 429
   at Adxstudio.Xrm.Services.OrganizationServiceCache.InnerExecute[TRequest,TResponse,TResult](TRequest query, Func`2 execute, Func`2 selector) in C:\__w\1\s\Framework\Adxstudio.Xrm\Services\OrganizationServiceCache.cs:line 653
   at Adxstudio.Xrm.Services.OrganizationServiceCache.InnerExecute[TRequest,TResponse,TResult](TRequest request, Func`2 execute, Func`2 selector, String selectorCacheKey) in C:\__w\1\s\Framework\Adxstudio.Xrm\Services\OrganizationServiceCache.cs:line 323
   at Adxstudio.Xrm.Services.ContentMapOrganizationServiceCache.Execute[T](OrganizationRequest request, Func`2 execute, Func`2 selector, String selectorCacheKey) in C:\__w\1\s\Framework\Adxstudio.Xrm\Services\ContentMapOrganizationServiceCache.cs:line 36
   at Adxstudio.Xrm.Services.PortalBusOrganizationServiceCache.Execute[T](OrganizationRequest request, Func`2 execute, Func`2 selector, String selectorCacheKey) in C:\__w\1\s\Framework\Adxstudio.Xrm\Services\PortalBusOrganizationServiceCache.cs:line 44
   at Adxstudio.Xrm.Services.CachedOrganizationService.Execute[T](OrganizationRequest request, Func`2 selector, String selectorCacheKey) in C:\__w\1\s\Framework\Adxstudio.Xrm\Services\CachedOrganizationService.cs:line 367
   at Adxstudio.Xrm.Services.CachedOrganizationService.Execute[T](OrganizationRequest request) in C:\__w\1\s\Framework\Adxstudio.Xrm\Services\CachedOrganizationService.cs:line 358
   at Adxstudio.Xrm.Services.CrmOnlineOrganizationService.<>c__DisplayClass26_0.<Execute>b__0() in C:\__w\1\s\Framework\Adxstudio.Xrm\Services\CrmOnlineOrganizationService.cs:line 268
   at Microsoft.Practices.TransientFaultHandling.RetryPolicy.ExecuteAction[TResult](Func`1 func)
   at Microsoft.Xrm.Sdk.Client.OrganizationServiceContext.Execute(OrganizationRequest request)
   at Microsoft.Xrm.Sdk.Client.OrganizationServiceContext.SaveChange(OrganizationRequest request, IList`1 results)

mscorlib

, EventData:, Category:Application, ErrorCategory:ApplicationError",8003210d-0402-c300-b63f-84710c7967bb
2024-02-19T06:11:39,Error,site-85de4385-0987-4ae5-9917-b7715602956d-AUe,7e7bb2,638439198996776621,0,35932,21,"RequestData:, RequestPath:/Request-Application-Recall-Form-Page/, RequestExtension:, SessionId:eo22qxjir3zrwhnlnetqbqau, UserId:Xko9qBMmfhZZhNfk7t1p_YaVwBQqFgFoki5xRUmOjP2cGWo-B-8aClZGyWEFBbyLZHDRARMP3IQ2YSC3zP-seJVLVPothBDAAPr42RruYea7PLAfGSn4wChaluPv2Mnxxc8K9ztwK93gqy_FevbGzg2, CorrelationId:25891e4f-bb86-4238-b4f5-0b3306c2c906, Elapsed:12034.1773, MemberName:OnItemUpdated, SourceFilePath:C:\__w\1\s\Framework\Adxstudio.Xrm\Web\UI\WebControls\EntityForm.cs, SourceLineNumber:1526, Category:EntityForm, Message:Saving record failed. Entity.Id is null. This error usually indicates a plugin has failed or a system required field was not provided a value. Please check the system jobs in CRM for possible failed plugin steps. System.ServiceModel.FaultException`1[Microsoft.Xrm.Sdk.OrganizationServiceFault]: Error initiating workflow on record with ID = 343608a1-ecce-ee11-9079-00224893bfba; Error initiating workflow on record with ID = 343608a1-ecce-ee11-9079-00224893bfba; Error initiating workflow on record with ID = 343608a1-ecce-ee11-9079-00224893bfba; Error initiating workflow on record with ID = 343608a1-ecce-ee11-9079-00224893bfba; Error initiating workflow on record with ID = 343608a1-ecce-ee11-9079-00224893bfba; Error initiating workflow on record with ID = 343608a1-ecce-ee11-9079-00224893bfba; This workflow job was canceled because the workflow that started it included an infinite loop. Correct the workflow logic and try again. For information about workflow logic, see Help. (Fault Detail is equal to Exception details: 
Error**redacted**
Message: Error initiating workflow on record with ID = 343608a1-ecce-ee11-9079-00224893bfba; Error initiating workflow on record with ID = 343608a1-ecce-ee11-9079-00224893bfba; Error initiating workflow on record with ID = 343608a1-ecce-ee11-9079-00224893bfba; Error initiating workflow on record with ID = 343608a1-ecce-ee11-9079-00224893bfba; Error initiating workflow on record with ID = 343608a1-ecce-ee11-9079-00224893bfba; Error initiating workflow on record with ID = 343608a1-ecce-ee11-9079-00224893bfba; This workflow job was canceled because the workflow that started it included an infinite loop. Correct the workflow logic and try again. For information about workflow logic, see Help.
TimeStamp: 2024-02-19T06:11:39.5690405Z
--
Exception details: 
Error**redacted**
Message: Error initiating workflow on record with ID = 343608a1-ecce-ee11-9079-00224893bfba; Error initiating workflow on record with ID = 343608a1-ecce-ee11-9079-00224893bfba; Error initia...)., ErrorCategory:UserError",8003210d-0402-c300-b63f-84710c7967bb
2024-02-19T06:19:49,Error,site-85de4385-0987-4ae5-9917-b7715602956d-AUe,7e7bb2,638439203895599258,0,35932,143,"RequestData:, RequestPath:/Request-Application-Recall-Form-Page/, RequestExtension:, SessionId:eo22qxjir3zrwhnlnetqbqau, UserId:Xko9qBMmfhZZhNfk7t1p_YaVwBQqFgFoki5xRUmOjP2cGWo-B-8aClZGyWEFBbyLZHDRARMP3IQ2YSC3zP-seJVLVPothBDAAPr42RruYea7PLAfGSn4wChaluPv2Mnxxc8K9ztwK93gqy_FevbGzg2, CorrelationId:5822392b-a54b-4fcf-9773-3b3f3ce51ccd, Elapsed:3922.4938, RequestMethod:POST, RequestContentType:application/x-www-form-urlencoded, RequestAccept:text/html,application/xhtml+xml,application/xml;q=0.9,image/avif,image/webp,image/apng,*/*;q=0.8,application/signed-exchange;v=b3;q=0.7, RequestCacheControl:max-age=0, UserAgent:Mozilla/5.0 (Windows NT 10.0; Win64; x64) AppleWebKit/537.36 (KHTML, like Gecko) Chrome/121.0.0.0 Safari/537.36, HandlerName:ASP.pages_webtemplate_aspx, HandlerExecuted:False, VaryByCustom:user;website;language, MemberName:InvokeFuntion, SourceFilePath:C:\__w\1\s\Framework\Adxstudio.Xrm\Services\Pooling\Dataverse\PoolableDataverseConnection.cs, SourceLineNumber:211, ExceptionMessage:Error initiating workflow on record with ID = 343608a1-ecce-ee11-9079-00224893bfba; Error initiating workflow on record with ID = 343608a1-ecce-ee11-9079-00224893bfba; Error initiating workflow on record with ID = 343608a1-ecce-ee11-9079-00224893bfba; Error initiating workflow on record with ID = 343608a1-ecce-ee11-9079-00224893bfba; Error initiating workflow on record with ID = 343608a1-ecce-ee11-9079-00224893bfba; Error initiating workflow on record with ID = 343608a1-ecce-ee11-9079-00224893bfba; This workflow job was canceled because the workflow that started it included an infinite loop. Correct the workflow logic and try again. For information about workflow logic, see Help.
System.ServiceModel.FaultException`1[[Microsoft.Xrm.Sdk.OrganizationServiceFault, Microsoft.Xrm.Sdk, Version=9.0.0.0, Culture=neutral, PublicKey**redacted**]]

Server stack trace: 
   at System.ServiceModel.Channels.ServiceChannel.HandleReply(ProxyOperationRuntime operation, ProxyRpc& rpc)
   at System.ServiceModel.Channels.ServiceChannel.Call(String action, Boolean oneway, ProxyOperationRuntime operation, Object[] ins, Object[] outs, TimeSpan timeout)
   at System.ServiceModel.Channels.ServiceChannelProxy.InvokeService(IMethodCallMessage methodCall, ProxyOperationRuntime operation)
   at System.ServiceModel.Channels.ServiceChannelProxy.Invoke(IMessage message)

Exception rethrown at [0]: 
   at Microsoft.Xrm.Tooling.Connector.CrmServiceClient.Execute(OrganizationRequest request)
   at Adxstudio.Xrm.Services.Pooling.Dataverse.PoolableDataverseConnection.InvokeFuntion[TResult](Func`1 function) in C:\__w\1\s\Framework\Adxstudio.Xrm\Services\Pooling\Dataverse\PoolableDataverseConnection.cs:line 206

mscorlib

, EventData:Error occured while making Dataverse Call, Category:Application, ErrorCategory:ApplicationError",80032fb1-0400-9d00-b63f-84710c7967bb
2024-02-19T06:19:49,Error,site-85de4385-0987-4ae5-9917-b7715602956d-AUe,7e7bb2,638439203896849348,0,35932,143,"RequestData:, RequestPath:/Request-Application-Recall-Form-Page/, RequestExtension:, SessionId:eo22qxjir3zrwhnlnetqbqau, UserId:Xko9qBMmfhZZhNfk7t1p_YaVwBQqFgFoki5xRUmOjP2cGWo-B-8aClZGyWEFBbyLZHDRARMP3IQ2YSC3zP-seJVLVPothBDAAPr42RruYea7PLAfGSn4wChaluPv2Mnxxc8K9ztwK93gqy_FevbGzg2, CorrelationId:5822392b-a54b-4fcf-9773-3b3f3ce51ccd, Elapsed:4056.2007, RequestMethod:POST, RequestContentType:application/x-www-form-urlencoded, RequestAccept:text/html,application/xhtml+xml,application/xml;q=0.9,image/avif,image/webp,image/apng,*/*;q=0.8,application/signed-exchange;v=b3;q=0.7, RequestCacheControl:max-age=0, UserAgent:Mozilla/5.0 (Windows NT 10.0; Win64; x64) AppleWebKit/537.36 (KHTML, like Gecko) Chrome/121.0.0.0 Safari/537.36, HandlerName:ASP.pages_webtemplate_aspx, HandlerExecuted:False, VaryByCustom:user;website;language, ExceptionMessage:Error initiating workflow on record with ID = 343608a1-ecce-ee11-9079-00224893bfba; Error initiating workflow on record with ID = 343608a1-ecce-ee11-9079-00224893bfba; Error initiating workflow on record with ID = 343608a1-ecce-ee11-9079-00224893bfba; Error initiating workflow on record with ID = 343608a1-ecce-ee11-9079-00224893bfba; Error initiating workflow on record with ID = 343608a1-ecce-ee11-9079-00224893bfba; Error initiating workflow on record with ID = 343608a1-ecce-ee11-9079-00224893bfba; This workflow job was canceled because the workflow that started it included an infinite loop. Correct the workflow logic and try again. For information about workflow logic, see Help.
System.ServiceModel.FaultException`1[[Microsoft.Xrm.Sdk.OrganizationServiceFault, Microsoft.Xrm.Sdk, Version=9.0.0.0, Culture=neutral, PublicKey**redacted**]]

Server stack trace: 
   at System.ServiceModel.Channels.ServiceChannel.HandleReply(ProxyOperationRuntime operation, ProxyRpc& rpc)
   at System.ServiceModel.Channels.ServiceChannel.Call(String action, Boolean oneway, ProxyOperationRuntime operation, Object[] ins, Object[] outs, TimeSpan timeout)
   at System.ServiceModel.Channels.ServiceChannelProxy.InvokeService(IMethodCallMessage methodCall, ProxyOperationRuntime operation)
   at System.ServiceModel.Channels.ServiceChannelProxy.Invoke(IMessage message)

Exception rethrown at [0]: 
   at Microsoft.Xrm.Tooling.Connector.CrmServiceClient.Execute(OrganizationRequest request)
   at Adxstudio.Xrm.Services.Pooling.Dataverse.PoolableDataverseConnection.InvokeFuntion[TResult](Func`1 function) in C:\__w\1\s\Framework\Adxstudio.Xrm\Services\Pooling\Dataverse\PoolableDataverseConnection.cs:line 212
   at Microsoft.Xrm.Client.Services.OrganizationService.InnerOrganizationService.UsingService[TResult](Func`2 action) in C:\__w\1\s\Framework\Microsoft.Xrm.Client\Services\OrganizationService.cs:line 436
   at Adxstudio.Xrm.Services.CachedOrganizationService.InnerExecute(OrganizationRequest request) in C:\__w\1\s\Framework\Adxstudio.Xrm\Services\CachedOrganizationService.cs:line 429
   at Adxstudio.Xrm.Services.OrganizationServiceCache.InnerExecute[TRequest,TResponse,TResult](TRequest query, Func`2 execute, Func`2 selector) in C:\__w\1\s\Framework\Adxstudio.Xrm\Services\OrganizationServiceCache.cs:line 653
   at Adxstudio.Xrm.Services.OrganizationServiceCache.InnerExecute[TRequest,TResponse,TResult](TRequest request, Func`2 execute, Func`2 selector, String selectorCacheKey) in C:\__w\1\s\Framework\Adxstudio.Xrm\Services\OrganizationServiceCache.cs:line 323
   at Adxstudio.Xrm.Services.ContentMapOrganizationServiceCache.Execute[T](OrganizationRequest request, Func`2 execute, Func`2 selector, String selectorCacheKey) in C:\__w\1\s\Framework\Adxstudio.Xrm\Services\ContentMapOrganizationServiceCache.cs:line 36
   at Adxstudio.Xrm.Services.PortalBusOrganizationServiceCache.Execute[T](OrganizationRequest request, Func`2 execute, Func`2 selector, String selectorCacheKey) in C:\__w\1\s\Framework\Adxstudio.Xrm\Services\PortalBusOrganizationServiceCache.cs:line 44
   at Adxstudio.Xrm.Services.CachedOrganizationService.Execute[T](OrganizationRequest request, Func`2 selector, String selectorCacheKey) in C:\__w\1\s\Framework\Adxstudio.Xrm\Services\CachedOrganizationService.cs:line 367
   at Adxstudio.Xrm.Services.CachedOrganizationService.Execute[T](OrganizationRequest request) in C:\__w\1\s\Framework\Adxstudio.Xrm\Services\CachedOrganizationService.cs:line 358
   at Adxstudio.Xrm.Services.CrmOnlineOrganizationService.<>c__DisplayClass26_0.<Execute>b__0() in C:\__w\1\s\Framework\Adxstudio.Xrm\Services\CrmOnlineOrganizationService.cs:line 268
   at Microsoft.Practices.TransientFaultHandling.RetryPolicy.ExecuteAction[TResult](Func`1 func)
   at Microsoft.Xrm.Sdk.Client.OrganizationServiceContext.Execute(OrganizationRequest request)
   at Microsoft.Xrm.Sdk.Client.OrganizationServiceContext.SaveChange(OrganizationRequest request, IList`1 results)

mscorlib

, EventData:, Category:Application, ErrorCategory:ApplicationError",80032fb1-0400-9d00-b63f-84710c7967bb
2024-02-19T06:19:49,Error,site-85de4385-0987-4ae5-9917-b7715602956d-AUe,7e7bb2,638439203896849348,0,35932,143,"RequestData:, RequestPath:/Request-Application-Recall-Form-Page/, RequestExtension:, SessionId:eo22qxjir3zrwhnlnetqbqau, UserId:Xko9qBMmfhZZhNfk7t1p_YaVwBQqFgFoki5xRUmOjP2cGWo-B-8aClZGyWEFBbyLZHDRARMP3IQ2YSC3zP-seJVLVPothBDAAPr42RruYea7PLAfGSn4wChaluPv2Mnxxc8K9ztwK93gqy_FevbGzg2, CorrelationId:5822392b-a54b-4fcf-9773-3b3f3ce51ccd, Elapsed:4057.7601, MemberName:OnItemUpdated, SourceFilePath:C:\__w\1\s\Framework\Adxstudio.Xrm\Web\UI\WebControls\EntityForm.cs, SourceLineNumber:1526, Category:EntityForm, Message:Saving record failed. Entity.Id is null. This error usually indicates a plugin has failed or a system required field was not provided a value. Please check the system jobs in CRM for possible failed plugin steps. System.ServiceModel.FaultException`1[Microsoft.Xrm.Sdk.OrganizationServiceFault]: Error initiating workflow on record with ID = 343608a1-ecce-ee11-9079-00224893bfba; Error initiating workflow on record with ID = 343608a1-ecce-ee11-9079-00224893bfba; Error initiating workflow on record with ID = 343608a1-ecce-ee11-9079-00224893bfba; Error initiating workflow on record with ID = 343608a1-ecce-ee11-9079-00224893bfba; Error initiating workflow on record with ID = 343608a1-ecce-ee11-9079-00224893bfba; Error initiating workflow on record with ID = 343608a1-ecce-ee11-9079-00224893bfba; This workflow job was canceled because the workflow that started it included an infinite loop. Correct the workflow logic and try again. For information about workflow logic, see Help. (Fault Detail is equal to Exception details: 
Error**redacted**
Message: Error initiating workflow on record with ID = 343608a1-ecce-ee11-9079-00224893bfba; Error initiating workflow on record with ID = 343608a1-ecce-ee11-9079-00224893bfba; Error initiating workflow on record with ID = 343608a1-ecce-ee11-9079-00224893bfba; Error initiating workflow on record with ID = 343608a1-ecce-ee11-9079-00224893bfba; Error initiating workflow on record with ID = 343608a1-ecce-ee11-9079-00224893bfba; Error initiating workflow on record with ID = 343608a1-ecce-ee11-9079-00224893bfba; This workflow job was canceled because the workflow that started it included an infinite loop. Correct the workflow logic and try again. For information about workflow logic, see Help.
TimeStamp: 2024-02-19T06:19:49.5429189Z
--
Exception details: 
Error**redacted**
Message: Error initiating workflow on record with ID = 343608a1-ecce-ee11-9079-00224893bfba; Error initiating workflow on record with ID = 343608a1-ecce-ee11-9079-00224893bfba; Error initia...)., ErrorCategory:UserError",80032fb1-0400-9d00-b63f-84710c7967bb
2024-02-19T06:29:21,Error,site-85de4385-0987-4ae5-9917-b7715602956d-AUe,7e7bb2,638439209610548013,0,35932,126,"RequestData:, RequestPath:/Request-Application-Recall-Form-Page/, RequestExtension:, SessionId:eo22qxjir3zrwhnlnetqbqau, UserId:Xko9qBMmfhZZhNfk7t1p_YaVwBQqFgFoki5xRUmOjP2cGWo-B-8aClZGyWEFBbyLZHDRARMP3IQ2YSC3zP-seJVLVPothBDAAPr42RruYea7PLAfGSn4wChaluPv2Mnxxc8K9ztwK93gqy_FevbGzg2, CorrelationId:693502ff-8f19-456a-b8ae-37cad132c056, Elapsed:3959.7263, RequestMethod:POST, RequestContentType:application/x-www-form-urlencoded, RequestAccept:text/html,application/xhtml+xml,application/xml;q=0.9,image/avif,image/webp,image/apng,*/*;q=0.8,application/signed-exchange;v=b3;q=0.7, RequestCacheControl:max-age=0, UserAgent:Mozilla/5.0 (Windows NT 10.0; Win64; x64) AppleWebKit/537.36 (KHTML, like Gecko) Chrome/121.0.0.0 Safari/537.36, HandlerName:ASP.pages_webtemplate_aspx, HandlerExecuted:False, VaryByCustom:user;website;language, MemberName:InvokeFuntion, SourceFilePath:C:\__w\1\s\Framework\Adxstudio.Xrm\Services\Pooling\Dataverse\PoolableDataverseConnection.cs, SourceLineNumber:211, ExceptionMessage:Error initiating workflow on record with ID = 343608a1-ecce-ee11-9079-00224893bfba; Error initiating workflow on record with ID = 343608a1-ecce-ee11-9079-00224893bfba; Error initiating workflow on record with ID = 343608a1-ecce-ee11-9079-00224893bfba; Error initiating workflow on record with ID = 343608a1-ecce-ee11-9079-00224893bfba; Error initiating workflow on record with ID = 343608a1-ecce-ee11-9079-00224893bfba; Error initiating workflow on record with ID = 343608a1-ecce-ee11-9079-00224893bfba; This workflow job was canceled because the workflow that started it included an infinite loop. Correct the workflow logic and try again. For information about workflow logic, see Help.
System.ServiceModel.FaultException`1[[Microsoft.Xrm.Sdk.OrganizationServiceFault, Microsoft.Xrm.Sdk, Version=9.0.0.0, Culture=neutral, PublicKey**redacted**]]

Server stack trace: 
   at System.ServiceModel.Channels.ServiceChannel.HandleReply(ProxyOperationRuntime operation, ProxyRpc& rpc)
   at System.ServiceModel.Channels.ServiceChannel.Call(String action, Boolean oneway, ProxyOperationRuntime operation, Object[] ins, Object[] outs, TimeSpan timeout)
   at System.ServiceModel.Channels.ServiceChannelProxy.InvokeService(IMethodCallMessage methodCall, ProxyOperationRuntime operation)
   at System.ServiceModel.Channels.ServiceChannelProxy.Invoke(IMessage message)

Exception rethrown at [0]: 
   at Microsoft.Xrm.Tooling.Connector.CrmServiceClient.Execute(OrganizationRequest request)
   at Adxstudio.Xrm.Services.Pooling.Dataverse.PoolableDataverseConnection.InvokeFuntion[TResult](Func`1 function) in C:\__w\1\s\Framework\Adxstudio.Xrm\Services\Pooling\Dataverse\PoolableDataverseConnection.cs:line 206

mscorlib

, EventData:Error occured while making Dataverse Call, Category:Application, ErrorCategory:ApplicationError",8004cfbd-0002-8800-b63f-84710c7967bb
2024-02-19T06:29:21,Error,site-85de4385-0987-4ae5-9917-b7715602956d-AUe,7e7bb2,638439209613985590,0,35932,126,"RequestData:, RequestPath:/Request-Application-Recall-Form-Page/, RequestExtension:, SessionId:eo22qxjir3zrwhnlnetqbqau, UserId:Xko9qBMmfhZZhNfk7t1p_YaVwBQqFgFoki5xRUmOjP2cGWo-B-8aClZGyWEFBbyLZHDRARMP3IQ2YSC3zP-seJVLVPothBDAAPr42RruYea7PLAfGSn4wChaluPv2Mnxxc8K9ztwK93gqy_FevbGzg2, CorrelationId:693502ff-8f19-456a-b8ae-37cad132c056, Elapsed:4292.4284, RequestMethod:POST, RequestContentType:application/x-www-form-urlencoded, RequestAccept:text/html,application/xhtml+xml,application/xml;q=0.9,image/avif,image/webp,image/apng,*/*;q=0.8,application/signed-exchange;v=b3;q=0.7, RequestCacheControl:max-age=0, UserAgent:Mozilla/5.0 (Windows NT 10.0; Win64; x64) AppleWebKit/537.36 (KHTML, like Gecko) Chrome/121.0.0.0 Safari/537.36, HandlerName:ASP.pages_webtemplate_aspx, HandlerExecuted:False, VaryByCustom:user;website;language, ExceptionMessage:Error initiating workflow on record with ID = 343608a1-ecce-ee11-9079-00224893bfba; Error initiating workflow on record with ID = 343608a1-ecce-ee11-9079-00224893bfba; Error initiating workflow on record with ID = 343608a1-ecce-ee11-9079-00224893bfba; Error initiating workflow on record with ID = 343608a1-ecce-ee11-9079-00224893bfba; Error initiating workflow on record with ID = 343608a1-ecce-ee11-9079-00224893bfba; Error initiating workflow on record with ID = 343608a1-ecce-ee11-9079-00224893bfba; This workflow job was canceled because the workflow that started it included an infinite loop. Correct the workflow logic and try again. For information about workflow logic, see Help.
System.ServiceModel.FaultException`1[[Microsoft.Xrm.Sdk.OrganizationServiceFault, Microsoft.Xrm.Sdk, Version=9.0.0.0, Culture=neutral, PublicKey**redacted**]]

Server stack trace: 
   at System.ServiceModel.Channels.ServiceChannel.HandleReply(ProxyOperationRuntime operation, ProxyRpc& rpc)
   at System.ServiceModel.Channels.ServiceChannel.Call(String action, Boolean oneway, ProxyOperationRuntime operation, Object[] ins, Object[] outs, TimeSpan timeout)
   at System.ServiceModel.Channels.ServiceChannelProxy.InvokeService(IMethodCallMessage methodCall, ProxyOperationRuntime operation)
   at System.ServiceModel.Channels.ServiceChannelProxy.Invoke(IMessage message)

Exception rethrown at [0]: 
   at Microsoft.Xrm.Tooling.Connector.CrmServiceClient.Execute(OrganizationRequest request)
   at Adxstudio.Xrm.Services.Pooling.Dataverse.PoolableDataverseConnection.InvokeFuntion[TResult](Func`1 function) in C:\__w\1\s\Framework\Adxstudio.Xrm\Services\Pooling\Dataverse\PoolableDataverseConnection.cs:line 212
   at Microsoft.Xrm.Client.Services.OrganizationService.InnerOrganizationService.UsingService[TResult](Func`2 action) in C:\__w\1\s\Framework\Microsoft.Xrm.Client\Services\OrganizationService.cs:line 436
   at Adxstudio.Xrm.Services.CachedOrganizationService.InnerExecute(OrganizationRequest request) in C:\__w\1\s\Framework\Adxstudio.Xrm\Services\CachedOrganizationService.cs:line 429
   at Adxstudio.Xrm.Services.OrganizationServiceCache.InnerExecute[TRequest,TResponse,TResult](TRequest query, Func`2 execute, Func`2 selector) in C:\__w\1\s\Framework\Adxstudio.Xrm\Services\OrganizationServiceCache.cs:line 653
   at Adxstudio.Xrm.Services.OrganizationServiceCache.InnerExecute[TRequest,TResponse,TResult](TRequest request, Func`2 execute, Func`2 selector, String selectorCacheKey) in C:\__w\1\s\Framework\Adxstudio.Xrm\Services\OrganizationServiceCache.cs:line 323
   at Adxstudio.Xrm.Services.ContentMapOrganizationServiceCache.Execute[T](OrganizationRequest request, Func`2 execute, Func`2 selector, String selectorCacheKey) in C:\__w\1\s\Framework\Adxstudio.Xrm\Services\ContentMapOrganizationServiceCache.cs:line 36
   at Adxstudio.Xrm.Services.PortalBusOrganizationServiceCache.Execute[T](OrganizationRequest request, Func`2 execute, Func`2 selector, String selectorCacheKey) in C:\__w\1\s\Framework\Adxstudio.Xrm\Services\PortalBusOrganizationServiceCache.cs:line 44
   at Adxstudio.Xrm.Services.CachedOrganizationService.Execute[T](OrganizationRequest request, Func`2 selector, String selectorCacheKey) in C:\__w\1\s\Framework\Adxstudio.Xrm\Services\CachedOrganizationService.cs:line 367
   at Adxstudio.Xrm.Services.CachedOrganizationService.Execute[T](OrganizationRequest request) in C:\__w\1\s\Framework\Adxstudio.Xrm\Services\CachedOrganizationService.cs:line 358
   at Adxstudio.Xrm.Services.CrmOnlineOrganizationService.<>c__DisplayClass26_0.<Execute>b__0() in C:\__w\1\s\Framework\Adxstudio.Xrm\Services\CrmOnlineOrganizationService.cs:line 268
   at Microsoft.Practices.TransientFaultHandling.RetryPolicy.ExecuteAction[TResult](Func`1 func)
   at Microsoft.Xrm.Sdk.Client.OrganizationServiceContext.Execute(OrganizationRequest request)
   at Microsoft.Xrm.Sdk.Client.OrganizationServiceContext.SaveChange(OrganizationRequest request, IList`1 results)

mscorlib

, EventData:, Category:Application, ErrorCategory:ApplicationError",8004cfbd-0002-8800-b63f-84710c7967bb
2024-02-19T06:29:21,Error,site-85de4385-0987-4ae5-9917-b7715602956d-AUe,7e7bb2,638439209613985590,0,35932,126,"RequestData:, RequestPath:/Request-Application-Recall-Form-Page/, RequestExtension:, SessionId:eo22qxjir3zrwhnlnetqbqau, UserId:Xko9qBMmfhZZhNfk7t1p_YaVwBQqFgFoki5xRUmOjP2cGWo-B-8aClZGyWEFBbyLZHDRARMP3IQ2YSC3zP-seJVLVPothBDAAPr42RruYea7PLAfGSn4wChaluPv2Mnxxc8K9ztwK93gqy_FevbGzg2, CorrelationId:693502ff-8f19-456a-b8ae-37cad132c056, Elapsed:4293.9544, MemberName:OnItemUpdated, SourceFilePath:C:\__w\1\s\Framework\Adxstudio.Xrm\Web\UI\WebControls\EntityForm.cs, SourceLineNumber:1526, Category:EntityForm, Message:Saving record failed. Entity.Id is null. This error usually indicates a plugin has failed or a system required field was not provided a value. Please check the system jobs in CRM for possible failed plugin steps. System.ServiceModel.FaultException`1[Microsoft.Xrm.Sdk.OrganizationServiceFault]: Error initiating workflow on record with ID = 343608a1-ecce-ee11-9079-00224893bfba; Error initiating workflow on record with ID = 343608a1-ecce-ee11-9079-00224893bfba; Error initiating workflow on record with ID = 343608a1-ecce-ee11-9079-00224893bfba; Error initiating workflow on record with ID = 343608a1-ecce-ee11-9079-00224893bfba; Error initiating workflow on record with ID = 343608a1-ecce-ee11-9079-00224893bfba; Error initiating workflow on record with ID = 343608a1-ecce-ee11-9079-00224893bfba; This workflow job was canceled because the workflow that started it included an infinite loop. Correct the workflow logic and try again. For information about workflow logic, see Help. (Fault Detail is equal to Exception details: 
Error**redacted**
Message: Error initiating workflow on record with ID = 343608a1-ecce-ee11-9079-00224893bfba; Error initiating workflow on record with ID = 343608a1-ecce-ee11-9079-00224893bfba; Error initiating workflow on record with ID = 343608a1-ecce-ee11-9079-00224893bfba; Error initiating workflow on record with ID = 343608a1-ecce-ee11-9079-00224893bfba; Error initiating workflow on record with ID = 343608a1-ecce-ee11-9079-00224893bfba; Error initiating workflow on record with ID = 343608a1-ecce-ee11-9079-00224893bfba; This workflow job was canceled because the workflow that started it included an infinite loop. Correct the workflow logic and try again. For information about workflow logic, see Help.
TimeStamp: 2024-02-19T06:29:21.0404311Z
--
Exception details: 
Error**redacted**
Message: Error initiating workflow on record with ID = 343608a1-ecce-ee11-9079-00224893bfba; Error initiating workflow on record with ID = 343608a1-ecce-ee11-9079-00224893bfba; Error initia...)., ErrorCategory:UserError",8004cfbd-0002-8800-b63f-84710c7967bb
