date,level,applicationName,instanceId,eventTickCount,eventId,pid,tid,message,activityId
2024-02-17T19:34:26,Error,site-85de4385-0987-4ae5-9917-b7715602956d-AUe,7e7bb2,638437952660418405,0,35932,21,"RequestData:, RequestPath:/_services/about, RequestExtension:, SessionId:, UserId:FmRMOMwI45tagvLWMvRmuHwm24wCpC08AMtVn6Jjqn1MT6iX01DSx5w5TG2bbsuzMWVQarT1IewpojXGv0sohhUOBBRQHfX9v3LowvckVPY-VwISfORxlgDUekMq4Rt7TS2sI9t3PaBsKmueNw-xMg2, CorrelationId:3ba94400-c025-4866-8cc9-436b08024152, Elapsed:3683.2066, MemberName:PopulateVirtualEntitiesActualSource, SourceFilePath:C:\__w\1\s\Framework\Adxstudio.Xrm\Caching\VirtualEntitiesCacheHelper.cs, SourceLineNumber:125, Category:Application, Message:The web api getDataSourceId for virtual entity returned empty DataSourceId, ErrorCategory:ApplicationError",800451ce-0002-ff00-b63f-84710c7967bb
2024-02-17T19:34:26,Error,site-85de4385-0987-4ae5-9917-b7715602956d-AUe,7e7bb2,638437952661199851,0,35932,21,"RequestData:, RequestPath:/_services/about, RequestExtension:, SessionId:, UserId:FmRMOMwI45tagvLWMvRmuHwm24wCpC08AMtVn6Jjqn1MT6iX01DSx5w5TG2bbsuzMWVQarT1IewpojXGv0sohhUOBBRQHfX9v3LowvckVPY-VwISfORxlgDUekMq4Rt7TS2sI9t3PaBsKmueNw-xMg2, CorrelationId:3ba94400-c025-4866-8cc9-436b08024152, Elapsed:3759.0345, MemberName:PopulateVirtualEntitiesActualSource, SourceFilePath:C:\__w\1\s\Framework\Adxstudio.Xrm\Caching\VirtualEntitiesCacheHelper.cs, SourceLineNumber:125, Category:Application, Message:The web api getDataSourceId for virtual entity returned empty DataSourceId, ErrorCategory:ApplicationError",800451ce-0002-ff00-b63f-84710c7967bb
2024-02-17T19:34:26,Error,site-85de4385-0987-4ae5-9917-b7715602956d-AUe,7e7bb2,638437952661667866,0,35932,21,"RequestData:, RequestPath:/_services/about, RequestExtension:, SessionId:, UserId:FmRMOMwI45tagvLWMvRmuHwm24wCpC08AMtVn6Jjqn1MT6iX01DSx5w5TG2bbsuzMWVQarT1IewpojXGv0sohhUOBBRQHfX9v3LowvckVPY-VwISfORxlgDUekMq4Rt7TS2sI9t3PaBsKmueNw-xMg2, CorrelationId:3ba94400-c025-4866-8cc9-436b08024152, Elapsed:3809.8746, MemberName:PopulateVirtualEntitiesActualSource, SourceFilePath:C:\__w\1\s\Framework\Adxstudio.Xrm\Caching\VirtualEntitiesCacheHelper.cs, SourceLineNumber:125, Category:Application, Message:The web api getDataSourceId for virtual entity returned empty DataSourceId, ErrorCategory:ApplicationError",800451ce-0002-ff00-b63f-84710c7967bb
2024-02-17T19:34:26,Error,site-85de4385-0987-4ae5-9917-b7715602956d-AUe,7e7bb2,638437952662292887,0,35932,21,"RequestData:, RequestPath:/_services/about, RequestExtension:, SessionId:, UserId:FmRMOMwI45tagvLWMvRmuHwm24wCpC08AMtVn6Jjqn1MT6iX01DSx5w5TG2bbsuzMWVQarT1IewpojXGv0sohhUOBBRQHfX9v3LowvckVPY-VwISfORxlgDUekMq4Rt7TS2sI9t3PaBsKmueNw-xMg2, CorrelationId:3ba94400-c025-4866-8cc9-436b08024152, Elapsed:3871.9598, MemberName:PopulateVirtualEntitiesActualSource, SourceFilePath:C:\__w\1\s\Framework\Adxstudio.Xrm\Caching\VirtualEntitiesCacheHelper.cs, SourceLineNumber:125, Category:Application, Message:The web api getDataSourceId for virtual entity returned empty DataSourceId, ErrorCategory:ApplicationError",800451ce-0002-ff00-b63f-84710c7967bb
2024-02-17T19:34:26,Error,site-85de4385-0987-4ae5-9917-b7715602956d-AUe,7e7bb2,638437952662761629,0,35932,21,"RequestData:, RequestPath:/_services/about, RequestExtension:, SessionId:, UserId:FmRMOMwI45tagvLWMvRmuHwm24wCpC08AMtVn6Jjqn1MT6iX01DSx5w5TG2bbsuzMWVQarT1IewpojXGv0sohhUOBBRQHfX9v3LowvckVPY-VwISfORxlgDUekMq4Rt7TS2sI9t3PaBsKmueNw-xMg2, CorrelationId:3ba94400-c025-4866-8cc9-436b08024152, Elapsed:3926.4374, MemberName:PopulateVirtualEntitiesActualSource, SourceFilePath:C:\__w\1\s\Framework\Adxstudio.Xrm\Caching\VirtualEntitiesCacheHelper.cs, SourceLineNumber:125, Category:Application, Message:The web api getDataSourceId for virtual entity returned empty DataSourceId, ErrorCategory:ApplicationError",800451ce-0002-ff00-b63f-84710c7967bb
2024-02-17T19:34:26,Error,site-85de4385-0987-4ae5-9917-b7715602956d-AUe,7e7bb2,638437952663230386,0,35932,21,"RequestData:, RequestPath:/_services/about, RequestExtension:, SessionId:, UserId:FmRMOMwI45tagvLWMvRmuHwm24wCpC08AMtVn6Jjqn1MT6iX01DSx5w5TG2bbsuzMWVQarT1IewpojXGv0sohhUOBBRQHfX9v3LowvckVPY-VwISfORxlgDUekMq4Rt7TS2sI9t3PaBsKmueNw-xMg2, CorrelationId:3ba94400-c025-4866-8cc9-436b08024152, Elapsed:3974.1644, MemberName:PopulateVirtualEntitiesActualSource, SourceFilePath:C:\__w\1\s\Framework\Adxstudio.Xrm\Caching\VirtualEntitiesCacheHelper.cs, SourceLineNumber:125, Category:Application, Message:The web api getDataSourceId for virtual entity returned empty DataSourceId, ErrorCategory:ApplicationError",800451ce-0002-ff00-b63f-84710c7967bb
2024-02-17T19:34:26,Error,site-85de4385-0987-4ae5-9917-b7715602956d-AUe,7e7bb2,638437952663699684,0,35932,21,"RequestData:, RequestPath:/_services/about, RequestExtension:, SessionId:, UserId:FmRMOMwI45tagvLWMvRmuHwm24wCpC08AMtVn6Jjqn1MT6iX01DSx5w5TG2bbsuzMWVQarT1IewpojXGv0sohhUOBBRQHfX9v3LowvckVPY-VwISfORxlgDUekMq4Rt7TS2sI9t3PaBsKmueNw-xMg2, CorrelationId:3ba94400-c025-4866-8cc9-436b08024152, Elapsed:4020.0947, MemberName:PopulateVirtualEntitiesActualSource, SourceFilePath:C:\__w\1\s\Framework\Adxstudio.Xrm\Caching\VirtualEntitiesCacheHelper.cs, SourceLineNumber:125, Category:Application, Message:The web api getDataSourceId for virtual entity returned empty DataSourceId, ErrorCategory:ApplicationError",800451ce-0002-ff00-b63f-84710c7967bb
2024-02-17T19:34:26,Error,site-85de4385-0987-4ae5-9917-b7715602956d-AUe,7e7bb2,638437952664168569,0,35932,21,"RequestData:, RequestPath:/_services/about, RequestExtension:, SessionId:, UserId:FmRMOMwI45tagvLWMvRmuHwm24wCpC08AMtVn6Jjqn1MT6iX01DSx5w5TG2bbsuzMWVQarT1IewpojXGv0sohhUOBBRQHfX9v3LowvckVPY-VwISfORxlgDUekMq4Rt7TS2sI9t3PaBsKmueNw-xMg2, CorrelationId:3ba94400-c025-4866-8cc9-436b08024152, Elapsed:4067.7946, MemberName:PopulateVirtualEntitiesActualSource, SourceFilePath:C:\__w\1\s\Framework\Adxstudio.Xrm\Caching\VirtualEntitiesCacheHelper.cs, SourceLineNumber:125, Category:Application, Message:The web api getDataSourceId for virtual entity returned empty DataSourceId, ErrorCategory:ApplicationError",800451ce-0002-ff00-b63f-84710c7967bb
2024-02-17T19:34:26,Error,site-85de4385-0987-4ae5-9917-b7715602956d-AUe,7e7bb2,638437952664636717,0,35932,21,"RequestData:, RequestPath:/_services/about, RequestExtension:, SessionId:, UserId:FmRMOMwI45tagvLWMvRmuHwm24wCpC08AMtVn6Jjqn1MT6iX01DSx5w5TG2bbsuzMWVQarT1IewpojXGv0sohhUOBBRQHfX9v3LowvckVPY-VwISfORxlgDUekMq4Rt7TS2sI9t3PaBsKmueNw-xMg2, CorrelationId:3ba94400-c025-4866-8cc9-436b08024152, Elapsed:4113.1354, MemberName:PopulateVirtualEntitiesActualSource, SourceFilePath:C:\__w\1\s\Framework\Adxstudio.Xrm\Caching\VirtualEntitiesCacheHelper.cs, SourceLineNumber:125, Category:Application, Message:The web api getDataSourceId for virtual entity returned empty DataSourceId, ErrorCategory:ApplicationError",800451ce-0002-ff00-b63f-84710c7967bb
2024-02-17T19:34:26,Error,site-85de4385-0987-4ae5-9917-b7715602956d-AUe,7e7bb2,638437952665261727,0,35932,21,"RequestData:, RequestPath:/_services/about, RequestExtension:, SessionId:, UserId:FmRMOMwI45tagvLWMvRmuHwm24wCpC08AMtVn6Jjqn1MT6iX01DSx5w5TG2bbsuzMWVQarT1IewpojXGv0sohhUOBBRQHfX9v3LowvckVPY-VwISfORxlgDUekMq4Rt7TS2sI9t3PaBsKmueNw-xMg2, CorrelationId:3ba94400-c025-4866-8cc9-436b08024152, Elapsed:4164.6767, MemberName:PopulateVirtualEntitiesActualSource, SourceFilePath:C:\__w\1\s\Framework\Adxstudio.Xrm\Caching\VirtualEntitiesCacheHelper.cs, SourceLineNumber:125, Category:Application, Message:The web api getDataSourceId for virtual entity returned empty DataSourceId, ErrorCategory:ApplicationError",800451ce-0002-ff00-b63f-84710c7967bb
2024-02-17T19:34:26,Error,site-85de4385-0987-4ae5-9917-b7715602956d-AUe,7e7bb2,638437952665730494,0,35932,21,"RequestData:, RequestPath:/_services/about, RequestExtension:, SessionId:, UserId:FmRMOMwI45tagvLWMvRmuHwm24wCpC08AMtVn6Jjqn1MT6iX01DSx5w5TG2bbsuzMWVQarT1IewpojXGv0sohhUOBBRQHfX9v3LowvckVPY-VwISfORxlgDUekMq4Rt7TS2sI9t3PaBsKmueNw-xMg2, CorrelationId:3ba94400-c025-4866-8cc9-436b08024152, Elapsed:4217.6755, MemberName:PopulateVirtualEntitiesActualSource, SourceFilePath:C:\__w\1\s\Framework\Adxstudio.Xrm\Caching\VirtualEntitiesCacheHelper.cs, SourceLineNumber:125, Category:Application, Message:The web api getDataSourceId for virtual entity returned empty DataSourceId, ErrorCategory:ApplicationError",800451ce-0002-ff00-b63f-84710c7967bb
2024-02-17T19:34:26,Error,site-85de4385-0987-4ae5-9917-b7715602956d-AUe,7e7bb2,638437952666199249,0,35932,21,"RequestData:, RequestPath:/_services/about, RequestExtension:, SessionId:, UserId:FmRMOMwI45tagvLWMvRmuHwm24wCpC08AMtVn6Jjqn1MT6iX01DSx5w5TG2bbsuzMWVQarT1IewpojXGv0sohhUOBBRQHfX9v3LowvckVPY-VwISfORxlgDUekMq4Rt7TS2sI9t3PaBsKmueNw-xMg2, CorrelationId:3ba94400-c025-4866-8cc9-436b08024152, Elapsed:4266.3663, MemberName:PopulateVirtualEntitiesActualSource, SourceFilePath:C:\__w\1\s\Framework\Adxstudio.Xrm\Caching\VirtualEntitiesCacheHelper.cs, SourceLineNumber:125, Category:Application, Message:The web api getDataSourceId for virtual entity returned empty DataSourceId, ErrorCategory:ApplicationError",800451ce-0002-ff00-b63f-84710c7967bb
2024-02-17T19:34:26,Error,site-85de4385-0987-4ae5-9917-b7715602956d-AUe,7e7bb2,638437952666668488,0,35932,21,"RequestData:, RequestPath:/_services/about, RequestExtension:, SessionId:, UserId:FmRMOMwI45tagvLWMvRmuHwm24wCpC08AMtVn6Jjqn1MT6iX01DSx5w5TG2bbsuzMWVQarT1IewpojXGv0sohhUOBBRQHfX9v3LowvckVPY-VwISfORxlgDUekMq4Rt7TS2sI9t3PaBsKmueNw-xMg2, CorrelationId:3ba94400-c025-4866-8cc9-436b08024152, Elapsed:4313.9014, MemberName:PopulateVirtualEntitiesActualSource, SourceFilePath:C:\__w\1\s\Framework\Adxstudio.Xrm\Caching\VirtualEntitiesCacheHelper.cs, SourceLineNumber:125, Category:Application, Message:The web api getDataSourceId for virtual entity returned empty DataSourceId, ErrorCategory:ApplicationError",800451ce-0002-ff00-b63f-84710c7967bb
2024-02-17T19:34:26,Error,site-85de4385-0987-4ae5-9917-b7715602956d-AUe,7e7bb2,638437952667136736,0,35932,21,"RequestData:, RequestPath:/_services/about, RequestExtension:, SessionId:, UserId:FmRMOMwI45tagvLWMvRmuHwm24wCpC08AMtVn6Jjqn1MT6iX01DSx5w5TG2bbsuzMWVQarT1IewpojXGv0sohhUOBBRQHfX9v3LowvckVPY-VwISfORxlgDUekMq4Rt7TS2sI9t3PaBsKmueNw-xMg2, CorrelationId:3ba94400-c025-4866-8cc9-436b08024152, Elapsed:4362.5617, MemberName:PopulateVirtualEntitiesActualSource, SourceFilePath:C:\__w\1\s\Framework\Adxstudio.Xrm\Caching\VirtualEntitiesCacheHelper.cs, SourceLineNumber:125, Category:Application, Message:The web api getDataSourceId for virtual entity returned empty DataSourceId, ErrorCategory:ApplicationError",800451ce-0002-ff00-b63f-84710c7967bb
2024-02-17T19:34:26,Error,site-85de4385-0987-4ae5-9917-b7715602956d-AUe,7e7bb2,638437952667605511,0,35932,21,"RequestData:, RequestPath:/_services/about, RequestExtension:, SessionId:, UserId:FmRMOMwI45tagvLWMvRmuHwm24wCpC08AMtVn6Jjqn1MT6iX01DSx5w5TG2bbsuzMWVQarT1IewpojXGv0sohhUOBBRQHfX9v3LowvckVPY-VwISfORxlgDUekMq4Rt7TS2sI9t3PaBsKmueNw-xMg2, CorrelationId:3ba94400-c025-4866-8cc9-436b08024152, Elapsed:4411.7225, MemberName:PopulateVirtualEntitiesActualSource, SourceFilePath:C:\__w\1\s\Framework\Adxstudio.Xrm\Caching\VirtualEntitiesCacheHelper.cs, SourceLineNumber:125, Category:Application, Message:The web api getDataSourceId for virtual entity returned empty DataSourceId, ErrorCategory:ApplicationError",800451ce-0002-ff00-b63f-84710c7967bb
2024-02-17T19:34:26,Error,site-85de4385-0987-4ae5-9917-b7715602956d-AUe,7e7bb2,638437952668074754,0,35932,21,"RequestData:, RequestPath:/_services/about, RequestExtension:, SessionId:, UserId:FmRMOMwI45tagvLWMvRmuHwm24wCpC08AMtVn6Jjqn1MT6iX01DSx5w5TG2bbsuzMWVQarT1IewpojXGv0sohhUOBBRQHfX9v3LowvckVPY-VwISfORxlgDUekMq4Rt7TS2sI9t3PaBsKmueNw-xMg2, CorrelationId:3ba94400-c025-4866-8cc9-436b08024152, Elapsed:4456.176, MemberName:PopulateVirtualEntitiesActualSource, SourceFilePath:C:\__w\1\s\Framework\Adxstudio.Xrm\Caching\VirtualEntitiesCacheHelper.cs, SourceLineNumber:125, Category:Application, Message:The web api getDataSourceId for virtual entity returned empty DataSourceId, ErrorCategory:ApplicationError",800451ce-0002-ff00-b63f-84710c7967bb
2024-02-17T19:34:26,Error,site-85de4385-0987-4ae5-9917-b7715602956d-AUe,7e7bb2,638437952668543052,0,35932,21,"RequestData:, RequestPath:/_services/about, RequestExtension:, SessionId:, UserId:FmRMOMwI45tagvLWMvRmuHwm24wCpC08AMtVn6Jjqn1MT6iX01DSx5w5TG2bbsuzMWVQarT1IewpojXGv0sohhUOBBRQHfX9v3LowvckVPY-VwISfORxlgDUekMq4Rt7TS2sI9t3PaBsKmueNw-xMg2, CorrelationId:3ba94400-c025-4866-8cc9-436b08024152, Elapsed:4503.6991, MemberName:PopulateVirtualEntitiesActualSource, SourceFilePath:C:\__w\1\s\Framework\Adxstudio.Xrm\Caching\VirtualEntitiesCacheHelper.cs, SourceLineNumber:125, Category:Application, Message:The web api getDataSourceId for virtual entity returned empty DataSourceId, ErrorCategory:ApplicationError",800451ce-0002-ff00-b63f-84710c7967bb
2024-02-17T19:34:26,Error,site-85de4385-0987-4ae5-9917-b7715602956d-AUe,7e7bb2,638437952669011840,0,35932,21,"RequestData:, RequestPath:/_services/about, RequestExtension:, SessionId:, UserId:FmRMOMwI45tagvLWMvRmuHwm24wCpC08AMtVn6Jjqn1MT6iX01DSx5w5TG2bbsuzMWVQarT1IewpojXGv0sohhUOBBRQHfX9v3LowvckVPY-VwISfORxlgDUekMq4Rt7TS2sI9t3PaBsKmueNw-xMg2, CorrelationId:3ba94400-c025-4866-8cc9-436b08024152, Elapsed:4550.0307, MemberName:PopulateVirtualEntitiesActualSource, SourceFilePath:C:\__w\1\s\Framework\Adxstudio.Xrm\Caching\VirtualEntitiesCacheHelper.cs, SourceLineNumber:125, Category:Application, Message:The web api getDataSourceId for virtual entity returned empty DataSourceId, ErrorCategory:ApplicationError",800451ce-0002-ff00-b63f-84710c7967bb
2024-02-17T19:34:26,Error,site-85de4385-0987-4ae5-9917-b7715602956d-AUe,7e7bb2,638437952669636798,0,35932,21,"RequestData:, RequestPath:/_services/about, RequestExtension:, SessionId:, UserId:FmRMOMwI45tagvLWMvRmuHwm24wCpC08AMtVn6Jjqn1MT6iX01DSx5w5TG2bbsuzMWVQarT1IewpojXGv0sohhUOBBRQHfX9v3LowvckVPY-VwISfORxlgDUekMq4Rt7TS2sI9t3PaBsKmueNw-xMg2, CorrelationId:3ba94400-c025-4866-8cc9-436b08024152, Elapsed:4615.0855, MemberName:PopulateVirtualEntitiesActualSource, SourceFilePath:C:\__w\1\s\Framework\Adxstudio.Xrm\Caching\VirtualEntitiesCacheHelper.cs, SourceLineNumber:125, Category:Application, Message:The web api getDataSourceId for virtual entity returned empty DataSourceId, ErrorCategory:ApplicationError",800451ce-0002-ff00-b63f-84710c7967bb
2024-02-17T19:34:27,Error,site-85de4385-0987-4ae5-9917-b7715602956d-AUe,7e7bb2,638437952670575030,0,35932,21,"RequestData:, RequestPath:/_services/about, RequestExtension:, SessionId:, UserId:FmRMOMwI45tagvLWMvRmuHwm24wCpC08AMtVn6Jjqn1MT6iX01DSx5w5TG2bbsuzMWVQarT1IewpojXGv0sohhUOBBRQHfX9v3LowvckVPY-VwISfORxlgDUekMq4Rt7TS2sI9t3PaBsKmueNw-xMg2, CorrelationId:3ba94400-c025-4866-8cc9-436b08024152, Elapsed:4708.7134, MemberName:PopulateVirtualEntitiesActualSource, SourceFilePath:C:\__w\1\s\Framework\Adxstudio.Xrm\Caching\VirtualEntitiesCacheHelper.cs, SourceLineNumber:125, Category:Application, Message:The web api getDataSourceId for virtual entity returned empty DataSourceId, ErrorCategory:ApplicationError",800451ce-0002-ff00-b63f-84710c7967bb
2024-02-17T19:34:27,Error,site-85de4385-0987-4ae5-9917-b7715602956d-AUe,7e7bb2,638437952671199319,0,35932,21,"RequestData:, RequestPath:/_services/about, RequestExtension:, SessionId:, UserId:FmRMOMwI45tagvLWMvRmuHwm24wCpC08AMtVn6Jjqn1MT6iX01DSx5w5TG2bbsuzMWVQarT1IewpojXGv0sohhUOBBRQHfX9v3LowvckVPY-VwISfORxlgDUekMq4Rt7TS2sI9t3PaBsKmueNw-xMg2, CorrelationId:3ba94400-c025-4866-8cc9-436b08024152, Elapsed:4768.5409, MemberName:PopulateVirtualEntitiesActualSource, SourceFilePath:C:\__w\1\s\Framework\Adxstudio.Xrm\Caching\VirtualEntitiesCacheHelper.cs, SourceLineNumber:125, Category:Application, Message:The web api getDataSourceId for virtual entity returned empty DataSourceId, ErrorCategory:ApplicationError",800451ce-0002-ff00-b63f-84710c7967bb
2024-02-17T19:34:27,Error,site-85de4385-0987-4ae5-9917-b7715602956d-AUe,7e7bb2,638437952671668094,0,35932,21,"RequestData:, RequestPath:/_services/about, RequestExtension:, SessionId:, UserId:FmRMOMwI45tagvLWMvRmuHwm24wCpC08AMtVn6Jjqn1MT6iX01DSx5w5TG2bbsuzMWVQarT1IewpojXGv0sohhUOBBRQHfX9v3LowvckVPY-VwISfORxlgDUekMq4Rt7TS2sI9t3PaBsKmueNw-xMg2, CorrelationId:3ba94400-c025-4866-8cc9-436b08024152, Elapsed:4814.8079, MemberName:PopulateVirtualEntitiesActualSource, SourceFilePath:C:\__w\1\s\Framework\Adxstudio.Xrm\Caching\VirtualEntitiesCacheHelper.cs, SourceLineNumber:125, Category:Application, Message:The web api getDataSourceId for virtual entity returned empty DataSourceId, ErrorCategory:ApplicationError",800451ce-0002-ff00-b63f-84710c7967bb
2024-02-17T19:34:27,Error,site-85de4385-0987-4ae5-9917-b7715602956d-AUe,7e7bb2,638437952672293133,0,35932,21,"RequestData:, RequestPath:/_services/about, RequestExtension:, SessionId:, UserId:FmRMOMwI45tagvLWMvRmuHwm24wCpC08AMtVn6Jjqn1MT6iX01DSx5w5TG2bbsuzMWVQarT1IewpojXGv0sohhUOBBRQHfX9v3LowvckVPY-VwISfORxlgDUekMq4Rt7TS2sI9t3PaBsKmueNw-xMg2, CorrelationId:3ba94400-c025-4866-8cc9-436b08024152, Elapsed:4869.1906, MemberName:PopulateVirtualEntitiesActualSource, SourceFilePath:C:\__w\1\s\Framework\Adxstudio.Xrm\Caching\VirtualEntitiesCacheHelper.cs, SourceLineNumber:125, Category:Application, Message:The web api getDataSourceId for virtual entity returned empty DataSourceId, ErrorCategory:ApplicationError",800451ce-0002-ff00-b63f-84710c7967bb
2024-02-17T19:34:27,Error,site-85de4385-0987-4ae5-9917-b7715602956d-AUe,7e7bb2,638437952672761864,0,35932,21,"RequestData:, RequestPath:/_services/about, RequestExtension:, SessionId:, UserId:FmRMOMwI45tagvLWMvRmuHwm24wCpC08AMtVn6Jjqn1MT6iX01DSx5w5TG2bbsuzMWVQarT1IewpojXGv0sohhUOBBRQHfX9v3LowvckVPY-VwISfORxlgDUekMq4Rt7TS2sI9t3PaBsKmueNw-xMg2, CorrelationId:3ba94400-c025-4866-8cc9-436b08024152, Elapsed:4916.4204, MemberName:PopulateVirtualEntitiesActualSource, SourceFilePath:C:\__w\1\s\Framework\Adxstudio.Xrm\Caching\VirtualEntitiesCacheHelper.cs, SourceLineNumber:125, Category:Application, Message:The web api getDataSourceId for virtual entity returned empty DataSourceId, ErrorCategory:ApplicationError",800451ce-0002-ff00-b63f-84710c7967bb
2024-02-17T19:34:27,Error,site-85de4385-0987-4ae5-9917-b7715602956d-AUe,7e7bb2,638437952673230616,0,35932,21,"RequestData:, RequestPath:/_services/about, RequestExtension:, SessionId:, UserId:FmRMOMwI45tagvLWMvRmuHwm24wCpC08AMtVn6Jjqn1MT6iX01DSx5w5TG2bbsuzMWVQarT1IewpojXGv0sohhUOBBRQHfX9v3LowvckVPY-VwISfORxlgDUekMq4Rt7TS2sI9t3PaBsKmueNw-xMg2, CorrelationId:3ba94400-c025-4866-8cc9-436b08024152, Elapsed:4965.2882, MemberName:PopulateVirtualEntitiesActualSource, SourceFilePath:C:\__w\1\s\Framework\Adxstudio.Xrm\Caching\VirtualEntitiesCacheHelper.cs, SourceLineNumber:125, Category:Application, Message:The web api getDataSourceId for virtual entity returned empty DataSourceId, ErrorCategory:ApplicationError",800451ce-0002-ff00-b63f-84710c7967bb
2024-02-17T19:34:27,Error,site-85de4385-0987-4ae5-9917-b7715602956d-AUe,7e7bb2,638437952673700127,0,35932,21,"RequestData:, RequestPath:/_services/about, RequestExtension:, SessionId:, UserId:FmRMOMwI45tagvLWMvRmuHwm24wCpC08AMtVn6Jjqn1MT6iX01DSx5w5TG2bbsuzMWVQarT1IewpojXGv0sohhUOBBRQHfX9v3LowvckVPY-VwISfORxlgDUekMq4Rt7TS2sI9t3PaBsKmueNw-xMg2, CorrelationId:3ba94400-c025-4866-8cc9-436b08024152, Elapsed:5013.8397, MemberName:PopulateVirtualEntitiesActualSource, SourceFilePath:C:\__w\1\s\Framework\Adxstudio.Xrm\Caching\VirtualEntitiesCacheHelper.cs, SourceLineNumber:125, Category:Application, Message:The web api getDataSourceId for virtual entity returned empty DataSourceId, ErrorCategory:ApplicationError",800451ce-0002-ff00-b63f-84710c7967bb
2024-02-17T19:34:27,Error,site-85de4385-0987-4ae5-9917-b7715602956d-AUe,7e7bb2,638437952674169049,0,35932,21,"RequestData:, RequestPath:/_services/about, RequestExtension:, SessionId:, UserId:FmRMOMwI45tagvLWMvRmuHwm24wCpC08AMtVn6Jjqn1MT6iX01DSx5w5TG2bbsuzMWVQarT1IewpojXGv0sohhUOBBRQHfX9v3LowvckVPY-VwISfORxlgDUekMq4Rt7TS2sI9t3PaBsKmueNw-xMg2, CorrelationId:3ba94400-c025-4866-8cc9-436b08024152, Elapsed:5063.799, MemberName:PopulateVirtualEntitiesActualSource, SourceFilePath:C:\__w\1\s\Framework\Adxstudio.Xrm\Caching\VirtualEntitiesCacheHelper.cs, SourceLineNumber:125, Category:Application, Message:The web api getDataSourceId for virtual entity returned empty DataSourceId, ErrorCategory:ApplicationError",800451ce-0002-ff00-b63f-84710c7967bb
2024-02-17T19:34:27,Error,site-85de4385-0987-4ae5-9917-b7715602956d-AUe,7e7bb2,638437952674636952,0,35932,21,"RequestData:, RequestPath:/_services/about, RequestExtension:, SessionId:, UserId:FmRMOMwI45tagvLWMvRmuHwm24wCpC08AMtVn6Jjqn1MT6iX01DSx5w5TG2bbsuzMWVQarT1IewpojXGv0sohhUOBBRQHfX9v3LowvckVPY-VwISfORxlgDUekMq4Rt7TS2sI9t3PaBsKmueNw-xMg2, CorrelationId:3ba94400-c025-4866-8cc9-436b08024152, Elapsed:5111.2662, MemberName:PopulateVirtualEntitiesActualSource, SourceFilePath:C:\__w\1\s\Framework\Adxstudio.Xrm\Caching\VirtualEntitiesCacheHelper.cs, SourceLineNumber:125, Category:Application, Message:The web api getDataSourceId for virtual entity returned empty DataSourceId, ErrorCategory:ApplicationError",800451ce-0002-ff00-b63f-84710c7967bb
2024-02-17T19:34:27,Error,site-85de4385-0987-4ae5-9917-b7715602956d-AUe,7e7bb2,638437952675105679,0,35932,21,"RequestData:, RequestPath:/_services/about, RequestExtension:, SessionId:, UserId:FmRMOMwI45tagvLWMvRmuHwm24wCpC08AMtVn6Jjqn1MT6iX01DSx5w5TG2bbsuzMWVQarT1IewpojXGv0sohhUOBBRQHfX9v3LowvckVPY-VwISfORxlgDUekMq4Rt7TS2sI9t3PaBsKmueNw-xMg2, CorrelationId:3ba94400-c025-4866-8cc9-436b08024152, Elapsed:5161.125, MemberName:PopulateVirtualEntitiesActualSource, SourceFilePath:C:\__w\1\s\Framework\Adxstudio.Xrm\Caching\VirtualEntitiesCacheHelper.cs, SourceLineNumber:125, Category:Application, Message:The web api getDataSourceId for virtual entity returned empty DataSourceId, ErrorCategory:ApplicationError",800451ce-0002-ff00-b63f-84710c7967bb
2024-02-17T19:34:27,Error,site-85de4385-0987-4ae5-9917-b7715602956d-AUe,7e7bb2,638437952675574445,0,35932,21,"RequestData:, RequestPath:/_services/about, RequestExtension:, SessionId:, UserId:FmRMOMwI45tagvLWMvRmuHwm24wCpC08AMtVn6Jjqn1MT6iX01DSx5w5TG2bbsuzMWVQarT1IewpojXGv0sohhUOBBRQHfX9v3LowvckVPY-VwISfORxlgDUekMq4Rt7TS2sI9t3PaBsKmueNw-xMg2, CorrelationId:3ba94400-c025-4866-8cc9-436b08024152, Elapsed:5208.8624, MemberName:PopulateVirtualEntitiesActualSource, SourceFilePath:C:\__w\1\s\Framework\Adxstudio.Xrm\Caching\VirtualEntitiesCacheHelper.cs, SourceLineNumber:125, Category:Application, Message:The web api getDataSourceId for virtual entity returned empty DataSourceId, ErrorCategory:ApplicationError",800451ce-0002-ff00-b63f-84710c7967bb
2024-02-17T19:34:27,Error,site-85de4385-0987-4ae5-9917-b7715602956d-AUe,7e7bb2,638437952676199419,0,35932,21,"RequestData:, RequestPath:/_services/about, RequestExtension:, SessionId:, UserId:FmRMOMwI45tagvLWMvRmuHwm24wCpC08AMtVn6Jjqn1MT6iX01DSx5w5TG2bbsuzMWVQarT1IewpojXGv0sohhUOBBRQHfX9v3LowvckVPY-VwISfORxlgDUekMq4Rt7TS2sI9t3PaBsKmueNw-xMg2, CorrelationId:3ba94400-c025-4866-8cc9-436b08024152, Elapsed:5258.3888, MemberName:PopulateVirtualEntitiesActualSource, SourceFilePath:C:\__w\1\s\Framework\Adxstudio.Xrm\Caching\VirtualEntitiesCacheHelper.cs, SourceLineNumber:125, Category:Application, Message:The web api getDataSourceId for virtual entity returned empty DataSourceId, ErrorCategory:ApplicationError",800451ce-0002-ff00-b63f-84710c7967bb
2024-02-17T19:34:27,Error,site-85de4385-0987-4ae5-9917-b7715602956d-AUe,7e7bb2,638437952676669799,0,35932,21,"RequestData:, RequestPath:/_services/about, RequestExtension:, SessionId:, UserId:FmRMOMwI45tagvLWMvRmuHwm24wCpC08AMtVn6Jjqn1MT6iX01DSx5w5TG2bbsuzMWVQarT1IewpojXGv0sohhUOBBRQHfX9v3LowvckVPY-VwISfORxlgDUekMq4Rt7TS2sI9t3PaBsKmueNw-xMg2, CorrelationId:3ba94400-c025-4866-8cc9-436b08024152, Elapsed:5305.6464, MemberName:PopulateVirtualEntitiesActualSource, SourceFilePath:C:\__w\1\s\Framework\Adxstudio.Xrm\Caching\VirtualEntitiesCacheHelper.cs, SourceLineNumber:125, Category:Application, Message:The web api getDataSourceId for virtual entity returned empty DataSourceId, ErrorCategory:ApplicationError",800451ce-0002-ff00-b63f-84710c7967bb
2024-02-17T19:34:27,Error,site-85de4385-0987-4ae5-9917-b7715602956d-AUe,7e7bb2,638437952677136942,0,35932,21,"RequestData:, RequestPath:/_services/about, RequestExtension:, SessionId:, UserId:FmRMOMwI45tagvLWMvRmuHwm24wCpC08AMtVn6Jjqn1MT6iX01DSx5w5TG2bbsuzMWVQarT1IewpojXGv0sohhUOBBRQHfX9v3LowvckVPY-VwISfORxlgDUekMq4Rt7TS2sI9t3PaBsKmueNw-xMg2, CorrelationId:3ba94400-c025-4866-8cc9-436b08024152, Elapsed:5357.8394, MemberName:PopulateVirtualEntitiesActualSource, SourceFilePath:C:\__w\1\s\Framework\Adxstudio.Xrm\Caching\VirtualEntitiesCacheHelper.cs, SourceLineNumber:125, Category:Application, Message:The web api getDataSourceId for virtual entity returned empty DataSourceId, ErrorCategory:ApplicationError",800451ce-0002-ff00-b63f-84710c7967bb
2024-02-17T19:34:27,Error,site-85de4385-0987-4ae5-9917-b7715602956d-AUe,7e7bb2,638437952677606360,0,35932,21,"RequestData:, RequestPath:/_services/about, RequestExtension:, SessionId:, UserId:FmRMOMwI45tagvLWMvRmuHwm24wCpC08AMtVn6Jjqn1MT6iX01DSx5w5TG2bbsuzMWVQarT1IewpojXGv0sohhUOBBRQHfX9v3LowvckVPY-VwISfORxlgDUekMq4Rt7TS2sI9t3PaBsKmueNw-xMg2, CorrelationId:3ba94400-c025-4866-8cc9-436b08024152, Elapsed:5408.7288, MemberName:PopulateVirtualEntitiesActualSource, SourceFilePath:C:\__w\1\s\Framework\Adxstudio.Xrm\Caching\VirtualEntitiesCacheHelper.cs, SourceLineNumber:125, Category:Application, Message:The web api getDataSourceId for virtual entity returned empty DataSourceId, ErrorCategory:ApplicationError",800451ce-0002-ff00-b63f-84710c7967bb
2024-02-17T19:34:27,Error,site-85de4385-0987-4ae5-9917-b7715602956d-AUe,7e7bb2,638437952678075356,0,35932,21,"RequestData:, RequestPath:/_services/about, RequestExtension:, SessionId:, UserId:FmRMOMwI45tagvLWMvRmuHwm24wCpC08AMtVn6Jjqn1MT6iX01DSx5w5TG2bbsuzMWVQarT1IewpojXGv0sohhUOBBRQHfX9v3LowvckVPY-VwISfORxlgDUekMq4Rt7TS2sI9t3PaBsKmueNw-xMg2, CorrelationId:3ba94400-c025-4866-8cc9-436b08024152, Elapsed:5455.7221, MemberName:PopulateVirtualEntitiesActualSource, SourceFilePath:C:\__w\1\s\Framework\Adxstudio.Xrm\Caching\VirtualEntitiesCacheHelper.cs, SourceLineNumber:125, Category:Application, Message:The web api getDataSourceId for virtual entity returned empty DataSourceId, ErrorCategory:ApplicationError",800451ce-0002-ff00-b63f-84710c7967bb
2024-02-17T19:34:27,Error,site-85de4385-0987-4ae5-9917-b7715602956d-AUe,7e7bb2,638437952678543242,0,35932,21,"RequestData:, RequestPath:/_services/about, RequestExtension:, SessionId:, UserId:FmRMOMwI45tagvLWMvRmuHwm24wCpC08AMtVn6Jjqn1MT6iX01DSx5w5TG2bbsuzMWVQarT1IewpojXGv0sohhUOBBRQHfX9v3LowvckVPY-VwISfORxlgDUekMq4Rt7TS2sI9t3PaBsKmueNw-xMg2, CorrelationId:3ba94400-c025-4866-8cc9-436b08024152, Elapsed:5505.5743, MemberName:PopulateVirtualEntitiesActualSource, SourceFilePath:C:\__w\1\s\Framework\Adxstudio.Xrm\Caching\VirtualEntitiesCacheHelper.cs, SourceLineNumber:125, Category:Application, Message:The web api getDataSourceId for virtual entity returned empty DataSourceId, ErrorCategory:ApplicationError",800451ce-0002-ff00-b63f-84710c7967bb
2024-02-17T19:34:27,Error,site-85de4385-0987-4ae5-9917-b7715602956d-AUe,7e7bb2,638437952679324545,0,35932,21,"RequestData:, RequestPath:/_services/about, RequestExtension:, SessionId:, UserId:FmRMOMwI45tagvLWMvRmuHwm24wCpC08AMtVn6Jjqn1MT6iX01DSx5w5TG2bbsuzMWVQarT1IewpojXGv0sohhUOBBRQHfX9v3LowvckVPY-VwISfORxlgDUekMq4Rt7TS2sI9t3PaBsKmueNw-xMg2, CorrelationId:3ba94400-c025-4866-8cc9-436b08024152, Elapsed:5569.2604, MemberName:PopulateVirtualEntitiesActualSource, SourceFilePath:C:\__w\1\s\Framework\Adxstudio.Xrm\Caching\VirtualEntitiesCacheHelper.cs, SourceLineNumber:125, Category:Application, Message:The web api getDataSourceId for virtual entity returned empty DataSourceId, ErrorCategory:ApplicationError",800451ce-0002-ff00-b63f-84710c7967bb
2024-02-17T19:34:27,Error,site-85de4385-0987-4ae5-9917-b7715602956d-AUe,7e7bb2,638437952679794010,0,35932,21,"RequestData:, RequestPath:/_services/about, RequestExtension:, SessionId:, UserId:FmRMOMwI45tagvLWMvRmuHwm24wCpC08AMtVn6Jjqn1MT6iX01DSx5w5TG2bbsuzMWVQarT1IewpojXGv0sohhUOBBRQHfX9v3LowvckVPY-VwISfORxlgDUekMq4Rt7TS2sI9t3PaBsKmueNw-xMg2, CorrelationId:3ba94400-c025-4866-8cc9-436b08024152, Elapsed:5620.6501, MemberName:PopulateVirtualEntitiesActualSource, SourceFilePath:C:\__w\1\s\Framework\Adxstudio.Xrm\Caching\VirtualEntitiesCacheHelper.cs, SourceLineNumber:125, Category:Application, Message:The web api getDataSourceId for virtual entity returned empty DataSourceId, ErrorCategory:ApplicationError",800451ce-0002-ff00-b63f-84710c7967bb
2024-02-17T19:34:28,Error,site-85de4385-0987-4ae5-9917-b7715602956d-AUe,7e7bb2,638437952680262784,0,35932,21,"RequestData:, RequestPath:/_services/about, RequestExtension:, SessionId:, UserId:FmRMOMwI45tagvLWMvRmuHwm24wCpC08AMtVn6Jjqn1MT6iX01DSx5w5TG2bbsuzMWVQarT1IewpojXGv0sohhUOBBRQHfX9v3LowvckVPY-VwISfORxlgDUekMq4Rt7TS2sI9t3PaBsKmueNw-xMg2, CorrelationId:3ba94400-c025-4866-8cc9-436b08024152, Elapsed:5667.9855, MemberName:PopulateVirtualEntitiesActualSource, SourceFilePath:C:\__w\1\s\Framework\Adxstudio.Xrm\Caching\VirtualEntitiesCacheHelper.cs, SourceLineNumber:125, Category:Application, Message:The web api getDataSourceId for virtual entity returned empty DataSourceId, ErrorCategory:ApplicationError",800451ce-0002-ff00-b63f-84710c7967bb
2024-02-17T19:34:28,Error,site-85de4385-0987-4ae5-9917-b7715602956d-AUe,7e7bb2,638437952680887595,0,35932,21,"RequestData:, RequestPath:/_services/about, RequestExtension:, SessionId:, UserId:FmRMOMwI45tagvLWMvRmuHwm24wCpC08AMtVn6Jjqn1MT6iX01DSx5w5TG2bbsuzMWVQarT1IewpojXGv0sohhUOBBRQHfX9v3LowvckVPY-VwISfORxlgDUekMq4Rt7TS2sI9t3PaBsKmueNw-xMg2, CorrelationId:3ba94400-c025-4866-8cc9-436b08024152, Elapsed:5726.8449, MemberName:PopulateVirtualEntitiesActualSource, SourceFilePath:C:\__w\1\s\Framework\Adxstudio.Xrm\Caching\VirtualEntitiesCacheHelper.cs, SourceLineNumber:125, Category:Application, Message:The web api getDataSourceId for virtual entity returned empty DataSourceId, ErrorCategory:ApplicationError",800451ce-0002-ff00-b63f-84710c7967bb
2024-02-17T19:34:28,Error,site-85de4385-0987-4ae5-9917-b7715602956d-AUe,7e7bb2,638437952681356562,0,35932,21,"RequestData:, RequestPath:/_services/about, RequestExtension:, SessionId:, UserId:FmRMOMwI45tagvLWMvRmuHwm24wCpC08AMtVn6Jjqn1MT6iX01DSx5w5TG2bbsuzMWVQarT1IewpojXGv0sohhUOBBRQHfX9v3LowvckVPY-VwISfORxlgDUekMq4Rt7TS2sI9t3PaBsKmueNw-xMg2, CorrelationId:3ba94400-c025-4866-8cc9-436b08024152, Elapsed:5774.91, MemberName:PopulateVirtualEntitiesActualSource, SourceFilePath:C:\__w\1\s\Framework\Adxstudio.Xrm\Caching\VirtualEntitiesCacheHelper.cs, SourceLineNumber:125, Category:Application, Message:The web api getDataSourceId for virtual entity returned empty DataSourceId, ErrorCategory:ApplicationError",800451ce-0002-ff00-b63f-84710c7967bb
2024-02-17T19:34:28,Error,site-85de4385-0987-4ae5-9917-b7715602956d-AUe,7e7bb2,638437952681825053,0,35932,21,"RequestData:, RequestPath:/_services/about, RequestExtension:, SessionId:, UserId:FmRMOMwI45tagvLWMvRmuHwm24wCpC08AMtVn6Jjqn1MT6iX01DSx5w5TG2bbsuzMWVQarT1IewpojXGv0sohhUOBBRQHfX9v3LowvckVPY-VwISfORxlgDUekMq4Rt7TS2sI9t3PaBsKmueNw-xMg2, CorrelationId:3ba94400-c025-4866-8cc9-436b08024152, Elapsed:5827.9201, MemberName:PopulateVirtualEntitiesActualSource, SourceFilePath:C:\__w\1\s\Framework\Adxstudio.Xrm\Caching\VirtualEntitiesCacheHelper.cs, SourceLineNumber:125, Category:Application, Message:The web api getDataSourceId for virtual entity returned empty DataSourceId, ErrorCategory:ApplicationError",800451ce-0002-ff00-b63f-84710c7967bb
2024-02-17T19:34:28,Error,site-85de4385-0987-4ae5-9917-b7715602956d-AUe,7e7bb2,638437952682293815,0,35932,21,"RequestData:, RequestPath:/_services/about, RequestExtension:, SessionId:, UserId:FmRMOMwI45tagvLWMvRmuHwm24wCpC08AMtVn6Jjqn1MT6iX01DSx5w5TG2bbsuzMWVQarT1IewpojXGv0sohhUOBBRQHfX9v3LowvckVPY-VwISfORxlgDUekMq4Rt7TS2sI9t3PaBsKmueNw-xMg2, CorrelationId:3ba94400-c025-4866-8cc9-436b08024152, Elapsed:5875.926, MemberName:PopulateVirtualEntitiesActualSource, SourceFilePath:C:\__w\1\s\Framework\Adxstudio.Xrm\Caching\VirtualEntitiesCacheHelper.cs, SourceLineNumber:125, Category:Application, Message:The web api getDataSourceId for virtual entity returned empty DataSourceId, ErrorCategory:ApplicationError",800451ce-0002-ff00-b63f-84710c7967bb
2024-02-17T19:34:28,Error,site-85de4385-0987-4ae5-9917-b7715602956d-AUe,7e7bb2,638437952682762637,0,35932,21,"RequestData:, RequestPath:/_services/about, RequestExtension:, SessionId:, UserId:FmRMOMwI45tagvLWMvRmuHwm24wCpC08AMtVn6Jjqn1MT6iX01DSx5w5TG2bbsuzMWVQarT1IewpojXGv0sohhUOBBRQHfX9v3LowvckVPY-VwISfORxlgDUekMq4Rt7TS2sI9t3PaBsKmueNw-xMg2, CorrelationId:3ba94400-c025-4866-8cc9-436b08024152, Elapsed:5923.2805, MemberName:PopulateVirtualEntitiesActualSource, SourceFilePath:C:\__w\1\s\Framework\Adxstudio.Xrm\Caching\VirtualEntitiesCacheHelper.cs, SourceLineNumber:125, Category:Application, Message:The web api getDataSourceId for virtual entity returned empty DataSourceId, ErrorCategory:ApplicationError",800451ce-0002-ff00-b63f-84710c7967bb
2024-02-17T19:34:28,Error,site-85de4385-0987-4ae5-9917-b7715602956d-AUe,7e7bb2,638437952683231437,0,35932,21,"RequestData:, RequestPath:/_services/about, RequestExtension:, SessionId:, UserId:FmRMOMwI45tagvLWMvRmuHwm24wCpC08AMtVn6Jjqn1MT6iX01DSx5w5TG2bbsuzMWVQarT1IewpojXGv0sohhUOBBRQHfX9v3LowvckVPY-VwISfORxlgDUekMq4Rt7TS2sI9t3PaBsKmueNw-xMg2, CorrelationId:3ba94400-c025-4866-8cc9-436b08024152, Elapsed:5967.9955, MemberName:PopulateVirtualEntitiesActualSource, SourceFilePath:C:\__w\1\s\Framework\Adxstudio.Xrm\Caching\VirtualEntitiesCacheHelper.cs, SourceLineNumber:125, Category:Application, Message:The web api getDataSourceId for virtual entity returned empty DataSourceId, ErrorCategory:ApplicationError",800451ce-0002-ff00-b63f-84710c7967bb
2024-02-17T19:34:28,Error,site-85de4385-0987-4ae5-9917-b7715602956d-AUe,7e7bb2,638437952683700332,0,35932,21,"RequestData:, RequestPath:/_services/about, RequestExtension:, SessionId:, UserId:FmRMOMwI45tagvLWMvRmuHwm24wCpC08AMtVn6Jjqn1MT6iX01DSx5w5TG2bbsuzMWVQarT1IewpojXGv0sohhUOBBRQHfX9v3LowvckVPY-VwISfORxlgDUekMq4Rt7TS2sI9t3PaBsKmueNw-xMg2, CorrelationId:3ba94400-c025-4866-8cc9-436b08024152, Elapsed:6014.2799, MemberName:PopulateVirtualEntitiesActualSource, SourceFilePath:C:\__w\1\s\Framework\Adxstudio.Xrm\Caching\VirtualEntitiesCacheHelper.cs, SourceLineNumber:125, Category:Application, Message:The web api getDataSourceId for virtual entity returned empty DataSourceId, ErrorCategory:ApplicationError",800451ce-0002-ff00-b63f-84710c7967bb
2024-02-17T19:34:28,Error,site-85de4385-0987-4ae5-9917-b7715602956d-AUe,7e7bb2,638437952684168375,0,35932,21,"RequestData:, RequestPath:/_services/about, RequestExtension:, SessionId:, UserId:FmRMOMwI45tagvLWMvRmuHwm24wCpC08AMtVn6Jjqn1MT6iX01DSx5w5TG2bbsuzMWVQarT1IewpojXGv0sohhUOBBRQHfX9v3LowvckVPY-VwISfORxlgDUekMq4Rt7TS2sI9t3PaBsKmueNw-xMg2, CorrelationId:3ba94400-c025-4866-8cc9-436b08024152, Elapsed:6061.0471, MemberName:PopulateVirtualEntitiesActualSource, SourceFilePath:C:\__w\1\s\Framework\Adxstudio.Xrm\Caching\VirtualEntitiesCacheHelper.cs, SourceLineNumber:125, Category:Application, Message:The web api getDataSourceId for virtual entity returned empty DataSourceId, ErrorCategory:ApplicationError",800451ce-0002-ff00-b63f-84710c7967bb
2024-02-17T19:34:28,Error,site-85de4385-0987-4ae5-9917-b7715602956d-AUe,7e7bb2,638437952684637677,0,35932,21,"RequestData:, RequestPath:/_services/about, RequestExtension:, SessionId:, UserId:FmRMOMwI45tagvLWMvRmuHwm24wCpC08AMtVn6Jjqn1MT6iX01DSx5w5TG2bbsuzMWVQarT1IewpojXGv0sohhUOBBRQHfX9v3LowvckVPY-VwISfORxlgDUekMq4Rt7TS2sI9t3PaBsKmueNw-xMg2, CorrelationId:3ba94400-c025-4866-8cc9-436b08024152, Elapsed:6107.4445, MemberName:PopulateVirtualEntitiesActualSource, SourceFilePath:C:\__w\1\s\Framework\Adxstudio.Xrm\Caching\VirtualEntitiesCacheHelper.cs, SourceLineNumber:125, Category:Application, Message:The web api getDataSourceId for virtual entity returned empty DataSourceId, ErrorCategory:ApplicationError",800451ce-0002-ff00-b63f-84710c7967bb
2024-02-17T19:34:28,Error,site-85de4385-0987-4ae5-9917-b7715602956d-AUe,7e7bb2,638437952685106428,0,35932,21,"RequestData:, RequestPath:/_services/about, RequestExtension:, SessionId:, UserId:FmRMOMwI45tagvLWMvRmuHwm24wCpC08AMtVn6Jjqn1MT6iX01DSx5w5TG2bbsuzMWVQarT1IewpojXGv0sohhUOBBRQHfX9v3LowvckVPY-VwISfORxlgDUekMq4Rt7TS2sI9t3PaBsKmueNw-xMg2, CorrelationId:3ba94400-c025-4866-8cc9-436b08024152, Elapsed:6153.9534, MemberName:PopulateVirtualEntitiesActualSource, SourceFilePath:C:\__w\1\s\Framework\Adxstudio.Xrm\Caching\VirtualEntitiesCacheHelper.cs, SourceLineNumber:125, Category:Application, Message:The web api getDataSourceId for virtual entity returned empty DataSourceId, ErrorCategory:ApplicationError",800451ce-0002-ff00-b63f-84710c7967bb
2024-02-17T19:34:28,Error,site-85de4385-0987-4ae5-9917-b7715602956d-AUe,7e7bb2,638437952685575179,0,35932,21,"RequestData:, RequestPath:/_services/about, RequestExtension:, SessionId:, UserId:FmRMOMwI45tagvLWMvRmuHwm24wCpC08AMtVn6Jjqn1MT6iX01DSx5w5TG2bbsuzMWVQarT1IewpojXGv0sohhUOBBRQHfX9v3LowvckVPY-VwISfORxlgDUekMq4Rt7TS2sI9t3PaBsKmueNw-xMg2, CorrelationId:3ba94400-c025-4866-8cc9-436b08024152, Elapsed:6199.3634, MemberName:PopulateVirtualEntitiesActualSource, SourceFilePath:C:\__w\1\s\Framework\Adxstudio.Xrm\Caching\VirtualEntitiesCacheHelper.cs, SourceLineNumber:125, Category:Application, Message:The web api getDataSourceId for virtual entity returned empty DataSourceId, ErrorCategory:ApplicationError",800451ce-0002-ff00-b63f-84710c7967bb
2024-02-17T19:34:28,Error,site-85de4385-0987-4ae5-9917-b7715602956d-AUe,7e7bb2,638437952686043928,0,35932,21,"RequestData:, RequestPath:/_services/about, RequestExtension:, SessionId:, UserId:FmRMOMwI45tagvLWMvRmuHwm24wCpC08AMtVn6Jjqn1MT6iX01DSx5w5TG2bbsuzMWVQarT1IewpojXGv0sohhUOBBRQHfX9v3LowvckVPY-VwISfORxlgDUekMq4Rt7TS2sI9t3PaBsKmueNw-xMg2, CorrelationId:3ba94400-c025-4866-8cc9-436b08024152, Elapsed:6245.9371, MemberName:PopulateVirtualEntitiesActualSource, SourceFilePath:C:\__w\1\s\Framework\Adxstudio.Xrm\Caching\VirtualEntitiesCacheHelper.cs, SourceLineNumber:125, Category:Application, Message:The web api getDataSourceId for virtual entity returned empty DataSourceId, ErrorCategory:ApplicationError",800451ce-0002-ff00-b63f-84710c7967bb
2024-02-17T19:34:28,Error,site-85de4385-0987-4ae5-9917-b7715602956d-AUe,7e7bb2,638437952686512689,0,35932,21,"RequestData:, RequestPath:/_services/about, RequestExtension:, SessionId:, UserId:FmRMOMwI45tagvLWMvRmuHwm24wCpC08AMtVn6Jjqn1MT6iX01DSx5w5TG2bbsuzMWVQarT1IewpojXGv0sohhUOBBRQHfX9v3LowvckVPY-VwISfORxlgDUekMq4Rt7TS2sI9t3PaBsKmueNw-xMg2, CorrelationId:3ba94400-c025-4866-8cc9-436b08024152, Elapsed:6292.4869, MemberName:PopulateVirtualEntitiesActualSource, SourceFilePath:C:\__w\1\s\Framework\Adxstudio.Xrm\Caching\VirtualEntitiesCacheHelper.cs, SourceLineNumber:125, Category:Application, Message:The web api getDataSourceId for virtual entity returned empty DataSourceId, ErrorCategory:ApplicationError",800451ce-0002-ff00-b63f-84710c7967bb
2024-02-17T19:34:28,Error,site-85de4385-0987-4ae5-9917-b7715602956d-AUe,7e7bb2,638437952686981598,0,35932,21,"RequestData:, RequestPath:/_services/about, RequestExtension:, SessionId:, UserId:FmRMOMwI45tagvLWMvRmuHwm24wCpC08AMtVn6Jjqn1MT6iX01DSx5w5TG2bbsuzMWVQarT1IewpojXGv0sohhUOBBRQHfX9v3LowvckVPY-VwISfORxlgDUekMq4Rt7TS2sI9t3PaBsKmueNw-xMg2, CorrelationId:3ba94400-c025-4866-8cc9-436b08024152, Elapsed:6339.9408, MemberName:PopulateVirtualEntitiesActualSource, SourceFilePath:C:\__w\1\s\Framework\Adxstudio.Xrm\Caching\VirtualEntitiesCacheHelper.cs, SourceLineNumber:125, Category:Application, Message:The web api getDataSourceId for virtual entity returned empty DataSourceId, ErrorCategory:ApplicationError",800451ce-0002-ff00-b63f-84710c7967bb
2024-02-17T19:34:28,Error,site-85de4385-0987-4ae5-9917-b7715602956d-AUe,7e7bb2,638437952687450208,0,35932,21,"RequestData:, RequestPath:/_services/about, RequestExtension:, SessionId:, UserId:FmRMOMwI45tagvLWMvRmuHwm24wCpC08AMtVn6Jjqn1MT6iX01DSx5w5TG2bbsuzMWVQarT1IewpojXGv0sohhUOBBRQHfX9v3LowvckVPY-VwISfORxlgDUekMq4Rt7TS2sI9t3PaBsKmueNw-xMg2, CorrelationId:3ba94400-c025-4866-8cc9-436b08024152, Elapsed:6388.4146, MemberName:PopulateVirtualEntitiesActualSource, SourceFilePath:C:\__w\1\s\Framework\Adxstudio.Xrm\Caching\VirtualEntitiesCacheHelper.cs, SourceLineNumber:125, Category:Application, Message:The web api getDataSourceId for virtual entity returned empty DataSourceId, ErrorCategory:ApplicationError",800451ce-0002-ff00-b63f-84710c7967bb
2024-02-17T19:34:28,Error,site-85de4385-0987-4ae5-9917-b7715602956d-AUe,7e7bb2,638437952687918993,0,35932,21,"RequestData:, RequestPath:/_services/about, RequestExtension:, SessionId:, UserId:FmRMOMwI45tagvLWMvRmuHwm24wCpC08AMtVn6Jjqn1MT6iX01DSx5w5TG2bbsuzMWVQarT1IewpojXGv0sohhUOBBRQHfX9v3LowvckVPY-VwISfORxlgDUekMq4Rt7TS2sI9t3PaBsKmueNw-xMg2, CorrelationId:3ba94400-c025-4866-8cc9-436b08024152, Elapsed:6433.9487, MemberName:PopulateVirtualEntitiesActualSource, SourceFilePath:C:\__w\1\s\Framework\Adxstudio.Xrm\Caching\VirtualEntitiesCacheHelper.cs, SourceLineNumber:125, Category:Application, Message:The web api getDataSourceId for virtual entity returned empty DataSourceId, ErrorCategory:ApplicationError",800451ce-0002-ff00-b63f-84710c7967bb
2024-02-17T19:34:28,Error,site-85de4385-0987-4ae5-9917-b7715602956d-AUe,7e7bb2,638437952688387763,0,35932,21,"RequestData:, RequestPath:/_services/about, RequestExtension:, SessionId:, UserId:FmRMOMwI45tagvLWMvRmuHwm24wCpC08AMtVn6Jjqn1MT6iX01DSx5w5TG2bbsuzMWVQarT1IewpojXGv0sohhUOBBRQHfX9v3LowvckVPY-VwISfORxlgDUekMq4Rt7TS2sI9t3PaBsKmueNw-xMg2, CorrelationId:3ba94400-c025-4866-8cc9-436b08024152, Elapsed:6481.9026, MemberName:PopulateVirtualEntitiesActualSource, SourceFilePath:C:\__w\1\s\Framework\Adxstudio.Xrm\Caching\VirtualEntitiesCacheHelper.cs, SourceLineNumber:125, Category:Application, Message:The web api getDataSourceId for virtual entity returned empty DataSourceId, ErrorCategory:ApplicationError",800451ce-0002-ff00-b63f-84710c7967bb
2024-02-17T19:34:37,Error,site-85de4385-0987-4ae5-9917-b7715602956d-AUe,7e7bb2,638437952776670467,0,35932,199,"RequestData:, RequestPath:/Clarification-form/, RequestExtension:, SessionId:zkme5ofaaptv1wceqj1rzyx4, UserId:FmRMOMwI45tagvLWMvRmuHwm24wCpC08AMtVn6Jjqn1MT6iX01DSx5w5TG2bbsuzMWVQarT1IewpojXGv0sohhUOBBRQHfX9v3LowvckVPY-VwISfORxlgDUekMq4Rt7TS2sI9t3PaBsKmueNw-xMg2, CorrelationId:1917fe0a-4b60-4a9f-ad94-929ac4a46c1a, Elapsed:4263.602, RequestMethod:GET, RequestContentType:, RequestAccept:text/html,application/xhtml+xml,application/xml;q=0.9,image/avif,image/webp,image/apng,*/*;q=0.8,application/signed-exchange;v=b3;q=0.7, RequestCacheControl:no-cache, UserAgent:Mozilla/5.0 (Windows NT 10.0; Win64; x64) AppleWebKit/537.36 (KHTML, like Gecko) Chrome/121.0.0.0 Safari/537.36, HandlerName:ASP.pages_webtemplate_aspx, HandlerExecuted:False, VaryByCustom:user;website;language, MemberName:InvokeFuntion, SourceFilePath:C:\__w\1\s\Framework\Adxstudio.Xrm\Services\Pooling\Dataverse\PoolableDataverseConnection.cs, SourceLineNumber:211, ExceptionMessage:An exception System.FormatException was thrown while trying to convert input value '[REDACTED]' to attribute 'nhfic_applicationdocumentrequirement.nhfic_applicationdocumentrequirementid'. Expected type of attribute value: System.Guid. Exception raised: Expected {0xdddddddd, etc}.
System.ServiceModel.FaultException`1[[Microsoft.Xrm.Sdk.OrganizationServiceFault, Microsoft.Xrm.Sdk, Version=9.0.0.0, Culture=neutral, PublicKey**redacted**]]

Server stack trace: 
   at System.ServiceModel.Channels.ServiceChannel.HandleReply(ProxyOperationRuntime operation, ProxyRpc& rpc)
   at System.ServiceModel.Channels.ServiceChannel.Call(String action, Boolean oneway, ProxyOperationRuntime operation, Object[] ins, Object[] outs, TimeSpan timeout)
   at System.ServiceModel.Channels.ServiceChannelProxy.InvokeService(IMethodCallMessage methodCall, ProxyOperationRuntime operation)
   at System.ServiceModel.Channels.ServiceChannelProxy.Invoke(IMessage message)

Exception rethrown at [0]: 
   at Microsoft.Xrm.Tooling.Connector.CrmServiceClient.Execute(OrganizationRequest request)
   at Adxstudio.Xrm.Services.Pooling.Dataverse.PoolableDataverseConnection.InvokeFuntion[TResult](Func`1 function) in C:\__w\1\s\Framework\Adxstudio.Xrm\Services\Pooling\Dataverse\PoolableDataverseConnection.cs:line 206

mscorlib

, EventData:Error occured while making Dataverse Call, Category:Application, ErrorCategory:ApplicationError",8003b7f5-0400-8000-b63f-84710c7967bb
2024-02-17T19:34:37,Error,site-85de4385-0987-4ae5-9917-b7715602956d-AUe,7e7bb2,638437952777764174,0,35932,199,"RequestData:, RequestPath:/Clarification-form/, RequestExtension:, SessionId:zkme5ofaaptv1wceqj1rzyx4, UserId:FmRMOMwI45tagvLWMvRmuHwm24wCpC08AMtVn6Jjqn1MT6iX01DSx5w5TG2bbsuzMWVQarT1IewpojXGv0sohhUOBBRQHfX9v3LowvckVPY-VwISfORxlgDUekMq4Rt7TS2sI9t3PaBsKmueNw-xMg2, CorrelationId:1917fe0a-4b60-4a9f-ad94-929ac4a46c1a, Elapsed:4356.2131, RequestMethod:GET, RequestContentType:, RequestAccept:text/html,application/xhtml+xml,application/xml;q=0.9,image/avif,image/webp,image/apng,*/*;q=0.8,application/signed-exchange;v=b3;q=0.7, RequestCacheControl:no-cache, UserAgent:Mozilla/5.0 (Windows NT 10.0; Win64; x64) AppleWebKit/537.36 (KHTML, like Gecko) Chrome/121.0.0.0 Safari/537.36, HandlerName:ASP.pages_webtemplate_aspx, HandlerExecuted:False, VaryByCustom:user;website;language, MemberName:InternalRenderLiquid, SourceFilePath:C:\__w\1\s\Framework\Adxstudio.Xrm\Web\Mvc\Html\LiquidExtensions.cs, SourceLineNumber:611, ExceptionMessage:Exception has been thrown by the target of an invocation.
System.Reflection.TargetInvocationException
   at System.RuntimeMethodHandle.InvokeMethod(Object target, Object[] arguments, Signature sig, Boolean constructor)
   at System.Reflection.RuntimeMethodInfo.UnsafeInvokeInternal(Object obj, Object[] parameters, Object[] arguments)
   at System.Reflection.RuntimeMethodInfo.Invoke(Object obj, BindingFlags invokeAttr, Binder binder, Object[] parameters, CultureInfo culture)
   at System.Reflection.RuntimePropertyInfo.GetValue(Object obj, Object[] index)
   at DotLiquid.DropBase.InvokeDrop(Object name)
   at DotLiquid.Context.LookupAndEvaluate(Object obj, Object key)
   at DotLiquid.Context.Variable(String markup)
   at DotLiquid.Context.Resolve(String key)
   at DotLiquid.Condition.InterpretCondition(String left, String right, String op, Context context)
   at DotLiquid.Condition.Evaluate(Context context)
   at DotLiquid.Tags.If.<>c__DisplayClass10_0.<Render>b__0()
   at DotLiquid.Context.Stack(Hash newScope, Action callback)
   at DotLiquid.Tags.If.Render(Context context, TextWriter result)
   at DotLiquid.Block.RenderAll(List`1 list, Context context, TextWriter result)

mscorlib

An exception System.FormatException was thrown while trying to convert input value '[REDACTED]' to attribute 'nhfic_applicationdocumentrequirement.nhfic_applicationdocumentrequirementid'. Expected type of attribute value: System.Guid. Exception raised: Expected {0xdddddddd, etc}.
System.ServiceModel.FaultException`1[[Microsoft.Xrm.Sdk.OrganizationServiceFault, Microsoft.Xrm.Sdk, Version=9.0.0.0, Culture=neutral, PublicKey**redacted**]]

Server stack trace: 
   at System.ServiceModel.Channels.ServiceChannel.HandleReply(ProxyOperationRuntime operation, ProxyRpc& rpc)
   at System.ServiceModel.Channels.ServiceChannel.Call(String action, Boolean oneway, ProxyOperationRuntime operation, Object[] ins, Object[] outs, TimeSpan timeout)
   at System.ServiceModel.Channels.ServiceChannelProxy.InvokeService(IMethodCallMessage methodCall, ProxyOperationRuntime operation)
   at System.ServiceModel.Channels.ServiceChannelProxy.Invoke(IMessage message)

Exception rethrown at [0]: 
   at Microsoft.Xrm.Tooling.Connector.CrmServiceClient.Execute(OrganizationRequest request)
   at Adxstudio.Xrm.Services.Pooling.Dataverse.PoolableDataverseConnection.InvokeFuntion[TResult](Func`1 function) in C:\__w\1\s\Framework\Adxstudio.Xrm\Services\Pooling\Dataverse\PoolableDataverseConnection.cs:line 212
   at Microsoft.Xrm.Client.Services.OrganizationService.InnerOrganizationService.UsingService[TResult](Func`2 action) in C:\__w\1\s\Framework\Microsoft.Xrm.Client\Services\OrganizationService.cs:line 436
   at Adxstudio.Xrm.Services.CachedOrganizationService.InnerExecute(OrganizationRequest request) in C:\__w\1\s\Framework\Adxstudio.Xrm\Services\CachedOrganizationService.cs:line 429
   at Adxstudio.Xrm.Services.OrganizationServiceCache.InnerExecute[TRequest,TResponse,TResult](TRequest query, Func`2 execute, Func`2 selector) in C:\__w\1\s\Framework\Adxstudio.Xrm\Services\OrganizationServiceCache.cs:line 653
   at Microsoft.Xrm.Client.Caching.ObjectCacheProvider.<>c__DisplayClass5_0`1.<Get>b__1(String key) in C:\__w\1\s\Framework\Microsoft.Xrm.Client\Caching\ObjectCacheProvider.cs:line 110
   at Microsoft.Xrm.Client.Threading.LockProvider.<>c__DisplayClass6_0`1.<Get>b__0() in C:\__w\1\s\Framework\Microsoft.Xrm.Client\Threading\LockProvider.cs:line 55
   at Adxstudio.Xrm.Threading.MonitorLockProvider.Lock(String key, Int32 millisecondsTimeout, Action action) in C:\__w\1\s\Framework\Adxstudio.Xrm\Threading\MonitorLockProvider.cs:line 23
   at Microsoft.Xrm.Client.Threading.LockProvider.Get[T](String key, Int32 millisecondsTimeout, Func`2 loadFromCache, Func`2 loadFromService) in C:\__w\1\s\Framework\Microsoft.Xrm.Client\Threading\LockProvider.cs:line 60
   at Adxstudio.Xrm.Services.OrganizationServiceCache.GetCachedResult[TRequest,TResponse,TResult](TRequest query, Func`2 execute, Func`2 selector, String cacheKey, Boolean isAuditableQuery, Int32& cacheMissedMetricValue, Boolean applyVirtualEntityFilter) in C:\__w\1\s\Framework\Adxstudio.Xrm\Services\OrganizationServiceCache.cs:line 0
   at Adxstudio.Xrm.Services.OrganizationServiceCache.LookupAndInsert[TRequest,TResponse,TResult](TRequest query, Func`2 execute, Func`2 selector, String selectorCacheKey, Boolean allowStaleData, Boolean isAuditableQuery) in C:\__w\1\s\Framework\Adxstudio.Xrm\Services\OrganizationServiceCache.cs:line 383
   at Adxstudio.Xrm.Services.OrganizationServiceCache.InnerExecute[TRequest,TResponse,TResult](TRequest request, Func`2 execute, Func`2 selector, String selectorCacheKey) in C:\__w\1\s\Framework\Adxstudio.Xrm\Services\OrganizationServiceCache.cs:line 323
   at Adxstudio.Xrm.Services.ContentMapOrganizationServiceCache.Execute[T](OrganizationRequest request, Func`2 execute, Func`2 selector, String selectorCacheKey) in C:\__w\1\s\Framework\Adxstudio.Xrm\Services\ContentMapOrganizationServiceCache.cs:line 36
   at Adxstudio.Xrm.Services.PortalBusOrganizationServiceCache.Execute[T](OrganizationRequest request, Func`2 execute, Func`2 selector, String selectorCacheKey) in C:\__w\1\s\Framework\Adxstudio.Xrm\Services\PortalBusOrganizationServiceCache.cs:line 44
   at Adxstudio.Xrm.Services.CachedOrganizationService.Execute[T](OrganizationRequest request, Func`2 selector, String selectorCacheKey) in C:\__w\1\s\Framework\Adxstudio.Xrm\Services\CachedOrganizationService.cs:line 367
   at Adxstudio.Xrm.Services.CachedOrganizationService.Execute[T](OrganizationRequest request) in C:\__w\1\s\Framework\Adxstudio.Xrm\Services\CachedOrganizationService.cs:line 358
   at Adxstudio.Xrm.Services.CrmOnlineOrganizationService.<>c__DisplayClass26_0.<Execute>b__0() in C:\__w\1\s\Framework\Adxstudio.Xrm\Services\CrmOnlineOrganizationService.cs:line 268
   at Microsoft.Practices.TransientFaultHandling.RetryPolicy.ExecuteAction[TResult](Func`1 func)
   at Microsoft.Xrm.Sdk.Client.OrganizationServiceContext.Execute(OrganizationRequest request)
   at Adxstudio.Xrm.Services.OrganizationServiceExtensions.FetchPage(IOrganizationService service, Fetch query, RequestFlag flag, Nullable`1 expiration, String memberName, String sourceFilePath, Int32 sourceLineNumber) in C:\__w\1\s\Framework\Adxstudio.Xrm\Services\OrganizationServiceExtensions.cs:line 543
   at Adxstudio.Xrm.Services.OrganizationServiceExtensions.<>c__DisplayClass10_0.<RetrieveMultiple>b__0(Fetch query) in C:\__w\1\s\Framework\Adxstudio.Xrm\Services\OrganizationServiceExtensions.cs:line 363
   at Adxstudio.Xrm.Services.OrganizationServiceExtensions.<FetchPages>d__14.MoveNext() in C:\__w\1\s\Framework\Adxstudio.Xrm\Services\OrganizationServiceExtensions.cs:line 501
   at System.Collections.Generic.List`1..ctor(IEnumerable`1 collection)
   at System.Linq.Enumerable.ToList[TSource](IEnumerable`1 source)
   at Adxstudio.Xrm.Services.OrganizationServiceExtensions.RetrieveMultiple(IOrganizationService service, Fetch fetch, RequestFlag flag, Nullable`1 expiration, String memberName, String sourceFilePath, Int32 sourceLineNumber) in C:\__w\1\s\Framework\Adxstudio.Xrm\Services\OrganizationServiceExtensions.cs:line 0
   at Adxstudio.Xrm.Web.Mvc.Liquid.FetchXmlQueryDrop.GetResults() in C:\__w\1\s\Framework\Adxstudio.Xrm\Web\Mvc\Liquid\FetchXmlQueryDrop.cs:line 76
   at System.Lazy`1.CreateValue()
   at System.Lazy`1.LazyInitValue()

mscorlib

, EventData:Liquid rendering error, Category:File, ErrorCategory:ApplicationError",8003b7f5-0400-8000-b63f-84710c7967bb
