date,level,applicationName,instanceId,eventTickCount,eventId,pid,tid,message,activityId
2024-01-22T12:06:20,Error,site-85de4385-0987-4ae5-9917-b7715602956d-AUe,05efbb,638415219804222791,0,311064,8657,"RequestData:, RequestPath:/Registration/, RequestExtension:, SessionId:axku1fqp3m2rwuhnv31mznch, UserId:j2MoGsosM5Vf6QDDaCiM2Ct6zTm6pqTU_zKoIMtXRWP0UObMIX0WNv_KHn2M9OP7PvzkBnT8JUZDAOHtQ_nY9yte3sLodFX8VHDqbviPinb8NuNq5zGB1GmSpPxhCoBvWmAGJLkZSuxqDDUlVLAiDg2, CorrelationId:0323e108-f302-4e03-95ab-e24e55ff406e, Elapsed:1769.1442, RequestMethod:GET, RequestContentType:, RequestAccept:text/html,application/xhtml+xml,application/xml;q=0.9,image/webp,image/apng,*/*;q=0.8,application/signed-exchange;v=b3;q=0.7, RequestCacheControl:, UserAgent:Mozilla/5.0 (Windows NT 10.0; Win64; x64) AppleWebKit/537.36 (KHTML, like Gecko) Chrome/120.0.0.0 Safari/537.36 Edg/120.0.0.0, HandlerName:ASP.pages_webtemplate_aspx, HandlerExecuted:False, VaryByCustom:user;website;language, MemberName:OnLoad, SourceFilePath:C:\__w\1\s\Framework\Adxstudio.Xrm\Web\UI\WebControls\LiquidServerControl.cs, SourceLineNumber:367, ExceptionMessage:Couldn't load user record. Portal context User is null.
System.ApplicationException
   at Adxstudio.Xrm.Web.UI.WebControls.WebForm.TryGetPrimaryEntitySourceDefinition(OrganizationServiceContext context, Entity step, WebFormEntitySourceDefinition& definition, Entity& record) in C:\__w\1\s\Framework\Adxstudio.Xrm\Web\UI\WebControls\WebForm.cs:line 2453
   at Adxstudio.Xrm.Web.UI.WebControls.WebForm.TryGetSessionHistory(OrganizationServiceContext context, Entity webform, Entity startStep, WebFormEntitySourceDefinition& entitySourceDefinition, Entity& record, SessionHistory& sessionHistory) in C:\__w\1\s\Framework\Adxstudio.Xrm\Web\UI\WebControls\WebForm.cs:line 2292
   at Adxstudio.Xrm.Web.UI.WebControls.WebForm.CreateChildControls() in C:\__w\1\s\Framework\Adxstudio.Xrm\Web\UI\WebControls\WebForm.cs:line 875
   at System.Web.UI.Control.EnsureChildControls()
   at System.Web.UI.WebControls.CompositeControl.DataBind()
   at System.Web.UI.Control.DataBindChildren()
   at System.Web.UI.Control.DataBind(Boolean raiseOnDataBinding)
   at System.Web.UI.Control.DataBindChildren()
   at System.Web.UI.Control.DataBind(Boolean raiseOnDataBinding)
   at System.Web.UI.Control.DataBindChildren()
   at System.Web.UI.Control.DataBind(Boolean raiseOnDataBinding)
   at Adxstudio.Xrm.Web.UI.WebControls.LiquidServerControl.OnLoad(EventArgs args) in C:\__w\1\s\Framework\Adxstudio.Xrm\Web\UI\WebControls\LiquidServerControl.cs:line 361

Adxstudio.Xrm

, EventData:, Category:Application, ErrorCategory:ApplicationError",8000797e-0003-f100-b63f-84710c7967bb
2024-01-22T12:06:20,Error,site-85de4385-0987-4ae5-9917-b7715602956d-AUe,05efbb,638415219804222791,0,311064,8657,"RequestData:{""IsAuthenticated"":false,""Tags"":[]}, RequestPath:/Registration/, RequestExtension:, SessionId:axku1fqp3m2rwuhnv31mznch, UserId:j2MoGsosM5Vf6QDDaCiM2Ct6zTm6pqTU_zKoIMtXRWP0UObMIX0WNv_KHn2M9OP7PvzkBnT8JUZDAOHtQ_nY9yte3sLodFX8VHDqbviPinb8NuNq5zGB1GmSpPxhCoBvWmAGJLkZSuxqDDUlVLAiDg2, CorrelationId:0323e108-f302-4e03-95ab-e24e55ff406e, Elapsed:1943.4557, RequestMethod:GET, RequestContentType:, RequestAccept:text/html,application/xhtml+xml,application/xml;q=0.9,image/webp,image/apng,*/*;q=0.8,application/signed-exchange;v=b3;q=0.7, RequestCacheControl:, UserAgent:Mozilla/5.0 (Windows NT 10.0; Win64; x64) AppleWebKit/537.36 (KHTML, like Gecko) Chrome/120.0.0.0 Safari/537.36 Edg/120.0.0.0, HandlerName:ASP.pages_webtemplate_aspx, HandlerExecuted:False, VaryByCustom:user;website;language, ExceptionMessage:Exception of type 'System.Web.HttpUnhandledException' was thrown.
System.Web.HttpUnhandledException
   at System.Web.UI.Page.HandleError(Exception e)
   at System.Web.UI.Page.ProcessRequestMain(Boolean includeStagesBeforeAsyncPoint, Boolean includeStagesAfterAsyncPoint)
   at System.Web.UI.Page.ProcessRequest(Boolean includeStagesBeforeAsyncPoint, Boolean includeStagesAfterAsyncPoint)
   at System.Web.UI.Page.ProcessRequest()
   at System.Web.UI.Page.ProcessRequest(HttpContext context)
   at ASP.pages_webtemplate_aspx.ProcessRequest(HttpContext context)
   at System.Web.HttpApplication.CallHandlerExecutionStep.System.Web.HttpApplication.IExecutionStep.Execute()
   at System.Web.HttpApplication.ExecuteStepImpl(IExecutionStep step)
   at System.Web.HttpApplication.ExecuteStep(IExecutionStep step, Boolean& completedSynchronously)

System.Web

Couldn't load user record. Portal context User is null.
System.ApplicationException
   at Adxstudio.Xrm.Web.UI.WebControls.WebForm.TryGetPrimaryEntitySourceDefinition(OrganizationServiceContext context, Entity step, WebFormEntitySourceDefinition& definition, Entity& record) in C:\__w\1\s\Framework\Adxstudio.Xrm\Web\UI\WebControls\WebForm.cs:line 2453
   at Adxstudio.Xrm.Web.UI.WebControls.WebForm.TryGetSessionHistory(OrganizationServiceContext context, Entity webform, Entity startStep, WebFormEntitySourceDefinition& entitySourceDefinition, Entity& record, SessionHistory& sessionHistory) in C:\__w\1\s\Framework\Adxstudio.Xrm\Web\UI\WebControls\WebForm.cs:line 2292
   at Adxstudio.Xrm.Web.UI.WebControls.WebForm.CreateChildControls() in C:\__w\1\s\Framework\Adxstudio.Xrm\Web\UI\WebControls\WebForm.cs:line 875
   at System.Web.UI.Control.EnsureChildControls()
   at System.Web.UI.Control.PreRenderRecursiveInternal()
   at System.Web.UI.Control.PreRenderRecursiveInternal()
   at System.Web.UI.Control.PreRenderRecursiveInternal()
   at System.Web.UI.Control.PreRenderRecursiveInternal()
   at System.Web.UI.Control.PreRenderRecursiveInternal()
   at System.Web.UI.Control.PreRenderRecursiveInternal()
   at System.Web.UI.Control.PreRenderRecursiveInternal()
   at System.Web.UI.Page.ProcessRequestMain(Boolean includeStagesBeforeAsyncPoint, Boolean includeStagesAfterAsyncPoint)

Adxstudio.Xrm

, EventData:ASP.global_asax, originalResponseStatus: 500, Category:Application, ErrorCategory:ApplicationError",8000797e-0003-f100-b63f-84710c7967bb
2024-01-22T12:10:06,Error,site-85de4385-0987-4ae5-9917-b7715602956d-AUe,05efbb,638415222065129737,0,311064,77,"RequestData:, RequestPath:/_services/about, RequestExtension:, SessionId:, UserId:O0gbkXmEYXd7U-s5RNsD8MMLFfMI-mUxj4Td5oSeFQpqIQ5uKCbgHGlC8_xXde_fTaeVQ9MQ0m_iw8dF8pbim_PxFZomv_AmqZSvsbGpZs0s6lMRjhRigaGcJJx7f-OdSXd1Mmx9BMzv_CIGXiSY1g2, CorrelationId:791158fb-edce-41ca-90d7-cce1408fe4b0, Elapsed:2149.6296, MemberName:PopulateVirtualEntitiesActualSource, SourceFilePath:C:\__w\1\s\Framework\Adxstudio.Xrm\Caching\VirtualEntitiesCacheHelper.cs, SourceLineNumber:125, Category:Application, Message:The web api getDataSourceId for virtual entity returned empty DataSourceId, ErrorCategory:ApplicationError",8000dcdc-0001-fa00-b63f-84710c7967bb
2024-01-22T12:10:10,Error,site-85de4385-0987-4ae5-9917-b7715602956d-AUe,05efbb,638415222106695617,0,311064,77,"RequestData:, RequestPath:/_services/about, RequestExtension:, SessionId:, UserId:O0gbkXmEYXd7U-s5RNsD8MMLFfMI-mUxj4Td5oSeFQpqIQ5uKCbgHGlC8_xXde_fTaeVQ9MQ0m_iw8dF8pbim_PxFZomv_AmqZSvsbGpZs0s6lMRjhRigaGcJJx7f-OdSXd1Mmx9BMzv_CIGXiSY1g2, CorrelationId:791158fb-edce-41ca-90d7-cce1408fe4b0, Elapsed:6308.4042, MemberName:PopulateVirtualEntitiesActualSource, SourceFilePath:C:\__w\1\s\Framework\Adxstudio.Xrm\Caching\VirtualEntitiesCacheHelper.cs, SourceLineNumber:125, Category:Application, Message:The web api getDataSourceId for virtual entity returned empty DataSourceId, ErrorCategory:ApplicationError",8000dcdc-0001-fa00-b63f-84710c7967bb
2024-01-22T12:10:14,Error,site-85de4385-0987-4ae5-9917-b7715602956d-AUe,05efbb,638415222146166817,0,311064,77,"RequestData:, RequestPath:/_services/about, RequestExtension:, SessionId:, UserId:O0gbkXmEYXd7U-s5RNsD8MMLFfMI-mUxj4Td5oSeFQpqIQ5uKCbgHGlC8_xXde_fTaeVQ9MQ0m_iw8dF8pbim_PxFZomv_AmqZSvsbGpZs0s6lMRjhRigaGcJJx7f-OdSXd1Mmx9BMzv_CIGXiSY1g2, CorrelationId:791158fb-edce-41ca-90d7-cce1408fe4b0, Elapsed:10256.593, MemberName:PopulateVirtualEntitiesActualSource, SourceFilePath:C:\__w\1\s\Framework\Adxstudio.Xrm\Caching\VirtualEntitiesCacheHelper.cs, SourceLineNumber:125, Category:Application, Message:The web api getDataSourceId for virtual entity returned empty DataSourceId, ErrorCategory:ApplicationError",8000dcdc-0001-fa00-b63f-84710c7967bb
2024-01-22T12:10:16,Error,site-85de4385-0987-4ae5-9917-b7715602956d-AUe,05efbb,638415222166324968,0,311064,77,"RequestData:, RequestPath:/_services/about, RequestExtension:, SessionId:, UserId:O0gbkXmEYXd7U-s5RNsD8MMLFfMI-mUxj4Td5oSeFQpqIQ5uKCbgHGlC8_xXde_fTaeVQ9MQ0m_iw8dF8pbim_PxFZomv_AmqZSvsbGpZs0s6lMRjhRigaGcJJx7f-OdSXd1Mmx9BMzv_CIGXiSY1g2, CorrelationId:791158fb-edce-41ca-90d7-cce1408fe4b0, Elapsed:12268.0123, MemberName:PopulateVirtualEntitiesActualSource, SourceFilePath:C:\__w\1\s\Framework\Adxstudio.Xrm\Caching\VirtualEntitiesCacheHelper.cs, SourceLineNumber:125, Category:Application, Message:The web api getDataSourceId for virtual entity returned empty DataSourceId, ErrorCategory:ApplicationError",8000dcdc-0001-fa00-b63f-84710c7967bb
2024-01-22T12:10:18,Error,site-85de4385-0987-4ae5-9917-b7715602956d-AUe,05efbb,638415222180857497,0,311064,77,"RequestData:, RequestPath:/_services/about, RequestExtension:, SessionId:, UserId:O0gbkXmEYXd7U-s5RNsD8MMLFfMI-mUxj4Td5oSeFQpqIQ5uKCbgHGlC8_xXde_fTaeVQ9MQ0m_iw8dF8pbim_PxFZomv_AmqZSvsbGpZs0s6lMRjhRigaGcJJx7f-OdSXd1Mmx9BMzv_CIGXiSY1g2, CorrelationId:791158fb-edce-41ca-90d7-cce1408fe4b0, Elapsed:13725.3064, MemberName:PopulateVirtualEntitiesActualSource, SourceFilePath:C:\__w\1\s\Framework\Adxstudio.Xrm\Caching\VirtualEntitiesCacheHelper.cs, SourceLineNumber:125, Category:Application, Message:The web api getDataSourceId for virtual entity returned empty DataSourceId, ErrorCategory:ApplicationError",8000dcdc-0001-fa00-b63f-84710c7967bb
2024-01-22T12:10:18,Error,site-85de4385-0987-4ae5-9917-b7715602956d-AUe,05efbb,638415222181326497,0,311064,77,"RequestData:, RequestPath:/_services/about, RequestExtension:, SessionId:, UserId:O0gbkXmEYXd7U-s5RNsD8MMLFfMI-mUxj4Td5oSeFQpqIQ5uKCbgHGlC8_xXde_fTaeVQ9MQ0m_iw8dF8pbim_PxFZomv_AmqZSvsbGpZs0s6lMRjhRigaGcJJx7f-OdSXd1Mmx9BMzv_CIGXiSY1g2, CorrelationId:791158fb-edce-41ca-90d7-cce1408fe4b0, Elapsed:13781.36, MemberName:PopulateVirtualEntitiesActualSource, SourceFilePath:C:\__w\1\s\Framework\Adxstudio.Xrm\Caching\VirtualEntitiesCacheHelper.cs, SourceLineNumber:125, Category:Application, Message:The web api getDataSourceId for virtual entity returned empty DataSourceId, ErrorCategory:ApplicationError",8000dcdc-0001-fa00-b63f-84710c7967bb
2024-01-22T12:10:18,Error,site-85de4385-0987-4ae5-9917-b7715602956d-AUe,05efbb,638415222181951365,0,311064,77,"RequestData:, RequestPath:/_services/about, RequestExtension:, SessionId:, UserId:O0gbkXmEYXd7U-s5RNsD8MMLFfMI-mUxj4Td5oSeFQpqIQ5uKCbgHGlC8_xXde_fTaeVQ9MQ0m_iw8dF8pbim_PxFZomv_AmqZSvsbGpZs0s6lMRjhRigaGcJJx7f-OdSXd1Mmx9BMzv_CIGXiSY1g2, CorrelationId:791158fb-edce-41ca-90d7-cce1408fe4b0, Elapsed:13833.2821, MemberName:PopulateVirtualEntitiesActualSource, SourceFilePath:C:\__w\1\s\Framework\Adxstudio.Xrm\Caching\VirtualEntitiesCacheHelper.cs, SourceLineNumber:125, Category:Application, Message:The web api getDataSourceId for virtual entity returned empty DataSourceId, ErrorCategory:ApplicationError",8000dcdc-0001-fa00-b63f-84710c7967bb
2024-01-22T12:10:18,Error,site-85de4385-0987-4ae5-9917-b7715602956d-AUe,05efbb,638415222182420130,0,311064,77,"RequestData:, RequestPath:/_services/about, RequestExtension:, SessionId:, UserId:O0gbkXmEYXd7U-s5RNsD8MMLFfMI-mUxj4Td5oSeFQpqIQ5uKCbgHGlC8_xXde_fTaeVQ9MQ0m_iw8dF8pbim_PxFZomv_AmqZSvsbGpZs0s6lMRjhRigaGcJJx7f-OdSXd1Mmx9BMzv_CIGXiSY1g2, CorrelationId:791158fb-edce-41ca-90d7-cce1408fe4b0, Elapsed:13889.8149, MemberName:PopulateVirtualEntitiesActualSource, SourceFilePath:C:\__w\1\s\Framework\Adxstudio.Xrm\Caching\VirtualEntitiesCacheHelper.cs, SourceLineNumber:125, Category:Application, Message:The web api getDataSourceId for virtual entity returned empty DataSourceId, ErrorCategory:ApplicationError",8000dcdc-0001-fa00-b63f-84710c7967bb
2024-01-22T12:10:18,Error,site-85de4385-0987-4ae5-9917-b7715602956d-AUe,05efbb,638415222183201466,0,311064,77,"RequestData:, RequestPath:/_services/about, RequestExtension:, SessionId:, UserId:O0gbkXmEYXd7U-s5RNsD8MMLFfMI-mUxj4Td5oSeFQpqIQ5uKCbgHGlC8_xXde_fTaeVQ9MQ0m_iw8dF8pbim_PxFZomv_AmqZSvsbGpZs0s6lMRjhRigaGcJJx7f-OdSXd1Mmx9BMzv_CIGXiSY1g2, CorrelationId:791158fb-edce-41ca-90d7-cce1408fe4b0, Elapsed:13960.7349, MemberName:PopulateVirtualEntitiesActualSource, SourceFilePath:C:\__w\1\s\Framework\Adxstudio.Xrm\Caching\VirtualEntitiesCacheHelper.cs, SourceLineNumber:125, Category:Application, Message:The web api getDataSourceId for virtual entity returned empty DataSourceId, ErrorCategory:ApplicationError",8000dcdc-0001-fa00-b63f-84710c7967bb
2024-01-22T12:10:18,Error,site-85de4385-0987-4ae5-9917-b7715602956d-AUe,05efbb,638415222183670267,0,311064,77,"RequestData:, RequestPath:/_services/about, RequestExtension:, SessionId:, UserId:O0gbkXmEYXd7U-s5RNsD8MMLFfMI-mUxj4Td5oSeFQpqIQ5uKCbgHGlC8_xXde_fTaeVQ9MQ0m_iw8dF8pbim_PxFZomv_AmqZSvsbGpZs0s6lMRjhRigaGcJJx7f-OdSXd1Mmx9BMzv_CIGXiSY1g2, CorrelationId:791158fb-edce-41ca-90d7-cce1408fe4b0, Elapsed:14013.1005, MemberName:PopulateVirtualEntitiesActualSource, SourceFilePath:C:\__w\1\s\Framework\Adxstudio.Xrm\Caching\VirtualEntitiesCacheHelper.cs, SourceLineNumber:125, Category:Application, Message:The web api getDataSourceId for virtual entity returned empty DataSourceId, ErrorCategory:ApplicationError",8000dcdc-0001-fa00-b63f-84710c7967bb
2024-01-22T12:10:18,Error,site-85de4385-0987-4ae5-9917-b7715602956d-AUe,05efbb,638415222184295381,0,311064,77,"RequestData:, RequestPath:/_services/about, RequestExtension:, SessionId:, UserId:O0gbkXmEYXd7U-s5RNsD8MMLFfMI-mUxj4Td5oSeFQpqIQ5uKCbgHGlC8_xXde_fTaeVQ9MQ0m_iw8dF8pbim_PxFZomv_AmqZSvsbGpZs0s6lMRjhRigaGcJJx7f-OdSXd1Mmx9BMzv_CIGXiSY1g2, CorrelationId:791158fb-edce-41ca-90d7-cce1408fe4b0, Elapsed:14069.1854, MemberName:PopulateVirtualEntitiesActualSource, SourceFilePath:C:\__w\1\s\Framework\Adxstudio.Xrm\Caching\VirtualEntitiesCacheHelper.cs, SourceLineNumber:125, Category:Application, Message:The web api getDataSourceId for virtual entity returned empty DataSourceId, ErrorCategory:ApplicationError",8000dcdc-0001-fa00-b63f-84710c7967bb
2024-01-22T12:10:18,Error,site-85de4385-0987-4ae5-9917-b7715602956d-AUe,05efbb,638415222184920402,0,311064,77,"RequestData:, RequestPath:/_services/about, RequestExtension:, SessionId:, UserId:O0gbkXmEYXd7U-s5RNsD8MMLFfMI-mUxj4Td5oSeFQpqIQ5uKCbgHGlC8_xXde_fTaeVQ9MQ0m_iw8dF8pbim_PxFZomv_AmqZSvsbGpZs0s6lMRjhRigaGcJJx7f-OdSXd1Mmx9BMzv_CIGXiSY1g2, CorrelationId:791158fb-edce-41ca-90d7-cce1408fe4b0, Elapsed:14130.3666, MemberName:PopulateVirtualEntitiesActualSource, SourceFilePath:C:\__w\1\s\Framework\Adxstudio.Xrm\Caching\VirtualEntitiesCacheHelper.cs, SourceLineNumber:125, Category:Application, Message:The web api getDataSourceId for virtual entity returned empty DataSourceId, ErrorCategory:ApplicationError",8000dcdc-0001-fa00-b63f-84710c7967bb
2024-01-22T12:10:18,Error,site-85de4385-0987-4ae5-9917-b7715602956d-AUe,05efbb,638415222185857957,0,311064,77,"RequestData:, RequestPath:/_services/about, RequestExtension:, SessionId:, UserId:O0gbkXmEYXd7U-s5RNsD8MMLFfMI-mUxj4Td5oSeFQpqIQ5uKCbgHGlC8_xXde_fTaeVQ9MQ0m_iw8dF8pbim_PxFZomv_AmqZSvsbGpZs0s6lMRjhRigaGcJJx7f-OdSXd1Mmx9BMzv_CIGXiSY1g2, CorrelationId:791158fb-edce-41ca-90d7-cce1408fe4b0, Elapsed:14222.7096, MemberName:PopulateVirtualEntitiesActualSource, SourceFilePath:C:\__w\1\s\Framework\Adxstudio.Xrm\Caching\VirtualEntitiesCacheHelper.cs, SourceLineNumber:125, Category:Application, Message:The web api getDataSourceId for virtual entity returned empty DataSourceId, ErrorCategory:ApplicationError",8000dcdc-0001-fa00-b63f-84710c7967bb
2024-01-22T12:10:18,Error,site-85de4385-0987-4ae5-9917-b7715602956d-AUe,05efbb,638415222187420594,0,311064,77,"RequestData:, RequestPath:/_services/about, RequestExtension:, SessionId:, UserId:O0gbkXmEYXd7U-s5RNsD8MMLFfMI-mUxj4Td5oSeFQpqIQ5uKCbgHGlC8_xXde_fTaeVQ9MQ0m_iw8dF8pbim_PxFZomv_AmqZSvsbGpZs0s6lMRjhRigaGcJJx7f-OdSXd1Mmx9BMzv_CIGXiSY1g2, CorrelationId:791158fb-edce-41ca-90d7-cce1408fe4b0, Elapsed:14383.031, MemberName:PopulateVirtualEntitiesActualSource, SourceFilePath:C:\__w\1\s\Framework\Adxstudio.Xrm\Caching\VirtualEntitiesCacheHelper.cs, SourceLineNumber:125, Category:Application, Message:The web api getDataSourceId for virtual entity returned empty DataSourceId, ErrorCategory:ApplicationError",8000dcdc-0001-fa00-b63f-84710c7967bb
2024-01-22T12:10:19,Error,site-85de4385-0987-4ae5-9917-b7715602956d-AUe,05efbb,638415222196796472,0,311064,77,"RequestData:, RequestPath:/_services/about, RequestExtension:, SessionId:, UserId:O0gbkXmEYXd7U-s5RNsD8MMLFfMI-mUxj4Td5oSeFQpqIQ5uKCbgHGlC8_xXde_fTaeVQ9MQ0m_iw8dF8pbim_PxFZomv_AmqZSvsbGpZs0s6lMRjhRigaGcJJx7f-OdSXd1Mmx9BMzv_CIGXiSY1g2, CorrelationId:791158fb-edce-41ca-90d7-cce1408fe4b0, Elapsed:15327.7134, MemberName:PopulateVirtualEntitiesActualSource, SourceFilePath:C:\__w\1\s\Framework\Adxstudio.Xrm\Caching\VirtualEntitiesCacheHelper.cs, SourceLineNumber:125, Category:Application, Message:The web api getDataSourceId for virtual entity returned empty DataSourceId, ErrorCategory:ApplicationError",8000dcdc-0001-fa00-b63f-84710c7967bb
2024-01-22T12:10:19,Error,site-85de4385-0987-4ae5-9917-b7715602956d-AUe,05efbb,638415222198046543,0,311064,77,"RequestData:, RequestPath:/_services/about, RequestExtension:, SessionId:, UserId:O0gbkXmEYXd7U-s5RNsD8MMLFfMI-mUxj4Td5oSeFQpqIQ5uKCbgHGlC8_xXde_fTaeVQ9MQ0m_iw8dF8pbim_PxFZomv_AmqZSvsbGpZs0s6lMRjhRigaGcJJx7f-OdSXd1Mmx9BMzv_CIGXiSY1g2, CorrelationId:791158fb-edce-41ca-90d7-cce1408fe4b0, Elapsed:15453.946, MemberName:PopulateVirtualEntitiesActualSource, SourceFilePath:C:\__w\1\s\Framework\Adxstudio.Xrm\Caching\VirtualEntitiesCacheHelper.cs, SourceLineNumber:125, Category:Application, Message:The web api getDataSourceId for virtual entity returned empty DataSourceId, ErrorCategory:ApplicationError",8000dcdc-0001-fa00-b63f-84710c7967bb
2024-01-22T12:10:20,Error,site-85de4385-0987-4ae5-9917-b7715602956d-AUe,05efbb,638415222202734498,0,311064,77,"RequestData:, RequestPath:/_services/about, RequestExtension:, SessionId:, UserId:O0gbkXmEYXd7U-s5RNsD8MMLFfMI-mUxj4Td5oSeFQpqIQ5uKCbgHGlC8_xXde_fTaeVQ9MQ0m_iw8dF8pbim_PxFZomv_AmqZSvsbGpZs0s6lMRjhRigaGcJJx7f-OdSXd1Mmx9BMzv_CIGXiSY1g2, CorrelationId:791158fb-edce-41ca-90d7-cce1408fe4b0, Elapsed:15912.0235, MemberName:PopulateVirtualEntitiesActualSource, SourceFilePath:C:\__w\1\s\Framework\Adxstudio.Xrm\Caching\VirtualEntitiesCacheHelper.cs, SourceLineNumber:125, Category:Application, Message:The web api getDataSourceId for virtual entity returned empty DataSourceId, ErrorCategory:ApplicationError",8000dcdc-0001-fa00-b63f-84710c7967bb
2024-01-22T12:10:22,Error,site-85de4385-0987-4ae5-9917-b7715602956d-AUe,05efbb,638415222222423664,0,311064,77,"RequestData:, RequestPath:/_services/about, RequestExtension:, SessionId:, UserId:O0gbkXmEYXd7U-s5RNsD8MMLFfMI-mUxj4Td5oSeFQpqIQ5uKCbgHGlC8_xXde_fTaeVQ9MQ0m_iw8dF8pbim_PxFZomv_AmqZSvsbGpZs0s6lMRjhRigaGcJJx7f-OdSXd1Mmx9BMzv_CIGXiSY1g2, CorrelationId:791158fb-edce-41ca-90d7-cce1408fe4b0, Elapsed:17877.8251, MemberName:PopulateVirtualEntitiesActualSource, SourceFilePath:C:\__w\1\s\Framework\Adxstudio.Xrm\Caching\VirtualEntitiesCacheHelper.cs, SourceLineNumber:125, Category:Application, Message:The web api getDataSourceId for virtual entity returned empty DataSourceId, ErrorCategory:ApplicationError",8000dcdc-0001-fa00-b63f-84710c7967bb
2024-01-22T12:10:23,Error,site-85de4385-0987-4ae5-9917-b7715602956d-AUe,05efbb,638415222235706032,0,311064,77,"RequestData:, RequestPath:/_services/about, RequestExtension:, SessionId:, UserId:O0gbkXmEYXd7U-s5RNsD8MMLFfMI-mUxj4Td5oSeFQpqIQ5uKCbgHGlC8_xXde_fTaeVQ9MQ0m_iw8dF8pbim_PxFZomv_AmqZSvsbGpZs0s6lMRjhRigaGcJJx7f-OdSXd1Mmx9BMzv_CIGXiSY1g2, CorrelationId:791158fb-edce-41ca-90d7-cce1408fe4b0, Elapsed:19205.4233, MemberName:PopulateVirtualEntitiesActualSource, SourceFilePath:C:\__w\1\s\Framework\Adxstudio.Xrm\Caching\VirtualEntitiesCacheHelper.cs, SourceLineNumber:125, Category:Application, Message:The web api getDataSourceId for virtual entity returned empty DataSourceId, ErrorCategory:ApplicationError",8000dcdc-0001-fa00-b63f-84710c7967bb
2024-01-22T12:10:25,Error,site-85de4385-0987-4ae5-9917-b7715602956d-AUe,05efbb,638415222255240208,0,311064,77,"RequestData:, RequestPath:/_services/about, RequestExtension:, SessionId:, UserId:O0gbkXmEYXd7U-s5RNsD8MMLFfMI-mUxj4Td5oSeFQpqIQ5uKCbgHGlC8_xXde_fTaeVQ9MQ0m_iw8dF8pbim_PxFZomv_AmqZSvsbGpZs0s6lMRjhRigaGcJJx7f-OdSXd1Mmx9BMzv_CIGXiSY1g2, CorrelationId:791158fb-edce-41ca-90d7-cce1408fe4b0, Elapsed:21163.919, MemberName:PopulateVirtualEntitiesActualSource, SourceFilePath:C:\__w\1\s\Framework\Adxstudio.Xrm\Caching\VirtualEntitiesCacheHelper.cs, SourceLineNumber:125, Category:Application, Message:The web api getDataSourceId for virtual entity returned empty DataSourceId, ErrorCategory:ApplicationError",8000dcdc-0001-fa00-b63f-84710c7967bb
2024-01-22T12:10:30,Error,site-85de4385-0987-4ae5-9917-b7715602956d-AUe,05efbb,638415222306967581,0,311064,77,"RequestData:, RequestPath:/_services/about, RequestExtension:, SessionId:, UserId:O0gbkXmEYXd7U-s5RNsD8MMLFfMI-mUxj4Td5oSeFQpqIQ5uKCbgHGlC8_xXde_fTaeVQ9MQ0m_iw8dF8pbim_PxFZomv_AmqZSvsbGpZs0s6lMRjhRigaGcJJx7f-OdSXd1Mmx9BMzv_CIGXiSY1g2, CorrelationId:791158fb-edce-41ca-90d7-cce1408fe4b0, Elapsed:26330.6226, MemberName:PopulateVirtualEntitiesActualSource, SourceFilePath:C:\__w\1\s\Framework\Adxstudio.Xrm\Caching\VirtualEntitiesCacheHelper.cs, SourceLineNumber:125, Category:Application, Message:The web api getDataSourceId for virtual entity returned empty DataSourceId, ErrorCategory:ApplicationError",8000dcdc-0001-fa00-b63f-84710c7967bb
2024-01-22T12:10:33,Error,site-85de4385-0987-4ae5-9917-b7715602956d-AUe,05efbb,638415222338690926,0,311064,77,"RequestData:, RequestPath:/_services/about, RequestExtension:, SessionId:, UserId:O0gbkXmEYXd7U-s5RNsD8MMLFfMI-mUxj4Td5oSeFQpqIQ5uKCbgHGlC8_xXde_fTaeVQ9MQ0m_iw8dF8pbim_PxFZomv_AmqZSvsbGpZs0s6lMRjhRigaGcJJx7f-OdSXd1Mmx9BMzv_CIGXiSY1g2, CorrelationId:791158fb-edce-41ca-90d7-cce1408fe4b0, Elapsed:29509.497, MemberName:PopulateVirtualEntitiesActualSource, SourceFilePath:C:\__w\1\s\Framework\Adxstudio.Xrm\Caching\VirtualEntitiesCacheHelper.cs, SourceLineNumber:125, Category:Application, Message:The web api getDataSourceId for virtual entity returned empty DataSourceId, ErrorCategory:ApplicationError",8000dcdc-0001-fa00-b63f-84710c7967bb
2024-01-22T12:10:34,Error,site-85de4385-0987-4ae5-9917-b7715602956d-AUe,05efbb,638415222349004828,0,311064,77,"RequestData:, RequestPath:/_services/about, RequestExtension:, SessionId:, UserId:O0gbkXmEYXd7U-s5RNsD8MMLFfMI-mUxj4Td5oSeFQpqIQ5uKCbgHGlC8_xXde_fTaeVQ9MQ0m_iw8dF8pbim_PxFZomv_AmqZSvsbGpZs0s6lMRjhRigaGcJJx7f-OdSXd1Mmx9BMzv_CIGXiSY1g2, CorrelationId:791158fb-edce-41ca-90d7-cce1408fe4b0, Elapsed:30547.7379, MemberName:PopulateVirtualEntitiesActualSource, SourceFilePath:C:\__w\1\s\Framework\Adxstudio.Xrm\Caching\VirtualEntitiesCacheHelper.cs, SourceLineNumber:125, Category:Application, Message:The web api getDataSourceId for virtual entity returned empty DataSourceId, ErrorCategory:ApplicationError",8000dcdc-0001-fa00-b63f-84710c7967bb
2024-01-22T12:10:35,Error,site-85de4385-0987-4ae5-9917-b7715602956d-AUe,05efbb,638415222352130260,0,311064,77,"RequestData:, RequestPath:/_services/about, RequestExtension:, SessionId:, UserId:O0gbkXmEYXd7U-s5RNsD8MMLFfMI-mUxj4Td5oSeFQpqIQ5uKCbgHGlC8_xXde_fTaeVQ9MQ0m_iw8dF8pbim_PxFZomv_AmqZSvsbGpZs0s6lMRjhRigaGcJJx7f-OdSXd1Mmx9BMzv_CIGXiSY1g2, CorrelationId:791158fb-edce-41ca-90d7-cce1408fe4b0, Elapsed:30848.1764, MemberName:PopulateVirtualEntitiesActualSource, SourceFilePath:C:\__w\1\s\Framework\Adxstudio.Xrm\Caching\VirtualEntitiesCacheHelper.cs, SourceLineNumber:125, Category:Application, Message:The web api getDataSourceId for virtual entity returned empty DataSourceId, ErrorCategory:ApplicationError",8000dcdc-0001-fa00-b63f-84710c7967bb
2024-01-22T12:10:36,Error,site-85de4385-0987-4ae5-9917-b7715602956d-AUe,05efbb,638415222369788752,0,311064,77,"RequestData:, RequestPath:/_services/about, RequestExtension:, SessionId:, UserId:O0gbkXmEYXd7U-s5RNsD8MMLFfMI-mUxj4Td5oSeFQpqIQ5uKCbgHGlC8_xXde_fTaeVQ9MQ0m_iw8dF8pbim_PxFZomv_AmqZSvsbGpZs0s6lMRjhRigaGcJJx7f-OdSXd1Mmx9BMzv_CIGXiSY1g2, CorrelationId:791158fb-edce-41ca-90d7-cce1408fe4b0, Elapsed:32621.9927, MemberName:PopulateVirtualEntitiesActualSource, SourceFilePath:C:\__w\1\s\Framework\Adxstudio.Xrm\Caching\VirtualEntitiesCacheHelper.cs, SourceLineNumber:125, Category:Application, Message:The web api getDataSourceId for virtual entity returned empty DataSourceId, ErrorCategory:ApplicationError",8000dcdc-0001-fa00-b63f-84710c7967bb
2024-01-22T12:10:37,Error,site-85de4385-0987-4ae5-9917-b7715602956d-AUe,05efbb,638415222376352075,0,311064,77,"RequestData:, RequestPath:/_services/about, RequestExtension:, SessionId:, UserId:O0gbkXmEYXd7U-s5RNsD8MMLFfMI-mUxj4Td5oSeFQpqIQ5uKCbgHGlC8_xXde_fTaeVQ9MQ0m_iw8dF8pbim_PxFZomv_AmqZSvsbGpZs0s6lMRjhRigaGcJJx7f-OdSXd1Mmx9BMzv_CIGXiSY1g2, CorrelationId:791158fb-edce-41ca-90d7-cce1408fe4b0, Elapsed:33270.7657, MemberName:PopulateVirtualEntitiesActualSource, SourceFilePath:C:\__w\1\s\Framework\Adxstudio.Xrm\Caching\VirtualEntitiesCacheHelper.cs, SourceLineNumber:125, Category:Application, Message:The web api getDataSourceId for virtual entity returned empty DataSourceId, ErrorCategory:ApplicationError",8000dcdc-0001-fa00-b63f-84710c7967bb
2024-01-22T12:10:38,Error,site-85de4385-0987-4ae5-9917-b7715602956d-AUe,05efbb,638415222386665779,0,311064,77,"RequestData:, RequestPath:/_services/about, RequestExtension:, SessionId:, UserId:O0gbkXmEYXd7U-s5RNsD8MMLFfMI-mUxj4Td5oSeFQpqIQ5uKCbgHGlC8_xXde_fTaeVQ9MQ0m_iw8dF8pbim_PxFZomv_AmqZSvsbGpZs0s6lMRjhRigaGcJJx7f-OdSXd1Mmx9BMzv_CIGXiSY1g2, CorrelationId:791158fb-edce-41ca-90d7-cce1408fe4b0, Elapsed:34310.3116, MemberName:PopulateVirtualEntitiesActualSource, SourceFilePath:C:\__w\1\s\Framework\Adxstudio.Xrm\Caching\VirtualEntitiesCacheHelper.cs, SourceLineNumber:125, Category:Application, Message:The web api getDataSourceId for virtual entity returned empty DataSourceId, ErrorCategory:ApplicationError",8000dcdc-0001-fa00-b63f-84710c7967bb
2024-01-22T12:10:39,Error,site-85de4385-0987-4ae5-9917-b7715602956d-AUe,05efbb,638415222399010949,0,311064,77,"RequestData:, RequestPath:/_services/about, RequestExtension:, SessionId:, UserId:O0gbkXmEYXd7U-s5RNsD8MMLFfMI-mUxj4Td5oSeFQpqIQ5uKCbgHGlC8_xXde_fTaeVQ9MQ0m_iw8dF8pbim_PxFZomv_AmqZSvsbGpZs0s6lMRjhRigaGcJJx7f-OdSXd1Mmx9BMzv_CIGXiSY1g2, CorrelationId:791158fb-edce-41ca-90d7-cce1408fe4b0, Elapsed:35535.4083, MemberName:PopulateVirtualEntitiesActualSource, SourceFilePath:C:\__w\1\s\Framework\Adxstudio.Xrm\Caching\VirtualEntitiesCacheHelper.cs, SourceLineNumber:125, Category:Application, Message:The web api getDataSourceId for virtual entity returned empty DataSourceId, ErrorCategory:ApplicationError",8000dcdc-0001-fa00-b63f-84710c7967bb
2024-01-22T12:10:40,Error,site-85de4385-0987-4ae5-9917-b7715602956d-AUe,05efbb,638415222402448827,0,311064,77,"RequestData:, RequestPath:/_services/about, RequestExtension:, SessionId:, UserId:O0gbkXmEYXd7U-s5RNsD8MMLFfMI-mUxj4Td5oSeFQpqIQ5uKCbgHGlC8_xXde_fTaeVQ9MQ0m_iw8dF8pbim_PxFZomv_AmqZSvsbGpZs0s6lMRjhRigaGcJJx7f-OdSXd1Mmx9BMzv_CIGXiSY1g2, CorrelationId:791158fb-edce-41ca-90d7-cce1408fe4b0, Elapsed:35887.4904, MemberName:PopulateVirtualEntitiesActualSource, SourceFilePath:C:\__w\1\s\Framework\Adxstudio.Xrm\Caching\VirtualEntitiesCacheHelper.cs, SourceLineNumber:125, Category:Application, Message:The web api getDataSourceId for virtual entity returned empty DataSourceId, ErrorCategory:ApplicationError",8000dcdc-0001-fa00-b63f-84710c7967bb
2024-01-22T12:10:40,Error,site-85de4385-0987-4ae5-9917-b7715602956d-AUe,05efbb,638415222403634959,0,311064,77,"RequestData:, RequestPath:/_services/about, RequestExtension:, SessionId:, UserId:O0gbkXmEYXd7U-s5RNsD8MMLFfMI-mUxj4Td5oSeFQpqIQ5uKCbgHGlC8_xXde_fTaeVQ9MQ0m_iw8dF8pbim_PxFZomv_AmqZSvsbGpZs0s6lMRjhRigaGcJJx7f-OdSXd1Mmx9BMzv_CIGXiSY1g2, CorrelationId:791158fb-edce-41ca-90d7-cce1408fe4b0, Elapsed:35997.3167, MemberName:PopulateVirtualEntitiesActualSource, SourceFilePath:C:\__w\1\s\Framework\Adxstudio.Xrm\Caching\VirtualEntitiesCacheHelper.cs, SourceLineNumber:125, Category:Application, Message:The web api getDataSourceId for virtual entity returned empty DataSourceId, ErrorCategory:ApplicationError",8000dcdc-0001-fa00-b63f-84710c7967bb
2024-01-22T12:10:40,Error,site-85de4385-0987-4ae5-9917-b7715602956d-AUe,05efbb,638415222404167847,0,311064,77,"RequestData:, RequestPath:/_services/about, RequestExtension:, SessionId:, UserId:O0gbkXmEYXd7U-s5RNsD8MMLFfMI-mUxj4Td5oSeFQpqIQ5uKCbgHGlC8_xXde_fTaeVQ9MQ0m_iw8dF8pbim_PxFZomv_AmqZSvsbGpZs0s6lMRjhRigaGcJJx7f-OdSXd1Mmx9BMzv_CIGXiSY1g2, CorrelationId:791158fb-edce-41ca-90d7-cce1408fe4b0, Elapsed:36055.8129, MemberName:PopulateVirtualEntitiesActualSource, SourceFilePath:C:\__w\1\s\Framework\Adxstudio.Xrm\Caching\VirtualEntitiesCacheHelper.cs, SourceLineNumber:125, Category:Application, Message:The web api getDataSourceId for virtual entity returned empty DataSourceId, ErrorCategory:ApplicationError",8000dcdc-0001-fa00-b63f-84710c7967bb
2024-01-22T12:10:40,Error,site-85de4385-0987-4ae5-9917-b7715602956d-AUe,05efbb,638415222404636764,0,311064,77,"RequestData:, RequestPath:/_services/about, RequestExtension:, SessionId:, UserId:O0gbkXmEYXd7U-s5RNsD8MMLFfMI-mUxj4Td5oSeFQpqIQ5uKCbgHGlC8_xXde_fTaeVQ9MQ0m_iw8dF8pbim_PxFZomv_AmqZSvsbGpZs0s6lMRjhRigaGcJJx7f-OdSXd1Mmx9BMzv_CIGXiSY1g2, CorrelationId:791158fb-edce-41ca-90d7-cce1408fe4b0, Elapsed:36105.6215, MemberName:PopulateVirtualEntitiesActualSource, SourceFilePath:C:\__w\1\s\Framework\Adxstudio.Xrm\Caching\VirtualEntitiesCacheHelper.cs, SourceLineNumber:125, Category:Application, Message:The web api getDataSourceId for virtual entity returned empty DataSourceId, ErrorCategory:ApplicationError",8000dcdc-0001-fa00-b63f-84710c7967bb
2024-01-22T12:10:40,Error,site-85de4385-0987-4ae5-9917-b7715602956d-AUe,05efbb,638415222405105522,0,311064,77,"RequestData:, RequestPath:/_services/about, RequestExtension:, SessionId:, UserId:O0gbkXmEYXd7U-s5RNsD8MMLFfMI-mUxj4Td5oSeFQpqIQ5uKCbgHGlC8_xXde_fTaeVQ9MQ0m_iw8dF8pbim_PxFZomv_AmqZSvsbGpZs0s6lMRjhRigaGcJJx7f-OdSXd1Mmx9BMzv_CIGXiSY1g2, CorrelationId:791158fb-edce-41ca-90d7-cce1408fe4b0, Elapsed:36157.0242, MemberName:PopulateVirtualEntitiesActualSource, SourceFilePath:C:\__w\1\s\Framework\Adxstudio.Xrm\Caching\VirtualEntitiesCacheHelper.cs, SourceLineNumber:125, Category:Application, Message:The web api getDataSourceId for virtual entity returned empty DataSourceId, ErrorCategory:ApplicationError",8000dcdc-0001-fa00-b63f-84710c7967bb
2024-01-22T12:10:40,Error,site-85de4385-0987-4ae5-9917-b7715602956d-AUe,05efbb,638415222406824680,0,311064,77,"RequestData:, RequestPath:/_services/about, RequestExtension:, SessionId:, UserId:O0gbkXmEYXd7U-s5RNsD8MMLFfMI-mUxj4Td5oSeFQpqIQ5uKCbgHGlC8_xXde_fTaeVQ9MQ0m_iw8dF8pbim_PxFZomv_AmqZSvsbGpZs0s6lMRjhRigaGcJJx7f-OdSXd1Mmx9BMzv_CIGXiSY1g2, CorrelationId:791158fb-edce-41ca-90d7-cce1408fe4b0, Elapsed:36317.9592, MemberName:PopulateVirtualEntitiesActualSource, SourceFilePath:C:\__w\1\s\Framework\Adxstudio.Xrm\Caching\VirtualEntitiesCacheHelper.cs, SourceLineNumber:125, Category:Application, Message:The web api getDataSourceId for virtual entity returned empty DataSourceId, ErrorCategory:ApplicationError",8000dcdc-0001-fa00-b63f-84710c7967bb
2024-01-22T12:10:40,Error,site-85de4385-0987-4ae5-9917-b7715602956d-AUe,05efbb,638415222407293524,0,311064,77,"RequestData:, RequestPath:/_services/about, RequestExtension:, SessionId:, UserId:O0gbkXmEYXd7U-s5RNsD8MMLFfMI-mUxj4Td5oSeFQpqIQ5uKCbgHGlC8_xXde_fTaeVQ9MQ0m_iw8dF8pbim_PxFZomv_AmqZSvsbGpZs0s6lMRjhRigaGcJJx7f-OdSXd1Mmx9BMzv_CIGXiSY1g2, CorrelationId:791158fb-edce-41ca-90d7-cce1408fe4b0, Elapsed:36369.8063, MemberName:PopulateVirtualEntitiesActualSource, SourceFilePath:C:\__w\1\s\Framework\Adxstudio.Xrm\Caching\VirtualEntitiesCacheHelper.cs, SourceLineNumber:125, Category:Application, Message:The web api getDataSourceId for virtual entity returned empty DataSourceId, ErrorCategory:ApplicationError",8000dcdc-0001-fa00-b63f-84710c7967bb
2024-01-22T12:10:40,Error,site-85de4385-0987-4ae5-9917-b7715602956d-AUe,05efbb,638415222407918611,0,311064,77,"RequestData:, RequestPath:/_services/about, RequestExtension:, SessionId:, UserId:O0gbkXmEYXd7U-s5RNsD8MMLFfMI-mUxj4Td5oSeFQpqIQ5uKCbgHGlC8_xXde_fTaeVQ9MQ0m_iw8dF8pbim_PxFZomv_AmqZSvsbGpZs0s6lMRjhRigaGcJJx7f-OdSXd1Mmx9BMzv_CIGXiSY1g2, CorrelationId:791158fb-edce-41ca-90d7-cce1408fe4b0, Elapsed:36432.9991, MemberName:PopulateVirtualEntitiesActualSource, SourceFilePath:C:\__w\1\s\Framework\Adxstudio.Xrm\Caching\VirtualEntitiesCacheHelper.cs, SourceLineNumber:125, Category:Application, Message:The web api getDataSourceId for virtual entity returned empty DataSourceId, ErrorCategory:ApplicationError",8000dcdc-0001-fa00-b63f-84710c7967bb
2024-01-22T12:10:40,Error,site-85de4385-0987-4ae5-9917-b7715602956d-AUe,05efbb,638415222408543721,0,311064,77,"RequestData:, RequestPath:/_services/about, RequestExtension:, SessionId:, UserId:O0gbkXmEYXd7U-s5RNsD8MMLFfMI-mUxj4Td5oSeFQpqIQ5uKCbgHGlC8_xXde_fTaeVQ9MQ0m_iw8dF8pbim_PxFZomv_AmqZSvsbGpZs0s6lMRjhRigaGcJJx7f-OdSXd1Mmx9BMzv_CIGXiSY1g2, CorrelationId:791158fb-edce-41ca-90d7-cce1408fe4b0, Elapsed:36495.1992, MemberName:PopulateVirtualEntitiesActualSource, SourceFilePath:C:\__w\1\s\Framework\Adxstudio.Xrm\Caching\VirtualEntitiesCacheHelper.cs, SourceLineNumber:125, Category:Application, Message:The web api getDataSourceId for virtual entity returned empty DataSourceId, ErrorCategory:ApplicationError",8000dcdc-0001-fa00-b63f-84710c7967bb
2024-01-22T12:10:40,Error,site-85de4385-0987-4ae5-9917-b7715602956d-AUe,05efbb,638415222409637709,0,311064,77,"RequestData:, RequestPath:/_services/about, RequestExtension:, SessionId:, UserId:O0gbkXmEYXd7U-s5RNsD8MMLFfMI-mUxj4Td5oSeFQpqIQ5uKCbgHGlC8_xXde_fTaeVQ9MQ0m_iw8dF8pbim_PxFZomv_AmqZSvsbGpZs0s6lMRjhRigaGcJJx7f-OdSXd1Mmx9BMzv_CIGXiSY1g2, CorrelationId:791158fb-edce-41ca-90d7-cce1408fe4b0, Elapsed:36606.7251, MemberName:PopulateVirtualEntitiesActualSource, SourceFilePath:C:\__w\1\s\Framework\Adxstudio.Xrm\Caching\VirtualEntitiesCacheHelper.cs, SourceLineNumber:125, Category:Application, Message:The web api getDataSourceId for virtual entity returned empty DataSourceId, ErrorCategory:ApplicationError",8000dcdc-0001-fa00-b63f-84710c7967bb
2024-01-22T12:10:41,Error,site-85de4385-0987-4ae5-9917-b7715602956d-AUe,05efbb,638415222410262815,0,311064,77,"RequestData:, RequestPath:/_services/about, RequestExtension:, SessionId:, UserId:O0gbkXmEYXd7U-s5RNsD8MMLFfMI-mUxj4Td5oSeFQpqIQ5uKCbgHGlC8_xXde_fTaeVQ9MQ0m_iw8dF8pbim_PxFZomv_AmqZSvsbGpZs0s6lMRjhRigaGcJJx7f-OdSXd1Mmx9BMzv_CIGXiSY1g2, CorrelationId:791158fb-edce-41ca-90d7-cce1408fe4b0, Elapsed:36658.3065, MemberName:PopulateVirtualEntitiesActualSource, SourceFilePath:C:\__w\1\s\Framework\Adxstudio.Xrm\Caching\VirtualEntitiesCacheHelper.cs, SourceLineNumber:125, Category:Application, Message:The web api getDataSourceId for virtual entity returned empty DataSourceId, ErrorCategory:ApplicationError",8000dcdc-0001-fa00-b63f-84710c7967bb
2024-01-22T12:10:41,Error,site-85de4385-0987-4ae5-9917-b7715602956d-AUe,05efbb,638415222412450786,0,311064,77,"RequestData:, RequestPath:/_services/about, RequestExtension:, SessionId:, UserId:O0gbkXmEYXd7U-s5RNsD8MMLFfMI-mUxj4Td5oSeFQpqIQ5uKCbgHGlC8_xXde_fTaeVQ9MQ0m_iw8dF8pbim_PxFZomv_AmqZSvsbGpZs0s6lMRjhRigaGcJJx7f-OdSXd1Mmx9BMzv_CIGXiSY1g2, CorrelationId:791158fb-edce-41ca-90d7-cce1408fe4b0, Elapsed:36877.2434, MemberName:PopulateVirtualEntitiesActualSource, SourceFilePath:C:\__w\1\s\Framework\Adxstudio.Xrm\Caching\VirtualEntitiesCacheHelper.cs, SourceLineNumber:125, Category:Application, Message:The web api getDataSourceId for virtual entity returned empty DataSourceId, ErrorCategory:ApplicationError",8000dcdc-0001-fa00-b63f-84710c7967bb
2024-01-22T12:10:41,Error,site-85de4385-0987-4ae5-9917-b7715602956d-AUe,05efbb,638415222414326159,0,311064,77,"RequestData:, RequestPath:/_services/about, RequestExtension:, SessionId:, UserId:O0gbkXmEYXd7U-s5RNsD8MMLFfMI-mUxj4Td5oSeFQpqIQ5uKCbgHGlC8_xXde_fTaeVQ9MQ0m_iw8dF8pbim_PxFZomv_AmqZSvsbGpZs0s6lMRjhRigaGcJJx7f-OdSXd1Mmx9BMzv_CIGXiSY1g2, CorrelationId:791158fb-edce-41ca-90d7-cce1408fe4b0, Elapsed:37079.4637, MemberName:PopulateVirtualEntitiesActualSource, SourceFilePath:C:\__w\1\s\Framework\Adxstudio.Xrm\Caching\VirtualEntitiesCacheHelper.cs, SourceLineNumber:125, Category:Application, Message:The web api getDataSourceId for virtual entity returned empty DataSourceId, ErrorCategory:ApplicationError",8000dcdc-0001-fa00-b63f-84710c7967bb
2024-01-22T12:10:41,Error,site-85de4385-0987-4ae5-9917-b7715602956d-AUe,05efbb,638415222414951281,0,311064,77,"RequestData:, RequestPath:/_services/about, RequestExtension:, SessionId:, UserId:O0gbkXmEYXd7U-s5RNsD8MMLFfMI-mUxj4Td5oSeFQpqIQ5uKCbgHGlC8_xXde_fTaeVQ9MQ0m_iw8dF8pbim_PxFZomv_AmqZSvsbGpZs0s6lMRjhRigaGcJJx7f-OdSXd1Mmx9BMzv_CIGXiSY1g2, CorrelationId:791158fb-edce-41ca-90d7-cce1408fe4b0, Elapsed:37130.7518, MemberName:PopulateVirtualEntitiesActualSource, SourceFilePath:C:\__w\1\s\Framework\Adxstudio.Xrm\Caching\VirtualEntitiesCacheHelper.cs, SourceLineNumber:125, Category:Application, Message:The web api getDataSourceId for virtual entity returned empty DataSourceId, ErrorCategory:ApplicationError",8000dcdc-0001-fa00-b63f-84710c7967bb
2024-01-22T12:10:41,Error,site-85de4385-0987-4ae5-9917-b7715602956d-AUe,05efbb,638415222415420148,0,311064,77,"RequestData:, RequestPath:/_services/about, RequestExtension:, SessionId:, UserId:O0gbkXmEYXd7U-s5RNsD8MMLFfMI-mUxj4Td5oSeFQpqIQ5uKCbgHGlC8_xXde_fTaeVQ9MQ0m_iw8dF8pbim_PxFZomv_AmqZSvsbGpZs0s6lMRjhRigaGcJJx7f-OdSXd1Mmx9BMzv_CIGXiSY1g2, CorrelationId:791158fb-edce-41ca-90d7-cce1408fe4b0, Elapsed:37180.5283, MemberName:PopulateVirtualEntitiesActualSource, SourceFilePath:C:\__w\1\s\Framework\Adxstudio.Xrm\Caching\VirtualEntitiesCacheHelper.cs, SourceLineNumber:125, Category:Application, Message:The web api getDataSourceId for virtual entity returned empty DataSourceId, ErrorCategory:ApplicationError",8000dcdc-0001-fa00-b63f-84710c7967bb
2024-01-22T12:10:41,Error,site-85de4385-0987-4ae5-9917-b7715602956d-AUe,05efbb,638415222415888982,0,311064,77,"RequestData:, RequestPath:/_services/about, RequestExtension:, SessionId:, UserId:O0gbkXmEYXd7U-s5RNsD8MMLFfMI-mUxj4Td5oSeFQpqIQ5uKCbgHGlC8_xXde_fTaeVQ9MQ0m_iw8dF8pbim_PxFZomv_AmqZSvsbGpZs0s6lMRjhRigaGcJJx7f-OdSXd1Mmx9BMzv_CIGXiSY1g2, CorrelationId:791158fb-edce-41ca-90d7-cce1408fe4b0, Elapsed:37233.6265, MemberName:PopulateVirtualEntitiesActualSource, SourceFilePath:C:\__w\1\s\Framework\Adxstudio.Xrm\Caching\VirtualEntitiesCacheHelper.cs, SourceLineNumber:125, Category:Application, Message:The web api getDataSourceId for virtual entity returned empty DataSourceId, ErrorCategory:ApplicationError",8000dcdc-0001-fa00-b63f-84710c7967bb
2024-01-22T12:10:41,Error,site-85de4385-0987-4ae5-9917-b7715602956d-AUe,05efbb,638415222416514087,0,311064,77,"RequestData:, RequestPath:/_services/about, RequestExtension:, SessionId:, UserId:O0gbkXmEYXd7U-s5RNsD8MMLFfMI-mUxj4Td5oSeFQpqIQ5uKCbgHGlC8_xXde_fTaeVQ9MQ0m_iw8dF8pbim_PxFZomv_AmqZSvsbGpZs0s6lMRjhRigaGcJJx7f-OdSXd1Mmx9BMzv_CIGXiSY1g2, CorrelationId:791158fb-edce-41ca-90d7-cce1408fe4b0, Elapsed:37283.7372, MemberName:PopulateVirtualEntitiesActualSource, SourceFilePath:C:\__w\1\s\Framework\Adxstudio.Xrm\Caching\VirtualEntitiesCacheHelper.cs, SourceLineNumber:125, Category:Application, Message:The web api getDataSourceId for virtual entity returned empty DataSourceId, ErrorCategory:ApplicationError",8000dcdc-0001-fa00-b63f-84710c7967bb
2024-01-22T12:10:41,Error,site-85de4385-0987-4ae5-9917-b7715602956d-AUe,05efbb,638415222416982932,0,311064,77,"RequestData:, RequestPath:/_services/about, RequestExtension:, SessionId:, UserId:O0gbkXmEYXd7U-s5RNsD8MMLFfMI-mUxj4Td5oSeFQpqIQ5uKCbgHGlC8_xXde_fTaeVQ9MQ0m_iw8dF8pbim_PxFZomv_AmqZSvsbGpZs0s6lMRjhRigaGcJJx7f-OdSXd1Mmx9BMzv_CIGXiSY1g2, CorrelationId:791158fb-edce-41ca-90d7-cce1408fe4b0, Elapsed:37339.202, MemberName:PopulateVirtualEntitiesActualSource, SourceFilePath:C:\__w\1\s\Framework\Adxstudio.Xrm\Caching\VirtualEntitiesCacheHelper.cs, SourceLineNumber:125, Category:Application, Message:The web api getDataSourceId for virtual entity returned empty DataSourceId, ErrorCategory:ApplicationError",8000dcdc-0001-fa00-b63f-84710c7967bb
2024-01-22T12:10:41,Error,site-85de4385-0987-4ae5-9917-b7715602956d-AUe,05efbb,638415222417451773,0,311064,77,"RequestData:, RequestPath:/_services/about, RequestExtension:, SessionId:, UserId:O0gbkXmEYXd7U-s5RNsD8MMLFfMI-mUxj4Td5oSeFQpqIQ5uKCbgHGlC8_xXde_fTaeVQ9MQ0m_iw8dF8pbim_PxFZomv_AmqZSvsbGpZs0s6lMRjhRigaGcJJx7f-OdSXd1Mmx9BMzv_CIGXiSY1g2, CorrelationId:791158fb-edce-41ca-90d7-cce1408fe4b0, Elapsed:37389.8391, MemberName:PopulateVirtualEntitiesActualSource, SourceFilePath:C:\__w\1\s\Framework\Adxstudio.Xrm\Caching\VirtualEntitiesCacheHelper.cs, SourceLineNumber:125, Category:Application, Message:The web api getDataSourceId for virtual entity returned empty DataSourceId, ErrorCategory:ApplicationError",8000dcdc-0001-fa00-b63f-84710c7967bb
2024-01-22T12:10:41,Error,site-85de4385-0987-4ae5-9917-b7715602956d-AUe,05efbb,638415222418076920,0,311064,77,"RequestData:, RequestPath:/_services/about, RequestExtension:, SessionId:, UserId:O0gbkXmEYXd7U-s5RNsD8MMLFfMI-mUxj4Td5oSeFQpqIQ5uKCbgHGlC8_xXde_fTaeVQ9MQ0m_iw8dF8pbim_PxFZomv_AmqZSvsbGpZs0s6lMRjhRigaGcJJx7f-OdSXd1Mmx9BMzv_CIGXiSY1g2, CorrelationId:791158fb-edce-41ca-90d7-cce1408fe4b0, Elapsed:37442.9272, MemberName:PopulateVirtualEntitiesActualSource, SourceFilePath:C:\__w\1\s\Framework\Adxstudio.Xrm\Caching\VirtualEntitiesCacheHelper.cs, SourceLineNumber:125, Category:Application, Message:The web api getDataSourceId for virtual entity returned empty DataSourceId, ErrorCategory:ApplicationError",8000dcdc-0001-fa00-b63f-84710c7967bb
2024-01-22T12:10:41,Error,site-85de4385-0987-4ae5-9917-b7715602956d-AUe,05efbb,638415222418702715,0,311064,77,"RequestData:, RequestPath:/_services/about, RequestExtension:, SessionId:, UserId:O0gbkXmEYXd7U-s5RNsD8MMLFfMI-mUxj4Td5oSeFQpqIQ5uKCbgHGlC8_xXde_fTaeVQ9MQ0m_iw8dF8pbim_PxFZomv_AmqZSvsbGpZs0s6lMRjhRigaGcJJx7f-OdSXd1Mmx9BMzv_CIGXiSY1g2, CorrelationId:791158fb-edce-41ca-90d7-cce1408fe4b0, Elapsed:37507.2734, MemberName:PopulateVirtualEntitiesActualSource, SourceFilePath:C:\__w\1\s\Framework\Adxstudio.Xrm\Caching\VirtualEntitiesCacheHelper.cs, SourceLineNumber:125, Category:Application, Message:The web api getDataSourceId for virtual entity returned empty DataSourceId, ErrorCategory:ApplicationError",8000dcdc-0001-fa00-b63f-84710c7967bb
2024-01-22T12:10:41,Error,site-85de4385-0987-4ae5-9917-b7715602956d-AUe,05efbb,638415222419170859,0,311064,77,"RequestData:, RequestPath:/_services/about, RequestExtension:, SessionId:, UserId:O0gbkXmEYXd7U-s5RNsD8MMLFfMI-mUxj4Td5oSeFQpqIQ5uKCbgHGlC8_xXde_fTaeVQ9MQ0m_iw8dF8pbim_PxFZomv_AmqZSvsbGpZs0s6lMRjhRigaGcJJx7f-OdSXd1Mmx9BMzv_CIGXiSY1g2, CorrelationId:791158fb-edce-41ca-90d7-cce1408fe4b0, Elapsed:37556.2672, MemberName:PopulateVirtualEntitiesActualSource, SourceFilePath:C:\__w\1\s\Framework\Adxstudio.Xrm\Caching\VirtualEntitiesCacheHelper.cs, SourceLineNumber:125, Category:Application, Message:The web api getDataSourceId for virtual entity returned empty DataSourceId, ErrorCategory:ApplicationError",8000dcdc-0001-fa00-b63f-84710c7967bb
2024-01-22T12:10:41,Error,site-85de4385-0987-4ae5-9917-b7715602956d-AUe,05efbb,638415222419640416,0,311064,77,"RequestData:, RequestPath:/_services/about, RequestExtension:, SessionId:, UserId:O0gbkXmEYXd7U-s5RNsD8MMLFfMI-mUxj4Td5oSeFQpqIQ5uKCbgHGlC8_xXde_fTaeVQ9MQ0m_iw8dF8pbim_PxFZomv_AmqZSvsbGpZs0s6lMRjhRigaGcJJx7f-OdSXd1Mmx9BMzv_CIGXiSY1g2, CorrelationId:791158fb-edce-41ca-90d7-cce1408fe4b0, Elapsed:37605.0252, MemberName:PopulateVirtualEntitiesActualSource, SourceFilePath:C:\__w\1\s\Framework\Adxstudio.Xrm\Caching\VirtualEntitiesCacheHelper.cs, SourceLineNumber:125, Category:Application, Message:The web api getDataSourceId for virtual entity returned empty DataSourceId, ErrorCategory:ApplicationError",8000dcdc-0001-fa00-b63f-84710c7967bb
2024-01-22T12:10:42,Error,site-85de4385-0987-4ae5-9917-b7715602956d-AUe,05efbb,638415222420109239,0,311064,77,"RequestData:, RequestPath:/_services/about, RequestExtension:, SessionId:, UserId:O0gbkXmEYXd7U-s5RNsD8MMLFfMI-mUxj4Td5oSeFQpqIQ5uKCbgHGlC8_xXde_fTaeVQ9MQ0m_iw8dF8pbim_PxFZomv_AmqZSvsbGpZs0s6lMRjhRigaGcJJx7f-OdSXd1Mmx9BMzv_CIGXiSY1g2, CorrelationId:791158fb-edce-41ca-90d7-cce1408fe4b0, Elapsed:37655.1194, MemberName:PopulateVirtualEntitiesActualSource, SourceFilePath:C:\__w\1\s\Framework\Adxstudio.Xrm\Caching\VirtualEntitiesCacheHelper.cs, SourceLineNumber:125, Category:Application, Message:The web api getDataSourceId for virtual entity returned empty DataSourceId, ErrorCategory:ApplicationError",8000dcdc-0001-fa00-b63f-84710c7967bb
2024-01-22T12:10:42,Error,site-85de4385-0987-4ae5-9917-b7715602956d-AUe,05efbb,638415222420586128,0,311064,77,"RequestData:, RequestPath:/_services/about, RequestExtension:, SessionId:, UserId:O0gbkXmEYXd7U-s5RNsD8MMLFfMI-mUxj4Td5oSeFQpqIQ5uKCbgHGlC8_xXde_fTaeVQ9MQ0m_iw8dF8pbim_PxFZomv_AmqZSvsbGpZs0s6lMRjhRigaGcJJx7f-OdSXd1Mmx9BMzv_CIGXiSY1g2, CorrelationId:791158fb-edce-41ca-90d7-cce1408fe4b0, Elapsed:37704.8355, MemberName:PopulateVirtualEntitiesActualSource, SourceFilePath:C:\__w\1\s\Framework\Adxstudio.Xrm\Caching\VirtualEntitiesCacheHelper.cs, SourceLineNumber:125, Category:Application, Message:The web api getDataSourceId for virtual entity returned empty DataSourceId, ErrorCategory:ApplicationError",8000dcdc-0001-fa00-b63f-84710c7967bb
2024-01-22T12:10:42,Error,site-85de4385-0987-4ae5-9917-b7715602956d-AUe,05efbb,638415222421202518,0,311064,77,"RequestData:, RequestPath:/_services/about, RequestExtension:, SessionId:, UserId:O0gbkXmEYXd7U-s5RNsD8MMLFfMI-mUxj4Td5oSeFQpqIQ5uKCbgHGlC8_xXde_fTaeVQ9MQ0m_iw8dF8pbim_PxFZomv_AmqZSvsbGpZs0s6lMRjhRigaGcJJx7f-OdSXd1Mmx9BMzv_CIGXiSY1g2, CorrelationId:791158fb-edce-41ca-90d7-cce1408fe4b0, Elapsed:37754.2301, MemberName:PopulateVirtualEntitiesActualSource, SourceFilePath:C:\__w\1\s\Framework\Adxstudio.Xrm\Caching\VirtualEntitiesCacheHelper.cs, SourceLineNumber:125, Category:Application, Message:The web api getDataSourceId for virtual entity returned empty DataSourceId, ErrorCategory:ApplicationError",8000dcdc-0001-fa00-b63f-84710c7967bb
2024-01-22T12:10:42,Error,site-85de4385-0987-4ae5-9917-b7715602956d-AUe,05efbb,638415222421671446,0,311064,77,"RequestData:, RequestPath:/_services/about, RequestExtension:, SessionId:, UserId:O0gbkXmEYXd7U-s5RNsD8MMLFfMI-mUxj4Td5oSeFQpqIQ5uKCbgHGlC8_xXde_fTaeVQ9MQ0m_iw8dF8pbim_PxFZomv_AmqZSvsbGpZs0s6lMRjhRigaGcJJx7f-OdSXd1Mmx9BMzv_CIGXiSY1g2, CorrelationId:791158fb-edce-41ca-90d7-cce1408fe4b0, Elapsed:37804.1066, MemberName:PopulateVirtualEntitiesActualSource, SourceFilePath:C:\__w\1\s\Framework\Adxstudio.Xrm\Caching\VirtualEntitiesCacheHelper.cs, SourceLineNumber:125, Category:Application, Message:The web api getDataSourceId for virtual entity returned empty DataSourceId, ErrorCategory:ApplicationError",8000dcdc-0001-fa00-b63f-84710c7967bb
2024-01-22T12:10:42,Error,site-85de4385-0987-4ae5-9917-b7715602956d-AUe,05efbb,638415222423077898,0,311064,77,"RequestData:, RequestPath:/_services/about, RequestExtension:, SessionId:, UserId:O0gbkXmEYXd7U-s5RNsD8MMLFfMI-mUxj4Td5oSeFQpqIQ5uKCbgHGlC8_xXde_fTaeVQ9MQ0m_iw8dF8pbim_PxFZomv_AmqZSvsbGpZs0s6lMRjhRigaGcJJx7f-OdSXd1Mmx9BMzv_CIGXiSY1g2, CorrelationId:791158fb-edce-41ca-90d7-cce1408fe4b0, Elapsed:37952.0749, MemberName:PopulateVirtualEntitiesActualSource, SourceFilePath:C:\__w\1\s\Framework\Adxstudio.Xrm\Caching\VirtualEntitiesCacheHelper.cs, SourceLineNumber:125, Category:Application, Message:The web api getDataSourceId for virtual entity returned empty DataSourceId, ErrorCategory:ApplicationError",8000dcdc-0001-fa00-b63f-84710c7967bb
2024-01-22T12:17:30,Error,site-85de4385-0987-4ae5-9917-b7715602956d-AUe,05efbb,638415226509685273,0,311064,8793,"RequestData:, RequestPath:/_services/about, RequestExtension:, SessionId:, UserId:O0gbkXmEYXd7U-s5RNsD8MMLFfMI-mUxj4Td5oSeFQpqIQ5uKCbgHGlC8_xXde_fTaeVQ9MQ0m_iw8dF8pbim_PxFZomv_AmqZSvsbGpZs0s6lMRjhRigaGcJJx7f-OdSXd1Mmx9BMzv_CIGXiSY1g2, CorrelationId:19b74677-4451-4907-967a-f6e96640d8fb, Elapsed:2287.5794, MemberName:PopulateVirtualEntitiesActualSource, SourceFilePath:C:\__w\1\s\Framework\Adxstudio.Xrm\Caching\VirtualEntitiesCacheHelper.cs, SourceLineNumber:125, Category:Application, Message:The web api getDataSourceId for virtual entity returned empty DataSourceId, ErrorCategory:ApplicationError",80012d58-0000-fc00-b63f-84710c7967bb
2024-01-22T12:17:32,Error,site-85de4385-0987-4ae5-9917-b7715602956d-AUe,05efbb,638415226524998346,0,311064,8793,"RequestData:, RequestPath:/_services/about, RequestExtension:, SessionId:, UserId:O0gbkXmEYXd7U-s5RNsD8MMLFfMI-mUxj4Td5oSeFQpqIQ5uKCbgHGlC8_xXde_fTaeVQ9MQ0m_iw8dF8pbim_PxFZomv_AmqZSvsbGpZs0s6lMRjhRigaGcJJx7f-OdSXd1Mmx9BMzv_CIGXiSY1g2, CorrelationId:19b74677-4451-4907-967a-f6e96640d8fb, Elapsed:3827.8151, MemberName:PopulateVirtualEntitiesActualSource, SourceFilePath:C:\__w\1\s\Framework\Adxstudio.Xrm\Caching\VirtualEntitiesCacheHelper.cs, SourceLineNumber:125, Category:Application, Message:The web api getDataSourceId for virtual entity returned empty DataSourceId, ErrorCategory:ApplicationError",80012d58-0000-fc00-b63f-84710c7967bb
2024-01-22T12:17:33,Error,site-85de4385-0987-4ae5-9917-b7715602956d-AUe,05efbb,638415226539530153,0,311064,8793,"RequestData:, RequestPath:/_services/about, RequestExtension:, SessionId:, UserId:O0gbkXmEYXd7U-s5RNsD8MMLFfMI-mUxj4Td5oSeFQpqIQ5uKCbgHGlC8_xXde_fTaeVQ9MQ0m_iw8dF8pbim_PxFZomv_AmqZSvsbGpZs0s6lMRjhRigaGcJJx7f-OdSXd1Mmx9BMzv_CIGXiSY1g2, CorrelationId:19b74677-4451-4907-967a-f6e96640d8fb, Elapsed:5272.8722, MemberName:PopulateVirtualEntitiesActualSource, SourceFilePath:C:\__w\1\s\Framework\Adxstudio.Xrm\Caching\VirtualEntitiesCacheHelper.cs, SourceLineNumber:125, Category:Application, Message:The web api getDataSourceId for virtual entity returned empty DataSourceId, ErrorCategory:ApplicationError",80012d58-0000-fc00-b63f-84710c7967bb
2024-01-22T12:17:34,Error,site-85de4385-0987-4ae5-9917-b7715602956d-AUe,05efbb,638415226545936706,0,311064,8793,"RequestData:, RequestPath:/_services/about, RequestExtension:, SessionId:, UserId:O0gbkXmEYXd7U-s5RNsD8MMLFfMI-mUxj4Td5oSeFQpqIQ5uKCbgHGlC8_xXde_fTaeVQ9MQ0m_iw8dF8pbim_PxFZomv_AmqZSvsbGpZs0s6lMRjhRigaGcJJx7f-OdSXd1Mmx9BMzv_CIGXiSY1g2, CorrelationId:19b74677-4451-4907-967a-f6e96640d8fb, Elapsed:5920.6568, MemberName:PopulateVirtualEntitiesActualSource, SourceFilePath:C:\__w\1\s\Framework\Adxstudio.Xrm\Caching\VirtualEntitiesCacheHelper.cs, SourceLineNumber:125, Category:Application, Message:The web api getDataSourceId for virtual entity returned empty DataSourceId, ErrorCategory:ApplicationError",80012d58-0000-fc00-b63f-84710c7967bb
2024-01-22T12:17:34,Error,site-85de4385-0987-4ae5-9917-b7715602956d-AUe,05efbb,638415226547811813,0,311064,8793,"RequestData:, RequestPath:/_services/about, RequestExtension:, SessionId:, UserId:O0gbkXmEYXd7U-s5RNsD8MMLFfMI-mUxj4Td5oSeFQpqIQ5uKCbgHGlC8_xXde_fTaeVQ9MQ0m_iw8dF8pbim_PxFZomv_AmqZSvsbGpZs0s6lMRjhRigaGcJJx7f-OdSXd1Mmx9BMzv_CIGXiSY1g2, CorrelationId:19b74677-4451-4907-967a-f6e96640d8fb, Elapsed:6109.5497, MemberName:PopulateVirtualEntitiesActualSource, SourceFilePath:C:\__w\1\s\Framework\Adxstudio.Xrm\Caching\VirtualEntitiesCacheHelper.cs, SourceLineNumber:125, Category:Application, Message:The web api getDataSourceId for virtual entity returned empty DataSourceId, ErrorCategory:ApplicationError",80012d58-0000-fc00-b63f-84710c7967bb
2024-01-22T12:17:35,Error,site-85de4385-0987-4ae5-9917-b7715602956d-AUe,05efbb,638415226553280780,0,311064,8793,"RequestData:, RequestPath:/_services/about, RequestExtension:, SessionId:, UserId:O0gbkXmEYXd7U-s5RNsD8MMLFfMI-mUxj4Td5oSeFQpqIQ5uKCbgHGlC8_xXde_fTaeVQ9MQ0m_iw8dF8pbim_PxFZomv_AmqZSvsbGpZs0s6lMRjhRigaGcJJx7f-OdSXd1Mmx9BMzv_CIGXiSY1g2, CorrelationId:19b74677-4451-4907-967a-f6e96640d8fb, Elapsed:6651.7262, MemberName:PopulateVirtualEntitiesActualSource, SourceFilePath:C:\__w\1\s\Framework\Adxstudio.Xrm\Caching\VirtualEntitiesCacheHelper.cs, SourceLineNumber:125, Category:Application, Message:The web api getDataSourceId for virtual entity returned empty DataSourceId, ErrorCategory:ApplicationError",80012d58-0000-fc00-b63f-84710c7967bb
2024-01-22T12:17:37,Error,site-85de4385-0987-4ae5-9917-b7715602956d-AUe,05efbb,638415226574375528,0,311064,8793,"RequestData:, RequestPath:/_services/about, RequestExtension:, SessionId:, UserId:O0gbkXmEYXd7U-s5RNsD8MMLFfMI-mUxj4Td5oSeFQpqIQ5uKCbgHGlC8_xXde_fTaeVQ9MQ0m_iw8dF8pbim_PxFZomv_AmqZSvsbGpZs0s6lMRjhRigaGcJJx7f-OdSXd1Mmx9BMzv_CIGXiSY1g2, CorrelationId:19b74677-4451-4907-967a-f6e96640d8fb, Elapsed:8760.8224, MemberName:PopulateVirtualEntitiesActualSource, SourceFilePath:C:\__w\1\s\Framework\Adxstudio.Xrm\Caching\VirtualEntitiesCacheHelper.cs, SourceLineNumber:125, Category:Application, Message:The web api getDataSourceId for virtual entity returned empty DataSourceId, ErrorCategory:ApplicationError",80012d58-0000-fc00-b63f-84710c7967bb
2024-01-22T12:17:40,Error,site-85de4385-0987-4ae5-9917-b7715602956d-AUe,05efbb,638415226608127269,0,311064,8793,"RequestData:, RequestPath:/_services/about, RequestExtension:, SessionId:, UserId:O0gbkXmEYXd7U-s5RNsD8MMLFfMI-mUxj4Td5oSeFQpqIQ5uKCbgHGlC8_xXde_fTaeVQ9MQ0m_iw8dF8pbim_PxFZomv_AmqZSvsbGpZs0s6lMRjhRigaGcJJx7f-OdSXd1Mmx9BMzv_CIGXiSY1g2, CorrelationId:19b74677-4451-4907-967a-f6e96640d8fb, Elapsed:12131.9487, MemberName:PopulateVirtualEntitiesActualSource, SourceFilePath:C:\__w\1\s\Framework\Adxstudio.Xrm\Caching\VirtualEntitiesCacheHelper.cs, SourceLineNumber:125, Category:Application, Message:The web api getDataSourceId for virtual entity returned empty DataSourceId, ErrorCategory:ApplicationError",80012d58-0000-fc00-b63f-84710c7967bb
2024-01-22T12:17:41,Error,site-85de4385-0987-4ae5-9917-b7715602956d-AUe,05efbb,638415226613908864,0,311064,8793,"RequestData:, RequestPath:/_services/about, RequestExtension:, SessionId:, UserId:O0gbkXmEYXd7U-s5RNsD8MMLFfMI-mUxj4Td5oSeFQpqIQ5uKCbgHGlC8_xXde_fTaeVQ9MQ0m_iw8dF8pbim_PxFZomv_AmqZSvsbGpZs0s6lMRjhRigaGcJJx7f-OdSXd1Mmx9BMzv_CIGXiSY1g2, CorrelationId:19b74677-4451-4907-967a-f6e96640d8fb, Elapsed:12712.6056, MemberName:PopulateVirtualEntitiesActualSource, SourceFilePath:C:\__w\1\s\Framework\Adxstudio.Xrm\Caching\VirtualEntitiesCacheHelper.cs, SourceLineNumber:125, Category:Application, Message:The web api getDataSourceId for virtual entity returned empty DataSourceId, ErrorCategory:ApplicationError",80012d58-0000-fc00-b63f-84710c7967bb
2024-01-22T12:17:41,Error,site-85de4385-0987-4ae5-9917-b7715602956d-AUe,05efbb,638415226617190311,0,311064,8793,"RequestData:, RequestPath:/_services/about, RequestExtension:, SessionId:, UserId:O0gbkXmEYXd7U-s5RNsD8MMLFfMI-mUxj4Td5oSeFQpqIQ5uKCbgHGlC8_xXde_fTaeVQ9MQ0m_iw8dF8pbim_PxFZomv_AmqZSvsbGpZs0s6lMRjhRigaGcJJx7f-OdSXd1Mmx9BMzv_CIGXiSY1g2, CorrelationId:19b74677-4451-4907-967a-f6e96640d8fb, Elapsed:13039.2653, MemberName:PopulateVirtualEntitiesActualSource, SourceFilePath:C:\__w\1\s\Framework\Adxstudio.Xrm\Caching\VirtualEntitiesCacheHelper.cs, SourceLineNumber:125, Category:Application, Message:The web api getDataSourceId for virtual entity returned empty DataSourceId, ErrorCategory:ApplicationError",80012d58-0000-fc00-b63f-84710c7967bb
2024-01-22T12:17:42,Error,site-85de4385-0987-4ae5-9917-b7715602956d-AUe,05efbb,638415226624534482,0,311064,8793,"RequestData:, RequestPath:/_services/about, RequestExtension:, SessionId:, UserId:O0gbkXmEYXd7U-s5RNsD8MMLFfMI-mUxj4Td5oSeFQpqIQ5uKCbgHGlC8_xXde_fTaeVQ9MQ0m_iw8dF8pbim_PxFZomv_AmqZSvsbGpZs0s6lMRjhRigaGcJJx7f-OdSXd1Mmx9BMzv_CIGXiSY1g2, CorrelationId:19b74677-4451-4907-967a-f6e96640d8fb, Elapsed:13784.572, MemberName:PopulateVirtualEntitiesActualSource, SourceFilePath:C:\__w\1\s\Framework\Adxstudio.Xrm\Caching\VirtualEntitiesCacheHelper.cs, SourceLineNumber:125, Category:Application, Message:The web api getDataSourceId for virtual entity returned empty DataSourceId, ErrorCategory:ApplicationError",80012d58-0000-fc00-b63f-84710c7967bb
2024-01-22T12:17:43,Error,site-85de4385-0987-4ae5-9917-b7715602956d-AUe,05efbb,638415226631722386,0,311064,8793,"RequestData:, RequestPath:/_services/about, RequestExtension:, SessionId:, UserId:O0gbkXmEYXd7U-s5RNsD8MMLFfMI-mUxj4Td5oSeFQpqIQ5uKCbgHGlC8_xXde_fTaeVQ9MQ0m_iw8dF8pbim_PxFZomv_AmqZSvsbGpZs0s6lMRjhRigaGcJJx7f-OdSXd1Mmx9BMzv_CIGXiSY1g2, CorrelationId:19b74677-4451-4907-967a-f6e96640d8fb, Elapsed:14505.2123, MemberName:PopulateVirtualEntitiesActualSource, SourceFilePath:C:\__w\1\s\Framework\Adxstudio.Xrm\Caching\VirtualEntitiesCacheHelper.cs, SourceLineNumber:125, Category:Application, Message:The web api getDataSourceId for virtual entity returned empty DataSourceId, ErrorCategory:ApplicationError",80012d58-0000-fc00-b63f-84710c7967bb
2024-01-22T12:17:45,Error,site-85de4385-0987-4ae5-9917-b7715602956d-AUe,05efbb,638415226655004969,0,311064,8793,"RequestData:, RequestPath:/_services/about, RequestExtension:, SessionId:, UserId:O0gbkXmEYXd7U-s5RNsD8MMLFfMI-mUxj4Td5oSeFQpqIQ5uKCbgHGlC8_xXde_fTaeVQ9MQ0m_iw8dF8pbim_PxFZomv_AmqZSvsbGpZs0s6lMRjhRigaGcJJx7f-OdSXd1Mmx9BMzv_CIGXiSY1g2, CorrelationId:19b74677-4451-4907-967a-f6e96640d8fb, Elapsed:16825.0149, MemberName:PopulateVirtualEntitiesActualSource, SourceFilePath:C:\__w\1\s\Framework\Adxstudio.Xrm\Caching\VirtualEntitiesCacheHelper.cs, SourceLineNumber:125, Category:Application, Message:The web api getDataSourceId for virtual entity returned empty DataSourceId, ErrorCategory:ApplicationError",80012d58-0000-fc00-b63f-84710c7967bb
2024-01-22T12:17:48,Error,site-85de4385-0987-4ae5-9917-b7715602956d-AUe,05efbb,638415226682975483,0,311064,8793,"RequestData:, RequestPath:/_services/about, RequestExtension:, SessionId:, UserId:O0gbkXmEYXd7U-s5RNsD8MMLFfMI-mUxj4Td5oSeFQpqIQ5uKCbgHGlC8_xXde_fTaeVQ9MQ0m_iw8dF8pbim_PxFZomv_AmqZSvsbGpZs0s6lMRjhRigaGcJJx7f-OdSXd1Mmx9BMzv_CIGXiSY1g2, CorrelationId:19b74677-4451-4907-967a-f6e96640d8fb, Elapsed:19621.055, MemberName:PopulateVirtualEntitiesActualSource, SourceFilePath:C:\__w\1\s\Framework\Adxstudio.Xrm\Caching\VirtualEntitiesCacheHelper.cs, SourceLineNumber:125, Category:Application, Message:The web api getDataSourceId for virtual entity returned empty DataSourceId, ErrorCategory:ApplicationError",80012d58-0000-fc00-b63f-84710c7967bb
2024-01-22T12:17:48,Error,site-85de4385-0987-4ae5-9917-b7715602956d-AUe,05efbb,638415226684069275,0,311064,8793,"RequestData:, RequestPath:/_services/about, RequestExtension:, SessionId:, UserId:O0gbkXmEYXd7U-s5RNsD8MMLFfMI-mUxj4Td5oSeFQpqIQ5uKCbgHGlC8_xXde_fTaeVQ9MQ0m_iw8dF8pbim_PxFZomv_AmqZSvsbGpZs0s6lMRjhRigaGcJJx7f-OdSXd1Mmx9BMzv_CIGXiSY1g2, CorrelationId:19b74677-4451-4907-967a-f6e96640d8fb, Elapsed:19738.8585, MemberName:PopulateVirtualEntitiesActualSource, SourceFilePath:C:\__w\1\s\Framework\Adxstudio.Xrm\Caching\VirtualEntitiesCacheHelper.cs, SourceLineNumber:125, Category:Application, Message:The web api getDataSourceId for virtual entity returned empty DataSourceId, ErrorCategory:ApplicationError",80012d58-0000-fc00-b63f-84710c7967bb
2024-01-22T12:17:49,Error,site-85de4385-0987-4ae5-9917-b7715602956d-AUe,05efbb,638415226691100997,0,311064,8793,"RequestData:, RequestPath:/_services/about, RequestExtension:, SessionId:, UserId:O0gbkXmEYXd7U-s5RNsD8MMLFfMI-mUxj4Td5oSeFQpqIQ5uKCbgHGlC8_xXde_fTaeVQ9MQ0m_iw8dF8pbim_PxFZomv_AmqZSvsbGpZs0s6lMRjhRigaGcJJx7f-OdSXd1Mmx9BMzv_CIGXiSY1g2, CorrelationId:19b74677-4451-4907-967a-f6e96640d8fb, Elapsed:20430.8689, MemberName:PopulateVirtualEntitiesActualSource, SourceFilePath:C:\__w\1\s\Framework\Adxstudio.Xrm\Caching\VirtualEntitiesCacheHelper.cs, SourceLineNumber:125, Category:Application, Message:The web api getDataSourceId for virtual entity returned empty DataSourceId, ErrorCategory:ApplicationError",80012d58-0000-fc00-b63f-84710c7967bb
2024-01-22T12:17:50,Error,site-85de4385-0987-4ae5-9917-b7715602956d-AUe,05efbb,638415226701257912,0,311064,8793,"RequestData:, RequestPath:/_services/about, RequestExtension:, SessionId:, UserId:O0gbkXmEYXd7U-s5RNsD8MMLFfMI-mUxj4Td5oSeFQpqIQ5uKCbgHGlC8_xXde_fTaeVQ9MQ0m_iw8dF8pbim_PxFZomv_AmqZSvsbGpZs0s6lMRjhRigaGcJJx7f-OdSXd1Mmx9BMzv_CIGXiSY1g2, CorrelationId:19b74677-4451-4907-967a-f6e96640d8fb, Elapsed:21447.4299, MemberName:PopulateVirtualEntitiesActualSource, SourceFilePath:C:\__w\1\s\Framework\Adxstudio.Xrm\Caching\VirtualEntitiesCacheHelper.cs, SourceLineNumber:125, Category:Application, Message:The web api getDataSourceId for virtual entity returned empty DataSourceId, ErrorCategory:ApplicationError",80012d58-0000-fc00-b63f-84710c7967bb
2024-01-22T12:17:51,Error,site-85de4385-0987-4ae5-9917-b7715602956d-AUe,05efbb,638415226713602438,0,311064,8793,"RequestData:, RequestPath:/_services/about, RequestExtension:, SessionId:, UserId:O0gbkXmEYXd7U-s5RNsD8MMLFfMI-mUxj4Td5oSeFQpqIQ5uKCbgHGlC8_xXde_fTaeVQ9MQ0m_iw8dF8pbim_PxFZomv_AmqZSvsbGpZs0s6lMRjhRigaGcJJx7f-OdSXd1Mmx9BMzv_CIGXiSY1g2, CorrelationId:19b74677-4451-4907-967a-f6e96640d8fb, Elapsed:22678.5416, MemberName:PopulateVirtualEntitiesActualSource, SourceFilePath:C:\__w\1\s\Framework\Adxstudio.Xrm\Caching\VirtualEntitiesCacheHelper.cs, SourceLineNumber:125, Category:Application, Message:The web api getDataSourceId for virtual entity returned empty DataSourceId, ErrorCategory:ApplicationError",80012d58-0000-fc00-b63f-84710c7967bb
2024-01-22T12:17:53,Error,site-85de4385-0987-4ae5-9917-b7715602956d-AUe,05efbb,638415226731572358,0,311064,8793,"RequestData:, RequestPath:/_services/about, RequestExtension:, SessionId:, UserId:O0gbkXmEYXd7U-s5RNsD8MMLFfMI-mUxj4Td5oSeFQpqIQ5uKCbgHGlC8_xXde_fTaeVQ9MQ0m_iw8dF8pbim_PxFZomv_AmqZSvsbGpZs0s6lMRjhRigaGcJJx7f-OdSXd1Mmx9BMzv_CIGXiSY1g2, CorrelationId:19b74677-4451-4907-967a-f6e96640d8fb, Elapsed:24481.6826, MemberName:PopulateVirtualEntitiesActualSource, SourceFilePath:C:\__w\1\s\Framework\Adxstudio.Xrm\Caching\VirtualEntitiesCacheHelper.cs, SourceLineNumber:125, Category:Application, Message:The web api getDataSourceId for virtual entity returned empty DataSourceId, ErrorCategory:ApplicationError",80012d58-0000-fc00-b63f-84710c7967bb
2024-01-22T12:17:53,Error,site-85de4385-0987-4ae5-9917-b7715602956d-AUe,05efbb,638415226739697927,0,311064,8793,"RequestData:, RequestPath:/_services/about, RequestExtension:, SessionId:, UserId:O0gbkXmEYXd7U-s5RNsD8MMLFfMI-mUxj4Td5oSeFQpqIQ5uKCbgHGlC8_xXde_fTaeVQ9MQ0m_iw8dF8pbim_PxFZomv_AmqZSvsbGpZs0s6lMRjhRigaGcJJx7f-OdSXd1Mmx9BMzv_CIGXiSY1g2, CorrelationId:19b74677-4451-4907-967a-f6e96640d8fb, Elapsed:25287.8864, MemberName:PopulateVirtualEntitiesActualSource, SourceFilePath:C:\__w\1\s\Framework\Adxstudio.Xrm\Caching\VirtualEntitiesCacheHelper.cs, SourceLineNumber:125, Category:Application, Message:The web api getDataSourceId for virtual entity returned empty DataSourceId, ErrorCategory:ApplicationError",80012d58-0000-fc00-b63f-84710c7967bb
2024-01-22T12:17:55,Error,site-85de4385-0987-4ae5-9917-b7715602956d-AUe,05efbb,638415226754386474,0,311064,8793,"RequestData:, RequestPath:/_services/about, RequestExtension:, SessionId:, UserId:O0gbkXmEYXd7U-s5RNsD8MMLFfMI-mUxj4Td5oSeFQpqIQ5uKCbgHGlC8_xXde_fTaeVQ9MQ0m_iw8dF8pbim_PxFZomv_AmqZSvsbGpZs0s6lMRjhRigaGcJJx7f-OdSXd1Mmx9BMzv_CIGXiSY1g2, CorrelationId:19b74677-4451-4907-967a-f6e96640d8fb, Elapsed:26760.9664, MemberName:PopulateVirtualEntitiesActualSource, SourceFilePath:C:\__w\1\s\Framework\Adxstudio.Xrm\Caching\VirtualEntitiesCacheHelper.cs, SourceLineNumber:125, Category:Application, Message:The web api getDataSourceId for virtual entity returned empty DataSourceId, ErrorCategory:ApplicationError",80012d58-0000-fc00-b63f-84710c7967bb
2024-01-22T12:17:56,Error,site-85de4385-0987-4ae5-9917-b7715602956d-AUe,05efbb,638415226764855970,0,311064,8793,"RequestData:, RequestPath:/_services/about, RequestExtension:, SessionId:, UserId:O0gbkXmEYXd7U-s5RNsD8MMLFfMI-mUxj4Td5oSeFQpqIQ5uKCbgHGlC8_xXde_fTaeVQ9MQ0m_iw8dF8pbim_PxFZomv_AmqZSvsbGpZs0s6lMRjhRigaGcJJx7f-OdSXd1Mmx9BMzv_CIGXiSY1g2, CorrelationId:19b74677-4451-4907-967a-f6e96640d8fb, Elapsed:27811.8774, MemberName:PopulateVirtualEntitiesActualSource, SourceFilePath:C:\__w\1\s\Framework\Adxstudio.Xrm\Caching\VirtualEntitiesCacheHelper.cs, SourceLineNumber:125, Category:Application, Message:The web api getDataSourceId for virtual entity returned empty DataSourceId, ErrorCategory:ApplicationError",80012d58-0000-fc00-b63f-84710c7967bb
2024-01-22T12:17:57,Error,site-85de4385-0987-4ae5-9917-b7715602956d-AUe,05efbb,638415226772981539,0,311064,8793,"RequestData:, RequestPath:/_services/about, RequestExtension:, SessionId:, UserId:O0gbkXmEYXd7U-s5RNsD8MMLFfMI-mUxj4Td5oSeFQpqIQ5uKCbgHGlC8_xXde_fTaeVQ9MQ0m_iw8dF8pbim_PxFZomv_AmqZSvsbGpZs0s6lMRjhRigaGcJJx7f-OdSXd1Mmx9BMzv_CIGXiSY1g2, CorrelationId:19b74677-4451-4907-967a-f6e96640d8fb, Elapsed:28625.9235, MemberName:PopulateVirtualEntitiesActualSource, SourceFilePath:C:\__w\1\s\Framework\Adxstudio.Xrm\Caching\VirtualEntitiesCacheHelper.cs, SourceLineNumber:125, Category:Application, Message:The web api getDataSourceId for virtual entity returned empty DataSourceId, ErrorCategory:ApplicationError",80012d58-0000-fc00-b63f-84710c7967bb
2024-01-22T12:17:58,Error,site-85de4385-0987-4ae5-9917-b7715602956d-AUe,05efbb,638415226780794614,0,311064,8793,"RequestData:, RequestPath:/_services/about, RequestExtension:, SessionId:, UserId:O0gbkXmEYXd7U-s5RNsD8MMLFfMI-mUxj4Td5oSeFQpqIQ5uKCbgHGlC8_xXde_fTaeVQ9MQ0m_iw8dF8pbim_PxFZomv_AmqZSvsbGpZs0s6lMRjhRigaGcJJx7f-OdSXd1Mmx9BMzv_CIGXiSY1g2, CorrelationId:19b74677-4451-4907-967a-f6e96640d8fb, Elapsed:29402.8197, MemberName:PopulateVirtualEntitiesActualSource, SourceFilePath:C:\__w\1\s\Framework\Adxstudio.Xrm\Caching\VirtualEntitiesCacheHelper.cs, SourceLineNumber:125, Category:Application, Message:The web api getDataSourceId for virtual entity returned empty DataSourceId, ErrorCategory:ApplicationError",80012d58-0000-fc00-b63f-84710c7967bb
2024-01-22T12:17:59,Error,site-85de4385-0987-4ae5-9917-b7715602956d-AUe,05efbb,638415226797671185,0,311064,8793,"RequestData:, RequestPath:/_services/about, RequestExtension:, SessionId:, UserId:O0gbkXmEYXd7U-s5RNsD8MMLFfMI-mUxj4Td5oSeFQpqIQ5uKCbgHGlC8_xXde_fTaeVQ9MQ0m_iw8dF8pbim_PxFZomv_AmqZSvsbGpZs0s6lMRjhRigaGcJJx7f-OdSXd1Mmx9BMzv_CIGXiSY1g2, CorrelationId:19b74677-4451-4907-967a-f6e96640d8fb, Elapsed:31098.4144, MemberName:PopulateVirtualEntitiesActualSource, SourceFilePath:C:\__w\1\s\Framework\Adxstudio.Xrm\Caching\VirtualEntitiesCacheHelper.cs, SourceLineNumber:125, Category:Application, Message:The web api getDataSourceId for virtual entity returned empty DataSourceId, ErrorCategory:ApplicationError",80012d58-0000-fc00-b63f-84710c7967bb
2024-01-22T12:18:03,Error,site-85de4385-0987-4ae5-9917-b7715602956d-AUe,05efbb,638415226835954727,0,311064,8793,"RequestData:, RequestPath:/_services/about, RequestExtension:, SessionId:, UserId:O0gbkXmEYXd7U-s5RNsD8MMLFfMI-mUxj4Td5oSeFQpqIQ5uKCbgHGlC8_xXde_fTaeVQ9MQ0m_iw8dF8pbim_PxFZomv_AmqZSvsbGpZs0s6lMRjhRigaGcJJx7f-OdSXd1Mmx9BMzv_CIGXiSY1g2, CorrelationId:19b74677-4451-4907-967a-f6e96640d8fb, Elapsed:34924.8077, MemberName:PopulateVirtualEntitiesActualSource, SourceFilePath:C:\__w\1\s\Framework\Adxstudio.Xrm\Caching\VirtualEntitiesCacheHelper.cs, SourceLineNumber:125, Category:Application, Message:The web api getDataSourceId for virtual entity returned empty DataSourceId, ErrorCategory:ApplicationError",80012d58-0000-fc00-b63f-84710c7967bb
2024-01-22T12:18:07,Error,site-85de4385-0987-4ae5-9917-b7715602956d-AUe,05efbb,638415226877988908,0,311064,8793,"RequestData:, RequestPath:/_services/about, RequestExtension:, SessionId:, UserId:O0gbkXmEYXd7U-s5RNsD8MMLFfMI-mUxj4Td5oSeFQpqIQ5uKCbgHGlC8_xXde_fTaeVQ9MQ0m_iw8dF8pbim_PxFZomv_AmqZSvsbGpZs0s6lMRjhRigaGcJJx7f-OdSXd1Mmx9BMzv_CIGXiSY1g2, CorrelationId:19b74677-4451-4907-967a-f6e96640d8fb, Elapsed:39119.2155, MemberName:PopulateVirtualEntitiesActualSource, SourceFilePath:C:\__w\1\s\Framework\Adxstudio.Xrm\Caching\VirtualEntitiesCacheHelper.cs, SourceLineNumber:125, Category:Application, Message:The web api getDataSourceId for virtual entity returned empty DataSourceId, ErrorCategory:ApplicationError",80012d58-0000-fc00-b63f-84710c7967bb
2024-01-22T12:18:08,Error,site-85de4385-0987-4ae5-9917-b7715602956d-AUe,05efbb,638415226883770581,0,311064,8793,"RequestData:, RequestPath:/_services/about, RequestExtension:, SessionId:, UserId:O0gbkXmEYXd7U-s5RNsD8MMLFfMI-mUxj4Td5oSeFQpqIQ5uKCbgHGlC8_xXde_fTaeVQ9MQ0m_iw8dF8pbim_PxFZomv_AmqZSvsbGpZs0s6lMRjhRigaGcJJx7f-OdSXd1Mmx9BMzv_CIGXiSY1g2, CorrelationId:19b74677-4451-4907-967a-f6e96640d8fb, Elapsed:39698.1723, MemberName:PopulateVirtualEntitiesActualSource, SourceFilePath:C:\__w\1\s\Framework\Adxstudio.Xrm\Caching\VirtualEntitiesCacheHelper.cs, SourceLineNumber:125, Category:Application, Message:The web api getDataSourceId for virtual entity returned empty DataSourceId, ErrorCategory:ApplicationError",80012d58-0000-fc00-b63f-84710c7967bb
2024-01-22T12:18:09,Error,site-85de4385-0987-4ae5-9917-b7715602956d-AUe,05efbb,638415226890333527,0,311064,8793,"RequestData:, RequestPath:/_services/about, RequestExtension:, SessionId:, UserId:O0gbkXmEYXd7U-s5RNsD8MMLFfMI-mUxj4Td5oSeFQpqIQ5uKCbgHGlC8_xXde_fTaeVQ9MQ0m_iw8dF8pbim_PxFZomv_AmqZSvsbGpZs0s6lMRjhRigaGcJJx7f-OdSXd1Mmx9BMzv_CIGXiSY1g2, CorrelationId:19b74677-4451-4907-967a-f6e96640d8fb, Elapsed:40350.5151, MemberName:PopulateVirtualEntitiesActualSource, SourceFilePath:C:\__w\1\s\Framework\Adxstudio.Xrm\Caching\VirtualEntitiesCacheHelper.cs, SourceLineNumber:125, Category:Application, Message:The web api getDataSourceId for virtual entity returned empty DataSourceId, ErrorCategory:ApplicationError",80012d58-0000-fc00-b63f-84710c7967bb
2024-01-22T12:18:09,Error,site-85de4385-0987-4ae5-9917-b7715602956d-AUe,05efbb,638415226892990030,0,311064,8793,"RequestData:, RequestPath:/_services/about, RequestExtension:, SessionId:, UserId:O0gbkXmEYXd7U-s5RNsD8MMLFfMI-mUxj4Td5oSeFQpqIQ5uKCbgHGlC8_xXde_fTaeVQ9MQ0m_iw8dF8pbim_PxFZomv_AmqZSvsbGpZs0s6lMRjhRigaGcJJx7f-OdSXd1Mmx9BMzv_CIGXiSY1g2, CorrelationId:19b74677-4451-4907-967a-f6e96640d8fb, Elapsed:40616.7678, MemberName:PopulateVirtualEntitiesActualSource, SourceFilePath:C:\__w\1\s\Framework\Adxstudio.Xrm\Caching\VirtualEntitiesCacheHelper.cs, SourceLineNumber:125, Category:Application, Message:The web api getDataSourceId for virtual entity returned empty DataSourceId, ErrorCategory:ApplicationError",80012d58-0000-fc00-b63f-84710c7967bb
2024-01-22T12:18:09,Error,site-85de4385-0987-4ae5-9917-b7715602956d-AUe,05efbb,638415226897521583,0,311064,8793,"RequestData:, RequestPath:/_services/about, RequestExtension:, SessionId:, UserId:O0gbkXmEYXd7U-s5RNsD8MMLFfMI-mUxj4Td5oSeFQpqIQ5uKCbgHGlC8_xXde_fTaeVQ9MQ0m_iw8dF8pbim_PxFZomv_AmqZSvsbGpZs0s6lMRjhRigaGcJJx7f-OdSXd1Mmx9BMzv_CIGXiSY1g2, CorrelationId:19b74677-4451-4907-967a-f6e96640d8fb, Elapsed:41081.1858, MemberName:PopulateVirtualEntitiesActualSource, SourceFilePath:C:\__w\1\s\Framework\Adxstudio.Xrm\Caching\VirtualEntitiesCacheHelper.cs, SourceLineNumber:125, Category:Application, Message:The web api getDataSourceId for virtual entity returned empty DataSourceId, ErrorCategory:ApplicationError",80012d58-0000-fc00-b63f-84710c7967bb
2024-01-22T12:18:10,Error,site-85de4385-0987-4ae5-9917-b7715602956d-AUe,05efbb,638415226902209380,0,311064,8793,"RequestData:, RequestPath:/_services/about, RequestExtension:, SessionId:, UserId:O0gbkXmEYXd7U-s5RNsD8MMLFfMI-mUxj4Td5oSeFQpqIQ5uKCbgHGlC8_xXde_fTaeVQ9MQ0m_iw8dF8pbim_PxFZomv_AmqZSvsbGpZs0s6lMRjhRigaGcJJx7f-OdSXd1Mmx9BMzv_CIGXiSY1g2, CorrelationId:19b74677-4451-4907-967a-f6e96640d8fb, Elapsed:41541.1698, MemberName:PopulateVirtualEntitiesActualSource, SourceFilePath:C:\__w\1\s\Framework\Adxstudio.Xrm\Caching\VirtualEntitiesCacheHelper.cs, SourceLineNumber:125, Category:Application, Message:The web api getDataSourceId for virtual entity returned empty DataSourceId, ErrorCategory:ApplicationError",80012d58-0000-fc00-b63f-84710c7967bb
2024-01-22T12:18:11,Error,site-85de4385-0987-4ae5-9917-b7715602956d-AUe,05efbb,638415226910803732,0,311064,8793,"RequestData:, RequestPath:/_services/about, RequestExtension:, SessionId:, UserId:O0gbkXmEYXd7U-s5RNsD8MMLFfMI-mUxj4Td5oSeFQpqIQ5uKCbgHGlC8_xXde_fTaeVQ9MQ0m_iw8dF8pbim_PxFZomv_AmqZSvsbGpZs0s6lMRjhRigaGcJJx7f-OdSXd1Mmx9BMzv_CIGXiSY1g2, CorrelationId:19b74677-4451-4907-967a-f6e96640d8fb, Elapsed:42405.6561, MemberName:PopulateVirtualEntitiesActualSource, SourceFilePath:C:\__w\1\s\Framework\Adxstudio.Xrm\Caching\VirtualEntitiesCacheHelper.cs, SourceLineNumber:125, Category:Application, Message:The web api getDataSourceId for virtual entity returned empty DataSourceId, ErrorCategory:ApplicationError",80012d58-0000-fc00-b63f-84710c7967bb
2024-01-22T12:18:11,Error,site-85de4385-0987-4ae5-9917-b7715602956d-AUe,05efbb,638415226915491601,0,311064,8793,"RequestData:, RequestPath:/_services/about, RequestExtension:, SessionId:, UserId:O0gbkXmEYXd7U-s5RNsD8MMLFfMI-mUxj4Td5oSeFQpqIQ5uKCbgHGlC8_xXde_fTaeVQ9MQ0m_iw8dF8pbim_PxFZomv_AmqZSvsbGpZs0s6lMRjhRigaGcJJx7f-OdSXd1Mmx9BMzv_CIGXiSY1g2, CorrelationId:19b74677-4451-4907-967a-f6e96640d8fb, Elapsed:42869.9029, MemberName:PopulateVirtualEntitiesActualSource, SourceFilePath:C:\__w\1\s\Framework\Adxstudio.Xrm\Caching\VirtualEntitiesCacheHelper.cs, SourceLineNumber:125, Category:Application, Message:The web api getDataSourceId for virtual entity returned empty DataSourceId, ErrorCategory:ApplicationError",80012d58-0000-fc00-b63f-84710c7967bb
2024-01-22T12:18:13,Error,site-85de4385-0987-4ae5-9917-b7715602956d-AUe,05efbb,638415226938149415,0,311064,8793,"RequestData:, RequestPath:/_services/about, RequestExtension:, SessionId:, UserId:O0gbkXmEYXd7U-s5RNsD8MMLFfMI-mUxj4Td5oSeFQpqIQ5uKCbgHGlC8_xXde_fTaeVQ9MQ0m_iw8dF8pbim_PxFZomv_AmqZSvsbGpZs0s6lMRjhRigaGcJJx7f-OdSXd1Mmx9BMzv_CIGXiSY1g2, CorrelationId:19b74677-4451-4907-967a-f6e96640d8fb, Elapsed:45131.9496, MemberName:PopulateVirtualEntitiesActualSource, SourceFilePath:C:\__w\1\s\Framework\Adxstudio.Xrm\Caching\VirtualEntitiesCacheHelper.cs, SourceLineNumber:125, Category:Application, Message:The web api getDataSourceId for virtual entity returned empty DataSourceId, ErrorCategory:ApplicationError",80012d58-0000-fc00-b63f-84710c7967bb
2024-01-22T12:18:17,Error,site-85de4385-0987-4ae5-9917-b7715602956d-AUe,05efbb,638415226979421479,0,311064,8793,"RequestData:, RequestPath:/_services/about, RequestExtension:, SessionId:, UserId:O0gbkXmEYXd7U-s5RNsD8MMLFfMI-mUxj4Td5oSeFQpqIQ5uKCbgHGlC8_xXde_fTaeVQ9MQ0m_iw8dF8pbim_PxFZomv_AmqZSvsbGpZs0s6lMRjhRigaGcJJx7f-OdSXd1Mmx9BMzv_CIGXiSY1g2, CorrelationId:19b74677-4451-4907-967a-f6e96640d8fb, Elapsed:49272.9095, MemberName:PopulateVirtualEntitiesActualSource, SourceFilePath:C:\__w\1\s\Framework\Adxstudio.Xrm\Caching\VirtualEntitiesCacheHelper.cs, SourceLineNumber:125, Category:Application, Message:The web api getDataSourceId for virtual entity returned empty DataSourceId, ErrorCategory:ApplicationError",80012d58-0000-fc00-b63f-84710c7967bb
2024-01-22T12:18:23,Error,site-85de4385-0987-4ae5-9917-b7715602956d-AUe,05efbb,638415227039579021,0,311064,8793,"RequestData:, RequestPath:/_services/about, RequestExtension:, SessionId:, UserId:O0gbkXmEYXd7U-s5RNsD8MMLFfMI-mUxj4Td5oSeFQpqIQ5uKCbgHGlC8_xXde_fTaeVQ9MQ0m_iw8dF8pbim_PxFZomv_AmqZSvsbGpZs0s6lMRjhRigaGcJJx7f-OdSXd1Mmx9BMzv_CIGXiSY1g2, CorrelationId:19b74677-4451-4907-967a-f6e96640d8fb, Elapsed:55284.5225, MemberName:PopulateVirtualEntitiesActualSource, SourceFilePath:C:\__w\1\s\Framework\Adxstudio.Xrm\Caching\VirtualEntitiesCacheHelper.cs, SourceLineNumber:125, Category:Application, Message:The web api getDataSourceId for virtual entity returned empty DataSourceId, ErrorCategory:ApplicationError",80012d58-0000-fc00-b63f-84710c7967bb
2024-01-22T12:18:25,Error,site-85de4385-0987-4ae5-9917-b7715602956d-AUe,05efbb,638415227056766803,0,311064,8793,"RequestData:, RequestPath:/_services/about, RequestExtension:, SessionId:, UserId:O0gbkXmEYXd7U-s5RNsD8MMLFfMI-mUxj4Td5oSeFQpqIQ5uKCbgHGlC8_xXde_fTaeVQ9MQ0m_iw8dF8pbim_PxFZomv_AmqZSvsbGpZs0s6lMRjhRigaGcJJx7f-OdSXd1Mmx9BMzv_CIGXiSY1g2, CorrelationId:19b74677-4451-4907-967a-f6e96640d8fb, Elapsed:56992.4848, MemberName:PopulateVirtualEntitiesActualSource, SourceFilePath:C:\__w\1\s\Framework\Adxstudio.Xrm\Caching\VirtualEntitiesCacheHelper.cs, SourceLineNumber:125, Category:Application, Message:The web api getDataSourceId for virtual entity returned empty DataSourceId, ErrorCategory:ApplicationError",80012d58-0000-fc00-b63f-84710c7967bb
2024-01-22T12:18:26,Error,site-85de4385-0987-4ae5-9917-b7715602956d-AUe,05efbb,638415227061923040,0,311064,8793,"RequestData:, RequestPath:/_services/about, RequestExtension:, SessionId:, UserId:O0gbkXmEYXd7U-s5RNsD8MMLFfMI-mUxj4Td5oSeFQpqIQ5uKCbgHGlC8_xXde_fTaeVQ9MQ0m_iw8dF8pbim_PxFZomv_AmqZSvsbGpZs0s6lMRjhRigaGcJJx7f-OdSXd1Mmx9BMzv_CIGXiSY1g2, CorrelationId:19b74677-4451-4907-967a-f6e96640d8fb, Elapsed:57519.8251, MemberName:PopulateVirtualEntitiesActualSource, SourceFilePath:C:\__w\1\s\Framework\Adxstudio.Xrm\Caching\VirtualEntitiesCacheHelper.cs, SourceLineNumber:125, Category:Application, Message:The web api getDataSourceId for virtual entity returned empty DataSourceId, ErrorCategory:ApplicationError",80012d58-0000-fc00-b63f-84710c7967bb
2024-01-22T12:18:27,Error,site-85de4385-0987-4ae5-9917-b7715602956d-AUe,05efbb,638415227075517108,0,311064,8793,"RequestData:, RequestPath:/_services/about, RequestExtension:, SessionId:, UserId:O0gbkXmEYXd7U-s5RNsD8MMLFfMI-mUxj4Td5oSeFQpqIQ5uKCbgHGlC8_xXde_fTaeVQ9MQ0m_iw8dF8pbim_PxFZomv_AmqZSvsbGpZs0s6lMRjhRigaGcJJx7f-OdSXd1Mmx9BMzv_CIGXiSY1g2, CorrelationId:19b74677-4451-4907-967a-f6e96640d8fb, Elapsed:58871.8251, MemberName:PopulateVirtualEntitiesActualSource, SourceFilePath:C:\__w\1\s\Framework\Adxstudio.Xrm\Caching\VirtualEntitiesCacheHelper.cs, SourceLineNumber:125, Category:Application, Message:The web api getDataSourceId for virtual entity returned empty DataSourceId, ErrorCategory:ApplicationError",80012d58-0000-fc00-b63f-84710c7967bb
2024-01-22T12:18:30,Error,site-85de4385-0987-4ae5-9917-b7715602956d-AUe,05efbb,638415227100517779,0,311064,8793,"RequestData:, RequestPath:/_services/about, RequestExtension:, SessionId:, UserId:O0gbkXmEYXd7U-s5RNsD8MMLFfMI-mUxj4Td5oSeFQpqIQ5uKCbgHGlC8_xXde_fTaeVQ9MQ0m_iw8dF8pbim_PxFZomv_AmqZSvsbGpZs0s6lMRjhRigaGcJJx7f-OdSXd1Mmx9BMzv_CIGXiSY1g2, CorrelationId:19b74677-4451-4907-967a-f6e96640d8fb, Elapsed:61374.1127, MemberName:PopulateVirtualEntitiesActualSource, SourceFilePath:C:\__w\1\s\Framework\Adxstudio.Xrm\Caching\VirtualEntitiesCacheHelper.cs, SourceLineNumber:125, Category:Application, Message:The web api getDataSourceId for virtual entity returned empty DataSourceId, ErrorCategory:ApplicationError",80012d58-0000-fc00-b63f-84710c7967bb
2024-01-22T12:18:32,Error,site-85de4385-0987-4ae5-9917-b7715602956d-AUe,05efbb,638415227124424814,0,311064,8793,"RequestData:, RequestPath:/_services/about, RequestExtension:, SessionId:, UserId:O0gbkXmEYXd7U-s5RNsD8MMLFfMI-mUxj4Td5oSeFQpqIQ5uKCbgHGlC8_xXde_fTaeVQ9MQ0m_iw8dF8pbim_PxFZomv_AmqZSvsbGpZs0s6lMRjhRigaGcJJx7f-OdSXd1Mmx9BMzv_CIGXiSY1g2, CorrelationId:19b74677-4451-4907-967a-f6e96640d8fb, Elapsed:63758.6045, MemberName:PopulateVirtualEntitiesActualSource, SourceFilePath:C:\__w\1\s\Framework\Adxstudio.Xrm\Caching\VirtualEntitiesCacheHelper.cs, SourceLineNumber:125, Category:Application, Message:The web api getDataSourceId for virtual entity returned empty DataSourceId, ErrorCategory:ApplicationError",80012d58-0000-fc00-b63f-84710c7967bb
2024-01-22T12:18:34,Error,site-85de4385-0987-4ae5-9917-b7715602956d-AUe,05efbb,638415227144894369,0,311064,8793,"RequestData:, RequestPath:/_services/about, RequestExtension:, SessionId:, UserId:O0gbkXmEYXd7U-s5RNsD8MMLFfMI-mUxj4Td5oSeFQpqIQ5uKCbgHGlC8_xXde_fTaeVQ9MQ0m_iw8dF8pbim_PxFZomv_AmqZSvsbGpZs0s6lMRjhRigaGcJJx7f-OdSXd1Mmx9BMzv_CIGXiSY1g2, CorrelationId:19b74677-4451-4907-967a-f6e96640d8fb, Elapsed:65806.6746, MemberName:PopulateVirtualEntitiesActualSource, SourceFilePath:C:\__w\1\s\Framework\Adxstudio.Xrm\Caching\VirtualEntitiesCacheHelper.cs, SourceLineNumber:125, Category:Application, Message:The web api getDataSourceId for virtual entity returned empty DataSourceId, ErrorCategory:ApplicationError",80012d58-0000-fc00-b63f-84710c7967bb
2024-01-22T12:18:39,Error,site-85de4385-0987-4ae5-9917-b7715602956d-AUe,05efbb,638415227195834338,0,311064,8793,"RequestData:, RequestPath:/_services/about, RequestExtension:, SessionId:, UserId:O0gbkXmEYXd7U-s5RNsD8MMLFfMI-mUxj4Td5oSeFQpqIQ5uKCbgHGlC8_xXde_fTaeVQ9MQ0m_iw8dF8pbim_PxFZomv_AmqZSvsbGpZs0s6lMRjhRigaGcJJx7f-OdSXd1Mmx9BMzv_CIGXiSY1g2, CorrelationId:19b74677-4451-4907-967a-f6e96640d8fb, Elapsed:70905.0687, MemberName:PopulateVirtualEntitiesActualSource, SourceFilePath:C:\__w\1\s\Framework\Adxstudio.Xrm\Caching\VirtualEntitiesCacheHelper.cs, SourceLineNumber:125, Category:Application, Message:The web api getDataSourceId for virtual entity returned empty DataSourceId, ErrorCategory:ApplicationError",80012d58-0000-fc00-b63f-84710c7967bb
2024-01-22T12:18:43,Error,site-85de4385-0987-4ae5-9917-b7715602956d-AUe,05efbb,638415227233023922,0,311064,8793,"RequestData:, RequestPath:/_services/about, RequestExtension:, SessionId:, UserId:O0gbkXmEYXd7U-s5RNsD8MMLFfMI-mUxj4Td5oSeFQpqIQ5uKCbgHGlC8_xXde_fTaeVQ9MQ0m_iw8dF8pbim_PxFZomv_AmqZSvsbGpZs0s6lMRjhRigaGcJJx7f-OdSXd1Mmx9BMzv_CIGXiSY1g2, CorrelationId:19b74677-4451-4907-967a-f6e96640d8fb, Elapsed:74627.5326, MemberName:PopulateVirtualEntitiesActualSource, SourceFilePath:C:\__w\1\s\Framework\Adxstudio.Xrm\Caching\VirtualEntitiesCacheHelper.cs, SourceLineNumber:125, Category:Application, Message:The web api getDataSourceId for virtual entity returned empty DataSourceId, ErrorCategory:ApplicationError",80012d58-0000-fc00-b63f-84710c7967bb
2024-01-22T12:18:50,Error,site-85de4385-0987-4ae5-9917-b7715602956d-AUe,05efbb,638415227307715993,0,311064,8793,"RequestData:, RequestPath:/_services/about, RequestExtension:, SessionId:, UserId:O0gbkXmEYXd7U-s5RNsD8MMLFfMI-mUxj4Td5oSeFQpqIQ5uKCbgHGlC8_xXde_fTaeVQ9MQ0m_iw8dF8pbim_PxFZomv_AmqZSvsbGpZs0s6lMRjhRigaGcJJx7f-OdSXd1Mmx9BMzv_CIGXiSY1g2, CorrelationId:19b74677-4451-4907-967a-f6e96640d8fb, Elapsed:82090.2112, MemberName:PopulateVirtualEntitiesActualSource, SourceFilePath:C:\__w\1\s\Framework\Adxstudio.Xrm\Caching\VirtualEntitiesCacheHelper.cs, SourceLineNumber:125, Category:Application, Message:The web api getDataSourceId for virtual entity returned empty DataSourceId, ErrorCategory:ApplicationError",80012d58-0000-fc00-b63f-84710c7967bb
2024-01-22T12:18:54,Error,site-85de4385-0987-4ae5-9917-b7715602956d-AUe,05efbb,638415227345529793,0,311064,8793,"RequestData:, RequestPath:/_services/about, RequestExtension:, SessionId:, UserId:O0gbkXmEYXd7U-s5RNsD8MMLFfMI-mUxj4Td5oSeFQpqIQ5uKCbgHGlC8_xXde_fTaeVQ9MQ0m_iw8dF8pbim_PxFZomv_AmqZSvsbGpZs0s6lMRjhRigaGcJJx7f-OdSXd1Mmx9BMzv_CIGXiSY1g2, CorrelationId:19b74677-4451-4907-967a-f6e96640d8fb, Elapsed:85869.9857, MemberName:PopulateVirtualEntitiesActualSource, SourceFilePath:C:\__w\1\s\Framework\Adxstudio.Xrm\Caching\VirtualEntitiesCacheHelper.cs, SourceLineNumber:125, Category:Application, Message:The web api getDataSourceId for virtual entity returned empty DataSourceId, ErrorCategory:ApplicationError",80012d58-0000-fc00-b63f-84710c7967bb
2024-01-22T12:18:59,Error,site-85de4385-0987-4ae5-9917-b7715602956d-AUe,05efbb,638415227398031064,0,311064,8793,"RequestData:, RequestPath:/_services/about, RequestExtension:, SessionId:, UserId:O0gbkXmEYXd7U-s5RNsD8MMLFfMI-mUxj4Td5oSeFQpqIQ5uKCbgHGlC8_xXde_fTaeVQ9MQ0m_iw8dF8pbim_PxFZomv_AmqZSvsbGpZs0s6lMRjhRigaGcJJx7f-OdSXd1Mmx9BMzv_CIGXiSY1g2, CorrelationId:19b74677-4451-4907-967a-f6e96640d8fb, Elapsed:91121.3552, MemberName:PopulateVirtualEntitiesActualSource, SourceFilePath:C:\__w\1\s\Framework\Adxstudio.Xrm\Caching\VirtualEntitiesCacheHelper.cs, SourceLineNumber:125, Category:Application, Message:The web api getDataSourceId for virtual entity returned empty DataSourceId, ErrorCategory:ApplicationError",80012d58-0000-fc00-b63f-84710c7967bb
2024-01-22T12:19:03,Error,site-85de4385-0987-4ae5-9917-b7715602956d-AUe,05efbb,638415227432251008,0,311064,8793,"RequestData:, RequestPath:/_services/about, RequestExtension:, SessionId:, UserId:O0gbkXmEYXd7U-s5RNsD8MMLFfMI-mUxj4Td5oSeFQpqIQ5uKCbgHGlC8_xXde_fTaeVQ9MQ0m_iw8dF8pbim_PxFZomv_AmqZSvsbGpZs0s6lMRjhRigaGcJJx7f-OdSXd1Mmx9BMzv_CIGXiSY1g2, CorrelationId:19b74677-4451-4907-967a-f6e96640d8fb, Elapsed:94541.3785, MemberName:PopulateVirtualEntitiesActualSource, SourceFilePath:C:\__w\1\s\Framework\Adxstudio.Xrm\Caching\VirtualEntitiesCacheHelper.cs, SourceLineNumber:125, Category:Application, Message:The web api getDataSourceId for virtual entity returned empty DataSourceId, ErrorCategory:ApplicationError",80012d58-0000-fc00-b63f-84710c7967bb
2024-01-22T12:19:04,Error,site-85de4385-0987-4ae5-9917-b7715602956d-AUe,05efbb,638415227444907784,0,311064,8793,"RequestData:, RequestPath:/_services/about, RequestExtension:, SessionId:, UserId:O0gbkXmEYXd7U-s5RNsD8MMLFfMI-mUxj4Td5oSeFQpqIQ5uKCbgHGlC8_xXde_fTaeVQ9MQ0m_iw8dF8pbim_PxFZomv_AmqZSvsbGpZs0s6lMRjhRigaGcJJx7f-OdSXd1Mmx9BMzv_CIGXiSY1g2, CorrelationId:19b74677-4451-4907-967a-f6e96640d8fb, Elapsed:95811.9335, MemberName:PopulateVirtualEntitiesActualSource, SourceFilePath:C:\__w\1\s\Framework\Adxstudio.Xrm\Caching\VirtualEntitiesCacheHelper.cs, SourceLineNumber:125, Category:Application, Message:The web api getDataSourceId for virtual entity returned empty DataSourceId, ErrorCategory:ApplicationError",80012d58-0000-fc00-b63f-84710c7967bb
2024-01-22T12:19:09,Error,site-85de4385-0987-4ae5-9917-b7715602956d-AUe,05efbb,638415227499129183,0,311064,8793,"RequestData:, RequestPath:/_services/about, RequestExtension:, SessionId:, UserId:O0gbkXmEYXd7U-s5RNsD8MMLFfMI-mUxj4Td5oSeFQpqIQ5uKCbgHGlC8_xXde_fTaeVQ9MQ0m_iw8dF8pbim_PxFZomv_AmqZSvsbGpZs0s6lMRjhRigaGcJJx7f-OdSXd1Mmx9BMzv_CIGXiSY1g2, CorrelationId:19b74677-4451-4907-967a-f6e96640d8fb, Elapsed:101228.0292, MemberName:PopulateVirtualEntitiesActualSource, SourceFilePath:C:\__w\1\s\Framework\Adxstudio.Xrm\Caching\VirtualEntitiesCacheHelper.cs, SourceLineNumber:125, Category:Application, Message:The web api getDataSourceId for virtual entity returned empty DataSourceId, ErrorCategory:ApplicationError",80012d58-0000-fc00-b63f-84710c7967bb
2024-01-22T12:19:13,Error,site-85de4385-0987-4ae5-9917-b7715602956d-AUe,05efbb,638415227538818928,0,311064,8793,"RequestData:, RequestPath:/_services/about, RequestExtension:, SessionId:, UserId:O0gbkXmEYXd7U-s5RNsD8MMLFfMI-mUxj4Td5oSeFQpqIQ5uKCbgHGlC8_xXde_fTaeVQ9MQ0m_iw8dF8pbim_PxFZomv_AmqZSvsbGpZs0s6lMRjhRigaGcJJx7f-OdSXd1Mmx9BMzv_CIGXiSY1g2, CorrelationId:19b74677-4451-4907-967a-f6e96640d8fb, Elapsed:105200.1117, MemberName:PopulateVirtualEntitiesActualSource, SourceFilePath:C:\__w\1\s\Framework\Adxstudio.Xrm\Caching\VirtualEntitiesCacheHelper.cs, SourceLineNumber:125, Category:Application, Message:The web api getDataSourceId for virtual entity returned empty DataSourceId, ErrorCategory:ApplicationError",80012d58-0000-fc00-b63f-84710c7967bb
2024-01-22T12:19:17,Error,site-85de4385-0987-4ae5-9917-b7715602956d-AUe,05efbb,638415227572475760,0,311064,8793,"RequestData:, RequestPath:/_services/about, RequestExtension:, SessionId:, UserId:O0gbkXmEYXd7U-s5RNsD8MMLFfMI-mUxj4Td5oSeFQpqIQ5uKCbgHGlC8_xXde_fTaeVQ9MQ0m_iw8dF8pbim_PxFZomv_AmqZSvsbGpZs0s6lMRjhRigaGcJJx7f-OdSXd1Mmx9BMzv_CIGXiSY1g2, CorrelationId:19b74677-4451-4907-967a-f6e96640d8fb, Elapsed:108567.6693, MemberName:PopulateVirtualEntitiesActualSource, SourceFilePath:C:\__w\1\s\Framework\Adxstudio.Xrm\Caching\VirtualEntitiesCacheHelper.cs, SourceLineNumber:125, Category:Application, Message:The web api getDataSourceId for virtual entity returned empty DataSourceId, ErrorCategory:ApplicationError",80012d58-0000-fc00-b63f-84710c7967bb
2024-01-22T12:19:18,Error,site-85de4385-0987-4ae5-9917-b7715602956d-AUe,05efbb,638415227589195603,0,311064,8793,"RequestData:, RequestPath:/_services/about, RequestExtension:, SessionId:, UserId:O0gbkXmEYXd7U-s5RNsD8MMLFfMI-mUxj4Td5oSeFQpqIQ5uKCbgHGlC8_xXde_fTaeVQ9MQ0m_iw8dF8pbim_PxFZomv_AmqZSvsbGpZs0s6lMRjhRigaGcJJx7f-OdSXd1Mmx9BMzv_CIGXiSY1g2, CorrelationId:19b74677-4451-4907-967a-f6e96640d8fb, Elapsed:110241.6607, MemberName:PopulateVirtualEntitiesActualSource, SourceFilePath:C:\__w\1\s\Framework\Adxstudio.Xrm\Caching\VirtualEntitiesCacheHelper.cs, SourceLineNumber:125, Category:Application, Message:The web api getDataSourceId for virtual entity returned empty DataSourceId, ErrorCategory:ApplicationError",80012d58-0000-fc00-b63f-84710c7967bb
2024-01-22T12:19:20,Error,site-85de4385-0987-4ae5-9917-b7715602956d-AUe,05efbb,638415227602165151,0,311064,8793,"RequestData:, RequestPath:/_services/about, RequestExtension:, SessionId:, UserId:O0gbkXmEYXd7U-s5RNsD8MMLFfMI-mUxj4Td5oSeFQpqIQ5uKCbgHGlC8_xXde_fTaeVQ9MQ0m_iw8dF8pbim_PxFZomv_AmqZSvsbGpZs0s6lMRjhRigaGcJJx7f-OdSXd1Mmx9BMzv_CIGXiSY1g2, CorrelationId:19b74677-4451-4907-967a-f6e96640d8fb, Elapsed:111539.5794, MemberName:PopulateVirtualEntitiesActualSource, SourceFilePath:C:\__w\1\s\Framework\Adxstudio.Xrm\Caching\VirtualEntitiesCacheHelper.cs, SourceLineNumber:125, Category:Application, Message:The web api getDataSourceId for virtual entity returned empty DataSourceId, ErrorCategory:ApplicationError",80012d58-0000-fc00-b63f-84710c7967bb
2024-01-22T12:19:21,Error,site-85de4385-0987-4ae5-9917-b7715602956d-AUe,05efbb,638415227610915737,0,311064,8793,"RequestData:, RequestPath:/_services/about, RequestExtension:, SessionId:, UserId:O0gbkXmEYXd7U-s5RNsD8MMLFfMI-mUxj4Td5oSeFQpqIQ5uKCbgHGlC8_xXde_fTaeVQ9MQ0m_iw8dF8pbim_PxFZomv_AmqZSvsbGpZs0s6lMRjhRigaGcJJx7f-OdSXd1Mmx9BMzv_CIGXiSY1g2, CorrelationId:19b74677-4451-4907-967a-f6e96640d8fb, Elapsed:112411.2656, MemberName:PopulateVirtualEntitiesActualSource, SourceFilePath:C:\__w\1\s\Framework\Adxstudio.Xrm\Caching\VirtualEntitiesCacheHelper.cs, SourceLineNumber:125, Category:Application, Message:The web api getDataSourceId for virtual entity returned empty DataSourceId, ErrorCategory:ApplicationError",80012d58-0000-fc00-b63f-84710c7967bb
