date,level,applicationName,instanceId,eventTickCount,eventId,pid,tid,message,activityId
2024-01-30T13:08:09,Error,site-85de4385-0987-4ae5-9917-b7715602956d-AUe,7e7bb2,638422168894494160,0,10548,151,"RequestData:, RequestPath:/_services/about, RequestExtension:, SessionId:, UserId:11KWF1WrQ_tOMl5DlpeZnSoPNKbiZYXYy0Achvoju_qSiCPHVw0m4TqnEYVqJGa3sdJ7NpPSSZCWa2pD3fj3S8JpGxJev7y9HjAPKUeGJ_zzhmTaX0VdNvTf9r324dYTB7jRLYOcv5eAaWvdLL-hLA2, CorrelationId:57251e23-5809-4a31-b4b7-66ea6e452351, Elapsed:128.153, MemberName:PopulateVirtualEntitiesActualSource, SourceFilePath:C:\__w\1\s\Framework\Adxstudio.Xrm\Caching\VirtualEntitiesCacheHelper.cs, SourceLineNumber:125, Category:Application, Message:The web api getDataSourceId for virtual entity returned empty DataSourceId, ErrorCategory:ApplicationError",80003b8e-0000-e200-b63f-84710c7967bb
2024-01-30T13:08:09,Error,site-85de4385-0987-4ae5-9917-b7715602956d-AUe,7e7bb2,638422168894962992,0,10548,151,"RequestData:, RequestPath:/_services/about, RequestExtension:, SessionId:, UserId:11KWF1WrQ_tOMl5DlpeZnSoPNKbiZYXYy0Achvoju_qSiCPHVw0m4TqnEYVqJGa3sdJ7NpPSSZCWa2pD3fj3S8JpGxJev7y9HjAPKUeGJ_zzhmTaX0VdNvTf9r324dYTB7jRLYOcv5eAaWvdLL-hLA2, CorrelationId:57251e23-5809-4a31-b4b7-66ea6e452351, Elapsed:181.8824, MemberName:PopulateVirtualEntitiesActualSource, SourceFilePath:C:\__w\1\s\Framework\Adxstudio.Xrm\Caching\VirtualEntitiesCacheHelper.cs, SourceLineNumber:125, Category:Application, Message:The web api getDataSourceId for virtual entity returned empty DataSourceId, ErrorCategory:ApplicationError",80003b8e-0000-e200-b63f-84710c7967bb
2024-01-30T13:08:09,Error,site-85de4385-0987-4ae5-9917-b7715602956d-AUe,7e7bb2,638422168895587985,0,10548,151,"RequestData:, RequestPath:/_services/about, RequestExtension:, SessionId:, UserId:11KWF1WrQ_tOMl5DlpeZnSoPNKbiZYXYy0Achvoju_qSiCPHVw0m4TqnEYVqJGa3sdJ7NpPSSZCWa2pD3fj3S8JpGxJev7y9HjAPKUeGJ_zzhmTaX0VdNvTf9r324dYTB7jRLYOcv5eAaWvdLL-hLA2, CorrelationId:57251e23-5809-4a31-b4b7-66ea6e452351, Elapsed:237.9843, MemberName:PopulateVirtualEntitiesActualSource, SourceFilePath:C:\__w\1\s\Framework\Adxstudio.Xrm\Caching\VirtualEntitiesCacheHelper.cs, SourceLineNumber:125, Category:Application, Message:The web api getDataSourceId for virtual entity returned empty DataSourceId, ErrorCategory:ApplicationError",80003b8e-0000-e200-b63f-84710c7967bb
2024-01-30T13:08:09,Error,site-85de4385-0987-4ae5-9917-b7715602956d-AUe,7e7bb2,638422168896056031,0,10548,151,"RequestData:, RequestPath:/_services/about, RequestExtension:, SessionId:, UserId:11KWF1WrQ_tOMl5DlpeZnSoPNKbiZYXYy0Achvoju_qSiCPHVw0m4TqnEYVqJGa3sdJ7NpPSSZCWa2pD3fj3S8JpGxJev7y9HjAPKUeGJ_zzhmTaX0VdNvTf9r324dYTB7jRLYOcv5eAaWvdLL-hLA2, CorrelationId:57251e23-5809-4a31-b4b7-66ea6e452351, Elapsed:290.0036, MemberName:PopulateVirtualEntitiesActualSource, SourceFilePath:C:\__w\1\s\Framework\Adxstudio.Xrm\Caching\VirtualEntitiesCacheHelper.cs, SourceLineNumber:125, Category:Application, Message:The web api getDataSourceId for virtual entity returned empty DataSourceId, ErrorCategory:ApplicationError",80003b8e-0000-e200-b63f-84710c7967bb
2024-01-30T13:08:09,Error,site-85de4385-0987-4ae5-9917-b7715602956d-AUe,7e7bb2,638422168896524865,0,10548,151,"RequestData:, RequestPath:/_services/about, RequestExtension:, SessionId:, UserId:11KWF1WrQ_tOMl5DlpeZnSoPNKbiZYXYy0Achvoju_qSiCPHVw0m4TqnEYVqJGa3sdJ7NpPSSZCWa2pD3fj3S8JpGxJev7y9HjAPKUeGJ_zzhmTaX0VdNvTf9r324dYTB7jRLYOcv5eAaWvdLL-hLA2, CorrelationId:57251e23-5809-4a31-b4b7-66ea6e452351, Elapsed:340.0549, MemberName:PopulateVirtualEntitiesActualSource, SourceFilePath:C:\__w\1\s\Framework\Adxstudio.Xrm\Caching\VirtualEntitiesCacheHelper.cs, SourceLineNumber:125, Category:Application, Message:The web api getDataSourceId for virtual entity returned empty DataSourceId, ErrorCategory:ApplicationError",80003b8e-0000-e200-b63f-84710c7967bb
2024-01-30T13:08:09,Error,site-85de4385-0987-4ae5-9917-b7715602956d-AUe,7e7bb2,638422168896993508,0,10548,151,"RequestData:, RequestPath:/_services/about, RequestExtension:, SessionId:, UserId:11KWF1WrQ_tOMl5DlpeZnSoPNKbiZYXYy0Achvoju_qSiCPHVw0m4TqnEYVqJGa3sdJ7NpPSSZCWa2pD3fj3S8JpGxJev7y9HjAPKUeGJ_zzhmTaX0VdNvTf9r324dYTB7jRLYOcv5eAaWvdLL-hLA2, CorrelationId:57251e23-5809-4a31-b4b7-66ea6e452351, Elapsed:389.7331, MemberName:PopulateVirtualEntitiesActualSource, SourceFilePath:C:\__w\1\s\Framework\Adxstudio.Xrm\Caching\VirtualEntitiesCacheHelper.cs, SourceLineNumber:125, Category:Application, Message:The web api getDataSourceId for virtual entity returned empty DataSourceId, ErrorCategory:ApplicationError",80003b8e-0000-e200-b63f-84710c7967bb
2024-01-30T13:08:09,Error,site-85de4385-0987-4ae5-9917-b7715602956d-AUe,7e7bb2,638422168897619285,0,10548,151,"RequestData:, RequestPath:/_services/about, RequestExtension:, SessionId:, UserId:11KWF1WrQ_tOMl5DlpeZnSoPNKbiZYXYy0Achvoju_qSiCPHVw0m4TqnEYVqJGa3sdJ7NpPSSZCWa2pD3fj3S8JpGxJev7y9HjAPKUeGJ_zzhmTaX0VdNvTf9r324dYTB7jRLYOcv5eAaWvdLL-hLA2, CorrelationId:57251e23-5809-4a31-b4b7-66ea6e452351, Elapsed:440.6404, MemberName:PopulateVirtualEntitiesActualSource, SourceFilePath:C:\__w\1\s\Framework\Adxstudio.Xrm\Caching\VirtualEntitiesCacheHelper.cs, SourceLineNumber:125, Category:Application, Message:The web api getDataSourceId for virtual entity returned empty DataSourceId, ErrorCategory:ApplicationError",80003b8e-0000-e200-b63f-84710c7967bb
2024-01-30T13:08:09,Error,site-85de4385-0987-4ae5-9917-b7715602956d-AUe,7e7bb2,638422168898087317,0,10548,151,"RequestData:, RequestPath:/_services/about, RequestExtension:, SessionId:, UserId:11KWF1WrQ_tOMl5DlpeZnSoPNKbiZYXYy0Achvoju_qSiCPHVw0m4TqnEYVqJGa3sdJ7NpPSSZCWa2pD3fj3S8JpGxJev7y9HjAPKUeGJ_zzhmTaX0VdNvTf9r324dYTB7jRLYOcv5eAaWvdLL-hLA2, CorrelationId:57251e23-5809-4a31-b4b7-66ea6e452351, Elapsed:492.778, MemberName:PopulateVirtualEntitiesActualSource, SourceFilePath:C:\__w\1\s\Framework\Adxstudio.Xrm\Caching\VirtualEntitiesCacheHelper.cs, SourceLineNumber:125, Category:Application, Message:The web api getDataSourceId for virtual entity returned empty DataSourceId, ErrorCategory:ApplicationError",80003b8e-0000-e200-b63f-84710c7967bb
2024-01-30T13:08:09,Error,site-85de4385-0987-4ae5-9917-b7715602956d-AUe,7e7bb2,638422168898556557,0,10548,151,"RequestData:, RequestPath:/_services/about, RequestExtension:, SessionId:, UserId:11KWF1WrQ_tOMl5DlpeZnSoPNKbiZYXYy0Achvoju_qSiCPHVw0m4TqnEYVqJGa3sdJ7NpPSSZCWa2pD3fj3S8JpGxJev7y9HjAPKUeGJ_zzhmTaX0VdNvTf9r324dYTB7jRLYOcv5eAaWvdLL-hLA2, CorrelationId:57251e23-5809-4a31-b4b7-66ea6e452351, Elapsed:541.4724, MemberName:PopulateVirtualEntitiesActualSource, SourceFilePath:C:\__w\1\s\Framework\Adxstudio.Xrm\Caching\VirtualEntitiesCacheHelper.cs, SourceLineNumber:125, Category:Application, Message:The web api getDataSourceId for virtual entity returned empty DataSourceId, ErrorCategory:ApplicationError",80003b8e-0000-e200-b63f-84710c7967bb
2024-01-30T13:08:09,Error,site-85de4385-0987-4ae5-9917-b7715602956d-AUe,7e7bb2,638422168899025338,0,10548,151,"RequestData:, RequestPath:/_services/about, RequestExtension:, SessionId:, UserId:11KWF1WrQ_tOMl5DlpeZnSoPNKbiZYXYy0Achvoju_qSiCPHVw0m4TqnEYVqJGa3sdJ7NpPSSZCWa2pD3fj3S8JpGxJev7y9HjAPKUeGJ_zzhmTaX0VdNvTf9r324dYTB7jRLYOcv5eAaWvdLL-hLA2, CorrelationId:57251e23-5809-4a31-b4b7-66ea6e452351, Elapsed:592.9346, MemberName:PopulateVirtualEntitiesActualSource, SourceFilePath:C:\__w\1\s\Framework\Adxstudio.Xrm\Caching\VirtualEntitiesCacheHelper.cs, SourceLineNumber:125, Category:Application, Message:The web api getDataSourceId for virtual entity returned empty DataSourceId, ErrorCategory:ApplicationError",80003b8e-0000-e200-b63f-84710c7967bb
2024-01-30T13:08:09,Error,site-85de4385-0987-4ae5-9917-b7715602956d-AUe,7e7bb2,638422168899650365,0,10548,151,"RequestData:, RequestPath:/_services/about, RequestExtension:, SessionId:, UserId:11KWF1WrQ_tOMl5DlpeZnSoPNKbiZYXYy0Achvoju_qSiCPHVw0m4TqnEYVqJGa3sdJ7NpPSSZCWa2pD3fj3S8JpGxJev7y9HjAPKUeGJ_zzhmTaX0VdNvTf9r324dYTB7jRLYOcv5eAaWvdLL-hLA2, CorrelationId:57251e23-5809-4a31-b4b7-66ea6e452351, Elapsed:644.8943, MemberName:PopulateVirtualEntitiesActualSource, SourceFilePath:C:\__w\1\s\Framework\Adxstudio.Xrm\Caching\VirtualEntitiesCacheHelper.cs, SourceLineNumber:125, Category:Application, Message:The web api getDataSourceId for virtual entity returned empty DataSourceId, ErrorCategory:ApplicationError",80003b8e-0000-e200-b63f-84710c7967bb
2024-01-30T13:08:10,Error,site-85de4385-0987-4ae5-9917-b7715602956d-AUe,7e7bb2,638422168900119054,0,10548,151,"RequestData:, RequestPath:/_services/about, RequestExtension:, SessionId:, UserId:11KWF1WrQ_tOMl5DlpeZnSoPNKbiZYXYy0Achvoju_qSiCPHVw0m4TqnEYVqJGa3sdJ7NpPSSZCWa2pD3fj3S8JpGxJev7y9HjAPKUeGJ_zzhmTaX0VdNvTf9r324dYTB7jRLYOcv5eAaWvdLL-hLA2, CorrelationId:57251e23-5809-4a31-b4b7-66ea6e452351, Elapsed:699.8994, MemberName:PopulateVirtualEntitiesActualSource, SourceFilePath:C:\__w\1\s\Framework\Adxstudio.Xrm\Caching\VirtualEntitiesCacheHelper.cs, SourceLineNumber:125, Category:Application, Message:The web api getDataSourceId for virtual entity returned empty DataSourceId, ErrorCategory:ApplicationError",80003b8e-0000-e200-b63f-84710c7967bb
2024-01-30T13:08:10,Error,site-85de4385-0987-4ae5-9917-b7715602956d-AUe,7e7bb2,638422168900743607,0,10548,151,"RequestData:, RequestPath:/_services/about, RequestExtension:, SessionId:, UserId:11KWF1WrQ_tOMl5DlpeZnSoPNKbiZYXYy0Achvoju_qSiCPHVw0m4TqnEYVqJGa3sdJ7NpPSSZCWa2pD3fj3S8JpGxJev7y9HjAPKUeGJ_zzhmTaX0VdNvTf9r324dYTB7jRLYOcv5eAaWvdLL-hLA2, CorrelationId:57251e23-5809-4a31-b4b7-66ea6e452351, Elapsed:758.8624, MemberName:PopulateVirtualEntitiesActualSource, SourceFilePath:C:\__w\1\s\Framework\Adxstudio.Xrm\Caching\VirtualEntitiesCacheHelper.cs, SourceLineNumber:125, Category:Application, Message:The web api getDataSourceId for virtual entity returned empty DataSourceId, ErrorCategory:ApplicationError",80003b8e-0000-e200-b63f-84710c7967bb
2024-01-30T13:08:10,Error,site-85de4385-0987-4ae5-9917-b7715602956d-AUe,7e7bb2,638422168901213064,0,10548,204,"RequestData:, RequestPath:/_services/about, RequestExtension:, SessionId:, UserId:11KWF1WrQ_tOMl5DlpeZnSoPNKbiZYXYy0Achvoju_qSiCPHVw0m4TqnEYVqJGa3sdJ7NpPSSZCWa2pD3fj3S8JpGxJev7y9HjAPKUeGJ_zzhmTaX0VdNvTf9r324dYTB7jRLYOcv5eAaWvdLL-hLA2, CorrelationId:86dd4d2d-6e87-46cd-803c-5efc005b81a9, Elapsed:589.2382, MemberName:PopulateVirtualEntitiesActualSource, SourceFilePath:C:\__w\1\s\Framework\Adxstudio.Xrm\Caching\VirtualEntitiesCacheHelper.cs, SourceLineNumber:125, Category:Application, Message:The web api getDataSourceId for virtual entity returned empty DataSourceId, ErrorCategory:ApplicationError",80002512-0000-1b00-b63f-84710c7967bb
2024-01-30T13:08:10,Error,site-85de4385-0987-4ae5-9917-b7715602956d-AUe,7e7bb2,638422168901213064,0,10548,151,"RequestData:, RequestPath:/_services/about, RequestExtension:, SessionId:, UserId:11KWF1WrQ_tOMl5DlpeZnSoPNKbiZYXYy0Achvoju_qSiCPHVw0m4TqnEYVqJGa3sdJ7NpPSSZCWa2pD3fj3S8JpGxJev7y9HjAPKUeGJ_zzhmTaX0VdNvTf9r324dYTB7jRLYOcv5eAaWvdLL-hLA2, CorrelationId:57251e23-5809-4a31-b4b7-66ea6e452351, Elapsed:807.4265, MemberName:PopulateVirtualEntitiesActualSource, SourceFilePath:C:\__w\1\s\Framework\Adxstudio.Xrm\Caching\VirtualEntitiesCacheHelper.cs, SourceLineNumber:125, Category:Application, Message:The web api getDataSourceId for virtual entity returned empty DataSourceId, ErrorCategory:ApplicationError",80003b8e-0000-e200-b63f-84710c7967bb
2024-01-30T13:08:10,Error,site-85de4385-0987-4ae5-9917-b7715602956d-AUe,7e7bb2,638422168901681889,0,10548,204,"RequestData:, RequestPath:/_services/about, RequestExtension:, SessionId:, UserId:11KWF1WrQ_tOMl5DlpeZnSoPNKbiZYXYy0Achvoju_qSiCPHVw0m4TqnEYVqJGa3sdJ7NpPSSZCWa2pD3fj3S8JpGxJev7y9HjAPKUeGJ_zzhmTaX0VdNvTf9r324dYTB7jRLYOcv5eAaWvdLL-hLA2, CorrelationId:86dd4d2d-6e87-46cd-803c-5efc005b81a9, Elapsed:640.3664, MemberName:PopulateVirtualEntitiesActualSource, SourceFilePath:C:\__w\1\s\Framework\Adxstudio.Xrm\Caching\VirtualEntitiesCacheHelper.cs, SourceLineNumber:125, Category:Application, Message:The web api getDataSourceId for virtual entity returned empty DataSourceId, ErrorCategory:ApplicationError",80002512-0000-1b00-b63f-84710c7967bb
2024-01-30T13:08:10,Error,site-85de4385-0987-4ae5-9917-b7715602956d-AUe,7e7bb2,638422168901681889,0,10548,151,"RequestData:, RequestPath:/_services/about, RequestExtension:, SessionId:, UserId:11KWF1WrQ_tOMl5DlpeZnSoPNKbiZYXYy0Achvoju_qSiCPHVw0m4TqnEYVqJGa3sdJ7NpPSSZCWa2pD3fj3S8JpGxJev7y9HjAPKUeGJ_zzhmTaX0VdNvTf9r324dYTB7jRLYOcv5eAaWvdLL-hLA2, CorrelationId:57251e23-5809-4a31-b4b7-66ea6e452351, Elapsed:857.5653, MemberName:PopulateVirtualEntitiesActualSource, SourceFilePath:C:\__w\1\s\Framework\Adxstudio.Xrm\Caching\VirtualEntitiesCacheHelper.cs, SourceLineNumber:125, Category:Application, Message:The web api getDataSourceId for virtual entity returned empty DataSourceId, ErrorCategory:ApplicationError",80003b8e-0000-e200-b63f-84710c7967bb
2024-01-30T13:08:10,Error,site-85de4385-0987-4ae5-9917-b7715602956d-AUe,7e7bb2,638422168902150630,0,10548,204,"RequestData:, RequestPath:/_services/about, RequestExtension:, SessionId:, UserId:11KWF1WrQ_tOMl5DlpeZnSoPNKbiZYXYy0Achvoju_qSiCPHVw0m4TqnEYVqJGa3sdJ7NpPSSZCWa2pD3fj3S8JpGxJev7y9HjAPKUeGJ_zzhmTaX0VdNvTf9r324dYTB7jRLYOcv5eAaWvdLL-hLA2, CorrelationId:86dd4d2d-6e87-46cd-803c-5efc005b81a9, Elapsed:688.8981, MemberName:PopulateVirtualEntitiesActualSource, SourceFilePath:C:\__w\1\s\Framework\Adxstudio.Xrm\Caching\VirtualEntitiesCacheHelper.cs, SourceLineNumber:125, Category:Application, Message:The web api getDataSourceId for virtual entity returned empty DataSourceId, ErrorCategory:ApplicationError",80002512-0000-1b00-b63f-84710c7967bb
2024-01-30T13:08:10,Error,site-85de4385-0987-4ae5-9917-b7715602956d-AUe,7e7bb2,638422168902306200,0,10548,151,"RequestData:, RequestPath:/_services/about, RequestExtension:, SessionId:, UserId:11KWF1WrQ_tOMl5DlpeZnSoPNKbiZYXYy0Achvoju_qSiCPHVw0m4TqnEYVqJGa3sdJ7NpPSSZCWa2pD3fj3S8JpGxJev7y9HjAPKUeGJ_zzhmTaX0VdNvTf9r324dYTB7jRLYOcv5eAaWvdLL-hLA2, CorrelationId:57251e23-5809-4a31-b4b7-66ea6e452351, Elapsed:906.2948, MemberName:PopulateVirtualEntitiesActualSource, SourceFilePath:C:\__w\1\s\Framework\Adxstudio.Xrm\Caching\VirtualEntitiesCacheHelper.cs, SourceLineNumber:125, Category:Application, Message:The web api getDataSourceId for virtual entity returned empty DataSourceId, ErrorCategory:ApplicationError",80003b8e-0000-e200-b63f-84710c7967bb
2024-01-30T13:08:10,Error,site-85de4385-0987-4ae5-9917-b7715602956d-AUe,7e7bb2,638422168902618645,0,10548,204,"RequestData:, RequestPath:/_services/about, RequestExtension:, SessionId:, UserId:11KWF1WrQ_tOMl5DlpeZnSoPNKbiZYXYy0Achvoju_qSiCPHVw0m4TqnEYVqJGa3sdJ7NpPSSZCWa2pD3fj3S8JpGxJev7y9HjAPKUeGJ_zzhmTaX0VdNvTf9r324dYTB7jRLYOcv5eAaWvdLL-hLA2, CorrelationId:86dd4d2d-6e87-46cd-803c-5efc005b81a9, Elapsed:740.7738, MemberName:PopulateVirtualEntitiesActualSource, SourceFilePath:C:\__w\1\s\Framework\Adxstudio.Xrm\Caching\VirtualEntitiesCacheHelper.cs, SourceLineNumber:125, Category:Application, Message:The web api getDataSourceId for virtual entity returned empty DataSourceId, ErrorCategory:ApplicationError",80002512-0000-1b00-b63f-84710c7967bb
2024-01-30T13:08:10,Error,site-85de4385-0987-4ae5-9917-b7715602956d-AUe,7e7bb2,638422168902774937,0,10548,151,"RequestData:, RequestPath:/_services/about, RequestExtension:, SessionId:, UserId:11KWF1WrQ_tOMl5DlpeZnSoPNKbiZYXYy0Achvoju_qSiCPHVw0m4TqnEYVqJGa3sdJ7NpPSSZCWa2pD3fj3S8JpGxJev7y9HjAPKUeGJ_zzhmTaX0VdNvTf9r324dYTB7jRLYOcv5eAaWvdLL-hLA2, CorrelationId:57251e23-5809-4a31-b4b7-66ea6e452351, Elapsed:957.0137, MemberName:PopulateVirtualEntitiesActualSource, SourceFilePath:C:\__w\1\s\Framework\Adxstudio.Xrm\Caching\VirtualEntitiesCacheHelper.cs, SourceLineNumber:125, Category:Application, Message:The web api getDataSourceId for virtual entity returned empty DataSourceId, ErrorCategory:ApplicationError",80003b8e-0000-e200-b63f-84710c7967bb
2024-01-30T13:08:10,Error,site-85de4385-0987-4ae5-9917-b7715602956d-AUe,7e7bb2,638422168903244425,0,10548,204,"RequestData:, RequestPath:/_services/about, RequestExtension:, SessionId:, UserId:11KWF1WrQ_tOMl5DlpeZnSoPNKbiZYXYy0Achvoju_qSiCPHVw0m4TqnEYVqJGa3sdJ7NpPSSZCWa2pD3fj3S8JpGxJev7y9HjAPKUeGJ_zzhmTaX0VdNvTf9r324dYTB7jRLYOcv5eAaWvdLL-hLA2, CorrelationId:86dd4d2d-6e87-46cd-803c-5efc005b81a9, Elapsed:790.5157, MemberName:PopulateVirtualEntitiesActualSource, SourceFilePath:C:\__w\1\s\Framework\Adxstudio.Xrm\Caching\VirtualEntitiesCacheHelper.cs, SourceLineNumber:125, Category:Application, Message:The web api getDataSourceId for virtual entity returned empty DataSourceId, ErrorCategory:ApplicationError",80002512-0000-1b00-b63f-84710c7967bb
2024-01-30T13:08:10,Error,site-85de4385-0987-4ae5-9917-b7715602956d-AUe,7e7bb2,638422168903244425,0,10548,151,"RequestData:, RequestPath:/_services/about, RequestExtension:, SessionId:, UserId:11KWF1WrQ_tOMl5DlpeZnSoPNKbiZYXYy0Achvoju_qSiCPHVw0m4TqnEYVqJGa3sdJ7NpPSSZCWa2pD3fj3S8JpGxJev7y9HjAPKUeGJ_zzhmTaX0VdNvTf9r324dYTB7jRLYOcv5eAaWvdLL-hLA2, CorrelationId:57251e23-5809-4a31-b4b7-66ea6e452351, Elapsed:1003.8369, MemberName:PopulateVirtualEntitiesActualSource, SourceFilePath:C:\__w\1\s\Framework\Adxstudio.Xrm\Caching\VirtualEntitiesCacheHelper.cs, SourceLineNumber:125, Category:Application, Message:The web api getDataSourceId for virtual entity returned empty DataSourceId, ErrorCategory:ApplicationError",80003b8e-0000-e200-b63f-84710c7967bb
2024-01-30T13:08:10,Error,site-85de4385-0987-4ae5-9917-b7715602956d-AUe,7e7bb2,638422168903713187,0,10548,204,"RequestData:, RequestPath:/_services/about, RequestExtension:, SessionId:, UserId:11KWF1WrQ_tOMl5DlpeZnSoPNKbiZYXYy0Achvoju_qSiCPHVw0m4TqnEYVqJGa3sdJ7NpPSSZCWa2pD3fj3S8JpGxJev7y9HjAPKUeGJ_zzhmTaX0VdNvTf9r324dYTB7jRLYOcv5eAaWvdLL-hLA2, CorrelationId:86dd4d2d-6e87-46cd-803c-5efc005b81a9, Elapsed:845.8798, MemberName:PopulateVirtualEntitiesActualSource, SourceFilePath:C:\__w\1\s\Framework\Adxstudio.Xrm\Caching\VirtualEntitiesCacheHelper.cs, SourceLineNumber:125, Category:Application, Message:The web api getDataSourceId for virtual entity returned empty DataSourceId, ErrorCategory:ApplicationError",80002512-0000-1b00-b63f-84710c7967bb
2024-01-30T13:08:10,Error,site-85de4385-0987-4ae5-9917-b7715602956d-AUe,7e7bb2,638422168903713187,0,10548,151,"RequestData:, RequestPath:/_services/about, RequestExtension:, SessionId:, UserId:11KWF1WrQ_tOMl5DlpeZnSoPNKbiZYXYy0Achvoju_qSiCPHVw0m4TqnEYVqJGa3sdJ7NpPSSZCWa2pD3fj3S8JpGxJev7y9HjAPKUeGJ_zzhmTaX0VdNvTf9r324dYTB7jRLYOcv5eAaWvdLL-hLA2, CorrelationId:57251e23-5809-4a31-b4b7-66ea6e452351, Elapsed:1058.5227, MemberName:PopulateVirtualEntitiesActualSource, SourceFilePath:C:\__w\1\s\Framework\Adxstudio.Xrm\Caching\VirtualEntitiesCacheHelper.cs, SourceLineNumber:125, Category:Application, Message:The web api getDataSourceId for virtual entity returned empty DataSourceId, ErrorCategory:ApplicationError",80003b8e-0000-e200-b63f-84710c7967bb
2024-01-30T13:08:10,Error,site-85de4385-0987-4ae5-9917-b7715602956d-AUe,7e7bb2,638422168904181956,0,10548,151,"RequestData:, RequestPath:/_services/about, RequestExtension:, SessionId:, UserId:11KWF1WrQ_tOMl5DlpeZnSoPNKbiZYXYy0Achvoju_qSiCPHVw0m4TqnEYVqJGa3sdJ7NpPSSZCWa2pD3fj3S8JpGxJev7y9HjAPKUeGJ_zzhmTaX0VdNvTf9r324dYTB7jRLYOcv5eAaWvdLL-hLA2, CorrelationId:57251e23-5809-4a31-b4b7-66ea6e452351, Elapsed:1107.7917, MemberName:PopulateVirtualEntitiesActualSource, SourceFilePath:C:\__w\1\s\Framework\Adxstudio.Xrm\Caching\VirtualEntitiesCacheHelper.cs, SourceLineNumber:125, Category:Application, Message:The web api getDataSourceId for virtual entity returned empty DataSourceId, ErrorCategory:ApplicationError",80003b8e-0000-e200-b63f-84710c7967bb
2024-01-30T13:08:10,Error,site-85de4385-0987-4ae5-9917-b7715602956d-AUe,7e7bb2,638422168904181956,0,10548,204,"RequestData:, RequestPath:/_services/about, RequestExtension:, SessionId:, UserId:11KWF1WrQ_tOMl5DlpeZnSoPNKbiZYXYy0Achvoju_qSiCPHVw0m4TqnEYVqJGa3sdJ7NpPSSZCWa2pD3fj3S8JpGxJev7y9HjAPKUeGJ_zzhmTaX0VdNvTf9r324dYTB7jRLYOcv5eAaWvdLL-hLA2, CorrelationId:86dd4d2d-6e87-46cd-803c-5efc005b81a9, Elapsed:897.9253, MemberName:PopulateVirtualEntitiesActualSource, SourceFilePath:C:\__w\1\s\Framework\Adxstudio.Xrm\Caching\VirtualEntitiesCacheHelper.cs, SourceLineNumber:125, Category:Application, Message:The web api getDataSourceId for virtual entity returned empty DataSourceId, ErrorCategory:ApplicationError",80002512-0000-1b00-b63f-84710c7967bb
2024-01-30T13:08:10,Error,site-85de4385-0987-4ae5-9917-b7715602956d-AUe,7e7bb2,638422168904806430,0,10548,204,"RequestData:, RequestPath:/_services/about, RequestExtension:, SessionId:, UserId:11KWF1WrQ_tOMl5DlpeZnSoPNKbiZYXYy0Achvoju_qSiCPHVw0m4TqnEYVqJGa3sdJ7NpPSSZCWa2pD3fj3S8JpGxJev7y9HjAPKUeGJ_zzhmTaX0VdNvTf9r324dYTB7jRLYOcv5eAaWvdLL-hLA2, CorrelationId:86dd4d2d-6e87-46cd-803c-5efc005b81a9, Elapsed:949.8135, MemberName:PopulateVirtualEntitiesActualSource, SourceFilePath:C:\__w\1\s\Framework\Adxstudio.Xrm\Caching\VirtualEntitiesCacheHelper.cs, SourceLineNumber:125, Category:Application, Message:The web api getDataSourceId for virtual entity returned empty DataSourceId, ErrorCategory:ApplicationError",80002512-0000-1b00-b63f-84710c7967bb
2024-01-30T13:08:10,Error,site-85de4385-0987-4ae5-9917-b7715602956d-AUe,7e7bb2,638422168904806430,0,10548,151,"RequestData:, RequestPath:/_services/about, RequestExtension:, SessionId:, UserId:11KWF1WrQ_tOMl5DlpeZnSoPNKbiZYXYy0Achvoju_qSiCPHVw0m4TqnEYVqJGa3sdJ7NpPSSZCWa2pD3fj3S8JpGxJev7y9HjAPKUeGJ_zzhmTaX0VdNvTf9r324dYTB7jRLYOcv5eAaWvdLL-hLA2, CorrelationId:57251e23-5809-4a31-b4b7-66ea6e452351, Elapsed:1160.1449, MemberName:PopulateVirtualEntitiesActualSource, SourceFilePath:C:\__w\1\s\Framework\Adxstudio.Xrm\Caching\VirtualEntitiesCacheHelper.cs, SourceLineNumber:125, Category:Application, Message:The web api getDataSourceId for virtual entity returned empty DataSourceId, ErrorCategory:ApplicationError",80003b8e-0000-e200-b63f-84710c7967bb
2024-01-30T13:08:10,Error,site-85de4385-0987-4ae5-9917-b7715602956d-AUe,7e7bb2,638422168905275067,0,10548,204,"RequestData:, RequestPath:/_services/about, RequestExtension:, SessionId:, UserId:11KWF1WrQ_tOMl5DlpeZnSoPNKbiZYXYy0Achvoju_qSiCPHVw0m4TqnEYVqJGa3sdJ7NpPSSZCWa2pD3fj3S8JpGxJev7y9HjAPKUeGJ_zzhmTaX0VdNvTf9r324dYTB7jRLYOcv5eAaWvdLL-hLA2, CorrelationId:86dd4d2d-6e87-46cd-803c-5efc005b81a9, Elapsed:1000.0064, MemberName:PopulateVirtualEntitiesActualSource, SourceFilePath:C:\__w\1\s\Framework\Adxstudio.Xrm\Caching\VirtualEntitiesCacheHelper.cs, SourceLineNumber:125, Category:Application, Message:The web api getDataSourceId for virtual entity returned empty DataSourceId, ErrorCategory:ApplicationError",80002512-0000-1b00-b63f-84710c7967bb
2024-01-30T13:08:10,Error,site-85de4385-0987-4ae5-9917-b7715602956d-AUe,7e7bb2,638422168905275067,0,10548,151,"RequestData:, RequestPath:/_services/about, RequestExtension:, SessionId:, UserId:11KWF1WrQ_tOMl5DlpeZnSoPNKbiZYXYy0Achvoju_qSiCPHVw0m4TqnEYVqJGa3sdJ7NpPSSZCWa2pD3fj3S8JpGxJev7y9HjAPKUeGJ_zzhmTaX0VdNvTf9r324dYTB7jRLYOcv5eAaWvdLL-hLA2, CorrelationId:57251e23-5809-4a31-b4b7-66ea6e452351, Elapsed:1217.8962, MemberName:PopulateVirtualEntitiesActualSource, SourceFilePath:C:\__w\1\s\Framework\Adxstudio.Xrm\Caching\VirtualEntitiesCacheHelper.cs, SourceLineNumber:125, Category:Application, Message:The web api getDataSourceId for virtual entity returned empty DataSourceId, ErrorCategory:ApplicationError",80003b8e-0000-e200-b63f-84710c7967bb
2024-01-30T13:08:10,Error,site-85de4385-0987-4ae5-9917-b7715602956d-AUe,7e7bb2,638422168905744239,0,10548,204,"RequestData:, RequestPath:/_services/about, RequestExtension:, SessionId:, UserId:11KWF1WrQ_tOMl5DlpeZnSoPNKbiZYXYy0Achvoju_qSiCPHVw0m4TqnEYVqJGa3sdJ7NpPSSZCWa2pD3fj3S8JpGxJev7y9HjAPKUeGJ_zzhmTaX0VdNvTf9r324dYTB7jRLYOcv5eAaWvdLL-hLA2, CorrelationId:86dd4d2d-6e87-46cd-803c-5efc005b81a9, Elapsed:1051.3207, MemberName:PopulateVirtualEntitiesActualSource, SourceFilePath:C:\__w\1\s\Framework\Adxstudio.Xrm\Caching\VirtualEntitiesCacheHelper.cs, SourceLineNumber:125, Category:Application, Message:The web api getDataSourceId for virtual entity returned empty DataSourceId, ErrorCategory:ApplicationError",80002512-0000-1b00-b63f-84710c7967bb
2024-01-30T13:08:10,Error,site-85de4385-0987-4ae5-9917-b7715602956d-AUe,7e7bb2,638422168905900712,0,10548,151,"RequestData:, RequestPath:/_services/about, RequestExtension:, SessionId:, UserId:11KWF1WrQ_tOMl5DlpeZnSoPNKbiZYXYy0Achvoju_qSiCPHVw0m4TqnEYVqJGa3sdJ7NpPSSZCWa2pD3fj3S8JpGxJev7y9HjAPKUeGJ_zzhmTaX0VdNvTf9r324dYTB7jRLYOcv5eAaWvdLL-hLA2, CorrelationId:57251e23-5809-4a31-b4b7-66ea6e452351, Elapsed:1271.0348, MemberName:PopulateVirtualEntitiesActualSource, SourceFilePath:C:\__w\1\s\Framework\Adxstudio.Xrm\Caching\VirtualEntitiesCacheHelper.cs, SourceLineNumber:125, Category:Application, Message:The web api getDataSourceId for virtual entity returned empty DataSourceId, ErrorCategory:ApplicationError",80003b8e-0000-e200-b63f-84710c7967bb
2024-01-30T13:08:10,Error,site-85de4385-0987-4ae5-9917-b7715602956d-AUe,7e7bb2,638422168906213308,0,10548,204,"RequestData:, RequestPath:/_services/about, RequestExtension:, SessionId:, UserId:11KWF1WrQ_tOMl5DlpeZnSoPNKbiZYXYy0Achvoju_qSiCPHVw0m4TqnEYVqJGa3sdJ7NpPSSZCWa2pD3fj3S8JpGxJev7y9HjAPKUeGJ_zzhmTaX0VdNvTf9r324dYTB7jRLYOcv5eAaWvdLL-hLA2, CorrelationId:86dd4d2d-6e87-46cd-803c-5efc005b81a9, Elapsed:1099.2228, MemberName:PopulateVirtualEntitiesActualSource, SourceFilePath:C:\__w\1\s\Framework\Adxstudio.Xrm\Caching\VirtualEntitiesCacheHelper.cs, SourceLineNumber:125, Category:Application, Message:The web api getDataSourceId for virtual entity returned empty DataSourceId, ErrorCategory:ApplicationError",80002512-0000-1b00-b63f-84710c7967bb
2024-01-30T13:08:10,Error,site-85de4385-0987-4ae5-9917-b7715602956d-AUe,7e7bb2,638422168906368858,0,10548,151,"RequestData:, RequestPath:/_services/about, RequestExtension:, SessionId:, UserId:11KWF1WrQ_tOMl5DlpeZnSoPNKbiZYXYy0Achvoju_qSiCPHVw0m4TqnEYVqJGa3sdJ7NpPSSZCWa2pD3fj3S8JpGxJev7y9HjAPKUeGJ_zzhmTaX0VdNvTf9r324dYTB7jRLYOcv5eAaWvdLL-hLA2, CorrelationId:57251e23-5809-4a31-b4b7-66ea6e452351, Elapsed:1322.0807, MemberName:PopulateVirtualEntitiesActualSource, SourceFilePath:C:\__w\1\s\Framework\Adxstudio.Xrm\Caching\VirtualEntitiesCacheHelper.cs, SourceLineNumber:125, Category:Application, Message:The web api getDataSourceId for virtual entity returned empty DataSourceId, ErrorCategory:ApplicationError",80003b8e-0000-e200-b63f-84710c7967bb
2024-01-30T13:08:10,Error,site-85de4385-0987-4ae5-9917-b7715602956d-AUe,7e7bb2,638422168906838319,0,10548,204,"RequestData:, RequestPath:/_services/about, RequestExtension:, SessionId:, UserId:11KWF1WrQ_tOMl5DlpeZnSoPNKbiZYXYy0Achvoju_qSiCPHVw0m4TqnEYVqJGa3sdJ7NpPSSZCWa2pD3fj3S8JpGxJev7y9HjAPKUeGJ_zzhmTaX0VdNvTf9r324dYTB7jRLYOcv5eAaWvdLL-hLA2, CorrelationId:86dd4d2d-6e87-46cd-803c-5efc005b81a9, Elapsed:1160.0552, MemberName:PopulateVirtualEntitiesActualSource, SourceFilePath:C:\__w\1\s\Framework\Adxstudio.Xrm\Caching\VirtualEntitiesCacheHelper.cs, SourceLineNumber:125, Category:Application, Message:The web api getDataSourceId for virtual entity returned empty DataSourceId, ErrorCategory:ApplicationError",80002512-0000-1b00-b63f-84710c7967bb
2024-01-30T13:08:10,Error,site-85de4385-0987-4ae5-9917-b7715602956d-AUe,7e7bb2,638422168906838319,0,10548,151,"RequestData:, RequestPath:/_services/about, RequestExtension:, SessionId:, UserId:11KWF1WrQ_tOMl5DlpeZnSoPNKbiZYXYy0Achvoju_qSiCPHVw0m4TqnEYVqJGa3sdJ7NpPSSZCWa2pD3fj3S8JpGxJev7y9HjAPKUeGJ_zzhmTaX0VdNvTf9r324dYTB7jRLYOcv5eAaWvdLL-hLA2, CorrelationId:57251e23-5809-4a31-b4b7-66ea6e452351, Elapsed:1370.3788, MemberName:PopulateVirtualEntitiesActualSource, SourceFilePath:C:\__w\1\s\Framework\Adxstudio.Xrm\Caching\VirtualEntitiesCacheHelper.cs, SourceLineNumber:125, Category:Application, Message:The web api getDataSourceId for virtual entity returned empty DataSourceId, ErrorCategory:ApplicationError",80003b8e-0000-e200-b63f-84710c7967bb
2024-01-30T13:08:10,Error,site-85de4385-0987-4ae5-9917-b7715602956d-AUe,7e7bb2,638422168907463091,0,10548,204,"RequestData:, RequestPath:/_services/about, RequestExtension:, SessionId:, UserId:11KWF1WrQ_tOMl5DlpeZnSoPNKbiZYXYy0Achvoju_qSiCPHVw0m4TqnEYVqJGa3sdJ7NpPSSZCWa2pD3fj3S8JpGxJev7y9HjAPKUeGJ_zzhmTaX0VdNvTf9r324dYTB7jRLYOcv5eAaWvdLL-hLA2, CorrelationId:86dd4d2d-6e87-46cd-803c-5efc005b81a9, Elapsed:1215.2498, MemberName:PopulateVirtualEntitiesActualSource, SourceFilePath:C:\__w\1\s\Framework\Adxstudio.Xrm\Caching\VirtualEntitiesCacheHelper.cs, SourceLineNumber:125, Category:Application, Message:The web api getDataSourceId for virtual entity returned empty DataSourceId, ErrorCategory:ApplicationError",80002512-0000-1b00-b63f-84710c7967bb
2024-01-30T13:08:10,Error,site-85de4385-0987-4ae5-9917-b7715602956d-AUe,7e7bb2,638422168907463091,0,10548,151,"RequestData:, RequestPath:/_services/about, RequestExtension:, SessionId:, UserId:11KWF1WrQ_tOMl5DlpeZnSoPNKbiZYXYy0Achvoju_qSiCPHVw0m4TqnEYVqJGa3sdJ7NpPSSZCWa2pD3fj3S8JpGxJev7y9HjAPKUeGJ_zzhmTaX0VdNvTf9r324dYTB7jRLYOcv5eAaWvdLL-hLA2, CorrelationId:57251e23-5809-4a31-b4b7-66ea6e452351, Elapsed:1426.2899, MemberName:PopulateVirtualEntitiesActualSource, SourceFilePath:C:\__w\1\s\Framework\Adxstudio.Xrm\Caching\VirtualEntitiesCacheHelper.cs, SourceLineNumber:125, Category:Application, Message:The web api getDataSourceId for virtual entity returned empty DataSourceId, ErrorCategory:ApplicationError",80003b8e-0000-e200-b63f-84710c7967bb
2024-01-30T13:08:10,Error,site-85de4385-0987-4ae5-9917-b7715602956d-AUe,7e7bb2,638422168908088045,0,10548,151,"RequestData:, RequestPath:/_services/about, RequestExtension:, SessionId:, UserId:11KWF1WrQ_tOMl5DlpeZnSoPNKbiZYXYy0Achvoju_qSiCPHVw0m4TqnEYVqJGa3sdJ7NpPSSZCWa2pD3fj3S8JpGxJev7y9HjAPKUeGJ_zzhmTaX0VdNvTf9r324dYTB7jRLYOcv5eAaWvdLL-hLA2, CorrelationId:57251e23-5809-4a31-b4b7-66ea6e452351, Elapsed:1486.4794, MemberName:PopulateVirtualEntitiesActualSource, SourceFilePath:C:\__w\1\s\Framework\Adxstudio.Xrm\Caching\VirtualEntitiesCacheHelper.cs, SourceLineNumber:125, Category:Application, Message:The web api getDataSourceId for virtual entity returned empty DataSourceId, ErrorCategory:ApplicationError",80003b8e-0000-e200-b63f-84710c7967bb
2024-01-30T13:08:10,Error,site-85de4385-0987-4ae5-9917-b7715602956d-AUe,7e7bb2,638422168908088045,0,10548,204,"RequestData:, RequestPath:/_services/about, RequestExtension:, SessionId:, UserId:11KWF1WrQ_tOMl5DlpeZnSoPNKbiZYXYy0Achvoju_qSiCPHVw0m4TqnEYVqJGa3sdJ7NpPSSZCWa2pD3fj3S8JpGxJev7y9HjAPKUeGJ_zzhmTaX0VdNvTf9r324dYTB7jRLYOcv5eAaWvdLL-hLA2, CorrelationId:86dd4d2d-6e87-46cd-803c-5efc005b81a9, Elapsed:1276.7583, MemberName:PopulateVirtualEntitiesActualSource, SourceFilePath:C:\__w\1\s\Framework\Adxstudio.Xrm\Caching\VirtualEntitiesCacheHelper.cs, SourceLineNumber:125, Category:Application, Message:The web api getDataSourceId for virtual entity returned empty DataSourceId, ErrorCategory:ApplicationError",80002512-0000-1b00-b63f-84710c7967bb
2024-01-30T13:08:10,Error,site-85de4385-0987-4ae5-9917-b7715602956d-AUe,7e7bb2,638422168908556865,0,10548,151,"RequestData:, RequestPath:/_services/about, RequestExtension:, SessionId:, UserId:11KWF1WrQ_tOMl5DlpeZnSoPNKbiZYXYy0Achvoju_qSiCPHVw0m4TqnEYVqJGa3sdJ7NpPSSZCWa2pD3fj3S8JpGxJev7y9HjAPKUeGJ_zzhmTaX0VdNvTf9r324dYTB7jRLYOcv5eAaWvdLL-hLA2, CorrelationId:57251e23-5809-4a31-b4b7-66ea6e452351, Elapsed:1543.9497, MemberName:PopulateVirtualEntitiesActualSource, SourceFilePath:C:\__w\1\s\Framework\Adxstudio.Xrm\Caching\VirtualEntitiesCacheHelper.cs, SourceLineNumber:125, Category:Application, Message:The web api getDataSourceId for virtual entity returned empty DataSourceId, ErrorCategory:ApplicationError",80003b8e-0000-e200-b63f-84710c7967bb
2024-01-30T13:08:10,Error,site-85de4385-0987-4ae5-9917-b7715602956d-AUe,7e7bb2,638422168908556865,0,10548,204,"RequestData:, RequestPath:/_services/about, RequestExtension:, SessionId:, UserId:11KWF1WrQ_tOMl5DlpeZnSoPNKbiZYXYy0Achvoju_qSiCPHVw0m4TqnEYVqJGa3sdJ7NpPSSZCWa2pD3fj3S8JpGxJev7y9HjAPKUeGJ_zzhmTaX0VdNvTf9r324dYTB7jRLYOcv5eAaWvdLL-hLA2, CorrelationId:86dd4d2d-6e87-46cd-803c-5efc005b81a9, Elapsed:1334.6853, MemberName:PopulateVirtualEntitiesActualSource, SourceFilePath:C:\__w\1\s\Framework\Adxstudio.Xrm\Caching\VirtualEntitiesCacheHelper.cs, SourceLineNumber:125, Category:Application, Message:The web api getDataSourceId for virtual entity returned empty DataSourceId, ErrorCategory:ApplicationError",80002512-0000-1b00-b63f-84710c7967bb
2024-01-30T13:08:10,Error,site-85de4385-0987-4ae5-9917-b7715602956d-AUe,7e7bb2,638422168909181874,0,10548,204,"RequestData:, RequestPath:/_services/about, RequestExtension:, SessionId:, UserId:11KWF1WrQ_tOMl5DlpeZnSoPNKbiZYXYy0Achvoju_qSiCPHVw0m4TqnEYVqJGa3sdJ7NpPSSZCWa2pD3fj3S8JpGxJev7y9HjAPKUeGJ_zzhmTaX0VdNvTf9r324dYTB7jRLYOcv5eAaWvdLL-hLA2, CorrelationId:86dd4d2d-6e87-46cd-803c-5efc005b81a9, Elapsed:1385.1352, MemberName:PopulateVirtualEntitiesActualSource, SourceFilePath:C:\__w\1\s\Framework\Adxstudio.Xrm\Caching\VirtualEntitiesCacheHelper.cs, SourceLineNumber:125, Category:Application, Message:The web api getDataSourceId for virtual entity returned empty DataSourceId, ErrorCategory:ApplicationError",80002512-0000-1b00-b63f-84710c7967bb
2024-01-30T13:08:10,Error,site-85de4385-0987-4ae5-9917-b7715602956d-AUe,7e7bb2,638422168909181874,0,10548,151,"RequestData:, RequestPath:/_services/about, RequestExtension:, SessionId:, UserId:11KWF1WrQ_tOMl5DlpeZnSoPNKbiZYXYy0Achvoju_qSiCPHVw0m4TqnEYVqJGa3sdJ7NpPSSZCWa2pD3fj3S8JpGxJev7y9HjAPKUeGJ_zzhmTaX0VdNvTf9r324dYTB7jRLYOcv5eAaWvdLL-hLA2, CorrelationId:57251e23-5809-4a31-b4b7-66ea6e452351, Elapsed:1595.2711, MemberName:PopulateVirtualEntitiesActualSource, SourceFilePath:C:\__w\1\s\Framework\Adxstudio.Xrm\Caching\VirtualEntitiesCacheHelper.cs, SourceLineNumber:125, Category:Application, Message:The web api getDataSourceId for virtual entity returned empty DataSourceId, ErrorCategory:ApplicationError",80003b8e-0000-e200-b63f-84710c7967bb
2024-01-30T13:08:10,Error,site-85de4385-0987-4ae5-9917-b7715602956d-AUe,7e7bb2,638422168909650093,0,10548,151,"RequestData:, RequestPath:/_services/about, RequestExtension:, SessionId:, UserId:11KWF1WrQ_tOMl5DlpeZnSoPNKbiZYXYy0Achvoju_qSiCPHVw0m4TqnEYVqJGa3sdJ7NpPSSZCWa2pD3fj3S8JpGxJev7y9HjAPKUeGJ_zzhmTaX0VdNvTf9r324dYTB7jRLYOcv5eAaWvdLL-hLA2, CorrelationId:57251e23-5809-4a31-b4b7-66ea6e452351, Elapsed:1647.2506, MemberName:PopulateVirtualEntitiesActualSource, SourceFilePath:C:\__w\1\s\Framework\Adxstudio.Xrm\Caching\VirtualEntitiesCacheHelper.cs, SourceLineNumber:125, Category:Application, Message:The web api getDataSourceId for virtual entity returned empty DataSourceId, ErrorCategory:ApplicationError",80003b8e-0000-e200-b63f-84710c7967bb
2024-01-30T13:08:10,Error,site-85de4385-0987-4ae5-9917-b7715602956d-AUe,7e7bb2,638422168909650093,0,10548,204,"RequestData:, RequestPath:/_services/about, RequestExtension:, SessionId:, UserId:11KWF1WrQ_tOMl5DlpeZnSoPNKbiZYXYy0Achvoju_qSiCPHVw0m4TqnEYVqJGa3sdJ7NpPSSZCWa2pD3fj3S8JpGxJev7y9HjAPKUeGJ_zzhmTaX0VdNvTf9r324dYTB7jRLYOcv5eAaWvdLL-hLA2, CorrelationId:86dd4d2d-6e87-46cd-803c-5efc005b81a9, Elapsed:1439.1135, MemberName:PopulateVirtualEntitiesActualSource, SourceFilePath:C:\__w\1\s\Framework\Adxstudio.Xrm\Caching\VirtualEntitiesCacheHelper.cs, SourceLineNumber:125, Category:Application, Message:The web api getDataSourceId for virtual entity returned empty DataSourceId, ErrorCategory:ApplicationError",80002512-0000-1b00-b63f-84710c7967bb
2024-01-30T13:08:11,Error,site-85de4385-0987-4ae5-9917-b7715602956d-AUe,7e7bb2,638422168910275709,0,10548,204,"RequestData:, RequestPath:/_services/about, RequestExtension:, SessionId:, UserId:11KWF1WrQ_tOMl5DlpeZnSoPNKbiZYXYy0Achvoju_qSiCPHVw0m4TqnEYVqJGa3sdJ7NpPSSZCWa2pD3fj3S8JpGxJev7y9HjAPKUeGJ_zzhmTaX0VdNvTf9r324dYTB7jRLYOcv5eAaWvdLL-hLA2, CorrelationId:86dd4d2d-6e87-46cd-803c-5efc005b81a9, Elapsed:1496.3934, MemberName:PopulateVirtualEntitiesActualSource, SourceFilePath:C:\__w\1\s\Framework\Adxstudio.Xrm\Caching\VirtualEntitiesCacheHelper.cs, SourceLineNumber:125, Category:Application, Message:The web api getDataSourceId for virtual entity returned empty DataSourceId, ErrorCategory:ApplicationError",80002512-0000-1b00-b63f-84710c7967bb
2024-01-30T13:08:11,Error,site-85de4385-0987-4ae5-9917-b7715602956d-AUe,7e7bb2,638422168910275709,0,10548,151,"RequestData:, RequestPath:/_services/about, RequestExtension:, SessionId:, UserId:11KWF1WrQ_tOMl5DlpeZnSoPNKbiZYXYy0Achvoju_qSiCPHVw0m4TqnEYVqJGa3sdJ7NpPSSZCWa2pD3fj3S8JpGxJev7y9HjAPKUeGJ_zzhmTaX0VdNvTf9r324dYTB7jRLYOcv5eAaWvdLL-hLA2, CorrelationId:57251e23-5809-4a31-b4b7-66ea6e452351, Elapsed:1706.366, MemberName:PopulateVirtualEntitiesActualSource, SourceFilePath:C:\__w\1\s\Framework\Adxstudio.Xrm\Caching\VirtualEntitiesCacheHelper.cs, SourceLineNumber:125, Category:Application, Message:The web api getDataSourceId for virtual entity returned empty DataSourceId, ErrorCategory:ApplicationError",80003b8e-0000-e200-b63f-84710c7967bb
2024-01-30T13:08:11,Error,site-85de4385-0987-4ae5-9917-b7715602956d-AUe,7e7bb2,638422168910743869,0,10548,151,"RequestData:, RequestPath:/_services/about, RequestExtension:, SessionId:, UserId:11KWF1WrQ_tOMl5DlpeZnSoPNKbiZYXYy0Achvoju_qSiCPHVw0m4TqnEYVqJGa3sdJ7NpPSSZCWa2pD3fj3S8JpGxJev7y9HjAPKUeGJ_zzhmTaX0VdNvTf9r324dYTB7jRLYOcv5eAaWvdLL-hLA2, CorrelationId:57251e23-5809-4a31-b4b7-66ea6e452351, Elapsed:1763.1369, MemberName:PopulateVirtualEntitiesActualSource, SourceFilePath:C:\__w\1\s\Framework\Adxstudio.Xrm\Caching\VirtualEntitiesCacheHelper.cs, SourceLineNumber:125, Category:Application, Message:The web api getDataSourceId for virtual entity returned empty DataSourceId, ErrorCategory:ApplicationError",80003b8e-0000-e200-b63f-84710c7967bb
2024-01-30T13:08:11,Error,site-85de4385-0987-4ae5-9917-b7715602956d-AUe,7e7bb2,638422168910743869,0,10548,204,"RequestData:, RequestPath:/_services/about, RequestExtension:, SessionId:, UserId:11KWF1WrQ_tOMl5DlpeZnSoPNKbiZYXYy0Achvoju_qSiCPHVw0m4TqnEYVqJGa3sdJ7NpPSSZCWa2pD3fj3S8JpGxJev7y9HjAPKUeGJ_zzhmTaX0VdNvTf9r324dYTB7jRLYOcv5eAaWvdLL-hLA2, CorrelationId:86dd4d2d-6e87-46cd-803c-5efc005b81a9, Elapsed:1553.2772, MemberName:PopulateVirtualEntitiesActualSource, SourceFilePath:C:\__w\1\s\Framework\Adxstudio.Xrm\Caching\VirtualEntitiesCacheHelper.cs, SourceLineNumber:125, Category:Application, Message:The web api getDataSourceId for virtual entity returned empty DataSourceId, ErrorCategory:ApplicationError",80002512-0000-1b00-b63f-84710c7967bb
2024-01-30T13:08:11,Error,site-85de4385-0987-4ae5-9917-b7715602956d-AUe,7e7bb2,638422168911369615,0,10548,204,"RequestData:, RequestPath:/_services/about, RequestExtension:, SessionId:, UserId:11KWF1WrQ_tOMl5DlpeZnSoPNKbiZYXYy0Achvoju_qSiCPHVw0m4TqnEYVqJGa3sdJ7NpPSSZCWa2pD3fj3S8JpGxJev7y9HjAPKUeGJ_zzhmTaX0VdNvTf9r324dYTB7jRLYOcv5eAaWvdLL-hLA2, CorrelationId:86dd4d2d-6e87-46cd-803c-5efc005b81a9, Elapsed:1604.513, MemberName:PopulateVirtualEntitiesActualSource, SourceFilePath:C:\__w\1\s\Framework\Adxstudio.Xrm\Caching\VirtualEntitiesCacheHelper.cs, SourceLineNumber:125, Category:Application, Message:The web api getDataSourceId for virtual entity returned empty DataSourceId, ErrorCategory:ApplicationError",80002512-0000-1b00-b63f-84710c7967bb
2024-01-30T13:08:11,Error,site-85de4385-0987-4ae5-9917-b7715602956d-AUe,7e7bb2,638422168911369615,0,10548,151,"RequestData:, RequestPath:/_services/about, RequestExtension:, SessionId:, UserId:11KWF1WrQ_tOMl5DlpeZnSoPNKbiZYXYy0Achvoju_qSiCPHVw0m4TqnEYVqJGa3sdJ7NpPSSZCWa2pD3fj3S8JpGxJev7y9HjAPKUeGJ_zzhmTaX0VdNvTf9r324dYTB7jRLYOcv5eAaWvdLL-hLA2, CorrelationId:57251e23-5809-4a31-b4b7-66ea6e452351, Elapsed:1815.6291, MemberName:PopulateVirtualEntitiesActualSource, SourceFilePath:C:\__w\1\s\Framework\Adxstudio.Xrm\Caching\VirtualEntitiesCacheHelper.cs, SourceLineNumber:125, Category:Application, Message:The web api getDataSourceId for virtual entity returned empty DataSourceId, ErrorCategory:ApplicationError",80003b8e-0000-e200-b63f-84710c7967bb
2024-01-30T13:08:11,Error,site-85de4385-0987-4ae5-9917-b7715602956d-AUe,7e7bb2,638422168911838286,0,10548,151,"RequestData:, RequestPath:/_services/about, RequestExtension:, SessionId:, UserId:11KWF1WrQ_tOMl5DlpeZnSoPNKbiZYXYy0Achvoju_qSiCPHVw0m4TqnEYVqJGa3sdJ7NpPSSZCWa2pD3fj3S8JpGxJev7y9HjAPKUeGJ_zzhmTaX0VdNvTf9r324dYTB7jRLYOcv5eAaWvdLL-hLA2, CorrelationId:57251e23-5809-4a31-b4b7-66ea6e452351, Elapsed:1868.3825, MemberName:PopulateVirtualEntitiesActualSource, SourceFilePath:C:\__w\1\s\Framework\Adxstudio.Xrm\Caching\VirtualEntitiesCacheHelper.cs, SourceLineNumber:125, Category:Application, Message:The web api getDataSourceId for virtual entity returned empty DataSourceId, ErrorCategory:ApplicationError",80003b8e-0000-e200-b63f-84710c7967bb
2024-01-30T13:08:11,Error,site-85de4385-0987-4ae5-9917-b7715602956d-AUe,7e7bb2,638422168911838286,0,10548,204,"RequestData:, RequestPath:/_services/about, RequestExtension:, SessionId:, UserId:11KWF1WrQ_tOMl5DlpeZnSoPNKbiZYXYy0Achvoju_qSiCPHVw0m4TqnEYVqJGa3sdJ7NpPSSZCWa2pD3fj3S8JpGxJev7y9HjAPKUeGJ_zzhmTaX0VdNvTf9r324dYTB7jRLYOcv5eAaWvdLL-hLA2, CorrelationId:86dd4d2d-6e87-46cd-803c-5efc005b81a9, Elapsed:1663.5115, MemberName:PopulateVirtualEntitiesActualSource, SourceFilePath:C:\__w\1\s\Framework\Adxstudio.Xrm\Caching\VirtualEntitiesCacheHelper.cs, SourceLineNumber:125, Category:Application, Message:The web api getDataSourceId for virtual entity returned empty DataSourceId, ErrorCategory:ApplicationError",80002512-0000-1b00-b63f-84710c7967bb
2024-01-30T13:08:11,Error,site-85de4385-0987-4ae5-9917-b7715602956d-AUe,7e7bb2,638422168912306879,0,10548,204,"RequestData:, RequestPath:/_services/about, RequestExtension:, SessionId:, UserId:11KWF1WrQ_tOMl5DlpeZnSoPNKbiZYXYy0Achvoju_qSiCPHVw0m4TqnEYVqJGa3sdJ7NpPSSZCWa2pD3fj3S8JpGxJev7y9HjAPKUeGJ_zzhmTaX0VdNvTf9r324dYTB7jRLYOcv5eAaWvdLL-hLA2, CorrelationId:86dd4d2d-6e87-46cd-803c-5efc005b81a9, Elapsed:1710.8497, MemberName:PopulateVirtualEntitiesActualSource, SourceFilePath:C:\__w\1\s\Framework\Adxstudio.Xrm\Caching\VirtualEntitiesCacheHelper.cs, SourceLineNumber:125, Category:Application, Message:The web api getDataSourceId for virtual entity returned empty DataSourceId, ErrorCategory:ApplicationError",80002512-0000-1b00-b63f-84710c7967bb
2024-01-30T13:08:11,Error,site-85de4385-0987-4ae5-9917-b7715602956d-AUe,7e7bb2,638422168912306879,0,10548,151,"RequestData:, RequestPath:/_services/about, RequestExtension:, SessionId:, UserId:11KWF1WrQ_tOMl5DlpeZnSoPNKbiZYXYy0Achvoju_qSiCPHVw0m4TqnEYVqJGa3sdJ7NpPSSZCWa2pD3fj3S8JpGxJev7y9HjAPKUeGJ_zzhmTaX0VdNvTf9r324dYTB7jRLYOcv5eAaWvdLL-hLA2, CorrelationId:57251e23-5809-4a31-b4b7-66ea6e452351, Elapsed:1920.9869, MemberName:PopulateVirtualEntitiesActualSource, SourceFilePath:C:\__w\1\s\Framework\Adxstudio.Xrm\Caching\VirtualEntitiesCacheHelper.cs, SourceLineNumber:125, Category:Application, Message:The web api getDataSourceId for virtual entity returned empty DataSourceId, ErrorCategory:ApplicationError",80003b8e-0000-e200-b63f-84710c7967bb
2024-01-30T13:08:11,Error,site-85de4385-0987-4ae5-9917-b7715602956d-AUe,7e7bb2,638422168912931917,0,10548,204,"RequestData:, RequestPath:/_services/about, RequestExtension:, SessionId:, UserId:11KWF1WrQ_tOMl5DlpeZnSoPNKbiZYXYy0Achvoju_qSiCPHVw0m4TqnEYVqJGa3sdJ7NpPSSZCWa2pD3fj3S8JpGxJev7y9HjAPKUeGJ_zzhmTaX0VdNvTf9r324dYTB7jRLYOcv5eAaWvdLL-hLA2, CorrelationId:86dd4d2d-6e87-46cd-803c-5efc005b81a9, Elapsed:1762.5516, MemberName:PopulateVirtualEntitiesActualSource, SourceFilePath:C:\__w\1\s\Framework\Adxstudio.Xrm\Caching\VirtualEntitiesCacheHelper.cs, SourceLineNumber:125, Category:Application, Message:The web api getDataSourceId for virtual entity returned empty DataSourceId, ErrorCategory:ApplicationError",80002512-0000-1b00-b63f-84710c7967bb
2024-01-30T13:08:11,Error,site-85de4385-0987-4ae5-9917-b7715602956d-AUe,7e7bb2,638422168912931917,0,10548,151,"RequestData:, RequestPath:/_services/about, RequestExtension:, SessionId:, UserId:11KWF1WrQ_tOMl5DlpeZnSoPNKbiZYXYy0Achvoju_qSiCPHVw0m4TqnEYVqJGa3sdJ7NpPSSZCWa2pD3fj3S8JpGxJev7y9HjAPKUeGJ_zzhmTaX0VdNvTf9r324dYTB7jRLYOcv5eAaWvdLL-hLA2, CorrelationId:57251e23-5809-4a31-b4b7-66ea6e452351, Elapsed:1972.9237, MemberName:PopulateVirtualEntitiesActualSource, SourceFilePath:C:\__w\1\s\Framework\Adxstudio.Xrm\Caching\VirtualEntitiesCacheHelper.cs, SourceLineNumber:125, Category:Application, Message:The web api getDataSourceId for virtual entity returned empty DataSourceId, ErrorCategory:ApplicationError",80003b8e-0000-e200-b63f-84710c7967bb
2024-01-30T13:08:11,Error,site-85de4385-0987-4ae5-9917-b7715602956d-AUe,7e7bb2,638422168913400665,0,10548,151,"RequestData:, RequestPath:/_services/about, RequestExtension:, SessionId:, UserId:11KWF1WrQ_tOMl5DlpeZnSoPNKbiZYXYy0Achvoju_qSiCPHVw0m4TqnEYVqJGa3sdJ7NpPSSZCWa2pD3fj3S8JpGxJev7y9HjAPKUeGJ_zzhmTaX0VdNvTf9r324dYTB7jRLYOcv5eAaWvdLL-hLA2, CorrelationId:57251e23-5809-4a31-b4b7-66ea6e452351, Elapsed:2022.587, MemberName:PopulateVirtualEntitiesActualSource, SourceFilePath:C:\__w\1\s\Framework\Adxstudio.Xrm\Caching\VirtualEntitiesCacheHelper.cs, SourceLineNumber:125, Category:Application, Message:The web api getDataSourceId for virtual entity returned empty DataSourceId, ErrorCategory:ApplicationError",80003b8e-0000-e200-b63f-84710c7967bb
2024-01-30T13:08:11,Error,site-85de4385-0987-4ae5-9917-b7715602956d-AUe,7e7bb2,638422168913400665,0,10548,204,"RequestData:, RequestPath:/_services/about, RequestExtension:, SessionId:, UserId:11KWF1WrQ_tOMl5DlpeZnSoPNKbiZYXYy0Achvoju_qSiCPHVw0m4TqnEYVqJGa3sdJ7NpPSSZCWa2pD3fj3S8JpGxJev7y9HjAPKUeGJ_zzhmTaX0VdNvTf9r324dYTB7jRLYOcv5eAaWvdLL-hLA2, CorrelationId:86dd4d2d-6e87-46cd-803c-5efc005b81a9, Elapsed:1813.7285, MemberName:PopulateVirtualEntitiesActualSource, SourceFilePath:C:\__w\1\s\Framework\Adxstudio.Xrm\Caching\VirtualEntitiesCacheHelper.cs, SourceLineNumber:125, Category:Application, Message:The web api getDataSourceId for virtual entity returned empty DataSourceId, ErrorCategory:ApplicationError",80002512-0000-1b00-b63f-84710c7967bb
2024-01-30T13:08:11,Error,site-85de4385-0987-4ae5-9917-b7715602956d-AUe,7e7bb2,638422168913868917,0,10548,151,"RequestData:, RequestPath:/_services/about, RequestExtension:, SessionId:, UserId:11KWF1WrQ_tOMl5DlpeZnSoPNKbiZYXYy0Achvoju_qSiCPHVw0m4TqnEYVqJGa3sdJ7NpPSSZCWa2pD3fj3S8JpGxJev7y9HjAPKUeGJ_zzhmTaX0VdNvTf9r324dYTB7jRLYOcv5eAaWvdLL-hLA2, CorrelationId:57251e23-5809-4a31-b4b7-66ea6e452351, Elapsed:2075.7621, MemberName:PopulateVirtualEntitiesActualSource, SourceFilePath:C:\__w\1\s\Framework\Adxstudio.Xrm\Caching\VirtualEntitiesCacheHelper.cs, SourceLineNumber:125, Category:Application, Message:The web api getDataSourceId for virtual entity returned empty DataSourceId, ErrorCategory:ApplicationError",80003b8e-0000-e200-b63f-84710c7967bb
2024-01-30T13:08:11,Error,site-85de4385-0987-4ae5-9917-b7715602956d-AUe,7e7bb2,638422168914025184,0,10548,204,"RequestData:, RequestPath:/_services/about, RequestExtension:, SessionId:, UserId:11KWF1WrQ_tOMl5DlpeZnSoPNKbiZYXYy0Achvoju_qSiCPHVw0m4TqnEYVqJGa3sdJ7NpPSSZCWa2pD3fj3S8JpGxJev7y9HjAPKUeGJ_zzhmTaX0VdNvTf9r324dYTB7jRLYOcv5eAaWvdLL-hLA2, CorrelationId:86dd4d2d-6e87-46cd-803c-5efc005b81a9, Elapsed:1869.4524, MemberName:PopulateVirtualEntitiesActualSource, SourceFilePath:C:\__w\1\s\Framework\Adxstudio.Xrm\Caching\VirtualEntitiesCacheHelper.cs, SourceLineNumber:125, Category:Application, Message:The web api getDataSourceId for virtual entity returned empty DataSourceId, ErrorCategory:ApplicationError",80002512-0000-1b00-b63f-84710c7967bb
2024-01-30T13:08:11,Error,site-85de4385-0987-4ae5-9917-b7715602956d-AUe,7e7bb2,638422168914494451,0,10548,151,"RequestData:, RequestPath:/_services/about, RequestExtension:, SessionId:, UserId:11KWF1WrQ_tOMl5DlpeZnSoPNKbiZYXYy0Achvoju_qSiCPHVw0m4TqnEYVqJGa3sdJ7NpPSSZCWa2pD3fj3S8JpGxJev7y9HjAPKUeGJ_zzhmTaX0VdNvTf9r324dYTB7jRLYOcv5eAaWvdLL-hLA2, CorrelationId:57251e23-5809-4a31-b4b7-66ea6e452351, Elapsed:2128.1967, MemberName:PopulateVirtualEntitiesActualSource, SourceFilePath:C:\__w\1\s\Framework\Adxstudio.Xrm\Caching\VirtualEntitiesCacheHelper.cs, SourceLineNumber:125, Category:Application, Message:The web api getDataSourceId for virtual entity returned empty DataSourceId, ErrorCategory:ApplicationError",80003b8e-0000-e200-b63f-84710c7967bb
2024-01-30T13:08:11,Error,site-85de4385-0987-4ae5-9917-b7715602956d-AUe,7e7bb2,638422168914494451,0,10548,204,"RequestData:, RequestPath:/_services/about, RequestExtension:, SessionId:, UserId:11KWF1WrQ_tOMl5DlpeZnSoPNKbiZYXYy0Achvoju_qSiCPHVw0m4TqnEYVqJGa3sdJ7NpPSSZCWa2pD3fj3S8JpGxJev7y9HjAPKUeGJ_zzhmTaX0VdNvTf9r324dYTB7jRLYOcv5eAaWvdLL-hLA2, CorrelationId:86dd4d2d-6e87-46cd-803c-5efc005b81a9, Elapsed:1918.5132, MemberName:PopulateVirtualEntitiesActualSource, SourceFilePath:C:\__w\1\s\Framework\Adxstudio.Xrm\Caching\VirtualEntitiesCacheHelper.cs, SourceLineNumber:125, Category:Application, Message:The web api getDataSourceId for virtual entity returned empty DataSourceId, ErrorCategory:ApplicationError",80002512-0000-1b00-b63f-84710c7967bb
2024-01-30T13:08:11,Error,site-85de4385-0987-4ae5-9917-b7715602956d-AUe,7e7bb2,638422168914963184,0,10548,151,"RequestData:, RequestPath:/_services/about, RequestExtension:, SessionId:, UserId:11KWF1WrQ_tOMl5DlpeZnSoPNKbiZYXYy0Achvoju_qSiCPHVw0m4TqnEYVqJGa3sdJ7NpPSSZCWa2pD3fj3S8JpGxJev7y9HjAPKUeGJ_zzhmTaX0VdNvTf9r324dYTB7jRLYOcv5eAaWvdLL-hLA2, CorrelationId:57251e23-5809-4a31-b4b7-66ea6e452351, Elapsed:2180.1717, MemberName:PopulateVirtualEntitiesActualSource, SourceFilePath:C:\__w\1\s\Framework\Adxstudio.Xrm\Caching\VirtualEntitiesCacheHelper.cs, SourceLineNumber:125, Category:Application, Message:The web api getDataSourceId for virtual entity returned empty DataSourceId, ErrorCategory:ApplicationError",80003b8e-0000-e200-b63f-84710c7967bb
2024-01-30T13:08:11,Error,site-85de4385-0987-4ae5-9917-b7715602956d-AUe,7e7bb2,638422168914963184,0,10548,204,"RequestData:, RequestPath:/_services/about, RequestExtension:, SessionId:, UserId:11KWF1WrQ_tOMl5DlpeZnSoPNKbiZYXYy0Achvoju_qSiCPHVw0m4TqnEYVqJGa3sdJ7NpPSSZCWa2pD3fj3S8JpGxJev7y9HjAPKUeGJ_zzhmTaX0VdNvTf9r324dYTB7jRLYOcv5eAaWvdLL-hLA2, CorrelationId:86dd4d2d-6e87-46cd-803c-5efc005b81a9, Elapsed:1970.2204, MemberName:PopulateVirtualEntitiesActualSource, SourceFilePath:C:\__w\1\s\Framework\Adxstudio.Xrm\Caching\VirtualEntitiesCacheHelper.cs, SourceLineNumber:125, Category:Application, Message:The web api getDataSourceId for virtual entity returned empty DataSourceId, ErrorCategory:ApplicationError",80002512-0000-1b00-b63f-84710c7967bb
2024-01-30T13:08:11,Error,site-85de4385-0987-4ae5-9917-b7715602956d-AUe,7e7bb2,638422168915431981,0,10548,151,"RequestData:, RequestPath:/_services/about, RequestExtension:, SessionId:, UserId:11KWF1WrQ_tOMl5DlpeZnSoPNKbiZYXYy0Achvoju_qSiCPHVw0m4TqnEYVqJGa3sdJ7NpPSSZCWa2pD3fj3S8JpGxJev7y9HjAPKUeGJ_zzhmTaX0VdNvTf9r324dYTB7jRLYOcv5eAaWvdLL-hLA2, CorrelationId:57251e23-5809-4a31-b4b7-66ea6e452351, Elapsed:2230.7028, MemberName:PopulateVirtualEntitiesActualSource, SourceFilePath:C:\__w\1\s\Framework\Adxstudio.Xrm\Caching\VirtualEntitiesCacheHelper.cs, SourceLineNumber:125, Category:Application, Message:The web api getDataSourceId for virtual entity returned empty DataSourceId, ErrorCategory:ApplicationError",80003b8e-0000-e200-b63f-84710c7967bb
2024-01-30T13:08:11,Error,site-85de4385-0987-4ae5-9917-b7715602956d-AUe,7e7bb2,638422168915587731,0,10548,204,"RequestData:, RequestPath:/_services/about, RequestExtension:, SessionId:, UserId:11KWF1WrQ_tOMl5DlpeZnSoPNKbiZYXYy0Achvoju_qSiCPHVw0m4TqnEYVqJGa3sdJ7NpPSSZCWa2pD3fj3S8JpGxJev7y9HjAPKUeGJ_zzhmTaX0VdNvTf9r324dYTB7jRLYOcv5eAaWvdLL-hLA2, CorrelationId:86dd4d2d-6e87-46cd-803c-5efc005b81a9, Elapsed:2031.1102, MemberName:PopulateVirtualEntitiesActualSource, SourceFilePath:C:\__w\1\s\Framework\Adxstudio.Xrm\Caching\VirtualEntitiesCacheHelper.cs, SourceLineNumber:125, Category:Application, Message:The web api getDataSourceId for virtual entity returned empty DataSourceId, ErrorCategory:ApplicationError",80002512-0000-1b00-b63f-84710c7967bb
2024-01-30T13:08:11,Error,site-85de4385-0987-4ae5-9917-b7715602956d-AUe,7e7bb2,638422168916056985,0,10548,151,"RequestData:, RequestPath:/_services/about, RequestExtension:, SessionId:, UserId:11KWF1WrQ_tOMl5DlpeZnSoPNKbiZYXYy0Achvoju_qSiCPHVw0m4TqnEYVqJGa3sdJ7NpPSSZCWa2pD3fj3S8JpGxJev7y9HjAPKUeGJ_zzhmTaX0VdNvTf9r324dYTB7jRLYOcv5eAaWvdLL-hLA2, CorrelationId:57251e23-5809-4a31-b4b7-66ea6e452351, Elapsed:2282.107, MemberName:PopulateVirtualEntitiesActualSource, SourceFilePath:C:\__w\1\s\Framework\Adxstudio.Xrm\Caching\VirtualEntitiesCacheHelper.cs, SourceLineNumber:125, Category:Application, Message:The web api getDataSourceId for virtual entity returned empty DataSourceId, ErrorCategory:ApplicationError",80003b8e-0000-e200-b63f-84710c7967bb
2024-01-30T13:08:11,Error,site-85de4385-0987-4ae5-9917-b7715602956d-AUe,7e7bb2,638422168916056985,0,10548,204,"RequestData:, RequestPath:/_services/about, RequestExtension:, SessionId:, UserId:11KWF1WrQ_tOMl5DlpeZnSoPNKbiZYXYy0Achvoju_qSiCPHVw0m4TqnEYVqJGa3sdJ7NpPSSZCWa2pD3fj3S8JpGxJev7y9HjAPKUeGJ_zzhmTaX0VdNvTf9r324dYTB7jRLYOcv5eAaWvdLL-hLA2, CorrelationId:86dd4d2d-6e87-46cd-803c-5efc005b81a9, Elapsed:2083.4635, MemberName:PopulateVirtualEntitiesActualSource, SourceFilePath:C:\__w\1\s\Framework\Adxstudio.Xrm\Caching\VirtualEntitiesCacheHelper.cs, SourceLineNumber:125, Category:Application, Message:The web api getDataSourceId for virtual entity returned empty DataSourceId, ErrorCategory:ApplicationError",80002512-0000-1b00-b63f-84710c7967bb
2024-01-30T13:08:11,Error,site-85de4385-0987-4ae5-9917-b7715602956d-AUe,7e7bb2,638422168916525910,0,10548,151,"RequestData:, RequestPath:/_services/about, RequestExtension:, SessionId:, UserId:11KWF1WrQ_tOMl5DlpeZnSoPNKbiZYXYy0Achvoju_qSiCPHVw0m4TqnEYVqJGa3sdJ7NpPSSZCWa2pD3fj3S8JpGxJev7y9HjAPKUeGJ_zzhmTaX0VdNvTf9r324dYTB7jRLYOcv5eAaWvdLL-hLA2, CorrelationId:57251e23-5809-4a31-b4b7-66ea6e452351, Elapsed:2338.6349, MemberName:PopulateVirtualEntitiesActualSource, SourceFilePath:C:\__w\1\s\Framework\Adxstudio.Xrm\Caching\VirtualEntitiesCacheHelper.cs, SourceLineNumber:125, Category:Application, Message:The web api getDataSourceId for virtual entity returned empty DataSourceId, ErrorCategory:ApplicationError",80003b8e-0000-e200-b63f-84710c7967bb
2024-01-30T13:08:11,Error,site-85de4385-0987-4ae5-9917-b7715602956d-AUe,7e7bb2,638422168916525910,0,10548,204,"RequestData:, RequestPath:/_services/about, RequestExtension:, SessionId:, UserId:11KWF1WrQ_tOMl5DlpeZnSoPNKbiZYXYy0Achvoju_qSiCPHVw0m4TqnEYVqJGa3sdJ7NpPSSZCWa2pD3fj3S8JpGxJev7y9HjAPKUeGJ_zzhmTaX0VdNvTf9r324dYTB7jRLYOcv5eAaWvdLL-hLA2, CorrelationId:86dd4d2d-6e87-46cd-803c-5efc005b81a9, Elapsed:2132.5329, MemberName:PopulateVirtualEntitiesActualSource, SourceFilePath:C:\__w\1\s\Framework\Adxstudio.Xrm\Caching\VirtualEntitiesCacheHelper.cs, SourceLineNumber:125, Category:Application, Message:The web api getDataSourceId for virtual entity returned empty DataSourceId, ErrorCategory:ApplicationError",80002512-0000-1b00-b63f-84710c7967bb
2024-01-30T13:08:11,Error,site-85de4385-0987-4ae5-9917-b7715602956d-AUe,7e7bb2,638422168916994310,0,10548,204,"RequestData:, RequestPath:/_services/about, RequestExtension:, SessionId:, UserId:11KWF1WrQ_tOMl5DlpeZnSoPNKbiZYXYy0Achvoju_qSiCPHVw0m4TqnEYVqJGa3sdJ7NpPSSZCWa2pD3fj3S8JpGxJev7y9HjAPKUeGJ_zzhmTaX0VdNvTf9r324dYTB7jRLYOcv5eAaWvdLL-hLA2, CorrelationId:86dd4d2d-6e87-46cd-803c-5efc005b81a9, Elapsed:2177.5219, MemberName:PopulateVirtualEntitiesActualSource, SourceFilePath:C:\__w\1\s\Framework\Adxstudio.Xrm\Caching\VirtualEntitiesCacheHelper.cs, SourceLineNumber:125, Category:Application, Message:The web api getDataSourceId for virtual entity returned empty DataSourceId, ErrorCategory:ApplicationError",80002512-0000-1b00-b63f-84710c7967bb
2024-01-30T13:08:11,Error,site-85de4385-0987-4ae5-9917-b7715602956d-AUe,7e7bb2,638422168916994310,0,10548,151,"RequestData:, RequestPath:/_services/about, RequestExtension:, SessionId:, UserId:11KWF1WrQ_tOMl5DlpeZnSoPNKbiZYXYy0Achvoju_qSiCPHVw0m4TqnEYVqJGa3sdJ7NpPSSZCWa2pD3fj3S8JpGxJev7y9HjAPKUeGJ_zzhmTaX0VdNvTf9r324dYTB7jRLYOcv5eAaWvdLL-hLA2, CorrelationId:57251e23-5809-4a31-b4b7-66ea6e452351, Elapsed:2388.4597, MemberName:PopulateVirtualEntitiesActualSource, SourceFilePath:C:\__w\1\s\Framework\Adxstudio.Xrm\Caching\VirtualEntitiesCacheHelper.cs, SourceLineNumber:125, Category:Application, Message:The web api getDataSourceId for virtual entity returned empty DataSourceId, ErrorCategory:ApplicationError",80003b8e-0000-e200-b63f-84710c7967bb
2024-01-30T13:08:11,Error,site-85de4385-0987-4ae5-9917-b7715602956d-AUe,7e7bb2,638422168917619013,0,10548,204,"RequestData:, RequestPath:/_services/about, RequestExtension:, SessionId:, UserId:11KWF1WrQ_tOMl5DlpeZnSoPNKbiZYXYy0Achvoju_qSiCPHVw0m4TqnEYVqJGa3sdJ7NpPSSZCWa2pD3fj3S8JpGxJev7y9HjAPKUeGJ_zzhmTaX0VdNvTf9r324dYTB7jRLYOcv5eAaWvdLL-hLA2, CorrelationId:86dd4d2d-6e87-46cd-803c-5efc005b81a9, Elapsed:2227.9632, MemberName:PopulateVirtualEntitiesActualSource, SourceFilePath:C:\__w\1\s\Framework\Adxstudio.Xrm\Caching\VirtualEntitiesCacheHelper.cs, SourceLineNumber:125, Category:Application, Message:The web api getDataSourceId for virtual entity returned empty DataSourceId, ErrorCategory:ApplicationError",80002512-0000-1b00-b63f-84710c7967bb
2024-01-30T13:08:11,Error,site-85de4385-0987-4ae5-9917-b7715602956d-AUe,7e7bb2,638422168917619013,0,10548,151,"RequestData:, RequestPath:/_services/about, RequestExtension:, SessionId:, UserId:11KWF1WrQ_tOMl5DlpeZnSoPNKbiZYXYy0Achvoju_qSiCPHVw0m4TqnEYVqJGa3sdJ7NpPSSZCWa2pD3fj3S8JpGxJev7y9HjAPKUeGJ_zzhmTaX0VdNvTf9r324dYTB7jRLYOcv5eAaWvdLL-hLA2, CorrelationId:57251e23-5809-4a31-b4b7-66ea6e452351, Elapsed:2440.2044, MemberName:PopulateVirtualEntitiesActualSource, SourceFilePath:C:\__w\1\s\Framework\Adxstudio.Xrm\Caching\VirtualEntitiesCacheHelper.cs, SourceLineNumber:125, Category:Application, Message:The web api getDataSourceId for virtual entity returned empty DataSourceId, ErrorCategory:ApplicationError",80003b8e-0000-e200-b63f-84710c7967bb
2024-01-30T13:08:11,Error,site-85de4385-0987-4ae5-9917-b7715602956d-AUe,7e7bb2,638422168918088519,0,10548,204,"RequestData:, RequestPath:/_services/about, RequestExtension:, SessionId:, UserId:11KWF1WrQ_tOMl5DlpeZnSoPNKbiZYXYy0Achvoju_qSiCPHVw0m4TqnEYVqJGa3sdJ7NpPSSZCWa2pD3fj3S8JpGxJev7y9HjAPKUeGJ_zzhmTaX0VdNvTf9r324dYTB7jRLYOcv5eAaWvdLL-hLA2, CorrelationId:86dd4d2d-6e87-46cd-803c-5efc005b81a9, Elapsed:2280.5534, MemberName:PopulateVirtualEntitiesActualSource, SourceFilePath:C:\__w\1\s\Framework\Adxstudio.Xrm\Caching\VirtualEntitiesCacheHelper.cs, SourceLineNumber:125, Category:Application, Message:The web api getDataSourceId for virtual entity returned empty DataSourceId, ErrorCategory:ApplicationError",80002512-0000-1b00-b63f-84710c7967bb
2024-01-30T13:08:11,Error,site-85de4385-0987-4ae5-9917-b7715602956d-AUe,7e7bb2,638422168918088519,0,10548,151,"RequestData:, RequestPath:/_services/about, RequestExtension:, SessionId:, UserId:11KWF1WrQ_tOMl5DlpeZnSoPNKbiZYXYy0Achvoju_qSiCPHVw0m4TqnEYVqJGa3sdJ7NpPSSZCWa2pD3fj3S8JpGxJev7y9HjAPKUeGJ_zzhmTaX0VdNvTf9r324dYTB7jRLYOcv5eAaWvdLL-hLA2, CorrelationId:57251e23-5809-4a31-b4b7-66ea6e452351, Elapsed:2495.8898, MemberName:PopulateVirtualEntitiesActualSource, SourceFilePath:C:\__w\1\s\Framework\Adxstudio.Xrm\Caching\VirtualEntitiesCacheHelper.cs, SourceLineNumber:125, Category:Application, Message:The web api getDataSourceId for virtual entity returned empty DataSourceId, ErrorCategory:ApplicationError",80003b8e-0000-e200-b63f-84710c7967bb
2024-01-30T13:08:11,Error,site-85de4385-0987-4ae5-9917-b7715602956d-AUe,7e7bb2,638422168918557016,0,10548,204,"RequestData:, RequestPath:/_services/about, RequestExtension:, SessionId:, UserId:11KWF1WrQ_tOMl5DlpeZnSoPNKbiZYXYy0Achvoju_qSiCPHVw0m4TqnEYVqJGa3sdJ7NpPSSZCWa2pD3fj3S8JpGxJev7y9HjAPKUeGJ_zzhmTaX0VdNvTf9r324dYTB7jRLYOcv5eAaWvdLL-hLA2, CorrelationId:86dd4d2d-6e87-46cd-803c-5efc005b81a9, Elapsed:2331.8527, MemberName:PopulateVirtualEntitiesActualSource, SourceFilePath:C:\__w\1\s\Framework\Adxstudio.Xrm\Caching\VirtualEntitiesCacheHelper.cs, SourceLineNumber:125, Category:Application, Message:The web api getDataSourceId for virtual entity returned empty DataSourceId, ErrorCategory:ApplicationError",80002512-0000-1b00-b63f-84710c7967bb
2024-01-30T13:08:11,Error,site-85de4385-0987-4ae5-9917-b7715602956d-AUe,7e7bb2,638422168918713268,0,10548,151,"RequestData:, RequestPath:/_services/about, RequestExtension:, SessionId:, UserId:11KWF1WrQ_tOMl5DlpeZnSoPNKbiZYXYy0Achvoju_qSiCPHVw0m4TqnEYVqJGa3sdJ7NpPSSZCWa2pD3fj3S8JpGxJev7y9HjAPKUeGJ_zzhmTaX0VdNvTf9r324dYTB7jRLYOcv5eAaWvdLL-hLA2, CorrelationId:57251e23-5809-4a31-b4b7-66ea6e452351, Elapsed:2546.9747, MemberName:PopulateVirtualEntitiesActualSource, SourceFilePath:C:\__w\1\s\Framework\Adxstudio.Xrm\Caching\VirtualEntitiesCacheHelper.cs, SourceLineNumber:125, Category:Application, Message:The web api getDataSourceId for virtual entity returned empty DataSourceId, ErrorCategory:ApplicationError",80003b8e-0000-e200-b63f-84710c7967bb
2024-01-30T13:08:12,Error,site-85de4385-0987-4ae5-9917-b7715602956d-AUe,7e7bb2,638422168921994827,0,10548,204,"RequestData:, RequestPath:/_services/about, RequestExtension:, SessionId:, UserId:11KWF1WrQ_tOMl5DlpeZnSoPNKbiZYXYy0Achvoju_qSiCPHVw0m4TqnEYVqJGa3sdJ7NpPSSZCWa2pD3fj3S8JpGxJev7y9HjAPKUeGJ_zzhmTaX0VdNvTf9r324dYTB7jRLYOcv5eAaWvdLL-hLA2, CorrelationId:86dd4d2d-6e87-46cd-803c-5efc005b81a9, Elapsed:2679.3634, MemberName:PopulateVirtualEntitiesActualSource, SourceFilePath:C:\__w\1\s\Framework\Adxstudio.Xrm\Caching\VirtualEntitiesCacheHelper.cs, SourceLineNumber:125, Category:Application, Message:The web api getDataSourceId for virtual entity returned empty DataSourceId, ErrorCategory:ApplicationError",80002512-0000-1b00-b63f-84710c7967bb
2024-01-30T13:08:12,Error,site-85de4385-0987-4ae5-9917-b7715602956d-AUe,7e7bb2,638422168922307288,0,10548,151,"RequestData:, RequestPath:/_services/about, RequestExtension:, SessionId:, UserId:11KWF1WrQ_tOMl5DlpeZnSoPNKbiZYXYy0Achvoju_qSiCPHVw0m4TqnEYVqJGa3sdJ7NpPSSZCWa2pD3fj3S8JpGxJev7y9HjAPKUeGJ_zzhmTaX0VdNvTf9r324dYTB7jRLYOcv5eAaWvdLL-hLA2, CorrelationId:57251e23-5809-4a31-b4b7-66ea6e452351, Elapsed:2911.2486, MemberName:PopulateVirtualEntitiesActualSource, SourceFilePath:C:\__w\1\s\Framework\Adxstudio.Xrm\Caching\VirtualEntitiesCacheHelper.cs, SourceLineNumber:125, Category:Application, Message:The web api getDataSourceId for virtual entity returned empty DataSourceId, ErrorCategory:ApplicationError",80003b8e-0000-e200-b63f-84710c7967bb
2024-01-30T13:08:12,Error,site-85de4385-0987-4ae5-9917-b7715602956d-AUe,7e7bb2,638422168922620611,0,10548,204,"RequestData:, RequestPath:/_services/about, RequestExtension:, SessionId:, UserId:11KWF1WrQ_tOMl5DlpeZnSoPNKbiZYXYy0Achvoju_qSiCPHVw0m4TqnEYVqJGa3sdJ7NpPSSZCWa2pD3fj3S8JpGxJev7y9HjAPKUeGJ_zzhmTaX0VdNvTf9r324dYTB7jRLYOcv5eAaWvdLL-hLA2, CorrelationId:86dd4d2d-6e87-46cd-803c-5efc005b81a9, Elapsed:2730.4476, MemberName:PopulateVirtualEntitiesActualSource, SourceFilePath:C:\__w\1\s\Framework\Adxstudio.Xrm\Caching\VirtualEntitiesCacheHelper.cs, SourceLineNumber:125, Category:Application, Message:The web api getDataSourceId for virtual entity returned empty DataSourceId, ErrorCategory:ApplicationError",80002512-0000-1b00-b63f-84710c7967bb
2024-01-30T13:08:12,Error,site-85de4385-0987-4ae5-9917-b7715602956d-AUe,7e7bb2,638422168922775387,0,10548,151,"RequestData:, RequestPath:/_services/about, RequestExtension:, SessionId:, UserId:11KWF1WrQ_tOMl5DlpeZnSoPNKbiZYXYy0Achvoju_qSiCPHVw0m4TqnEYVqJGa3sdJ7NpPSSZCWa2pD3fj3S8JpGxJev7y9HjAPKUeGJ_zzhmTaX0VdNvTf9r324dYTB7jRLYOcv5eAaWvdLL-hLA2, CorrelationId:57251e23-5809-4a31-b4b7-66ea6e452351, Elapsed:2966.5036, MemberName:PopulateVirtualEntitiesActualSource, SourceFilePath:C:\__w\1\s\Framework\Adxstudio.Xrm\Caching\VirtualEntitiesCacheHelper.cs, SourceLineNumber:125, Category:Application, Message:The web api getDataSourceId for virtual entity returned empty DataSourceId, ErrorCategory:ApplicationError",80003b8e-0000-e200-b63f-84710c7967bb
2024-01-30T13:08:12,Error,site-85de4385-0987-4ae5-9917-b7715602956d-AUe,7e7bb2,638422168923087854,0,10548,204,"RequestData:, RequestPath:/_services/about, RequestExtension:, SessionId:, UserId:11KWF1WrQ_tOMl5DlpeZnSoPNKbiZYXYy0Achvoju_qSiCPHVw0m4TqnEYVqJGa3sdJ7NpPSSZCWa2pD3fj3S8JpGxJev7y9HjAPKUeGJ_zzhmTaX0VdNvTf9r324dYTB7jRLYOcv5eAaWvdLL-hLA2, CorrelationId:86dd4d2d-6e87-46cd-803c-5efc005b81a9, Elapsed:2780.3235, MemberName:PopulateVirtualEntitiesActualSource, SourceFilePath:C:\__w\1\s\Framework\Adxstudio.Xrm\Caching\VirtualEntitiesCacheHelper.cs, SourceLineNumber:125, Category:Application, Message:The web api getDataSourceId for virtual entity returned empty DataSourceId, ErrorCategory:ApplicationError",80002512-0000-1b00-b63f-84710c7967bb
2024-01-30T13:08:12,Error,site-85de4385-0987-4ae5-9917-b7715602956d-AUe,7e7bb2,638422168923400413,0,10548,151,"RequestData:, RequestPath:/_services/about, RequestExtension:, SessionId:, UserId:11KWF1WrQ_tOMl5DlpeZnSoPNKbiZYXYy0Achvoju_qSiCPHVw0m4TqnEYVqJGa3sdJ7NpPSSZCWa2pD3fj3S8JpGxJev7y9HjAPKUeGJ_zzhmTaX0VdNvTf9r324dYTB7jRLYOcv5eAaWvdLL-hLA2, CorrelationId:57251e23-5809-4a31-b4b7-66ea6e452351, Elapsed:3018.3574, MemberName:PopulateVirtualEntitiesActualSource, SourceFilePath:C:\__w\1\s\Framework\Adxstudio.Xrm\Caching\VirtualEntitiesCacheHelper.cs, SourceLineNumber:125, Category:Application, Message:The web api getDataSourceId for virtual entity returned empty DataSourceId, ErrorCategory:ApplicationError",80003b8e-0000-e200-b63f-84710c7967bb
2024-01-30T13:08:12,Error,site-85de4385-0987-4ae5-9917-b7715602956d-AUe,7e7bb2,638422168923556610,0,10548,204,"RequestData:, RequestPath:/_services/about, RequestExtension:, SessionId:, UserId:11KWF1WrQ_tOMl5DlpeZnSoPNKbiZYXYy0Achvoju_qSiCPHVw0m4TqnEYVqJGa3sdJ7NpPSSZCWa2pD3fj3S8JpGxJev7y9HjAPKUeGJ_zzhmTaX0VdNvTf9r324dYTB7jRLYOcv5eAaWvdLL-hLA2, CorrelationId:86dd4d2d-6e87-46cd-803c-5efc005b81a9, Elapsed:2829.1068, MemberName:PopulateVirtualEntitiesActualSource, SourceFilePath:C:\__w\1\s\Framework\Adxstudio.Xrm\Caching\VirtualEntitiesCacheHelper.cs, SourceLineNumber:125, Category:Application, Message:The web api getDataSourceId for virtual entity returned empty DataSourceId, ErrorCategory:ApplicationError",80002512-0000-1b00-b63f-84710c7967bb
2024-01-30T13:08:12,Error,site-85de4385-0987-4ae5-9917-b7715602956d-AUe,7e7bb2,638422168923869125,0,10548,151,"RequestData:, RequestPath:/_services/about, RequestExtension:, SessionId:, UserId:11KWF1WrQ_tOMl5DlpeZnSoPNKbiZYXYy0Achvoju_qSiCPHVw0m4TqnEYVqJGa3sdJ7NpPSSZCWa2pD3fj3S8JpGxJev7y9HjAPKUeGJ_zzhmTaX0VdNvTf9r324dYTB7jRLYOcv5eAaWvdLL-hLA2, CorrelationId:57251e23-5809-4a31-b4b7-66ea6e452351, Elapsed:3066.921, MemberName:PopulateVirtualEntitiesActualSource, SourceFilePath:C:\__w\1\s\Framework\Adxstudio.Xrm\Caching\VirtualEntitiesCacheHelper.cs, SourceLineNumber:125, Category:Application, Message:The web api getDataSourceId for virtual entity returned empty DataSourceId, ErrorCategory:ApplicationError",80003b8e-0000-e200-b63f-84710c7967bb
2024-01-30T13:08:12,Error,site-85de4385-0987-4ae5-9917-b7715602956d-AUe,7e7bb2,638422168924025488,0,10548,204,"RequestData:, RequestPath:/_services/about, RequestExtension:, SessionId:, UserId:11KWF1WrQ_tOMl5DlpeZnSoPNKbiZYXYy0Achvoju_qSiCPHVw0m4TqnEYVqJGa3sdJ7NpPSSZCWa2pD3fj3S8JpGxJev7y9HjAPKUeGJ_zzhmTaX0VdNvTf9r324dYTB7jRLYOcv5eAaWvdLL-hLA2, CorrelationId:86dd4d2d-6e87-46cd-803c-5efc005b81a9, Elapsed:2876.3905, MemberName:PopulateVirtualEntitiesActualSource, SourceFilePath:C:\__w\1\s\Framework\Adxstudio.Xrm\Caching\VirtualEntitiesCacheHelper.cs, SourceLineNumber:125, Category:Application, Message:The web api getDataSourceId for virtual entity returned empty DataSourceId, ErrorCategory:ApplicationError",80002512-0000-1b00-b63f-84710c7967bb
2024-01-30T13:08:12,Error,site-85de4385-0987-4ae5-9917-b7715602956d-AUe,7e7bb2,638422168924338638,0,10548,151,"RequestData:, RequestPath:/_services/about, RequestExtension:, SessionId:, UserId:11KWF1WrQ_tOMl5DlpeZnSoPNKbiZYXYy0Achvoju_qSiCPHVw0m4TqnEYVqJGa3sdJ7NpPSSZCWa2pD3fj3S8JpGxJev7y9HjAPKUeGJ_zzhmTaX0VdNvTf9r324dYTB7jRLYOcv5eAaWvdLL-hLA2, CorrelationId:57251e23-5809-4a31-b4b7-66ea6e452351, Elapsed:3122.6375, MemberName:PopulateVirtualEntitiesActualSource, SourceFilePath:C:\__w\1\s\Framework\Adxstudio.Xrm\Caching\VirtualEntitiesCacheHelper.cs, SourceLineNumber:125, Category:Application, Message:The web api getDataSourceId for virtual entity returned empty DataSourceId, ErrorCategory:ApplicationError",80003b8e-0000-e200-b63f-84710c7967bb
2024-01-30T13:08:12,Error,site-85de4385-0987-4ae5-9917-b7715602956d-AUe,7e7bb2,638422168924651178,0,10548,204,"RequestData:, RequestPath:/_services/about, RequestExtension:, SessionId:, UserId:11KWF1WrQ_tOMl5DlpeZnSoPNKbiZYXYy0Achvoju_qSiCPHVw0m4TqnEYVqJGa3sdJ7NpPSSZCWa2pD3fj3S8JpGxJev7y9HjAPKUeGJ_zzhmTaX0VdNvTf9r324dYTB7jRLYOcv5eAaWvdLL-hLA2, CorrelationId:86dd4d2d-6e87-46cd-803c-5efc005b81a9, Elapsed:2932.8618, MemberName:PopulateVirtualEntitiesActualSource, SourceFilePath:C:\__w\1\s\Framework\Adxstudio.Xrm\Caching\VirtualEntitiesCacheHelper.cs, SourceLineNumber:125, Category:Application, Message:The web api getDataSourceId for virtual entity returned empty DataSourceId, ErrorCategory:ApplicationError",80002512-0000-1b00-b63f-84710c7967bb
2024-01-30T13:08:12,Error,site-85de4385-0987-4ae5-9917-b7715602956d-AUe,7e7bb2,638422168924963646,0,10548,151,"RequestData:, RequestPath:/_services/about, RequestExtension:, SessionId:, UserId:11KWF1WrQ_tOMl5DlpeZnSoPNKbiZYXYy0Achvoju_qSiCPHVw0m4TqnEYVqJGa3sdJ7NpPSSZCWa2pD3fj3S8JpGxJev7y9HjAPKUeGJ_zzhmTaX0VdNvTf9r324dYTB7jRLYOcv5eAaWvdLL-hLA2, CorrelationId:57251e23-5809-4a31-b4b7-66ea6e452351, Elapsed:3176.7144, MemberName:PopulateVirtualEntitiesActualSource, SourceFilePath:C:\__w\1\s\Framework\Adxstudio.Xrm\Caching\VirtualEntitiesCacheHelper.cs, SourceLineNumber:125, Category:Application, Message:The web api getDataSourceId for virtual entity returned empty DataSourceId, ErrorCategory:ApplicationError",80003b8e-0000-e200-b63f-84710c7967bb
2024-01-30T13:08:12,Error,site-85de4385-0987-4ae5-9917-b7715602956d-AUe,7e7bb2,638422168925120059,0,10548,204,"RequestData:, RequestPath:/_services/about, RequestExtension:, SessionId:, UserId:11KWF1WrQ_tOMl5DlpeZnSoPNKbiZYXYy0Achvoju_qSiCPHVw0m4TqnEYVqJGa3sdJ7NpPSSZCWa2pD3fj3S8JpGxJev7y9HjAPKUeGJ_zzhmTaX0VdNvTf9r324dYTB7jRLYOcv5eAaWvdLL-hLA2, CorrelationId:86dd4d2d-6e87-46cd-803c-5efc005b81a9, Elapsed:2992.258, MemberName:PopulateVirtualEntitiesActualSource, SourceFilePath:C:\__w\1\s\Framework\Adxstudio.Xrm\Caching\VirtualEntitiesCacheHelper.cs, SourceLineNumber:125, Category:Application, Message:The web api getDataSourceId for virtual entity returned empty DataSourceId, ErrorCategory:ApplicationError",80002512-0000-1b00-b63f-84710c7967bb
2024-01-30T13:08:12,Error,site-85de4385-0987-4ae5-9917-b7715602956d-AUe,7e7bb2,638422168925432438,0,10548,151,"RequestData:, RequestPath:/_services/about, RequestExtension:, SessionId:, UserId:11KWF1WrQ_tOMl5DlpeZnSoPNKbiZYXYy0Achvoju_qSiCPHVw0m4TqnEYVqJGa3sdJ7NpPSSZCWa2pD3fj3S8JpGxJev7y9HjAPKUeGJ_zzhmTaX0VdNvTf9r324dYTB7jRLYOcv5eAaWvdLL-hLA2, CorrelationId:57251e23-5809-4a31-b4b7-66ea6e452351, Elapsed:3230.6015, MemberName:PopulateVirtualEntitiesActualSource, SourceFilePath:C:\__w\1\s\Framework\Adxstudio.Xrm\Caching\VirtualEntitiesCacheHelper.cs, SourceLineNumber:125, Category:Application, Message:The web api getDataSourceId for virtual entity returned empty DataSourceId, ErrorCategory:ApplicationError",80003b8e-0000-e200-b63f-84710c7967bb
2024-01-30T13:08:12,Error,site-85de4385-0987-4ae5-9917-b7715602956d-AUe,7e7bb2,638422168925744161,0,10548,204,"RequestData:, RequestPath:/_services/about, RequestExtension:, SessionId:, UserId:11KWF1WrQ_tOMl5DlpeZnSoPNKbiZYXYy0Achvoju_qSiCPHVw0m4TqnEYVqJGa3sdJ7NpPSSZCWa2pD3fj3S8JpGxJev7y9HjAPKUeGJ_zzhmTaX0VdNvTf9r324dYTB7jRLYOcv5eAaWvdLL-hLA2, CorrelationId:86dd4d2d-6e87-46cd-803c-5efc005b81a9, Elapsed:3047.35, MemberName:PopulateVirtualEntitiesActualSource, SourceFilePath:C:\__w\1\s\Framework\Adxstudio.Xrm\Caching\VirtualEntitiesCacheHelper.cs, SourceLineNumber:125, Category:Application, Message:The web api getDataSourceId for virtual entity returned empty DataSourceId, ErrorCategory:ApplicationError",80002512-0000-1b00-b63f-84710c7967bb
2024-01-30T13:08:12,Error,site-85de4385-0987-4ae5-9917-b7715602956d-AUe,7e7bb2,638422168925900404,0,10548,151,"RequestData:, RequestPath:/_services/about, RequestExtension:, SessionId:, UserId:11KWF1WrQ_tOMl5DlpeZnSoPNKbiZYXYy0Achvoju_qSiCPHVw0m4TqnEYVqJGa3sdJ7NpPSSZCWa2pD3fj3S8JpGxJev7y9HjAPKUeGJ_zzhmTaX0VdNvTf9r324dYTB7jRLYOcv5eAaWvdLL-hLA2, CorrelationId:57251e23-5809-4a31-b4b7-66ea6e452351, Elapsed:3280.1637, MemberName:PopulateVirtualEntitiesActualSource, SourceFilePath:C:\__w\1\s\Framework\Adxstudio.Xrm\Caching\VirtualEntitiesCacheHelper.cs, SourceLineNumber:125, Category:Application, Message:The web api getDataSourceId for virtual entity returned empty DataSourceId, ErrorCategory:ApplicationError",80003b8e-0000-e200-b63f-84710c7967bb
2024-01-30T13:08:12,Error,site-85de4385-0987-4ae5-9917-b7715602956d-AUe,7e7bb2,638422168926212935,0,10548,204,"RequestData:, RequestPath:/_services/about, RequestExtension:, SessionId:, UserId:11KWF1WrQ_tOMl5DlpeZnSoPNKbiZYXYy0Achvoju_qSiCPHVw0m4TqnEYVqJGa3sdJ7NpPSSZCWa2pD3fj3S8JpGxJev7y9HjAPKUeGJ_zzhmTaX0VdNvTf9r324dYTB7jRLYOcv5eAaWvdLL-hLA2, CorrelationId:86dd4d2d-6e87-46cd-803c-5efc005b81a9, Elapsed:3096.5783, MemberName:PopulateVirtualEntitiesActualSource, SourceFilePath:C:\__w\1\s\Framework\Adxstudio.Xrm\Caching\VirtualEntitiesCacheHelper.cs, SourceLineNumber:125, Category:Application, Message:The web api getDataSourceId for virtual entity returned empty DataSourceId, ErrorCategory:ApplicationError",80002512-0000-1b00-b63f-84710c7967bb
2024-01-30T13:08:12,Error,site-85de4385-0987-4ae5-9917-b7715602956d-AUe,7e7bb2,638422168926525545,0,10548,151,"RequestData:, RequestPath:/_services/about, RequestExtension:, SessionId:, UserId:11KWF1WrQ_tOMl5DlpeZnSoPNKbiZYXYy0Achvoju_qSiCPHVw0m4TqnEYVqJGa3sdJ7NpPSSZCWa2pD3fj3S8JpGxJev7y9HjAPKUeGJ_zzhmTaX0VdNvTf9r324dYTB7jRLYOcv5eAaWvdLL-hLA2, CorrelationId:57251e23-5809-4a31-b4b7-66ea6e452351, Elapsed:3329.5835, MemberName:PopulateVirtualEntitiesActualSource, SourceFilePath:C:\__w\1\s\Framework\Adxstudio.Xrm\Caching\VirtualEntitiesCacheHelper.cs, SourceLineNumber:125, Category:Application, Message:The web api getDataSourceId for virtual entity returned empty DataSourceId, ErrorCategory:ApplicationError",80003b8e-0000-e200-b63f-84710c7967bb
2024-01-30T13:08:12,Error,site-85de4385-0987-4ae5-9917-b7715602956d-AUe,7e7bb2,638422168926681700,0,10548,204,"RequestData:, RequestPath:/_services/about, RequestExtension:, SessionId:, UserId:11KWF1WrQ_tOMl5DlpeZnSoPNKbiZYXYy0Achvoju_qSiCPHVw0m4TqnEYVqJGa3sdJ7NpPSSZCWa2pD3fj3S8JpGxJev7y9HjAPKUeGJ_zzhmTaX0VdNvTf9r324dYTB7jRLYOcv5eAaWvdLL-hLA2, CorrelationId:86dd4d2d-6e87-46cd-803c-5efc005b81a9, Elapsed:3146.9588, MemberName:PopulateVirtualEntitiesActualSource, SourceFilePath:C:\__w\1\s\Framework\Adxstudio.Xrm\Caching\VirtualEntitiesCacheHelper.cs, SourceLineNumber:125, Category:Application, Message:The web api getDataSourceId for virtual entity returned empty DataSourceId, ErrorCategory:ApplicationError",80002512-0000-1b00-b63f-84710c7967bb
2024-01-30T13:08:12,Error,site-85de4385-0987-4ae5-9917-b7715602956d-AUe,7e7bb2,638422168927306789,0,10548,204,"RequestData:, RequestPath:/_services/about, RequestExtension:, SessionId:, UserId:11KWF1WrQ_tOMl5DlpeZnSoPNKbiZYXYy0Achvoju_qSiCPHVw0m4TqnEYVqJGa3sdJ7NpPSSZCWa2pD3fj3S8JpGxJev7y9HjAPKUeGJ_zzhmTaX0VdNvTf9r324dYTB7jRLYOcv5eAaWvdLL-hLA2, CorrelationId:86dd4d2d-6e87-46cd-803c-5efc005b81a9, Elapsed:3195.9265, MemberName:PopulateVirtualEntitiesActualSource, SourceFilePath:C:\__w\1\s\Framework\Adxstudio.Xrm\Caching\VirtualEntitiesCacheHelper.cs, SourceLineNumber:125, Category:Application, Message:The web api getDataSourceId for virtual entity returned empty DataSourceId, ErrorCategory:ApplicationError",80002512-0000-1b00-b63f-84710c7967bb
2024-01-30T13:08:12,Error,site-85de4385-0987-4ae5-9917-b7715602956d-AUe,7e7bb2,638422168927776225,0,10548,204,"RequestData:, RequestPath:/_services/about, RequestExtension:, SessionId:, UserId:11KWF1WrQ_tOMl5DlpeZnSoPNKbiZYXYy0Achvoju_qSiCPHVw0m4TqnEYVqJGa3sdJ7NpPSSZCWa2pD3fj3S8JpGxJev7y9HjAPKUeGJ_zzhmTaX0VdNvTf9r324dYTB7jRLYOcv5eAaWvdLL-hLA2, CorrelationId:86dd4d2d-6e87-46cd-803c-5efc005b81a9, Elapsed:3248.5808, MemberName:PopulateVirtualEntitiesActualSource, SourceFilePath:C:\__w\1\s\Framework\Adxstudio.Xrm\Caching\VirtualEntitiesCacheHelper.cs, SourceLineNumber:125, Category:Application, Message:The web api getDataSourceId for virtual entity returned empty DataSourceId, ErrorCategory:ApplicationError",80002512-0000-1b00-b63f-84710c7967bb
2024-01-30T13:08:12,Error,site-85de4385-0987-4ae5-9917-b7715602956d-AUe,7e7bb2,638422168928713503,0,10548,204,"RequestData:, RequestPath:/_services/about, RequestExtension:, SessionId:, UserId:11KWF1WrQ_tOMl5DlpeZnSoPNKbiZYXYy0Achvoju_qSiCPHVw0m4TqnEYVqJGa3sdJ7NpPSSZCWa2pD3fj3S8JpGxJev7y9HjAPKUeGJ_zzhmTaX0VdNvTf9r324dYTB7jRLYOcv5eAaWvdLL-hLA2, CorrelationId:86dd4d2d-6e87-46cd-803c-5efc005b81a9, Elapsed:3341.4007, MemberName:PopulateVirtualEntitiesActualSource, SourceFilePath:C:\__w\1\s\Framework\Adxstudio.Xrm\Caching\VirtualEntitiesCacheHelper.cs, SourceLineNumber:125, Category:Application, Message:The web api getDataSourceId for virtual entity returned empty DataSourceId, ErrorCategory:ApplicationError",80002512-0000-1b00-b63f-84710c7967bb
2024-01-30T13:08:12,Error,site-85de4385-0987-4ae5-9917-b7715602956d-AUe,7e7bb2,638422168929182269,0,10548,204,"RequestData:, RequestPath:/_services/about, RequestExtension:, SessionId:, UserId:11KWF1WrQ_tOMl5DlpeZnSoPNKbiZYXYy0Achvoju_qSiCPHVw0m4TqnEYVqJGa3sdJ7NpPSSZCWa2pD3fj3S8JpGxJev7y9HjAPKUeGJ_zzhmTaX0VdNvTf9r324dYTB7jRLYOcv5eAaWvdLL-hLA2, CorrelationId:86dd4d2d-6e87-46cd-803c-5efc005b81a9, Elapsed:3390.6077, MemberName:PopulateVirtualEntitiesActualSource, SourceFilePath:C:\__w\1\s\Framework\Adxstudio.Xrm\Caching\VirtualEntitiesCacheHelper.cs, SourceLineNumber:125, Category:Application, Message:The web api getDataSourceId for virtual entity returned empty DataSourceId, ErrorCategory:ApplicationError",80002512-0000-1b00-b63f-84710c7967bb
2024-01-30T13:08:12,Error,site-85de4385-0987-4ae5-9917-b7715602956d-AUe,7e7bb2,638422168929651065,0,10548,204,"RequestData:, RequestPath:/_services/about, RequestExtension:, SessionId:, UserId:11KWF1WrQ_tOMl5DlpeZnSoPNKbiZYXYy0Achvoju_qSiCPHVw0m4TqnEYVqJGa3sdJ7NpPSSZCWa2pD3fj3S8JpGxJev7y9HjAPKUeGJ_zzhmTaX0VdNvTf9r324dYTB7jRLYOcv5eAaWvdLL-hLA2, CorrelationId:86dd4d2d-6e87-46cd-803c-5efc005b81a9, Elapsed:3438.513, MemberName:PopulateVirtualEntitiesActualSource, SourceFilePath:C:\__w\1\s\Framework\Adxstudio.Xrm\Caching\VirtualEntitiesCacheHelper.cs, SourceLineNumber:125, Category:Application, Message:The web api getDataSourceId for virtual entity returned empty DataSourceId, ErrorCategory:ApplicationError",80002512-0000-1b00-b63f-84710c7967bb
2024-01-30T13:08:13,Error,site-85de4385-0987-4ae5-9917-b7715602956d-AUe,7e7bb2,638422168930121687,0,10548,204,"RequestData:, RequestPath:/_services/about, RequestExtension:, SessionId:, UserId:11KWF1WrQ_tOMl5DlpeZnSoPNKbiZYXYy0Achvoju_qSiCPHVw0m4TqnEYVqJGa3sdJ7NpPSSZCWa2pD3fj3S8JpGxJev7y9HjAPKUeGJ_zzhmTaX0VdNvTf9r324dYTB7jRLYOcv5eAaWvdLL-hLA2, CorrelationId:86dd4d2d-6e87-46cd-803c-5efc005b81a9, Elapsed:3488.6431, MemberName:PopulateVirtualEntitiesActualSource, SourceFilePath:C:\__w\1\s\Framework\Adxstudio.Xrm\Caching\VirtualEntitiesCacheHelper.cs, SourceLineNumber:125, Category:Application, Message:The web api getDataSourceId for virtual entity returned empty DataSourceId, ErrorCategory:ApplicationError",80002512-0000-1b00-b63f-84710c7967bb
2024-01-30T13:08:13,Error,site-85de4385-0987-4ae5-9917-b7715602956d-AUe,7e7bb2,638422168930588135,0,10548,204,"RequestData:, RequestPath:/_services/about, RequestExtension:, SessionId:, UserId:11KWF1WrQ_tOMl5DlpeZnSoPNKbiZYXYy0Achvoju_qSiCPHVw0m4TqnEYVqJGa3sdJ7NpPSSZCWa2pD3fj3S8JpGxJev7y9HjAPKUeGJ_zzhmTaX0VdNvTf9r324dYTB7jRLYOcv5eAaWvdLL-hLA2, CorrelationId:86dd4d2d-6e87-46cd-803c-5efc005b81a9, Elapsed:3538.9526, MemberName:PopulateVirtualEntitiesActualSource, SourceFilePath:C:\__w\1\s\Framework\Adxstudio.Xrm\Caching\VirtualEntitiesCacheHelper.cs, SourceLineNumber:125, Category:Application, Message:The web api getDataSourceId for virtual entity returned empty DataSourceId, ErrorCategory:ApplicationError",80002512-0000-1b00-b63f-84710c7967bb
2024-01-30T13:08:13,Error,site-85de4385-0987-4ae5-9917-b7715602956d-AUe,7e7bb2,638422168931213812,0,10548,204,"RequestData:, RequestPath:/_services/about, RequestExtension:, SessionId:, UserId:11KWF1WrQ_tOMl5DlpeZnSoPNKbiZYXYy0Achvoju_qSiCPHVw0m4TqnEYVqJGa3sdJ7NpPSSZCWa2pD3fj3S8JpGxJev7y9HjAPKUeGJ_zzhmTaX0VdNvTf9r324dYTB7jRLYOcv5eAaWvdLL-hLA2, CorrelationId:86dd4d2d-6e87-46cd-803c-5efc005b81a9, Elapsed:3594.9075, MemberName:PopulateVirtualEntitiesActualSource, SourceFilePath:C:\__w\1\s\Framework\Adxstudio.Xrm\Caching\VirtualEntitiesCacheHelper.cs, SourceLineNumber:125, Category:Application, Message:The web api getDataSourceId for virtual entity returned empty DataSourceId, ErrorCategory:ApplicationError",80002512-0000-1b00-b63f-84710c7967bb
2024-01-30T13:08:13,Error,site-85de4385-0987-4ae5-9917-b7715602956d-AUe,7e7bb2,638422168931682571,0,10548,204,"RequestData:, RequestPath:/_services/about, RequestExtension:, SessionId:, UserId:11KWF1WrQ_tOMl5DlpeZnSoPNKbiZYXYy0Achvoju_qSiCPHVw0m4TqnEYVqJGa3sdJ7NpPSSZCWa2pD3fj3S8JpGxJev7y9HjAPKUeGJ_zzhmTaX0VdNvTf9r324dYTB7jRLYOcv5eAaWvdLL-hLA2, CorrelationId:86dd4d2d-6e87-46cd-803c-5efc005b81a9, Elapsed:3644.1229, MemberName:PopulateVirtualEntitiesActualSource, SourceFilePath:C:\__w\1\s\Framework\Adxstudio.Xrm\Caching\VirtualEntitiesCacheHelper.cs, SourceLineNumber:125, Category:Application, Message:The web api getDataSourceId for virtual entity returned empty DataSourceId, ErrorCategory:ApplicationError",80002512-0000-1b00-b63f-84710c7967bb
2024-01-30T13:08:13,Error,site-85de4385-0987-4ae5-9917-b7715602956d-AUe,7e7bb2,638422168932151129,0,10548,204,"RequestData:, RequestPath:/_services/about, RequestExtension:, SessionId:, UserId:11KWF1WrQ_tOMl5DlpeZnSoPNKbiZYXYy0Achvoju_qSiCPHVw0m4TqnEYVqJGa3sdJ7NpPSSZCWa2pD3fj3S8JpGxJev7y9HjAPKUeGJ_zzhmTaX0VdNvTf9r324dYTB7jRLYOcv5eAaWvdLL-hLA2, CorrelationId:86dd4d2d-6e87-46cd-803c-5efc005b81a9, Elapsed:3694.7837, MemberName:PopulateVirtualEntitiesActualSource, SourceFilePath:C:\__w\1\s\Framework\Adxstudio.Xrm\Caching\VirtualEntitiesCacheHelper.cs, SourceLineNumber:125, Category:Application, Message:The web api getDataSourceId for virtual entity returned empty DataSourceId, ErrorCategory:ApplicationError",80002512-0000-1b00-b63f-84710c7967bb
2024-01-30T13:08:13,Error,site-85de4385-0987-4ae5-9917-b7715602956d-AUe,7e7bb2,638422168932775603,0,10548,204,"RequestData:, RequestPath:/_services/about, RequestExtension:, SessionId:, UserId:11KWF1WrQ_tOMl5DlpeZnSoPNKbiZYXYy0Achvoju_qSiCPHVw0m4TqnEYVqJGa3sdJ7NpPSSZCWa2pD3fj3S8JpGxJev7y9HjAPKUeGJ_zzhmTaX0VdNvTf9r324dYTB7jRLYOcv5eAaWvdLL-hLA2, CorrelationId:86dd4d2d-6e87-46cd-803c-5efc005b81a9, Elapsed:3743.8501, MemberName:PopulateVirtualEntitiesActualSource, SourceFilePath:C:\__w\1\s\Framework\Adxstudio.Xrm\Caching\VirtualEntitiesCacheHelper.cs, SourceLineNumber:125, Category:Application, Message:The web api getDataSourceId for virtual entity returned empty DataSourceId, ErrorCategory:ApplicationError",80002512-0000-1b00-b63f-84710c7967bb
2024-01-30T13:08:13,Error,site-85de4385-0987-4ae5-9917-b7715602956d-AUe,7e7bb2,638422168933244495,0,10548,204,"RequestData:, RequestPath:/_services/about, RequestExtension:, SessionId:, UserId:11KWF1WrQ_tOMl5DlpeZnSoPNKbiZYXYy0Achvoju_qSiCPHVw0m4TqnEYVqJGa3sdJ7NpPSSZCWa2pD3fj3S8JpGxJev7y9HjAPKUeGJ_zzhmTaX0VdNvTf9r324dYTB7jRLYOcv5eAaWvdLL-hLA2, CorrelationId:86dd4d2d-6e87-46cd-803c-5efc005b81a9, Elapsed:3793.3413, MemberName:PopulateVirtualEntitiesActualSource, SourceFilePath:C:\__w\1\s\Framework\Adxstudio.Xrm\Caching\VirtualEntitiesCacheHelper.cs, SourceLineNumber:125, Category:Application, Message:The web api getDataSourceId for virtual entity returned empty DataSourceId, ErrorCategory:ApplicationError",80002512-0000-1b00-b63f-84710c7967bb
2024-01-30T13:17:08,Error,site-85de4385-0987-4ae5-9917-b7715602956d-AUe,7e7bb2,638422174282408341,0,10548,141,"RequestData:, RequestPath:/App-Form-Page/, RequestExtension:, SessionId:5fjsa1u1tqpjslfofwxzierl, UserId:11KWF1WrQ_tOMl5DlpeZnSoPNKbiZYXYy0Achvoju_qSiCPHVw0m4TqnEYVqJGa3sdJ7NpPSSZCWa2pD3fj3S8JpGxJev7y9HjAPKUeGJ_zzhmTaX0VdNvTf9r324dYTB7jRLYOcv5eAaWvdLL-hLA2, CorrelationId:99ba7498-56b8-47a5-9676-6bddc458b944, Elapsed:3259.3107, MemberName:ProcessRedirect, SourceFilePath:C:\__w\1\s\Framework\Adxstudio.Xrm\Web\UI\WebControls\EntityForm.cs, SourceLineNumber:1742, Category:EntityForm, Message:adx_entityform.adx_entityform_redirectwebpage is null, ErrorCategory:UserError",80003338-0001-b000-b63f-84710c7967bb
