date,level,applicationName,instanceId,eventTickCount,eventId,pid,tid,message,activityId
2024-03-12T05:29:17,Error,site-85de4385-0987-4ae5-9917-b7715602956d-AUe,0cce7d,638458181578313721,0,722452,77,"RequestData:, RequestPath:, RequestExtension:, SessionId:, UserId:, CorrelationId:00000000-0000-0000-0000-000000000000, Elapsed:0, RequestMethod:, RequestContentType:, RequestAccept:, RequestCacheControl:, UserAgent:, HandlerName:, HandlerExecuted:False, VaryByCustom:, MemberName:HandleExceptionAsync, SourceFilePath:C:\__w\1\s\Framework\Adxstudio.Xrm\Identity\MSAL\MsalTokenManager.cs, SourceLineNumber:211, ExceptionMessage:AADSTS9002313: Invalid request. Request is malformed or invalid. Trace ID: 01cee482-aaa5-49fc-a882-e13378980f00 Correlation ID: b7cb9452-3160-4000-8716-7b3d7c0cce3a Timestamp: 2024-03-12 05:29:17Z
Microsoft.Identity.Client.MsalUiRequiredException
   at Microsoft.Identity.Client.OAuth2.OAuth2Client.ThrowServerException(HttpResponse response, RequestContext requestContext)
   at Microsoft.Identity.Client.OAuth2.OAuth2Client.CreateResponse[T](HttpResponse response, RequestContext requestContext)
   at Microsoft.Identity.Client.OAuth2.OAuth2Client.<ExecuteRequestAsync>d__12`1.MoveNext()
--- End of stack trace from previous location where exception was thrown ---
   at System.Runtime.ExceptionServices.ExceptionDispatchInfo.Throw()
   at System.Runtime.CompilerServices.TaskAwaiter.HandleNonSuccessAndDebuggerNotification(Task task)
   at Microsoft.Identity.Client.OAuth2.OAuth2Client.<GetTokenAsync>d__11.MoveNext()
--- End of stack trace from previous location where exception was thrown ---
   at System.Runtime.ExceptionServices.ExceptionDispatchInfo.Throw()
   at System.Runtime.CompilerServices.TaskAwaiter.HandleNonSuccessAndDebuggerNotification(Task task)
   at Microsoft.Identity.Client.OAuth2.TokenClient.<SendHttpAndClearTelemetryAsync>d__11.MoveNext()
--- End of stack trace from previous location where exception was thrown ---
   at System.Runtime.ExceptionServices.ExceptionDispatchInfo.Throw()
   at Microsoft.Identity.Client.OAuth2.TokenClient.<SendHttpAndClearTelemetryAsync>d__11.MoveNext()
--- End of stack trace from previous location where exception was thrown ---
   at System.Runtime.ExceptionServices.ExceptionDispatchInfo.Throw()
   at System.Runtime.CompilerServices.TaskAwaiter.HandleNonSuccessAndDebuggerNotification(Task task)
   at Microsoft.Identity.Client.OAuth2.TokenClient.<SendTokenRequestAsync>d__5.MoveNext()
--- End of stack trace from previous location where exception was thrown ---
   at System.Runtime.ExceptionServices.ExceptionDispatchInfo.Throw()
   at System.Runtime.CompilerServices.TaskAwaiter.HandleNonSuccessAndDebuggerNotification(Task task)
   at Microsoft.Identity.Client.Internal.Requests.RequestBase.<SendTokenRequestAsync>d__25.MoveNext()
--- End of stack trace from previous location where exception was thrown ---
   at System.Runtime.ExceptionServices.ExceptionDispatchInfo.Throw()
   at System.Runtime.CompilerServices.TaskAwaiter.HandleNonSuccessAndDebuggerNotification(Task task)
   at Microsoft.Identity.Client.Internal.Requests.ConfidentialAuthCodeRequest.<ExecuteAsync>d__2.MoveNext()
--- End of stack trace from previous location where exception was thrown ---
   at System.Runtime.ExceptionServices.ExceptionDispatchInfo.Throw()
   at System.Runtime.CompilerServices.TaskAwaiter.HandleNonSuccessAndDebuggerNotification(Task task)
   at Microsoft.Identity.Client.Internal.Requests.RequestBase.<RunAsync>d__12.MoveNext()
--- End of stack trace from previous location where exception was thrown ---
   at System.Runtime.ExceptionServices.ExceptionDispatchInfo.Throw()
   at System.Runtime.CompilerServices.TaskAwaiter.HandleNonSuccessAndDebuggerNotification(Task task)
   at Microsoft.Identity.Client.ApiConfig.Executors.ConfidentialClientExecutor.<ExecuteAsync>d__2.MoveNext()
--- End of stack trace from previous location where exception was thrown ---
   at System.Runtime.ExceptionServices.ExceptionDispatchInfo.Throw()
   at System.Runtime.CompilerServices.TaskAwaiter.HandleNonSuccessAndDebuggerNotification(Task task)
   at Adxstudio.Xrm.Identity.MSAL.MsalTokenProvider.<GetTokenByAuthorizationCodeAsync>d__6.MoveNext() in C:\__w\1\s\Framework\Adxstudio.Xrm\Identity\MSAL\MsalTokenProvider.cs:line 136
--- End of stack trace from previous location where exception was thrown ---
   at System.Runtime.ExceptionServices.ExceptionDispatchInfo.Throw()
   at System.Runtime.CompilerServices.TaskAwaiter.HandleNonSuccessAndDebuggerNotification(Task task)
   at Adxstudio.Xrm.Identity.MSAL.MsalTokenManager.<>c__DisplayClass9_0.<<GetTokenByAuthorizationCodeAsync>b__0>d.MoveNext() in C:\__w\1\s\Framework\Adxstudio.Xrm\Identity\MSAL\MsalTokenManager.cs:line 137
--- End of stack trace from previous location where exception was thrown ---
   at System.Runtime.ExceptionServices.ExceptionDispatchInfo.Throw()
   at System.Runtime.CompilerServices.TaskAwaiter.HandleNonSuccessAndDebuggerNotification(Task task)
   at Adxstudio.Xrm.Identity.MSAL.MsalTokenManager.<HandleExceptionAsync>d__12`1.MoveNext() in C:\__w\1\s\Framework\Adxstudio.Xrm\Identity\MSAL\MsalTokenManager.cs:line 0

Microsoft.Identity.Client

, EventData:GetTokenByAuthorizationCodeAsync failed, ErrorCode: invalid_grant, statusCode: 400, correlationId: b7cb9452-3160-4000-8716-7b3d7c0cce3a, Category:Application, ErrorCategory:ApplicationError",4000c6e3-0802-e200-b63f-84710c7967bb
2024-03-12T05:29:17,Error,site-85de4385-0987-4ae5-9917-b7715602956d-AUe,0cce7d,638458181578782519,0,722452,77,"RequestData:, RequestPath:, RequestExtension:, SessionId:, UserId:, CorrelationId:00000000-0000-0000-0000-000000000000, Elapsed:0, RequestMethod:, RequestContentType:, RequestAccept:, RequestCacheControl:, UserAgent:, HandlerName:, HandlerExecuted:False, VaryByCustom:, MemberName:HandleExceptionAsync, SourceFilePath:C:\__w\1\s\Framework\Adxstudio.Xrm\Identity\MSAL\MsalTokenManager.cs, SourceLineNumber:211, ExceptionMessage:AADSTS9002313: Invalid request. Request is malformed or invalid. Trace ID: ca8c2127-f13a-4c25-a958-b9c021b60b00 Correlation ID: 4bc967b2-a214-493f-9e1c-ccace9f3a8e7 Timestamp: 2024-03-12 05:29:17Z
Microsoft.Identity.Client.MsalUiRequiredException
   at Microsoft.Identity.Client.OAuth2.OAuth2Client.ThrowServerException(HttpResponse response, RequestContext requestContext)
   at Microsoft.Identity.Client.OAuth2.OAuth2Client.CreateResponse[T](HttpResponse response, RequestContext requestContext)
   at Microsoft.Identity.Client.OAuth2.OAuth2Client.<ExecuteRequestAsync>d__12`1.MoveNext()
--- End of stack trace from previous location where exception was thrown ---
   at System.Runtime.ExceptionServices.ExceptionDispatchInfo.Throw()
   at System.Runtime.CompilerServices.TaskAwaiter.HandleNonSuccessAndDebuggerNotification(Task task)
   at Microsoft.Identity.Client.OAuth2.OAuth2Client.<GetTokenAsync>d__11.MoveNext()
--- End of stack trace from previous location where exception was thrown ---
   at System.Runtime.ExceptionServices.ExceptionDispatchInfo.Throw()
   at System.Runtime.CompilerServices.TaskAwaiter.HandleNonSuccessAndDebuggerNotification(Task task)
   at Microsoft.Identity.Client.OAuth2.TokenClient.<SendHttpAndClearTelemetryAsync>d__11.MoveNext()
--- End of stack trace from previous location where exception was thrown ---
   at System.Runtime.ExceptionServices.ExceptionDispatchInfo.Throw()
   at Microsoft.Identity.Client.OAuth2.TokenClient.<SendHttpAndClearTelemetryAsync>d__11.MoveNext()
--- End of stack trace from previous location where exception was thrown ---
   at System.Runtime.ExceptionServices.ExceptionDispatchInfo.Throw()
   at System.Runtime.CompilerServices.TaskAwaiter.HandleNonSuccessAndDebuggerNotification(Task task)
   at Microsoft.Identity.Client.OAuth2.TokenClient.<SendTokenRequestAsync>d__5.MoveNext()
--- End of stack trace from previous location where exception was thrown ---
   at System.Runtime.ExceptionServices.ExceptionDispatchInfo.Throw()
   at System.Runtime.CompilerServices.TaskAwaiter.HandleNonSuccessAndDebuggerNotification(Task task)
   at Microsoft.Identity.Client.Internal.Requests.RequestBase.<SendTokenRequestAsync>d__25.MoveNext()
--- End of stack trace from previous location where exception was thrown ---
   at System.Runtime.ExceptionServices.ExceptionDispatchInfo.Throw()
   at System.Runtime.CompilerServices.TaskAwaiter.HandleNonSuccessAndDebuggerNotification(Task task)
   at Microsoft.Identity.Client.Internal.Requests.ConfidentialAuthCodeRequest.<ExecuteAsync>d__2.MoveNext()
--- End of stack trace from previous location where exception was thrown ---
   at System.Runtime.ExceptionServices.ExceptionDispatchInfo.Throw()
   at System.Runtime.CompilerServices.TaskAwaiter.HandleNonSuccessAndDebuggerNotification(Task task)
   at Microsoft.Identity.Client.Internal.Requests.RequestBase.<RunAsync>d__12.MoveNext()
--- End of stack trace from previous location where exception was thrown ---
   at System.Runtime.ExceptionServices.ExceptionDispatchInfo.Throw()
   at System.Runtime.CompilerServices.TaskAwaiter.HandleNonSuccessAndDebuggerNotification(Task task)
   at Microsoft.Identity.Client.ApiConfig.Executors.ConfidentialClientExecutor.<ExecuteAsync>d__2.MoveNext()
--- End of stack trace from previous location where exception was thrown ---
   at System.Runtime.ExceptionServices.ExceptionDispatchInfo.Throw()
   at System.Runtime.CompilerServices.TaskAwaiter.HandleNonSuccessAndDebuggerNotification(Task task)
   at Adxstudio.Xrm.Identity.MSAL.MsalTokenProvider.<GetTokenByAuthorizationCodeAsync>d__6.MoveNext() in C:\__w\1\s\Framework\Adxstudio.Xrm\Identity\MSAL\MsalTokenProvider.cs:line 136
--- End of stack trace from previous location where exception was thrown ---
   at System.Runtime.ExceptionServices.ExceptionDispatchInfo.Throw()
   at System.Runtime.CompilerServices.TaskAwaiter.HandleNonSuccessAndDebuggerNotification(Task task)
   at Adxstudio.Xrm.Identity.MSAL.MsalTokenManager.<>c__DisplayClass9_0.<<GetTokenByAuthorizationCodeAsync>b__0>d.MoveNext() in C:\__w\1\s\Framework\Adxstudio.Xrm\Identity\MSAL\MsalTokenManager.cs:line 137
--- End of stack trace from previous location where exception was thrown ---
   at System.Runtime.ExceptionServices.ExceptionDispatchInfo.Throw()
   at System.Runtime.CompilerServices.TaskAwaiter.HandleNonSuccessAndDebuggerNotification(Task task)
   at Adxstudio.Xrm.Identity.MSAL.MsalTokenManager.<HandleExceptionAsync>d__12`1.MoveNext() in C:\__w\1\s\Framework\Adxstudio.Xrm\Identity\MSAL\MsalTokenManager.cs:line 0

Microsoft.Identity.Client

, EventData:GetTokenByAuthorizationCodeAsync failed, ErrorCode: invalid_grant, statusCode: 400, correlationId: 4bc967b2-a214-493f-9e1c-ccace9f3a8e7, Category:Application, ErrorCategory:ApplicationError",4000c6e3-0802-e200-b63f-84710c7967bb
