date,level,applicationName,instanceId,eventTickCount,eventId,pid,tid,message,activityId
2024-02-11T11:26:34,Error,site-85de4385-0987-4ae5-9917-b7715602956d-AUe,7e7bb2,638432475940667311,0,35932,261,"RequestData:, RequestPath:, RequestExtension:, SessionId:, UserId:, CorrelationId:00000000-0000-0000-0000-000000000000, Elapsed:0, RequestMethod:, RequestContentType:, RequestAccept:, RequestCacheControl:, UserAgent:, HandlerName:, HandlerExecuted:False, VaryByCustom:, MemberName:HandleExceptionAsync, SourceFilePath:C:\__w\1\s\Framework\Adxstudio.Xrm\Identity\MSAL\MsalTokenManager.cs, SourceLineNumber:211, ExceptionMessage:AADSTS9002313: Invalid request. Request is malformed or invalid. Trace ID: c736ecc2-e5f3-438d-9d6f-e1d96e417400 Correlation ID: d59b2169-0b20-4651-bdf2-ecd810981acd Timestamp: 2024-02-11 11:26:34Z
Microsoft.Identity.Client.MsalUiRequiredException
   at Microsoft.Identity.Client.OAuth2.OAuth2Client.ThrowServerException(HttpResponse response, RequestContext requestContext)
   at Microsoft.Identity.Client.OAuth2.OAuth2Client.CreateResponse[T](HttpResponse response, RequestContext requestContext)
   at Microsoft.Identity.Client.OAuth2.OAuth2Client.<ExecuteRequestAsync>d__12`1.MoveNext()
--- End of stack trace from previous location where exception was thrown ---
   at System.Runtime.ExceptionServices.ExceptionDispatchInfo.Throw()
   at System.Runtime.CompilerServices.TaskAwaiter.HandleNonSuccessAndDebuggerNotification(Task task)
   at Microsoft.Identity.Client.OAuth2.OAuth2Client.<GetTokenAsync>d__11.MoveNext()
--- End of stack trace from previous location where exception was thrown ---
   at System.Runtime.ExceptionServices.ExceptionDispatchInfo.Throw()
   at System.Runtime.CompilerServices.TaskAwaiter.HandleNonSuccessAndDebuggerNotification(Task task)
   at Microsoft.Identity.Client.OAuth2.TokenClient.<SendHttpAndClearTelemetryAsync>d__11.MoveNext()
--- End of stack trace from previous location where exception was thrown ---
   at System.Runtime.ExceptionServices.ExceptionDispatchInfo.Throw()
   at Microsoft.Identity.Client.OAuth2.TokenClient.<SendHttpAndClearTelemetryAsync>d__11.MoveNext()
--- End of stack trace from previous location where exception was thrown ---
   at System.Runtime.ExceptionServices.ExceptionDispatchInfo.Throw()
   at System.Runtime.CompilerServices.TaskAwaiter.HandleNonSuccessAndDebuggerNotification(Task task)
   at Microsoft.Identity.Client.OAuth2.TokenClient.<SendTokenRequestAsync>d__5.MoveNext()
--- End of stack trace from previous location where exception was thrown ---
   at System.Runtime.ExceptionServices.ExceptionDispatchInfo.Throw()
   at System.Runtime.CompilerServices.TaskAwaiter.HandleNonSuccessAndDebuggerNotification(Task task)
   at Microsoft.Identity.Client.Internal.Requests.RequestBase.<SendTokenRequestAsync>d__25.MoveNext()
--- End of stack trace from previous location where exception was thrown ---
   at System.Runtime.ExceptionServices.ExceptionDispatchInfo.Throw()
   at System.Runtime.CompilerServices.TaskAwaiter.HandleNonSuccessAndDebuggerNotification(Task task)
   at Microsoft.Identity.Client.Internal.Requests.ConfidentialAuthCodeRequest.<ExecuteAsync>d__2.MoveNext()
--- End of stack trace from previous location where exception was thrown ---
   at System.Runtime.ExceptionServices.ExceptionDispatchInfo.Throw()
   at System.Runtime.CompilerServices.TaskAwaiter.HandleNonSuccessAndDebuggerNotification(Task task)
   at Microsoft.Identity.Client.Internal.Requests.RequestBase.<RunAsync>d__12.MoveNext()
--- End of stack trace from previous location where exception was thrown ---
   at System.Runtime.ExceptionServices.ExceptionDispatchInfo.Throw()
   at System.Runtime.CompilerServices.TaskAwaiter.HandleNonSuccessAndDebuggerNotification(Task task)
   at Microsoft.Identity.Client.ApiConfig.Executors.ConfidentialClientExecutor.<ExecuteAsync>d__2.MoveNext()
--- End of stack trace from previous location where exception was thrown ---
   at System.Runtime.ExceptionServices.ExceptionDispatchInfo.Throw()
   at System.Runtime.CompilerServices.TaskAwaiter.HandleNonSuccessAndDebuggerNotification(Task task)
   at Adxstudio.Xrm.Identity.MSAL.MsalTokenProvider.<GetTokenByAuthorizationCodeAsync>d__6.MoveNext() in C:\__w\1\s\Framework\Adxstudio.Xrm\Identity\MSAL\MsalTokenProvider.cs:line 136
--- End of stack trace from previous location where exception was thrown ---
   at System.Runtime.ExceptionServices.ExceptionDispatchInfo.Throw()
   at System.Runtime.CompilerServices.TaskAwaiter.HandleNonSuccessAndDebuggerNotification(Task task)
   at Adxstudio.Xrm.Identity.MSAL.MsalTokenManager.<>c__DisplayClass9_0.<<GetTokenByAuthorizationCodeAsync>b__0>d.MoveNext() in C:\__w\1\s\Framework\Adxstudio.Xrm\Identity\MSAL\MsalTokenManager.cs:line 137
--- End of stack trace from previous location where exception was thrown ---
   at System.Runtime.ExceptionServices.ExceptionDispatchInfo.Throw()
   at System.Runtime.CompilerServices.TaskAwaiter.HandleNonSuccessAndDebuggerNotification(Task task)
   at Adxstudio.Xrm.Identity.MSAL.MsalTokenManager.<HandleExceptionAsync>d__12`1.MoveNext() in C:\__w\1\s\Framework\Adxstudio.Xrm\Identity\MSAL\MsalTokenManager.cs:line 0

Microsoft.Identity.Client

, EventData:GetTokenByAuthorizationCodeAsync failed, ErrorCode: invalid_grant, statusCode: 400, correlationId: d59b2169-0b20-4651-bdf2-ecd810981acd, Category:Application, ErrorCategory:ApplicationError",8003a83a-0000-c100-b63f-84710c7967bb
2024-02-11T11:26:34,Error,site-85de4385-0987-4ae5-9917-b7715602956d-AUe,7e7bb2,638432475941293069,0,35932,26,"RequestData:, RequestPath:, RequestExtension:, SessionId:, UserId:, CorrelationId:00000000-0000-0000-0000-000000000000, Elapsed:0, RequestMethod:, RequestContentType:, RequestAccept:, RequestCacheControl:, UserAgent:, HandlerName:, HandlerExecuted:False, VaryByCustom:, MemberName:HandleExceptionAsync, SourceFilePath:C:\__w\1\s\Framework\Adxstudio.Xrm\Identity\MSAL\MsalTokenManager.cs, SourceLineNumber:211, ExceptionMessage:AADSTS9002313: Invalid request. Request is malformed or invalid. Trace ID: 1877c2e6-cfb1-4504-bb0b-ca1b5e4f6500 Correlation ID: 4ddd1bb4-a292-477e-8e2e-ac0ce2dc2e7f Timestamp: 2024-02-11 11:26:34Z
Microsoft.Identity.Client.MsalUiRequiredException
   at Microsoft.Identity.Client.OAuth2.OAuth2Client.ThrowServerException(HttpResponse response, RequestContext requestContext)
   at Microsoft.Identity.Client.OAuth2.OAuth2Client.CreateResponse[T](HttpResponse response, RequestContext requestContext)
   at Microsoft.Identity.Client.OAuth2.OAuth2Client.<ExecuteRequestAsync>d__12`1.MoveNext()
--- End of stack trace from previous location where exception was thrown ---
   at System.Runtime.ExceptionServices.ExceptionDispatchInfo.Throw()
   at System.Runtime.CompilerServices.TaskAwaiter.HandleNonSuccessAndDebuggerNotification(Task task)
   at Microsoft.Identity.Client.OAuth2.OAuth2Client.<GetTokenAsync>d__11.MoveNext()
--- End of stack trace from previous location where exception was thrown ---
   at System.Runtime.ExceptionServices.ExceptionDispatchInfo.Throw()
   at System.Runtime.CompilerServices.TaskAwaiter.HandleNonSuccessAndDebuggerNotification(Task task)
   at Microsoft.Identity.Client.OAuth2.TokenClient.<SendHttpAndClearTelemetryAsync>d__11.MoveNext()
--- End of stack trace from previous location where exception was thrown ---
   at System.Runtime.ExceptionServices.ExceptionDispatchInfo.Throw()
   at Microsoft.Identity.Client.OAuth2.TokenClient.<SendHttpAndClearTelemetryAsync>d__11.MoveNext()
--- End of stack trace from previous location where exception was thrown ---
   at System.Runtime.ExceptionServices.ExceptionDispatchInfo.Throw()
   at System.Runtime.CompilerServices.TaskAwaiter.HandleNonSuccessAndDebuggerNotification(Task task)
   at Microsoft.Identity.Client.OAuth2.TokenClient.<SendTokenRequestAsync>d__5.MoveNext()
--- End of stack trace from previous location where exception was thrown ---
   at System.Runtime.ExceptionServices.ExceptionDispatchInfo.Throw()
   at System.Runtime.CompilerServices.TaskAwaiter.HandleNonSuccessAndDebuggerNotification(Task task)
   at Microsoft.Identity.Client.Internal.Requests.RequestBase.<SendTokenRequestAsync>d__25.MoveNext()
--- End of stack trace from previous location where exception was thrown ---
   at System.Runtime.ExceptionServices.ExceptionDispatchInfo.Throw()
   at System.Runtime.CompilerServices.TaskAwaiter.HandleNonSuccessAndDebuggerNotification(Task task)
   at Microsoft.Identity.Client.Internal.Requests.ConfidentialAuthCodeRequest.<ExecuteAsync>d__2.MoveNext()
--- End of stack trace from previous location where exception was thrown ---
   at System.Runtime.ExceptionServices.ExceptionDispatchInfo.Throw()
   at System.Runtime.CompilerServices.TaskAwaiter.HandleNonSuccessAndDebuggerNotification(Task task)
   at Microsoft.Identity.Client.Internal.Requests.RequestBase.<RunAsync>d__12.MoveNext()
--- End of stack trace from previous location where exception was thrown ---
   at System.Runtime.ExceptionServices.ExceptionDispatchInfo.Throw()
   at System.Runtime.CompilerServices.TaskAwaiter.HandleNonSuccessAndDebuggerNotification(Task task)
   at Microsoft.Identity.Client.ApiConfig.Executors.ConfidentialClientExecutor.<ExecuteAsync>d__2.MoveNext()
--- End of stack trace from previous location where exception was thrown ---
   at System.Runtime.ExceptionServices.ExceptionDispatchInfo.Throw()
   at System.Runtime.CompilerServices.TaskAwaiter.HandleNonSuccessAndDebuggerNotification(Task task)
   at Adxstudio.Xrm.Identity.MSAL.MsalTokenProvider.<GetTokenByAuthorizationCodeAsync>d__6.MoveNext() in C:\__w\1\s\Framework\Adxstudio.Xrm\Identity\MSAL\MsalTokenProvider.cs:line 136
--- End of stack trace from previous location where exception was thrown ---
   at System.Runtime.ExceptionServices.ExceptionDispatchInfo.Throw()
   at System.Runtime.CompilerServices.TaskAwaiter.HandleNonSuccessAndDebuggerNotification(Task task)
   at Adxstudio.Xrm.Identity.MSAL.MsalTokenManager.<>c__DisplayClass9_0.<<GetTokenByAuthorizationCodeAsync>b__0>d.MoveNext() in C:\__w\1\s\Framework\Adxstudio.Xrm\Identity\MSAL\MsalTokenManager.cs:line 137
--- End of stack trace from previous location where exception was thrown ---
   at System.Runtime.ExceptionServices.ExceptionDispatchInfo.Throw()
   at System.Runtime.CompilerServices.TaskAwaiter.HandleNonSuccessAndDebuggerNotification(Task task)
   at Adxstudio.Xrm.Identity.MSAL.MsalTokenManager.<HandleExceptionAsync>d__12`1.MoveNext() in C:\__w\1\s\Framework\Adxstudio.Xrm\Identity\MSAL\MsalTokenManager.cs:line 0

Microsoft.Identity.Client

, EventData:GetTokenByAuthorizationCodeAsync failed, ErrorCode: invalid_grant, statusCode: 400, correlationId: 4ddd1bb4-a292-477e-8e2e-ac0ce2dc2e7f, Category:Application, ErrorCategory:ApplicationError",8003a83a-0000-c100-b63f-84710c7967bb
2024-02-11T11:30:45,Error,site-85de4385-0987-4ae5-9917-b7715602956d-AUe,7e7bb2,638432478458123015,0,35932,205,"RequestData:, RequestPath:, RequestExtension:, SessionId:, UserId:, CorrelationId:00000000-0000-0000-0000-000000000000, Elapsed:0, RequestMethod:, RequestContentType:, RequestAccept:, RequestCacheControl:, UserAgent:, HandlerName:, HandlerExecuted:False, VaryByCustom:, MemberName:HandleExceptionAsync, SourceFilePath:C:\__w\1\s\Framework\Adxstudio.Xrm\Identity\MSAL\MsalTokenManager.cs, SourceLineNumber:211, ExceptionMessage:AADSTS9002313: Invalid request. Request is malformed or invalid. Trace ID: 7b1fd112-4b0b-45ff-8c16-019d93596000 Correlation ID: dcb4df44-8b6e-49d1-9eb9-3411a767c530 Timestamp: 2024-02-11 11:30:45Z
Microsoft.Identity.Client.MsalUiRequiredException
   at Microsoft.Identity.Client.OAuth2.OAuth2Client.ThrowServerException(HttpResponse response, RequestContext requestContext)
   at Microsoft.Identity.Client.OAuth2.OAuth2Client.CreateResponse[T](HttpResponse response, RequestContext requestContext)
   at Microsoft.Identity.Client.OAuth2.OAuth2Client.<ExecuteRequestAsync>d__12`1.MoveNext()
--- End of stack trace from previous location where exception was thrown ---
   at System.Runtime.ExceptionServices.ExceptionDispatchInfo.Throw()
   at System.Runtime.CompilerServices.TaskAwaiter.HandleNonSuccessAndDebuggerNotification(Task task)
   at Microsoft.Identity.Client.OAuth2.OAuth2Client.<GetTokenAsync>d__11.MoveNext()
--- End of stack trace from previous location where exception was thrown ---
   at System.Runtime.ExceptionServices.ExceptionDispatchInfo.Throw()
   at System.Runtime.CompilerServices.TaskAwaiter.HandleNonSuccessAndDebuggerNotification(Task task)
   at Microsoft.Identity.Client.OAuth2.TokenClient.<SendHttpAndClearTelemetryAsync>d__11.MoveNext()
--- End of stack trace from previous location where exception was thrown ---
   at System.Runtime.ExceptionServices.ExceptionDispatchInfo.Throw()
   at Microsoft.Identity.Client.OAuth2.TokenClient.<SendHttpAndClearTelemetryAsync>d__11.MoveNext()
--- End of stack trace from previous location where exception was thrown ---
   at System.Runtime.ExceptionServices.ExceptionDispatchInfo.Throw()
   at System.Runtime.CompilerServices.TaskAwaiter.HandleNonSuccessAndDebuggerNotification(Task task)
   at Microsoft.Identity.Client.OAuth2.TokenClient.<SendTokenRequestAsync>d__5.MoveNext()
--- End of stack trace from previous location where exception was thrown ---
   at System.Runtime.ExceptionServices.ExceptionDispatchInfo.Throw()
   at System.Runtime.CompilerServices.TaskAwaiter.HandleNonSuccessAndDebuggerNotification(Task task)
   at Microsoft.Identity.Client.Internal.Requests.RequestBase.<SendTokenRequestAsync>d__25.MoveNext()
--- End of stack trace from previous location where exception was thrown ---
   at System.Runtime.ExceptionServices.ExceptionDispatchInfo.Throw()
   at System.Runtime.CompilerServices.TaskAwaiter.HandleNonSuccessAndDebuggerNotification(Task task)
   at Microsoft.Identity.Client.Internal.Requests.ConfidentialAuthCodeRequest.<ExecuteAsync>d__2.MoveNext()
--- End of stack trace from previous location where exception was thrown ---
   at System.Runtime.ExceptionServices.ExceptionDispatchInfo.Throw()
   at System.Runtime.CompilerServices.TaskAwaiter.HandleNonSuccessAndDebuggerNotification(Task task)
   at Microsoft.Identity.Client.Internal.Requests.RequestBase.<RunAsync>d__12.MoveNext()
--- End of stack trace from previous location where exception was thrown ---
   at System.Runtime.ExceptionServices.ExceptionDispatchInfo.Throw()
   at System.Runtime.CompilerServices.TaskAwaiter.HandleNonSuccessAndDebuggerNotification(Task task)
   at Microsoft.Identity.Client.ApiConfig.Executors.ConfidentialClientExecutor.<ExecuteAsync>d__2.MoveNext()
--- End of stack trace from previous location where exception was thrown ---
   at System.Runtime.ExceptionServices.ExceptionDispatchInfo.Throw()
   at System.Runtime.CompilerServices.TaskAwaiter.HandleNonSuccessAndDebuggerNotification(Task task)
   at Adxstudio.Xrm.Identity.MSAL.MsalTokenProvider.<GetTokenByAuthorizationCodeAsync>d__6.MoveNext() in C:\__w\1\s\Framework\Adxstudio.Xrm\Identity\MSAL\MsalTokenProvider.cs:line 136
--- End of stack trace from previous location where exception was thrown ---
   at System.Runtime.ExceptionServices.ExceptionDispatchInfo.Throw()
   at System.Runtime.CompilerServices.TaskAwaiter.HandleNonSuccessAndDebuggerNotification(Task task)
   at Adxstudio.Xrm.Identity.MSAL.MsalTokenManager.<>c__DisplayClass9_0.<<GetTokenByAuthorizationCodeAsync>b__0>d.MoveNext() in C:\__w\1\s\Framework\Adxstudio.Xrm\Identity\MSAL\MsalTokenManager.cs:line 137
--- End of stack trace from previous location where exception was thrown ---
   at System.Runtime.ExceptionServices.ExceptionDispatchInfo.Throw()
   at System.Runtime.CompilerServices.TaskAwaiter.HandleNonSuccessAndDebuggerNotification(Task task)
   at Adxstudio.Xrm.Identity.MSAL.MsalTokenManager.<HandleExceptionAsync>d__12`1.MoveNext() in C:\__w\1\s\Framework\Adxstudio.Xrm\Identity\MSAL\MsalTokenManager.cs:line 0

Microsoft.Identity.Client

, EventData:GetTokenByAuthorizationCodeAsync failed, ErrorCode: invalid_grant, statusCode: 400, correlationId: dcb4df44-8b6e-49d1-9eb9-3411a767c530, Category:Application, ErrorCategory:ApplicationError",8003a8cb-0000-c100-b63f-84710c7967bb
2024-02-11T11:30:45,Error,site-85de4385-0987-4ae5-9917-b7715602956d-AUe,7e7bb2,638432478458904394,0,35932,205,"RequestData:, RequestPath:, RequestExtension:, SessionId:, UserId:, CorrelationId:00000000-0000-0000-0000-000000000000, Elapsed:0, RequestMethod:, RequestContentType:, RequestAccept:, RequestCacheControl:, UserAgent:, HandlerName:, HandlerExecuted:False, VaryByCustom:, MemberName:HandleExceptionAsync, SourceFilePath:C:\__w\1\s\Framework\Adxstudio.Xrm\Identity\MSAL\MsalTokenManager.cs, SourceLineNumber:211, ExceptionMessage:AADSTS9002313: Invalid request. Request is malformed or invalid. Trace ID: ead06ca5-a62b-4595-9daa-19ef7b9b6200 Correlation ID: 808c712e-9cb8-4e59-8eaf-4e4e9a65baa8 Timestamp: 2024-02-11 11:30:45Z
Microsoft.Identity.Client.MsalUiRequiredException
   at Microsoft.Identity.Client.OAuth2.OAuth2Client.ThrowServerException(HttpResponse response, RequestContext requestContext)
   at Microsoft.Identity.Client.OAuth2.OAuth2Client.CreateResponse[T](HttpResponse response, RequestContext requestContext)
   at Microsoft.Identity.Client.OAuth2.OAuth2Client.<ExecuteRequestAsync>d__12`1.MoveNext()
--- End of stack trace from previous location where exception was thrown ---
   at System.Runtime.ExceptionServices.ExceptionDispatchInfo.Throw()
   at System.Runtime.CompilerServices.TaskAwaiter.HandleNonSuccessAndDebuggerNotification(Task task)
   at Microsoft.Identity.Client.OAuth2.OAuth2Client.<GetTokenAsync>d__11.MoveNext()
--- End of stack trace from previous location where exception was thrown ---
   at System.Runtime.ExceptionServices.ExceptionDispatchInfo.Throw()
   at System.Runtime.CompilerServices.TaskAwaiter.HandleNonSuccessAndDebuggerNotification(Task task)
   at Microsoft.Identity.Client.OAuth2.TokenClient.<SendHttpAndClearTelemetryAsync>d__11.MoveNext()
--- End of stack trace from previous location where exception was thrown ---
   at System.Runtime.ExceptionServices.ExceptionDispatchInfo.Throw()
   at Microsoft.Identity.Client.OAuth2.TokenClient.<SendHttpAndClearTelemetryAsync>d__11.MoveNext()
--- End of stack trace from previous location where exception was thrown ---
   at System.Runtime.ExceptionServices.ExceptionDispatchInfo.Throw()
   at System.Runtime.CompilerServices.TaskAwaiter.HandleNonSuccessAndDebuggerNotification(Task task)
   at Microsoft.Identity.Client.OAuth2.TokenClient.<SendTokenRequestAsync>d__5.MoveNext()
--- End of stack trace from previous location where exception was thrown ---
   at System.Runtime.ExceptionServices.ExceptionDispatchInfo.Throw()
   at System.Runtime.CompilerServices.TaskAwaiter.HandleNonSuccessAndDebuggerNotification(Task task)
   at Microsoft.Identity.Client.Internal.Requests.RequestBase.<SendTokenRequestAsync>d__25.MoveNext()
--- End of stack trace from previous location where exception was thrown ---
   at System.Runtime.ExceptionServices.ExceptionDispatchInfo.Throw()
   at System.Runtime.CompilerServices.TaskAwaiter.HandleNonSuccessAndDebuggerNotification(Task task)
   at Microsoft.Identity.Client.Internal.Requests.ConfidentialAuthCodeRequest.<ExecuteAsync>d__2.MoveNext()
--- End of stack trace from previous location where exception was thrown ---
   at System.Runtime.ExceptionServices.ExceptionDispatchInfo.Throw()
   at System.Runtime.CompilerServices.TaskAwaiter.HandleNonSuccessAndDebuggerNotification(Task task)
   at Microsoft.Identity.Client.Internal.Requests.RequestBase.<RunAsync>d__12.MoveNext()
--- End of stack trace from previous location where exception was thrown ---
   at System.Runtime.ExceptionServices.ExceptionDispatchInfo.Throw()
   at System.Runtime.CompilerServices.TaskAwaiter.HandleNonSuccessAndDebuggerNotification(Task task)
   at Microsoft.Identity.Client.ApiConfig.Executors.ConfidentialClientExecutor.<ExecuteAsync>d__2.MoveNext()
--- End of stack trace from previous location where exception was thrown ---
   at System.Runtime.ExceptionServices.ExceptionDispatchInfo.Throw()
   at System.Runtime.CompilerServices.TaskAwaiter.HandleNonSuccessAndDebuggerNotification(Task task)
   at Adxstudio.Xrm.Identity.MSAL.MsalTokenProvider.<GetTokenByAuthorizationCodeAsync>d__6.MoveNext() in C:\__w\1\s\Framework\Adxstudio.Xrm\Identity\MSAL\MsalTokenProvider.cs:line 136
--- End of stack trace from previous location where exception was thrown ---
   at System.Runtime.ExceptionServices.ExceptionDispatchInfo.Throw()
   at System.Runtime.CompilerServices.TaskAwaiter.HandleNonSuccessAndDebuggerNotification(Task task)
   at Adxstudio.Xrm.Identity.MSAL.MsalTokenManager.<>c__DisplayClass9_0.<<GetTokenByAuthorizationCodeAsync>b__0>d.MoveNext() in C:\__w\1\s\Framework\Adxstudio.Xrm\Identity\MSAL\MsalTokenManager.cs:line 137
--- End of stack trace from previous location where exception was thrown ---
   at System.Runtime.ExceptionServices.ExceptionDispatchInfo.Throw()
   at System.Runtime.CompilerServices.TaskAwaiter.HandleNonSuccessAndDebuggerNotification(Task task)
   at Adxstudio.Xrm.Identity.MSAL.MsalTokenManager.<HandleExceptionAsync>d__12`1.MoveNext() in C:\__w\1\s\Framework\Adxstudio.Xrm\Identity\MSAL\MsalTokenManager.cs:line 0

Microsoft.Identity.Client

, EventData:GetTokenByAuthorizationCodeAsync failed, ErrorCode: invalid_grant, statusCode: 400, correlationId: 808c712e-9cb8-4e59-8eaf-4e4e9a65baa8, Category:Application, ErrorCategory:ApplicationError",8003a8cb-0000-c100-b63f-84710c7967bb
