date,level,applicationName,instanceId,eventTickCount,eventId,pid,tid,message,activityId
2024-03-28T02:48:09,Error,site-85de4385-0987-4ae5-9917-b7715602956d-AUe,0cce7d,638471908896654299,0,567192,144,"RequestData:, RequestPath:/rfcdetails/, RequestExtension:, SessionId:qecluleydwah4y1xqcsesebl, UserId:f9EeDp-GO6Q2h3BoUKgj1YZl1y91M--HVbhT-SWZam4Tc8whEJ2jkQ3VGKqYx8ERzHVpMIO6R9wx1XDmTTGCQXEmmJz2BSaxaNgzFj-vM-xpzSlIcEMr7l8n1MRTxoVGEJSvsHOJ3LuqbIeAiJk11Q2, CorrelationId:e61c52bc-2986-44e7-ada6-496cb83ad430, Elapsed:658.8519, RequestMethod:GET, RequestContentType:, RequestAccept:text/html,application/xhtml+xml,application/xml;q=0.9,image/avif,image/webp,image/apng,*/*;q=0.8,application/signed-exchange;v=b3;q=0.7, RequestCacheControl:, UserAgent:Mozilla/5.0 (Windows NT 10.0; Win64; x64) AppleWebKit/537.36 (KHTML, like Gecko) Chrome/123.0.0.0 Safari/537.36, HandlerName:ASP.pages_webtemplate_aspx, HandlerExecuted:False, VaryByCustom:user;website;language, MemberName:InternalRenderLiquid, SourceFilePath:C:\__w\1\s\Framework\Adxstudio.Xrm\Web\Mvc\Html\LiquidExtensions.cs, SourceLineNumber:611, ExceptionMessage:Value cannot be null.
Parameter name: key
System.ArgumentNullException
   at System.ThrowHelper.ThrowArgumentNullException(ExceptionArgument argument)
   at System.Collections.Generic.Dictionary`2.FindEntry(TKey key)
   at System.Collections.Generic.Dictionary`2.TryGetValue(TKey key, TValue& value)
   at DotLiquid.DropBase.InvokeDrop(Object name)
   at DotLiquid.Context.LookupAndEvaluate(Object obj, Object key)
   at DotLiquid.Context.Variable(String markup)
   at DotLiquid.Context.Resolve(String key)
   at DotLiquid.Variable.RenderInternal(Context context)
   at DotLiquid.Variable.Render(Context context, TextWriter result)
   at DotLiquid.Block.RenderAll(List`1 list, Context context, TextWriter result)

mscorlib

, EventData:Liquid rendering error, Category:File, ErrorCategory:UserError",4001f001-0801-cc00-b63f-84710c7967bb
2024-03-28T02:48:09,Error,site-85de4385-0987-4ae5-9917-b7715602956d-AUe,0cce7d,638471908896654299,0,567192,144,"RequestData:, RequestPath:/rfcdetails/, RequestExtension:, SessionId:qecluleydwah4y1xqcsesebl, UserId:f9EeDp-GO6Q2h3BoUKgj1YZl1y91M--HVbhT-SWZam4Tc8whEJ2jkQ3VGKqYx8ERzHVpMIO6R9wx1XDmTTGCQXEmmJz2BSaxaNgzFj-vM-xpzSlIcEMr7l8n1MRTxoVGEJSvsHOJ3LuqbIeAiJk11Q2, CorrelationId:e61c52bc-2986-44e7-ada6-496cb83ad430, Elapsed:659.5573, RequestMethod:GET, RequestContentType:, RequestAccept:text/html,application/xhtml+xml,application/xml;q=0.9,image/avif,image/webp,image/apng,*/*;q=0.8,application/signed-exchange;v=b3;q=0.7, RequestCacheControl:, UserAgent:Mozilla/5.0 (Windows NT 10.0; Win64; x64) AppleWebKit/537.36 (KHTML, like Gecko) Chrome/123.0.0.0 Safari/537.36, HandlerName:ASP.pages_webtemplate_aspx, HandlerExecuted:False, VaryByCustom:user;website;language, MemberName:InternalRenderLiquid, SourceFilePath:C:\__w\1\s\Framework\Adxstudio.Xrm\Web\Mvc\Html\LiquidExtensions.cs, SourceLineNumber:611, ExceptionMessage:Value cannot be null.
Parameter name: key
System.ArgumentNullException
   at System.ThrowHelper.ThrowArgumentNullException(ExceptionArgument argument)
   at System.Collections.Generic.Dictionary`2.FindEntry(TKey key)
   at System.Collections.Generic.Dictionary`2.TryGetValue(TKey key, TValue& value)
   at DotLiquid.DropBase.InvokeDrop(Object name)
   at DotLiquid.Context.LookupAndEvaluate(Object obj, Object key)
   at DotLiquid.Context.Variable(String markup)
   at DotLiquid.Context.Resolve(String key)
   at DotLiquid.Variable.RenderInternal(Context context)
   at DotLiquid.Variable.Render(Context context, TextWriter result)
   at DotLiquid.Block.RenderAll(List`1 list, Context context, TextWriter result)

mscorlib

, EventData:Liquid rendering error, Category:File, ErrorCategory:UserError",4001f001-0801-cc00-b63f-84710c7967bb
2024-03-28T02:48:09,Error,site-85de4385-0987-4ae5-9917-b7715602956d-AUe,0cce7d,638471908896654299,0,567192,144,"RequestData:, RequestPath:/rfcdetails/, RequestExtension:, SessionId:qecluleydwah4y1xqcsesebl, UserId:f9EeDp-GO6Q2h3BoUKgj1YZl1y91M--HVbhT-SWZam4Tc8whEJ2jkQ3VGKqYx8ERzHVpMIO6R9wx1XDmTTGCQXEmmJz2BSaxaNgzFj-vM-xpzSlIcEMr7l8n1MRTxoVGEJSvsHOJ3LuqbIeAiJk11Q2, CorrelationId:e61c52bc-2986-44e7-ada6-496cb83ad430, Elapsed:659.8153, RequestMethod:GET, RequestContentType:, RequestAccept:text/html,application/xhtml+xml,application/xml;q=0.9,image/avif,image/webp,image/apng,*/*;q=0.8,application/signed-exchange;v=b3;q=0.7, RequestCacheControl:, UserAgent:Mozilla/5.0 (Windows NT 10.0; Win64; x64) AppleWebKit/537.36 (KHTML, like Gecko) Chrome/123.0.0.0 Safari/537.36, HandlerName:ASP.pages_webtemplate_aspx, HandlerExecuted:False, VaryByCustom:user;website;language, MemberName:InternalRenderLiquid, SourceFilePath:C:\__w\1\s\Framework\Adxstudio.Xrm\Web\Mvc\Html\LiquidExtensions.cs, SourceLineNumber:611, ExceptionMessage:Value cannot be null.
Parameter name: key
System.ArgumentNullException
   at System.ThrowHelper.ThrowArgumentNullException(ExceptionArgument argument)
   at System.Collections.Generic.Dictionary`2.FindEntry(TKey key)
   at System.Collections.Generic.Dictionary`2.TryGetValue(TKey key, TValue& value)
   at DotLiquid.DropBase.InvokeDrop(Object name)
   at DotLiquid.Context.LookupAndEvaluate(Object obj, Object key)
   at DotLiquid.Context.Variable(String markup)
   at DotLiquid.Context.Resolve(String key)
   at DotLiquid.Variable.RenderInternal(Context context)
   at DotLiquid.Variable.Render(Context context, TextWriter result)
   at DotLiquid.Block.RenderAll(List`1 list, Context context, TextWriter result)

mscorlib

, EventData:Liquid rendering error, Category:File, ErrorCategory:UserError",4001f001-0801-cc00-b63f-84710c7967bb
2024-03-28T02:48:09,Error,site-85de4385-0987-4ae5-9917-b7715602956d-AUe,0cce7d,638471908896654299,0,567192,144,"RequestData:, RequestPath:/rfcdetails/, RequestExtension:, SessionId:qecluleydwah4y1xqcsesebl, UserId:f9EeDp-GO6Q2h3BoUKgj1YZl1y91M--HVbhT-SWZam4Tc8whEJ2jkQ3VGKqYx8ERzHVpMIO6R9wx1XDmTTGCQXEmmJz2BSaxaNgzFj-vM-xpzSlIcEMr7l8n1MRTxoVGEJSvsHOJ3LuqbIeAiJk11Q2, CorrelationId:e61c52bc-2986-44e7-ada6-496cb83ad430, Elapsed:660.014, RequestMethod:GET, RequestContentType:, RequestAccept:text/html,application/xhtml+xml,application/xml;q=0.9,image/avif,image/webp,image/apng,*/*;q=0.8,application/signed-exchange;v=b3;q=0.7, RequestCacheControl:, UserAgent:Mozilla/5.0 (Windows NT 10.0; Win64; x64) AppleWebKit/537.36 (KHTML, like Gecko) Chrome/123.0.0.0 Safari/537.36, HandlerName:ASP.pages_webtemplate_aspx, HandlerExecuted:False, VaryByCustom:user;website;language, MemberName:InternalRenderLiquid, SourceFilePath:C:\__w\1\s\Framework\Adxstudio.Xrm\Web\Mvc\Html\LiquidExtensions.cs, SourceLineNumber:611, ExceptionMessage:Value cannot be null.
Parameter name: key
System.ArgumentNullException
   at System.ThrowHelper.ThrowArgumentNullException(ExceptionArgument argument)
   at System.Collections.Generic.Dictionary`2.FindEntry(TKey key)
   at System.Collections.Generic.Dictionary`2.TryGetValue(TKey key, TValue& value)
   at DotLiquid.DropBase.InvokeDrop(Object name)
   at DotLiquid.Context.LookupAndEvaluate(Object obj, Object key)
   at DotLiquid.Context.Variable(String markup)
   at DotLiquid.Context.Resolve(String key)
   at DotLiquid.Variable.RenderInternal(Context context)
   at DotLiquid.Variable.Render(Context context, TextWriter result)
   at DotLiquid.Block.RenderAll(List`1 list, Context context, TextWriter result)

mscorlib

, EventData:Liquid rendering error, Category:File, ErrorCategory:UserError",4001f001-0801-cc00-b63f-84710c7967bb
2024-03-28T02:48:09,Error,site-85de4385-0987-4ae5-9917-b7715602956d-AUe,0cce7d,638471908896810560,0,567192,144,"RequestData:, RequestPath:/rfcdetails/, RequestExtension:, SessionId:qecluleydwah4y1xqcsesebl, UserId:f9EeDp-GO6Q2h3BoUKgj1YZl1y91M--HVbhT-SWZam4Tc8whEJ2jkQ3VGKqYx8ERzHVpMIO6R9wx1XDmTTGCQXEmmJz2BSaxaNgzFj-vM-xpzSlIcEMr7l8n1MRTxoVGEJSvsHOJ3LuqbIeAiJk11Q2, CorrelationId:e61c52bc-2986-44e7-ada6-496cb83ad430, Elapsed:661.1886, RequestMethod:GET, RequestContentType:, RequestAccept:text/html,application/xhtml+xml,application/xml;q=0.9,image/avif,image/webp,image/apng,*/*;q=0.8,application/signed-exchange;v=b3;q=0.7, RequestCacheControl:, UserAgent:Mozilla/5.0 (Windows NT 10.0; Win64; x64) AppleWebKit/537.36 (KHTML, like Gecko) Chrome/123.0.0.0 Safari/537.36, HandlerName:ASP.pages_webtemplate_aspx, HandlerExecuted:False, VaryByCustom:user;website;language, MemberName:InternalRenderLiquid, SourceFilePath:C:\__w\1\s\Framework\Adxstudio.Xrm\Web\Mvc\Html\LiquidExtensions.cs, SourceLineNumber:611, ExceptionMessage:Value cannot be null.
Parameter name: key
System.ArgumentNullException
   at System.ThrowHelper.ThrowArgumentNullException(ExceptionArgument argument)
   at System.Collections.Generic.Dictionary`2.FindEntry(TKey key)
   at System.Collections.Generic.Dictionary`2.TryGetValue(TKey key, TValue& value)
   at DotLiquid.DropBase.InvokeDrop(Object name)
   at DotLiquid.Context.LookupAndEvaluate(Object obj, Object key)
   at DotLiquid.Context.Variable(String markup)
   at DotLiquid.Context.Resolve(String key)
   at DotLiquid.Variable.RenderInternal(Context context)
   at DotLiquid.Variable.Render(Context context, TextWriter result)
   at DotLiquid.Block.RenderAll(List`1 list, Context context, TextWriter result)

mscorlib

, EventData:Liquid rendering error (adx_webtemplate::37096e18-22f9-ed11-8f6e-00224893bfba), Category:File, ErrorCategory:UserError",4001f001-0801-cc00-b63f-84710c7967bb
2024-03-28T02:48:09,Error,site-85de4385-0987-4ae5-9917-b7715602956d-AUe,0cce7d,638471908896810560,0,567192,144,"RequestData:, RequestPath:/rfcdetails/, RequestExtension:, SessionId:qecluleydwah4y1xqcsesebl, UserId:f9EeDp-GO6Q2h3BoUKgj1YZl1y91M--HVbhT-SWZam4Tc8whEJ2jkQ3VGKqYx8ERzHVpMIO6R9wx1XDmTTGCQXEmmJz2BSaxaNgzFj-vM-xpzSlIcEMr7l8n1MRTxoVGEJSvsHOJ3LuqbIeAiJk11Q2, CorrelationId:e61c52bc-2986-44e7-ada6-496cb83ad430, Elapsed:661.6697, RequestMethod:GET, RequestContentType:, RequestAccept:text/html,application/xhtml+xml,application/xml;q=0.9,image/avif,image/webp,image/apng,*/*;q=0.8,application/signed-exchange;v=b3;q=0.7, RequestCacheControl:, UserAgent:Mozilla/5.0 (Windows NT 10.0; Win64; x64) AppleWebKit/537.36 (KHTML, like Gecko) Chrome/123.0.0.0 Safari/537.36, HandlerName:ASP.pages_webtemplate_aspx, HandlerExecuted:False, VaryByCustom:user;website;language, MemberName:InternalRenderLiquid, SourceFilePath:C:\__w\1\s\Framework\Adxstudio.Xrm\Web\Mvc\Html\LiquidExtensions.cs, SourceLineNumber:611, ExceptionMessage:Value cannot be null.
Parameter name: key
System.ArgumentNullException
   at System.ThrowHelper.ThrowArgumentNullException(ExceptionArgument argument)
   at System.Collections.Generic.Dictionary`2.FindEntry(TKey key)
   at System.Collections.Generic.Dictionary`2.TryGetValue(TKey key, TValue& value)
   at DotLiquid.DropBase.InvokeDrop(Object name)
   at DotLiquid.Context.LookupAndEvaluate(Object obj, Object key)
   at DotLiquid.Context.Variable(String markup)
   at DotLiquid.Context.Resolve(String key)
   at DotLiquid.Variable.RenderInternal(Context context)
   at DotLiquid.Variable.Render(Context context, TextWriter result)
   at DotLiquid.Block.RenderAll(List`1 list, Context context, TextWriter result)

mscorlib

, EventData:Liquid rendering error (adx_webtemplate::37096e18-22f9-ed11-8f6e-00224893bfba), Category:File, ErrorCategory:UserError",4001f001-0801-cc00-b63f-84710c7967bb
2024-03-28T02:48:09,Error,site-85de4385-0987-4ae5-9917-b7715602956d-AUe,0cce7d,638471908896810560,0,567192,144,"RequestData:, RequestPath:/rfcdetails/, RequestExtension:, SessionId:qecluleydwah4y1xqcsesebl, UserId:f9EeDp-GO6Q2h3BoUKgj1YZl1y91M--HVbhT-SWZam4Tc8whEJ2jkQ3VGKqYx8ERzHVpMIO6R9wx1XDmTTGCQXEmmJz2BSaxaNgzFj-vM-xpzSlIcEMr7l8n1MRTxoVGEJSvsHOJ3LuqbIeAiJk11Q2, CorrelationId:e61c52bc-2986-44e7-ada6-496cb83ad430, Elapsed:661.8841, RequestMethod:GET, RequestContentType:, RequestAccept:text/html,application/xhtml+xml,application/xml;q=0.9,image/avif,image/webp,image/apng,*/*;q=0.8,application/signed-exchange;v=b3;q=0.7, RequestCacheControl:, UserAgent:Mozilla/5.0 (Windows NT 10.0; Win64; x64) AppleWebKit/537.36 (KHTML, like Gecko) Chrome/123.0.0.0 Safari/537.36, HandlerName:ASP.pages_webtemplate_aspx, HandlerExecuted:False, VaryByCustom:user;website;language, MemberName:InternalRenderLiquid, SourceFilePath:C:\__w\1\s\Framework\Adxstudio.Xrm\Web\Mvc\Html\LiquidExtensions.cs, SourceLineNumber:611, ExceptionMessage:Value cannot be null.
Parameter name: key
System.ArgumentNullException
   at System.ThrowHelper.ThrowArgumentNullException(ExceptionArgument argument)
   at System.Collections.Generic.Dictionary`2.FindEntry(TKey key)
   at System.Collections.Generic.Dictionary`2.TryGetValue(TKey key, TValue& value)
   at DotLiquid.DropBase.InvokeDrop(Object name)
   at DotLiquid.Context.LookupAndEvaluate(Object obj, Object key)
   at DotLiquid.Context.Variable(String markup)
   at DotLiquid.Context.Resolve(String key)
   at DotLiquid.Variable.RenderInternal(Context context)
   at DotLiquid.Variable.Render(Context context, TextWriter result)
   at DotLiquid.Block.RenderAll(List`1 list, Context context, TextWriter result)

mscorlib

, EventData:Liquid rendering error (adx_webtemplate::37096e18-22f9-ed11-8f6e-00224893bfba), Category:File, ErrorCategory:UserError",4001f001-0801-cc00-b63f-84710c7967bb
2024-03-28T02:48:09,Error,site-85de4385-0987-4ae5-9917-b7715602956d-AUe,0cce7d,638471908896810560,0,567192,144,"RequestData:, RequestPath:/rfcdetails/, RequestExtension:, SessionId:qecluleydwah4y1xqcsesebl, UserId:f9EeDp-GO6Q2h3BoUKgj1YZl1y91M--HVbhT-SWZam4Tc8whEJ2jkQ3VGKqYx8ERzHVpMIO6R9wx1XDmTTGCQXEmmJz2BSaxaNgzFj-vM-xpzSlIcEMr7l8n1MRTxoVGEJSvsHOJ3LuqbIeAiJk11Q2, CorrelationId:e61c52bc-2986-44e7-ada6-496cb83ad430, Elapsed:662.0705, RequestMethod:GET, RequestContentType:, RequestAccept:text/html,application/xhtml+xml,application/xml;q=0.9,image/avif,image/webp,image/apng,*/*;q=0.8,application/signed-exchange;v=b3;q=0.7, RequestCacheControl:, UserAgent:Mozilla/5.0 (Windows NT 10.0; Win64; x64) AppleWebKit/537.36 (KHTML, like Gecko) Chrome/123.0.0.0 Safari/537.36, HandlerName:ASP.pages_webtemplate_aspx, HandlerExecuted:False, VaryByCustom:user;website;language, MemberName:InternalRenderLiquid, SourceFilePath:C:\__w\1\s\Framework\Adxstudio.Xrm\Web\Mvc\Html\LiquidExtensions.cs, SourceLineNumber:611, ExceptionMessage:Value cannot be null.
Parameter name: key
System.ArgumentNullException
   at System.ThrowHelper.ThrowArgumentNullException(ExceptionArgument argument)
   at System.Collections.Generic.Dictionary`2.FindEntry(TKey key)
   at System.Collections.Generic.Dictionary`2.TryGetValue(TKey key, TValue& value)
   at DotLiquid.DropBase.InvokeDrop(Object name)
   at DotLiquid.Context.LookupAndEvaluate(Object obj, Object key)
   at DotLiquid.Context.Variable(String markup)
   at DotLiquid.Context.Resolve(String key)
   at DotLiquid.Variable.RenderInternal(Context context)
   at DotLiquid.Variable.Render(Context context, TextWriter result)
   at DotLiquid.Block.RenderAll(List`1 list, Context context, TextWriter result)

mscorlib

, EventData:Liquid rendering error (adx_webtemplate::37096e18-22f9-ed11-8f6e-00224893bfba), Category:File, ErrorCategory:UserError",4001f001-0801-cc00-b63f-84710c7967bb
2024-03-28T02:48:39,Error,site-85de4385-0987-4ae5-9917-b7715602956d-AUe,0cce7d,638471909192919955,0,567192,60,"RequestData:, RequestPath:/rfcdetails/, RequestExtension:, SessionId:qecluleydwah4y1xqcsesebl, UserId:f9EeDp-GO6Q2h3BoUKgj1YZl1y91M--HVbhT-SWZam4Tc8whEJ2jkQ3VGKqYx8ERzHVpMIO6R9wx1XDmTTGCQXEmmJz2BSaxaNgzFj-vM-xpzSlIcEMr7l8n1MRTxoVGEJSvsHOJ3LuqbIeAiJk11Q2, CorrelationId:a3c5ba5f-8fd6-45b6-a268-35d2c386aaa0, Elapsed:891.5982, RequestMethod:POST, RequestContentType:application/x-www-form-urlencoded, RequestAccept:text/html,application/xhtml+xml,application/xml;q=0.9,image/avif,image/webp,image/apng,*/*;q=0.8,application/signed-exchange;v=b3;q=0.7, RequestCacheControl:max-age=0, UserAgent:Mozilla/5.0 (Windows NT 10.0; Win64; x64) AppleWebKit/537.36 (KHTML, like Gecko) Chrome/123.0.0.0 Safari/537.36, HandlerName:ASP.pages_webtemplate_aspx, HandlerExecuted:False, VaryByCustom:user;website;language, MemberName:InternalRenderLiquid, SourceFilePath:C:\__w\1\s\Framework\Adxstudio.Xrm\Web\Mvc\Html\LiquidExtensions.cs, SourceLineNumber:611, ExceptionMessage:Value cannot be null.
Parameter name: key
System.ArgumentNullException
   at System.ThrowHelper.ThrowArgumentNullException(ExceptionArgument argument)
   at System.Collections.Generic.Dictionary`2.FindEntry(TKey key)
   at System.Collections.Generic.Dictionary`2.TryGetValue(TKey key, TValue& value)
   at DotLiquid.DropBase.InvokeDrop(Object name)
   at DotLiquid.Context.LookupAndEvaluate(Object obj, Object key)
   at DotLiquid.Context.Variable(String markup)
   at DotLiquid.Context.Resolve(String key)
   at DotLiquid.Variable.RenderInternal(Context context)
   at DotLiquid.Variable.Render(Context context, TextWriter result)
   at DotLiquid.Block.RenderAll(List`1 list, Context context, TextWriter result)

mscorlib

, EventData:Liquid rendering error, Category:File, ErrorCategory:UserError",4004a524-0002-b400-b63f-84710c7967bb
2024-03-28T02:48:39,Error,site-85de4385-0987-4ae5-9917-b7715602956d-AUe,0cce7d,638471909192919955,0,567192,60,"RequestData:, RequestPath:/rfcdetails/, RequestExtension:, SessionId:qecluleydwah4y1xqcsesebl, UserId:f9EeDp-GO6Q2h3BoUKgj1YZl1y91M--HVbhT-SWZam4Tc8whEJ2jkQ3VGKqYx8ERzHVpMIO6R9wx1XDmTTGCQXEmmJz2BSaxaNgzFj-vM-xpzSlIcEMr7l8n1MRTxoVGEJSvsHOJ3LuqbIeAiJk11Q2, CorrelationId:a3c5ba5f-8fd6-45b6-a268-35d2c386aaa0, Elapsed:892.2376, RequestMethod:POST, RequestContentType:application/x-www-form-urlencoded, RequestAccept:text/html,application/xhtml+xml,application/xml;q=0.9,image/avif,image/webp,image/apng,*/*;q=0.8,application/signed-exchange;v=b3;q=0.7, RequestCacheControl:max-age=0, UserAgent:Mozilla/5.0 (Windows NT 10.0; Win64; x64) AppleWebKit/537.36 (KHTML, like Gecko) Chrome/123.0.0.0 Safari/537.36, HandlerName:ASP.pages_webtemplate_aspx, HandlerExecuted:False, VaryByCustom:user;website;language, MemberName:InternalRenderLiquid, SourceFilePath:C:\__w\1\s\Framework\Adxstudio.Xrm\Web\Mvc\Html\LiquidExtensions.cs, SourceLineNumber:611, ExceptionMessage:Value cannot be null.
Parameter name: key
System.ArgumentNullException
   at System.ThrowHelper.ThrowArgumentNullException(ExceptionArgument argument)
   at System.Collections.Generic.Dictionary`2.FindEntry(TKey key)
   at System.Collections.Generic.Dictionary`2.TryGetValue(TKey key, TValue& value)
   at DotLiquid.DropBase.InvokeDrop(Object name)
   at DotLiquid.Context.LookupAndEvaluate(Object obj, Object key)
   at DotLiquid.Context.Variable(String markup)
   at DotLiquid.Context.Resolve(String key)
   at DotLiquid.Variable.RenderInternal(Context context)
   at DotLiquid.Variable.Render(Context context, TextWriter result)
   at DotLiquid.Block.RenderAll(List`1 list, Context context, TextWriter result)

mscorlib

, EventData:Liquid rendering error, Category:File, ErrorCategory:UserError",4004a524-0002-b400-b63f-84710c7967bb
2024-03-28T02:48:39,Error,site-85de4385-0987-4ae5-9917-b7715602956d-AUe,0cce7d,638471909192919955,0,567192,60,"RequestData:, RequestPath:/rfcdetails/, RequestExtension:, SessionId:qecluleydwah4y1xqcsesebl, UserId:f9EeDp-GO6Q2h3BoUKgj1YZl1y91M--HVbhT-SWZam4Tc8whEJ2jkQ3VGKqYx8ERzHVpMIO6R9wx1XDmTTGCQXEmmJz2BSaxaNgzFj-vM-xpzSlIcEMr7l8n1MRTxoVGEJSvsHOJ3LuqbIeAiJk11Q2, CorrelationId:a3c5ba5f-8fd6-45b6-a268-35d2c386aaa0, Elapsed:892.5257, RequestMethod:POST, RequestContentType:application/x-www-form-urlencoded, RequestAccept:text/html,application/xhtml+xml,application/xml;q=0.9,image/avif,image/webp,image/apng,*/*;q=0.8,application/signed-exchange;v=b3;q=0.7, RequestCacheControl:max-age=0, UserAgent:Mozilla/5.0 (Windows NT 10.0; Win64; x64) AppleWebKit/537.36 (KHTML, like Gecko) Chrome/123.0.0.0 Safari/537.36, HandlerName:ASP.pages_webtemplate_aspx, HandlerExecuted:False, VaryByCustom:user;website;language, MemberName:InternalRenderLiquid, SourceFilePath:C:\__w\1\s\Framework\Adxstudio.Xrm\Web\Mvc\Html\LiquidExtensions.cs, SourceLineNumber:611, ExceptionMessage:Value cannot be null.
Parameter name: key
System.ArgumentNullException
   at System.ThrowHelper.ThrowArgumentNullException(ExceptionArgument argument)
   at System.Collections.Generic.Dictionary`2.FindEntry(TKey key)
   at System.Collections.Generic.Dictionary`2.TryGetValue(TKey key, TValue& value)
   at DotLiquid.DropBase.InvokeDrop(Object name)
   at DotLiquid.Context.LookupAndEvaluate(Object obj, Object key)
   at DotLiquid.Context.Variable(String markup)
   at DotLiquid.Context.Resolve(String key)
   at DotLiquid.Variable.RenderInternal(Context context)
   at DotLiquid.Variable.Render(Context context, TextWriter result)
   at DotLiquid.Block.RenderAll(List`1 list, Context context, TextWriter result)

mscorlib

, EventData:Liquid rendering error, Category:File, ErrorCategory:UserError",4004a524-0002-b400-b63f-84710c7967bb
2024-03-28T02:48:39,Error,site-85de4385-0987-4ae5-9917-b7715602956d-AUe,0cce7d,638471909192919955,0,567192,60,"RequestData:, RequestPath:/rfcdetails/, RequestExtension:, SessionId:qecluleydwah4y1xqcsesebl, UserId:f9EeDp-GO6Q2h3BoUKgj1YZl1y91M--HVbhT-SWZam4Tc8whEJ2jkQ3VGKqYx8ERzHVpMIO6R9wx1XDmTTGCQXEmmJz2BSaxaNgzFj-vM-xpzSlIcEMr7l8n1MRTxoVGEJSvsHOJ3LuqbIeAiJk11Q2, CorrelationId:a3c5ba5f-8fd6-45b6-a268-35d2c386aaa0, Elapsed:892.7809, RequestMethod:POST, RequestContentType:application/x-www-form-urlencoded, RequestAccept:text/html,application/xhtml+xml,application/xml;q=0.9,image/avif,image/webp,image/apng,*/*;q=0.8,application/signed-exchange;v=b3;q=0.7, RequestCacheControl:max-age=0, UserAgent:Mozilla/5.0 (Windows NT 10.0; Win64; x64) AppleWebKit/537.36 (KHTML, like Gecko) Chrome/123.0.0.0 Safari/537.36, HandlerName:ASP.pages_webtemplate_aspx, HandlerExecuted:False, VaryByCustom:user;website;language, MemberName:InternalRenderLiquid, SourceFilePath:C:\__w\1\s\Framework\Adxstudio.Xrm\Web\Mvc\Html\LiquidExtensions.cs, SourceLineNumber:611, ExceptionMessage:Value cannot be null.
Parameter name: key
System.ArgumentNullException
   at System.ThrowHelper.ThrowArgumentNullException(ExceptionArgument argument)
   at System.Collections.Generic.Dictionary`2.FindEntry(TKey key)
   at System.Collections.Generic.Dictionary`2.TryGetValue(TKey key, TValue& value)
   at DotLiquid.DropBase.InvokeDrop(Object name)
   at DotLiquid.Context.LookupAndEvaluate(Object obj, Object key)
   at DotLiquid.Context.Variable(String markup)
   at DotLiquid.Context.Resolve(String key)
   at DotLiquid.Variable.RenderInternal(Context context)
   at DotLiquid.Variable.Render(Context context, TextWriter result)
   at DotLiquid.Block.RenderAll(List`1 list, Context context, TextWriter result)

mscorlib

, EventData:Liquid rendering error, Category:File, ErrorCategory:UserError",4004a524-0002-b400-b63f-84710c7967bb
2024-03-28T02:48:39,Error,site-85de4385-0987-4ae5-9917-b7715602956d-AUe,0cce7d,638471909193544935,0,567192,60,"RequestData:, RequestPath:/rfcdetails/, RequestExtension:, SessionId:qecluleydwah4y1xqcsesebl, UserId:f9EeDp-GO6Q2h3BoUKgj1YZl1y91M--HVbhT-SWZam4Tc8whEJ2jkQ3VGKqYx8ERzHVpMIO6R9wx1XDmTTGCQXEmmJz2BSaxaNgzFj-vM-xpzSlIcEMr7l8n1MRTxoVGEJSvsHOJ3LuqbIeAiJk11Q2, CorrelationId:a3c5ba5f-8fd6-45b6-a268-35d2c386aaa0, Elapsed:960.6203, RequestMethod:POST, RequestContentType:application/x-www-form-urlencoded, RequestAccept:text/html,application/xhtml+xml,application/xml;q=0.9,image/avif,image/webp,image/apng,*/*;q=0.8,application/signed-exchange;v=b3;q=0.7, RequestCacheControl:max-age=0, UserAgent:Mozilla/5.0 (Windows NT 10.0; Win64; x64) AppleWebKit/537.36 (KHTML, like Gecko) Chrome/123.0.0.0 Safari/537.36, HandlerName:ASP.pages_webtemplate_aspx, HandlerExecuted:False, VaryByCustom:user;website;language, MemberName:InternalRenderLiquid, SourceFilePath:C:\__w\1\s\Framework\Adxstudio.Xrm\Web\Mvc\Html\LiquidExtensions.cs, SourceLineNumber:611, ExceptionMessage:Value cannot be null.
Parameter name: key
System.ArgumentNullException
   at System.ThrowHelper.ThrowArgumentNullException(ExceptionArgument argument)
   at System.Collections.Generic.Dictionary`2.FindEntry(TKey key)
   at System.Collections.Generic.Dictionary`2.TryGetValue(TKey key, TValue& value)
   at DotLiquid.DropBase.InvokeDrop(Object name)
   at DotLiquid.Context.LookupAndEvaluate(Object obj, Object key)
   at DotLiquid.Context.Variable(String markup)
   at DotLiquid.Context.Resolve(String key)
   at DotLiquid.Variable.RenderInternal(Context context)
   at DotLiquid.Variable.Render(Context context, TextWriter result)
   at DotLiquid.Block.RenderAll(List`1 list, Context context, TextWriter result)

mscorlib

, EventData:Liquid rendering error (adx_webtemplate::37096e18-22f9-ed11-8f6e-00224893bfba), Category:File, ErrorCategory:UserError",4004a524-0002-b400-b63f-84710c7967bb
2024-03-28T02:48:39,Error,site-85de4385-0987-4ae5-9917-b7715602956d-AUe,0cce7d,638471909193544935,0,567192,60,"RequestData:, RequestPath:/rfcdetails/, RequestExtension:, SessionId:qecluleydwah4y1xqcsesebl, UserId:f9EeDp-GO6Q2h3BoUKgj1YZl1y91M--HVbhT-SWZam4Tc8whEJ2jkQ3VGKqYx8ERzHVpMIO6R9wx1XDmTTGCQXEmmJz2BSaxaNgzFj-vM-xpzSlIcEMr7l8n1MRTxoVGEJSvsHOJ3LuqbIeAiJk11Q2, CorrelationId:a3c5ba5f-8fd6-45b6-a268-35d2c386aaa0, Elapsed:961.0466, RequestMethod:POST, RequestContentType:application/x-www-form-urlencoded, RequestAccept:text/html,application/xhtml+xml,application/xml;q=0.9,image/avif,image/webp,image/apng,*/*;q=0.8,application/signed-exchange;v=b3;q=0.7, RequestCacheControl:max-age=0, UserAgent:Mozilla/5.0 (Windows NT 10.0; Win64; x64) AppleWebKit/537.36 (KHTML, like Gecko) Chrome/123.0.0.0 Safari/537.36, HandlerName:ASP.pages_webtemplate_aspx, HandlerExecuted:False, VaryByCustom:user;website;language, MemberName:InternalRenderLiquid, SourceFilePath:C:\__w\1\s\Framework\Adxstudio.Xrm\Web\Mvc\Html\LiquidExtensions.cs, SourceLineNumber:611, ExceptionMessage:Value cannot be null.
Parameter name: key
System.ArgumentNullException
   at System.ThrowHelper.ThrowArgumentNullException(ExceptionArgument argument)
   at System.Collections.Generic.Dictionary`2.FindEntry(TKey key)
   at System.Collections.Generic.Dictionary`2.TryGetValue(TKey key, TValue& value)
   at DotLiquid.DropBase.InvokeDrop(Object name)
   at DotLiquid.Context.LookupAndEvaluate(Object obj, Object key)
   at DotLiquid.Context.Variable(String markup)
   at DotLiquid.Context.Resolve(String key)
   at DotLiquid.Variable.RenderInternal(Context context)
   at DotLiquid.Variable.Render(Context context, TextWriter result)
   at DotLiquid.Block.RenderAll(List`1 list, Context context, TextWriter result)

mscorlib

, EventData:Liquid rendering error (adx_webtemplate::37096e18-22f9-ed11-8f6e-00224893bfba), Category:File, ErrorCategory:UserError",4004a524-0002-b400-b63f-84710c7967bb
2024-03-28T02:48:39,Error,site-85de4385-0987-4ae5-9917-b7715602956d-AUe,0cce7d,638471909193544935,0,567192,60,"RequestData:, RequestPath:/rfcdetails/, RequestExtension:, SessionId:qecluleydwah4y1xqcsesebl, UserId:f9EeDp-GO6Q2h3BoUKgj1YZl1y91M--HVbhT-SWZam4Tc8whEJ2jkQ3VGKqYx8ERzHVpMIO6R9wx1XDmTTGCQXEmmJz2BSaxaNgzFj-vM-xpzSlIcEMr7l8n1MRTxoVGEJSvsHOJ3LuqbIeAiJk11Q2, CorrelationId:a3c5ba5f-8fd6-45b6-a268-35d2c386aaa0, Elapsed:961.3175, RequestMethod:POST, RequestContentType:application/x-www-form-urlencoded, RequestAccept:text/html,application/xhtml+xml,application/xml;q=0.9,image/avif,image/webp,image/apng,*/*;q=0.8,application/signed-exchange;v=b3;q=0.7, RequestCacheControl:max-age=0, UserAgent:Mozilla/5.0 (Windows NT 10.0; Win64; x64) AppleWebKit/537.36 (KHTML, like Gecko) Chrome/123.0.0.0 Safari/537.36, HandlerName:ASP.pages_webtemplate_aspx, HandlerExecuted:False, VaryByCustom:user;website;language, MemberName:InternalRenderLiquid, SourceFilePath:C:\__w\1\s\Framework\Adxstudio.Xrm\Web\Mvc\Html\LiquidExtensions.cs, SourceLineNumber:611, ExceptionMessage:Value cannot be null.
Parameter name: key
System.ArgumentNullException
   at System.ThrowHelper.ThrowArgumentNullException(ExceptionArgument argument)
   at System.Collections.Generic.Dictionary`2.FindEntry(TKey key)
   at System.Collections.Generic.Dictionary`2.TryGetValue(TKey key, TValue& value)
   at DotLiquid.DropBase.InvokeDrop(Object name)
   at DotLiquid.Context.LookupAndEvaluate(Object obj, Object key)
   at DotLiquid.Context.Variable(String markup)
   at DotLiquid.Context.Resolve(String key)
   at DotLiquid.Variable.RenderInternal(Context context)
   at DotLiquid.Variable.Render(Context context, TextWriter result)
   at DotLiquid.Block.RenderAll(List`1 list, Context context, TextWriter result)

mscorlib

, EventData:Liquid rendering error (adx_webtemplate::37096e18-22f9-ed11-8f6e-00224893bfba), Category:File, ErrorCategory:UserError",4004a524-0002-b400-b63f-84710c7967bb
2024-03-28T02:48:39,Error,site-85de4385-0987-4ae5-9917-b7715602956d-AUe,0cce7d,638471909193544935,0,567192,60,"RequestData:, RequestPath:/rfcdetails/, RequestExtension:, SessionId:qecluleydwah4y1xqcsesebl, UserId:f9EeDp-GO6Q2h3BoUKgj1YZl1y91M--HVbhT-SWZam4Tc8whEJ2jkQ3VGKqYx8ERzHVpMIO6R9wx1XDmTTGCQXEmmJz2BSaxaNgzFj-vM-xpzSlIcEMr7l8n1MRTxoVGEJSvsHOJ3LuqbIeAiJk11Q2, CorrelationId:a3c5ba5f-8fd6-45b6-a268-35d2c386aaa0, Elapsed:961.557, RequestMethod:POST, RequestContentType:application/x-www-form-urlencoded, RequestAccept:text/html,application/xhtml+xml,application/xml;q=0.9,image/avif,image/webp,image/apng,*/*;q=0.8,application/signed-exchange;v=b3;q=0.7, RequestCacheControl:max-age=0, UserAgent:Mozilla/5.0 (Windows NT 10.0; Win64; x64) AppleWebKit/537.36 (KHTML, like Gecko) Chrome/123.0.0.0 Safari/537.36, HandlerName:ASP.pages_webtemplate_aspx, HandlerExecuted:False, VaryByCustom:user;website;language, MemberName:InternalRenderLiquid, SourceFilePath:C:\__w\1\s\Framework\Adxstudio.Xrm\Web\Mvc\Html\LiquidExtensions.cs, SourceLineNumber:611, ExceptionMessage:Value cannot be null.
Parameter name: key
System.ArgumentNullException
   at System.ThrowHelper.ThrowArgumentNullException(ExceptionArgument argument)
   at System.Collections.Generic.Dictionary`2.FindEntry(TKey key)
   at System.Collections.Generic.Dictionary`2.TryGetValue(TKey key, TValue& value)
   at DotLiquid.DropBase.InvokeDrop(Object name)
   at DotLiquid.Context.LookupAndEvaluate(Object obj, Object key)
   at DotLiquid.Context.Variable(String markup)
   at DotLiquid.Context.Resolve(String key)
   at DotLiquid.Variable.RenderInternal(Context context)
   at DotLiquid.Variable.Render(Context context, TextWriter result)
   at DotLiquid.Block.RenderAll(List`1 list, Context context, TextWriter result)

mscorlib

, EventData:Liquid rendering error (adx_webtemplate::37096e18-22f9-ed11-8f6e-00224893bfba), Category:File, ErrorCategory:UserError",4004a524-0002-b400-b63f-84710c7967bb
