date,level,applicationName,instanceId,eventTickCount,eventId,pid,tid,message,activityId
2024-02-19T01:09:13,Error,site-85de4385-0987-4ae5-9917-b7715602956d-AUe,7e7bb2,638439017533330533,0,35932,244,"RequestData:, RequestPath:/_services/about, RequestExtension:, SessionId:, UserId:ENfmc-oipyBo8_d6jPe840tfj_V4i7fSGeixl1PWGx0tjSOoTnT356H2llqofQpAVNGigwf37Ue-Xv3kC61FKVbsDNlowUnN9DXRt_hR5MO28adFGrj_IWcmKAuNqiSDdiIHql1EYQiYS8gjnwZ94w2, CorrelationId:b70e5b9a-6cda-45d9-9496-a085041de176, Elapsed:771.1324, MemberName:PopulateVirtualEntitiesActualSource, SourceFilePath:C:\__w\1\s\Framework\Adxstudio.Xrm\Caching\VirtualEntitiesCacheHelper.cs, SourceLineNumber:125, Category:Application, Message:The web api getDataSourceId for virtual entity returned empty DataSourceId, ErrorCategory:ApplicationError",8004bc1b-0400-7700-b63f-84710c7967bb
2024-02-19T01:09:13,Error,site-85de4385-0987-4ae5-9917-b7715602956d-AUe,7e7bb2,638439017533800053,0,35932,244,"RequestData:, RequestPath:/_services/about, RequestExtension:, SessionId:, UserId:ENfmc-oipyBo8_d6jPe840tfj_V4i7fSGeixl1PWGx0tjSOoTnT356H2llqofQpAVNGigwf37Ue-Xv3kC61FKVbsDNlowUnN9DXRt_hR5MO28adFGrj_IWcmKAuNqiSDdiIHql1EYQiYS8gjnwZ94w2, CorrelationId:b70e5b9a-6cda-45d9-9496-a085041de176, Elapsed:826.1749, MemberName:PopulateVirtualEntitiesActualSource, SourceFilePath:C:\__w\1\s\Framework\Adxstudio.Xrm\Caching\VirtualEntitiesCacheHelper.cs, SourceLineNumber:125, Category:Application, Message:The web api getDataSourceId for virtual entity returned empty DataSourceId, ErrorCategory:ApplicationError",8004bc1b-0400-7700-b63f-84710c7967bb
2024-02-19T01:09:13,Error,site-85de4385-0987-4ae5-9917-b7715602956d-AUe,7e7bb2,638439017534268033,0,35932,244,"RequestData:, RequestPath:/_services/about, RequestExtension:, SessionId:, UserId:ENfmc-oipyBo8_d6jPe840tfj_V4i7fSGeixl1PWGx0tjSOoTnT356H2llqofQpAVNGigwf37Ue-Xv3kC61FKVbsDNlowUnN9DXRt_hR5MO28adFGrj_IWcmKAuNqiSDdiIHql1EYQiYS8gjnwZ94w2, CorrelationId:b70e5b9a-6cda-45d9-9496-a085041de176, Elapsed:876.3791, MemberName:PopulateVirtualEntitiesActualSource, SourceFilePath:C:\__w\1\s\Framework\Adxstudio.Xrm\Caching\VirtualEntitiesCacheHelper.cs, SourceLineNumber:125, Category:Application, Message:The web api getDataSourceId for virtual entity returned empty DataSourceId, ErrorCategory:ApplicationError",8004bc1b-0400-7700-b63f-84710c7967bb
2024-02-19T01:09:13,Error,site-85de4385-0987-4ae5-9917-b7715602956d-AUe,7e7bb2,638439017534737598,0,35932,244,"RequestData:, RequestPath:/_services/about, RequestExtension:, SessionId:, UserId:ENfmc-oipyBo8_d6jPe840tfj_V4i7fSGeixl1PWGx0tjSOoTnT356H2llqofQpAVNGigwf37Ue-Xv3kC61FKVbsDNlowUnN9DXRt_hR5MO28adFGrj_IWcmKAuNqiSDdiIHql1EYQiYS8gjnwZ94w2, CorrelationId:b70e5b9a-6cda-45d9-9496-a085041de176, Elapsed:921.8488, MemberName:PopulateVirtualEntitiesActualSource, SourceFilePath:C:\__w\1\s\Framework\Adxstudio.Xrm\Caching\VirtualEntitiesCacheHelper.cs, SourceLineNumber:125, Category:Application, Message:The web api getDataSourceId for virtual entity returned empty DataSourceId, ErrorCategory:ApplicationError",8004bc1b-0400-7700-b63f-84710c7967bb
2024-02-19T01:09:13,Error,site-85de4385-0987-4ae5-9917-b7715602956d-AUe,7e7bb2,638439017535362784,0,35932,244,"RequestData:, RequestPath:/_services/about, RequestExtension:, SessionId:, UserId:ENfmc-oipyBo8_d6jPe840tfj_V4i7fSGeixl1PWGx0tjSOoTnT356H2llqofQpAVNGigwf37Ue-Xv3kC61FKVbsDNlowUnN9DXRt_hR5MO28adFGrj_IWcmKAuNqiSDdiIHql1EYQiYS8gjnwZ94w2, CorrelationId:b70e5b9a-6cda-45d9-9496-a085041de176, Elapsed:975.3986, MemberName:PopulateVirtualEntitiesActualSource, SourceFilePath:C:\__w\1\s\Framework\Adxstudio.Xrm\Caching\VirtualEntitiesCacheHelper.cs, SourceLineNumber:125, Category:Application, Message:The web api getDataSourceId for virtual entity returned empty DataSourceId, ErrorCategory:ApplicationError",8004bc1b-0400-7700-b63f-84710c7967bb
2024-02-19T01:09:13,Error,site-85de4385-0987-4ae5-9917-b7715602956d-AUe,7e7bb2,638439017535830576,0,35932,244,"RequestData:, RequestPath:/_services/about, RequestExtension:, SessionId:, UserId:ENfmc-oipyBo8_d6jPe840tfj_V4i7fSGeixl1PWGx0tjSOoTnT356H2llqofQpAVNGigwf37Ue-Xv3kC61FKVbsDNlowUnN9DXRt_hR5MO28adFGrj_IWcmKAuNqiSDdiIHql1EYQiYS8gjnwZ94w2, CorrelationId:b70e5b9a-6cda-45d9-9496-a085041de176, Elapsed:1021.1376, MemberName:PopulateVirtualEntitiesActualSource, SourceFilePath:C:\__w\1\s\Framework\Adxstudio.Xrm\Caching\VirtualEntitiesCacheHelper.cs, SourceLineNumber:125, Category:Application, Message:The web api getDataSourceId for virtual entity returned empty DataSourceId, ErrorCategory:ApplicationError",8004bc1b-0400-7700-b63f-84710c7967bb
2024-02-19T01:09:13,Error,site-85de4385-0987-4ae5-9917-b7715602956d-AUe,7e7bb2,638439017536299374,0,35932,244,"RequestData:, RequestPath:/_services/about, RequestExtension:, SessionId:, UserId:ENfmc-oipyBo8_d6jPe840tfj_V4i7fSGeixl1PWGx0tjSOoTnT356H2llqofQpAVNGigwf37Ue-Xv3kC61FKVbsDNlowUnN9DXRt_hR5MO28adFGrj_IWcmKAuNqiSDdiIHql1EYQiYS8gjnwZ94w2, CorrelationId:b70e5b9a-6cda-45d9-9496-a085041de176, Elapsed:1067.7948, MemberName:PopulateVirtualEntitiesActualSource, SourceFilePath:C:\__w\1\s\Framework\Adxstudio.Xrm\Caching\VirtualEntitiesCacheHelper.cs, SourceLineNumber:125, Category:Application, Message:The web api getDataSourceId for virtual entity returned empty DataSourceId, ErrorCategory:ApplicationError",8004bc1b-0400-7700-b63f-84710c7967bb
2024-02-19T01:09:13,Error,site-85de4385-0987-4ae5-9917-b7715602956d-AUe,7e7bb2,638439017536768098,0,35932,244,"RequestData:, RequestPath:/_services/about, RequestExtension:, SessionId:, UserId:ENfmc-oipyBo8_d6jPe840tfj_V4i7fSGeixl1PWGx0tjSOoTnT356H2llqofQpAVNGigwf37Ue-Xv3kC61FKVbsDNlowUnN9DXRt_hR5MO28adFGrj_IWcmKAuNqiSDdiIHql1EYQiYS8gjnwZ94w2, CorrelationId:b70e5b9a-6cda-45d9-9496-a085041de176, Elapsed:1114.4071, MemberName:PopulateVirtualEntitiesActualSource, SourceFilePath:C:\__w\1\s\Framework\Adxstudio.Xrm\Caching\VirtualEntitiesCacheHelper.cs, SourceLineNumber:125, Category:Application, Message:The web api getDataSourceId for virtual entity returned empty DataSourceId, ErrorCategory:ApplicationError",8004bc1b-0400-7700-b63f-84710c7967bb
2024-02-19T01:09:13,Error,site-85de4385-0987-4ae5-9917-b7715602956d-AUe,7e7bb2,638439017537236931,0,35932,244,"RequestData:, RequestPath:/_services/about, RequestExtension:, SessionId:, UserId:ENfmc-oipyBo8_d6jPe840tfj_V4i7fSGeixl1PWGx0tjSOoTnT356H2llqofQpAVNGigwf37Ue-Xv3kC61FKVbsDNlowUnN9DXRt_hR5MO28adFGrj_IWcmKAuNqiSDdiIHql1EYQiYS8gjnwZ94w2, CorrelationId:b70e5b9a-6cda-45d9-9496-a085041de176, Elapsed:1165.2809, MemberName:PopulateVirtualEntitiesActualSource, SourceFilePath:C:\__w\1\s\Framework\Adxstudio.Xrm\Caching\VirtualEntitiesCacheHelper.cs, SourceLineNumber:125, Category:Application, Message:The web api getDataSourceId for virtual entity returned empty DataSourceId, ErrorCategory:ApplicationError",8004bc1b-0400-7700-b63f-84710c7967bb
2024-02-19T01:09:13,Error,site-85de4385-0987-4ae5-9917-b7715602956d-AUe,7e7bb2,638439017537706168,0,35932,244,"RequestData:, RequestPath:/_services/about, RequestExtension:, SessionId:, UserId:ENfmc-oipyBo8_d6jPe840tfj_V4i7fSGeixl1PWGx0tjSOoTnT356H2llqofQpAVNGigwf37Ue-Xv3kC61FKVbsDNlowUnN9DXRt_hR5MO28adFGrj_IWcmKAuNqiSDdiIHql1EYQiYS8gjnwZ94w2, CorrelationId:b70e5b9a-6cda-45d9-9496-a085041de176, Elapsed:1211.8887, MemberName:PopulateVirtualEntitiesActualSource, SourceFilePath:C:\__w\1\s\Framework\Adxstudio.Xrm\Caching\VirtualEntitiesCacheHelper.cs, SourceLineNumber:125, Category:Application, Message:The web api getDataSourceId for virtual entity returned empty DataSourceId, ErrorCategory:ApplicationError",8004bc1b-0400-7700-b63f-84710c7967bb
2024-02-19T01:09:13,Error,site-85de4385-0987-4ae5-9917-b7715602956d-AUe,7e7bb2,638439017538174912,0,35932,244,"RequestData:, RequestPath:/_services/about, RequestExtension:, SessionId:, UserId:ENfmc-oipyBo8_d6jPe840tfj_V4i7fSGeixl1PWGx0tjSOoTnT356H2llqofQpAVNGigwf37Ue-Xv3kC61FKVbsDNlowUnN9DXRt_hR5MO28adFGrj_IWcmKAuNqiSDdiIHql1EYQiYS8gjnwZ94w2, CorrelationId:b70e5b9a-6cda-45d9-9496-a085041de176, Elapsed:1260.7661, MemberName:PopulateVirtualEntitiesActualSource, SourceFilePath:C:\__w\1\s\Framework\Adxstudio.Xrm\Caching\VirtualEntitiesCacheHelper.cs, SourceLineNumber:125, Category:Application, Message:The web api getDataSourceId for virtual entity returned empty DataSourceId, ErrorCategory:ApplicationError",8004bc1b-0400-7700-b63f-84710c7967bb
2024-02-19T01:09:13,Error,site-85de4385-0987-4ae5-9917-b7715602956d-AUe,7e7bb2,638439017538643672,0,35932,244,"RequestData:, RequestPath:/_services/about, RequestExtension:, SessionId:, UserId:ENfmc-oipyBo8_d6jPe840tfj_V4i7fSGeixl1PWGx0tjSOoTnT356H2llqofQpAVNGigwf37Ue-Xv3kC61FKVbsDNlowUnN9DXRt_hR5MO28adFGrj_IWcmKAuNqiSDdiIHql1EYQiYS8gjnwZ94w2, CorrelationId:b70e5b9a-6cda-45d9-9496-a085041de176, Elapsed:1312.2865, MemberName:PopulateVirtualEntitiesActualSource, SourceFilePath:C:\__w\1\s\Framework\Adxstudio.Xrm\Caching\VirtualEntitiesCacheHelper.cs, SourceLineNumber:125, Category:Application, Message:The web api getDataSourceId for virtual entity returned empty DataSourceId, ErrorCategory:ApplicationError",8004bc1b-0400-7700-b63f-84710c7967bb
2024-02-19T01:09:13,Error,site-85de4385-0987-4ae5-9917-b7715602956d-AUe,7e7bb2,638439017539112627,0,35932,244,"RequestData:, RequestPath:/_services/about, RequestExtension:, SessionId:, UserId:ENfmc-oipyBo8_d6jPe840tfj_V4i7fSGeixl1PWGx0tjSOoTnT356H2llqofQpAVNGigwf37Ue-Xv3kC61FKVbsDNlowUnN9DXRt_hR5MO28adFGrj_IWcmKAuNqiSDdiIHql1EYQiYS8gjnwZ94w2, CorrelationId:b70e5b9a-6cda-45d9-9496-a085041de176, Elapsed:1355.8522, MemberName:PopulateVirtualEntitiesActualSource, SourceFilePath:C:\__w\1\s\Framework\Adxstudio.Xrm\Caching\VirtualEntitiesCacheHelper.cs, SourceLineNumber:125, Category:Application, Message:The web api getDataSourceId for virtual entity returned empty DataSourceId, ErrorCategory:ApplicationError",8004bc1b-0400-7700-b63f-84710c7967bb
2024-02-19T01:09:13,Error,site-85de4385-0987-4ae5-9917-b7715602956d-AUe,7e7bb2,638439017539581432,0,35932,244,"RequestData:, RequestPath:/_services/about, RequestExtension:, SessionId:, UserId:ENfmc-oipyBo8_d6jPe840tfj_V4i7fSGeixl1PWGx0tjSOoTnT356H2llqofQpAVNGigwf37Ue-Xv3kC61FKVbsDNlowUnN9DXRt_hR5MO28adFGrj_IWcmKAuNqiSDdiIHql1EYQiYS8gjnwZ94w2, CorrelationId:b70e5b9a-6cda-45d9-9496-a085041de176, Elapsed:1400.9144, MemberName:PopulateVirtualEntitiesActualSource, SourceFilePath:C:\__w\1\s\Framework\Adxstudio.Xrm\Caching\VirtualEntitiesCacheHelper.cs, SourceLineNumber:125, Category:Application, Message:The web api getDataSourceId for virtual entity returned empty DataSourceId, ErrorCategory:ApplicationError",8004bc1b-0400-7700-b63f-84710c7967bb
2024-02-19T01:09:14,Error,site-85de4385-0987-4ae5-9917-b7715602956d-AUe,7e7bb2,638439017540206227,0,35932,244,"RequestData:, RequestPath:/_services/about, RequestExtension:, SessionId:, UserId:ENfmc-oipyBo8_d6jPe840tfj_V4i7fSGeixl1PWGx0tjSOoTnT356H2llqofQpAVNGigwf37Ue-Xv3kC61FKVbsDNlowUnN9DXRt_hR5MO28adFGrj_IWcmKAuNqiSDdiIHql1EYQiYS8gjnwZ94w2, CorrelationId:b70e5b9a-6cda-45d9-9496-a085041de176, Elapsed:1462.1095, MemberName:PopulateVirtualEntitiesActualSource, SourceFilePath:C:\__w\1\s\Framework\Adxstudio.Xrm\Caching\VirtualEntitiesCacheHelper.cs, SourceLineNumber:125, Category:Application, Message:The web api getDataSourceId for virtual entity returned empty DataSourceId, ErrorCategory:ApplicationError",8004bc1b-0400-7700-b63f-84710c7967bb
2024-02-19T01:09:14,Error,site-85de4385-0987-4ae5-9917-b7715602956d-AUe,7e7bb2,638439017540675250,0,35932,244,"RequestData:, RequestPath:/_services/about, RequestExtension:, SessionId:, UserId:ENfmc-oipyBo8_d6jPe840tfj_V4i7fSGeixl1PWGx0tjSOoTnT356H2llqofQpAVNGigwf37Ue-Xv3kC61FKVbsDNlowUnN9DXRt_hR5MO28adFGrj_IWcmKAuNqiSDdiIHql1EYQiYS8gjnwZ94w2, CorrelationId:b70e5b9a-6cda-45d9-9496-a085041de176, Elapsed:1520.2351, MemberName:PopulateVirtualEntitiesActualSource, SourceFilePath:C:\__w\1\s\Framework\Adxstudio.Xrm\Caching\VirtualEntitiesCacheHelper.cs, SourceLineNumber:125, Category:Application, Message:The web api getDataSourceId for virtual entity returned empty DataSourceId, ErrorCategory:ApplicationError",8004bc1b-0400-7700-b63f-84710c7967bb
2024-02-19T01:09:14,Error,site-85de4385-0987-4ae5-9917-b7715602956d-AUe,7e7bb2,638439017541143829,0,35932,244,"RequestData:, RequestPath:/_services/about, RequestExtension:, SessionId:, UserId:ENfmc-oipyBo8_d6jPe840tfj_V4i7fSGeixl1PWGx0tjSOoTnT356H2llqofQpAVNGigwf37Ue-Xv3kC61FKVbsDNlowUnN9DXRt_hR5MO28adFGrj_IWcmKAuNqiSDdiIHql1EYQiYS8gjnwZ94w2, CorrelationId:b70e5b9a-6cda-45d9-9496-a085041de176, Elapsed:1565.3742, MemberName:PopulateVirtualEntitiesActualSource, SourceFilePath:C:\__w\1\s\Framework\Adxstudio.Xrm\Caching\VirtualEntitiesCacheHelper.cs, SourceLineNumber:125, Category:Application, Message:The web api getDataSourceId for virtual entity returned empty DataSourceId, ErrorCategory:ApplicationError",8004bc1b-0400-7700-b63f-84710c7967bb
2024-02-19T01:09:14,Error,site-85de4385-0987-4ae5-9917-b7715602956d-AUe,7e7bb2,638439017541612603,0,35932,244,"RequestData:, RequestPath:/_services/about, RequestExtension:, SessionId:, UserId:ENfmc-oipyBo8_d6jPe840tfj_V4i7fSGeixl1PWGx0tjSOoTnT356H2llqofQpAVNGigwf37Ue-Xv3kC61FKVbsDNlowUnN9DXRt_hR5MO28adFGrj_IWcmKAuNqiSDdiIHql1EYQiYS8gjnwZ94w2, CorrelationId:b70e5b9a-6cda-45d9-9496-a085041de176, Elapsed:1612.0666, MemberName:PopulateVirtualEntitiesActualSource, SourceFilePath:C:\__w\1\s\Framework\Adxstudio.Xrm\Caching\VirtualEntitiesCacheHelper.cs, SourceLineNumber:125, Category:Application, Message:The web api getDataSourceId for virtual entity returned empty DataSourceId, ErrorCategory:ApplicationError",8004bc1b-0400-7700-b63f-84710c7967bb
2024-02-19T01:09:14,Error,site-85de4385-0987-4ae5-9917-b7715602956d-AUe,7e7bb2,638439017542081382,0,35932,244,"RequestData:, RequestPath:/_services/about, RequestExtension:, SessionId:, UserId:ENfmc-oipyBo8_d6jPe840tfj_V4i7fSGeixl1PWGx0tjSOoTnT356H2llqofQpAVNGigwf37Ue-Xv3kC61FKVbsDNlowUnN9DXRt_hR5MO28adFGrj_IWcmKAuNqiSDdiIHql1EYQiYS8gjnwZ94w2, CorrelationId:b70e5b9a-6cda-45d9-9496-a085041de176, Elapsed:1658.9865, MemberName:PopulateVirtualEntitiesActualSource, SourceFilePath:C:\__w\1\s\Framework\Adxstudio.Xrm\Caching\VirtualEntitiesCacheHelper.cs, SourceLineNumber:125, Category:Application, Message:The web api getDataSourceId for virtual entity returned empty DataSourceId, ErrorCategory:ApplicationError",8004bc1b-0400-7700-b63f-84710c7967bb
2024-02-19T01:09:14,Error,site-85de4385-0987-4ae5-9917-b7715602956d-AUe,7e7bb2,638439017542549996,0,35932,244,"RequestData:, RequestPath:/_services/about, RequestExtension:, SessionId:, UserId:ENfmc-oipyBo8_d6jPe840tfj_V4i7fSGeixl1PWGx0tjSOoTnT356H2llqofQpAVNGigwf37Ue-Xv3kC61FKVbsDNlowUnN9DXRt_hR5MO28adFGrj_IWcmKAuNqiSDdiIHql1EYQiYS8gjnwZ94w2, CorrelationId:b70e5b9a-6cda-45d9-9496-a085041de176, Elapsed:1704.0456, MemberName:PopulateVirtualEntitiesActualSource, SourceFilePath:C:\__w\1\s\Framework\Adxstudio.Xrm\Caching\VirtualEntitiesCacheHelper.cs, SourceLineNumber:125, Category:Application, Message:The web api getDataSourceId for virtual entity returned empty DataSourceId, ErrorCategory:ApplicationError",8004bc1b-0400-7700-b63f-84710c7967bb
2024-02-19T01:09:14,Error,site-85de4385-0987-4ae5-9917-b7715602956d-AUe,7e7bb2,638439017543019022,0,35932,244,"RequestData:, RequestPath:/_services/about, RequestExtension:, SessionId:, UserId:ENfmc-oipyBo8_d6jPe840tfj_V4i7fSGeixl1PWGx0tjSOoTnT356H2llqofQpAVNGigwf37Ue-Xv3kC61FKVbsDNlowUnN9DXRt_hR5MO28adFGrj_IWcmKAuNqiSDdiIHql1EYQiYS8gjnwZ94w2, CorrelationId:b70e5b9a-6cda-45d9-9496-a085041de176, Elapsed:1753.1883, MemberName:PopulateVirtualEntitiesActualSource, SourceFilePath:C:\__w\1\s\Framework\Adxstudio.Xrm\Caching\VirtualEntitiesCacheHelper.cs, SourceLineNumber:125, Category:Application, Message:The web api getDataSourceId for virtual entity returned empty DataSourceId, ErrorCategory:ApplicationError",8004bc1b-0400-7700-b63f-84710c7967bb
2024-02-19T01:09:14,Error,site-85de4385-0987-4ae5-9917-b7715602956d-AUe,7e7bb2,638439017543487035,0,35932,244,"RequestData:, RequestPath:/_services/about, RequestExtension:, SessionId:, UserId:ENfmc-oipyBo8_d6jPe840tfj_V4i7fSGeixl1PWGx0tjSOoTnT356H2llqofQpAVNGigwf37Ue-Xv3kC61FKVbsDNlowUnN9DXRt_hR5MO28adFGrj_IWcmKAuNqiSDdiIHql1EYQiYS8gjnwZ94w2, CorrelationId:b70e5b9a-6cda-45d9-9496-a085041de176, Elapsed:1796.4415, MemberName:PopulateVirtualEntitiesActualSource, SourceFilePath:C:\__w\1\s\Framework\Adxstudio.Xrm\Caching\VirtualEntitiesCacheHelper.cs, SourceLineNumber:125, Category:Application, Message:The web api getDataSourceId for virtual entity returned empty DataSourceId, ErrorCategory:ApplicationError",8004bc1b-0400-7700-b63f-84710c7967bb
2024-02-19T01:09:14,Error,site-85de4385-0987-4ae5-9917-b7715602956d-AUe,7e7bb2,638439017543955776,0,35932,244,"RequestData:, RequestPath:/_services/about, RequestExtension:, SessionId:, UserId:ENfmc-oipyBo8_d6jPe840tfj_V4i7fSGeixl1PWGx0tjSOoTnT356H2llqofQpAVNGigwf37Ue-Xv3kC61FKVbsDNlowUnN9DXRt_hR5MO28adFGrj_IWcmKAuNqiSDdiIHql1EYQiYS8gjnwZ94w2, CorrelationId:b70e5b9a-6cda-45d9-9496-a085041de176, Elapsed:1847.7877, MemberName:PopulateVirtualEntitiesActualSource, SourceFilePath:C:\__w\1\s\Framework\Adxstudio.Xrm\Caching\VirtualEntitiesCacheHelper.cs, SourceLineNumber:125, Category:Application, Message:The web api getDataSourceId for virtual entity returned empty DataSourceId, ErrorCategory:ApplicationError",8004bc1b-0400-7700-b63f-84710c7967bb
2024-02-19T01:09:14,Error,site-85de4385-0987-4ae5-9917-b7715602956d-AUe,7e7bb2,638439017544424553,0,35932,244,"RequestData:, RequestPath:/_services/about, RequestExtension:, SessionId:, UserId:ENfmc-oipyBo8_d6jPe840tfj_V4i7fSGeixl1PWGx0tjSOoTnT356H2llqofQpAVNGigwf37Ue-Xv3kC61FKVbsDNlowUnN9DXRt_hR5MO28adFGrj_IWcmKAuNqiSDdiIHql1EYQiYS8gjnwZ94w2, CorrelationId:b70e5b9a-6cda-45d9-9496-a085041de176, Elapsed:1892.4095, MemberName:PopulateVirtualEntitiesActualSource, SourceFilePath:C:\__w\1\s\Framework\Adxstudio.Xrm\Caching\VirtualEntitiesCacheHelper.cs, SourceLineNumber:125, Category:Application, Message:The web api getDataSourceId for virtual entity returned empty DataSourceId, ErrorCategory:ApplicationError",8004bc1b-0400-7700-b63f-84710c7967bb
2024-02-19T01:09:14,Error,site-85de4385-0987-4ae5-9917-b7715602956d-AUe,7e7bb2,638439017545049551,0,35932,244,"RequestData:, RequestPath:/_services/about, RequestExtension:, SessionId:, UserId:ENfmc-oipyBo8_d6jPe840tfj_V4i7fSGeixl1PWGx0tjSOoTnT356H2llqofQpAVNGigwf37Ue-Xv3kC61FKVbsDNlowUnN9DXRt_hR5MO28adFGrj_IWcmKAuNqiSDdiIHql1EYQiYS8gjnwZ94w2, CorrelationId:b70e5b9a-6cda-45d9-9496-a085041de176, Elapsed:1950.2271, MemberName:PopulateVirtualEntitiesActualSource, SourceFilePath:C:\__w\1\s\Framework\Adxstudio.Xrm\Caching\VirtualEntitiesCacheHelper.cs, SourceLineNumber:125, Category:Application, Message:The web api getDataSourceId for virtual entity returned empty DataSourceId, ErrorCategory:ApplicationError",8004bc1b-0400-7700-b63f-84710c7967bb
2024-02-19T01:09:14,Error,site-85de4385-0987-4ae5-9917-b7715602956d-AUe,7e7bb2,638439017545987139,0,35932,244,"RequestData:, RequestPath:/_services/about, RequestExtension:, SessionId:, UserId:ENfmc-oipyBo8_d6jPe840tfj_V4i7fSGeixl1PWGx0tjSOoTnT356H2llqofQpAVNGigwf37Ue-Xv3kC61FKVbsDNlowUnN9DXRt_hR5MO28adFGrj_IWcmKAuNqiSDdiIHql1EYQiYS8gjnwZ94w2, CorrelationId:b70e5b9a-6cda-45d9-9496-a085041de176, Elapsed:2044.3718, MemberName:PopulateVirtualEntitiesActualSource, SourceFilePath:C:\__w\1\s\Framework\Adxstudio.Xrm\Caching\VirtualEntitiesCacheHelper.cs, SourceLineNumber:125, Category:Application, Message:The web api getDataSourceId for virtual entity returned empty DataSourceId, ErrorCategory:ApplicationError",8004bc1b-0400-7700-b63f-84710c7967bb
2024-02-19T01:09:14,Error,site-85de4385-0987-4ae5-9917-b7715602956d-AUe,7e7bb2,638439017546612157,0,35932,244,"RequestData:, RequestPath:/_services/about, RequestExtension:, SessionId:, UserId:ENfmc-oipyBo8_d6jPe840tfj_V4i7fSGeixl1PWGx0tjSOoTnT356H2llqofQpAVNGigwf37Ue-Xv3kC61FKVbsDNlowUnN9DXRt_hR5MO28adFGrj_IWcmKAuNqiSDdiIHql1EYQiYS8gjnwZ94w2, CorrelationId:b70e5b9a-6cda-45d9-9496-a085041de176, Elapsed:2105.2608, MemberName:PopulateVirtualEntitiesActualSource, SourceFilePath:C:\__w\1\s\Framework\Adxstudio.Xrm\Caching\VirtualEntitiesCacheHelper.cs, SourceLineNumber:125, Category:Application, Message:The web api getDataSourceId for virtual entity returned empty DataSourceId, ErrorCategory:ApplicationError",8004bc1b-0400-7700-b63f-84710c7967bb
2024-02-19T01:09:14,Error,site-85de4385-0987-4ae5-9917-b7715602956d-AUe,7e7bb2,638439017547080907,0,35932,244,"RequestData:, RequestPath:/_services/about, RequestExtension:, SessionId:, UserId:ENfmc-oipyBo8_d6jPe840tfj_V4i7fSGeixl1PWGx0tjSOoTnT356H2llqofQpAVNGigwf37Ue-Xv3kC61FKVbsDNlowUnN9DXRt_hR5MO28adFGrj_IWcmKAuNqiSDdiIHql1EYQiYS8gjnwZ94w2, CorrelationId:b70e5b9a-6cda-45d9-9496-a085041de176, Elapsed:2156.8254, MemberName:PopulateVirtualEntitiesActualSource, SourceFilePath:C:\__w\1\s\Framework\Adxstudio.Xrm\Caching\VirtualEntitiesCacheHelper.cs, SourceLineNumber:125, Category:Application, Message:The web api getDataSourceId for virtual entity returned empty DataSourceId, ErrorCategory:ApplicationError",8004bc1b-0400-7700-b63f-84710c7967bb
2024-02-19T01:09:14,Error,site-85de4385-0987-4ae5-9917-b7715602956d-AUe,7e7bb2,638439017547549628,0,35932,244,"RequestData:, RequestPath:/_services/about, RequestExtension:, SessionId:, UserId:ENfmc-oipyBo8_d6jPe840tfj_V4i7fSGeixl1PWGx0tjSOoTnT356H2llqofQpAVNGigwf37Ue-Xv3kC61FKVbsDNlowUnN9DXRt_hR5MO28adFGrj_IWcmKAuNqiSDdiIHql1EYQiYS8gjnwZ94w2, CorrelationId:b70e5b9a-6cda-45d9-9496-a085041de176, Elapsed:2202.8328, MemberName:PopulateVirtualEntitiesActualSource, SourceFilePath:C:\__w\1\s\Framework\Adxstudio.Xrm\Caching\VirtualEntitiesCacheHelper.cs, SourceLineNumber:125, Category:Application, Message:The web api getDataSourceId for virtual entity returned empty DataSourceId, ErrorCategory:ApplicationError",8004bc1b-0400-7700-b63f-84710c7967bb
2024-02-19T01:09:14,Error,site-85de4385-0987-4ae5-9917-b7715602956d-AUe,7e7bb2,638439017548018471,0,35932,244,"RequestData:, RequestPath:/_services/about, RequestExtension:, SessionId:, UserId:ENfmc-oipyBo8_d6jPe840tfj_V4i7fSGeixl1PWGx0tjSOoTnT356H2llqofQpAVNGigwf37Ue-Xv3kC61FKVbsDNlowUnN9DXRt_hR5MO28adFGrj_IWcmKAuNqiSDdiIHql1EYQiYS8gjnwZ94w2, CorrelationId:b70e5b9a-6cda-45d9-9496-a085041de176, Elapsed:2250.0782, MemberName:PopulateVirtualEntitiesActualSource, SourceFilePath:C:\__w\1\s\Framework\Adxstudio.Xrm\Caching\VirtualEntitiesCacheHelper.cs, SourceLineNumber:125, Category:Application, Message:The web api getDataSourceId for virtual entity returned empty DataSourceId, ErrorCategory:ApplicationError",8004bc1b-0400-7700-b63f-84710c7967bb
2024-02-19T01:09:14,Error,site-85de4385-0987-4ae5-9917-b7715602956d-AUe,7e7bb2,638439017548487183,0,35932,244,"RequestData:, RequestPath:/_services/about, RequestExtension:, SessionId:, UserId:ENfmc-oipyBo8_d6jPe840tfj_V4i7fSGeixl1PWGx0tjSOoTnT356H2llqofQpAVNGigwf37Ue-Xv3kC61FKVbsDNlowUnN9DXRt_hR5MO28adFGrj_IWcmKAuNqiSDdiIHql1EYQiYS8gjnwZ94w2, CorrelationId:b70e5b9a-6cda-45d9-9496-a085041de176, Elapsed:2300.2533, MemberName:PopulateVirtualEntitiesActualSource, SourceFilePath:C:\__w\1\s\Framework\Adxstudio.Xrm\Caching\VirtualEntitiesCacheHelper.cs, SourceLineNumber:125, Category:Application, Message:The web api getDataSourceId for virtual entity returned empty DataSourceId, ErrorCategory:ApplicationError",8004bc1b-0400-7700-b63f-84710c7967bb
2024-02-19T01:09:14,Error,site-85de4385-0987-4ae5-9917-b7715602956d-AUe,7e7bb2,638439017548956423,0,35932,244,"RequestData:, RequestPath:/_services/about, RequestExtension:, SessionId:, UserId:ENfmc-oipyBo8_d6jPe840tfj_V4i7fSGeixl1PWGx0tjSOoTnT356H2llqofQpAVNGigwf37Ue-Xv3kC61FKVbsDNlowUnN9DXRt_hR5MO28adFGrj_IWcmKAuNqiSDdiIHql1EYQiYS8gjnwZ94w2, CorrelationId:b70e5b9a-6cda-45d9-9496-a085041de176, Elapsed:2346.5232, MemberName:PopulateVirtualEntitiesActualSource, SourceFilePath:C:\__w\1\s\Framework\Adxstudio.Xrm\Caching\VirtualEntitiesCacheHelper.cs, SourceLineNumber:125, Category:Application, Message:The web api getDataSourceId for virtual entity returned empty DataSourceId, ErrorCategory:ApplicationError",8004bc1b-0400-7700-b63f-84710c7967bb
2024-02-19T01:09:14,Error,site-85de4385-0987-4ae5-9917-b7715602956d-AUe,7e7bb2,638439017549425172,0,35932,244,"RequestData:, RequestPath:/_services/about, RequestExtension:, SessionId:, UserId:ENfmc-oipyBo8_d6jPe840tfj_V4i7fSGeixl1PWGx0tjSOoTnT356H2llqofQpAVNGigwf37Ue-Xv3kC61FKVbsDNlowUnN9DXRt_hR5MO28adFGrj_IWcmKAuNqiSDdiIHql1EYQiYS8gjnwZ94w2, CorrelationId:b70e5b9a-6cda-45d9-9496-a085041de176, Elapsed:2393.1607, MemberName:PopulateVirtualEntitiesActualSource, SourceFilePath:C:\__w\1\s\Framework\Adxstudio.Xrm\Caching\VirtualEntitiesCacheHelper.cs, SourceLineNumber:125, Category:Application, Message:The web api getDataSourceId for virtual entity returned empty DataSourceId, ErrorCategory:ApplicationError",8004bc1b-0400-7700-b63f-84710c7967bb
2024-02-19T01:09:14,Error,site-85de4385-0987-4ae5-9917-b7715602956d-AUe,7e7bb2,638439017549893403,0,35932,244,"RequestData:, RequestPath:/_services/about, RequestExtension:, SessionId:, UserId:ENfmc-oipyBo8_d6jPe840tfj_V4i7fSGeixl1PWGx0tjSOoTnT356H2llqofQpAVNGigwf37Ue-Xv3kC61FKVbsDNlowUnN9DXRt_hR5MO28adFGrj_IWcmKAuNqiSDdiIHql1EYQiYS8gjnwZ94w2, CorrelationId:b70e5b9a-6cda-45d9-9496-a085041de176, Elapsed:2438.6984, MemberName:PopulateVirtualEntitiesActualSource, SourceFilePath:C:\__w\1\s\Framework\Adxstudio.Xrm\Caching\VirtualEntitiesCacheHelper.cs, SourceLineNumber:125, Category:Application, Message:The web api getDataSourceId for virtual entity returned empty DataSourceId, ErrorCategory:ApplicationError",8004bc1b-0400-7700-b63f-84710c7967bb
2024-02-19T01:09:15,Error,site-85de4385-0987-4ae5-9917-b7715602956d-AUe,7e7bb2,638439017550518918,0,35932,244,"RequestData:, RequestPath:/_services/about, RequestExtension:, SessionId:, UserId:ENfmc-oipyBo8_d6jPe840tfj_V4i7fSGeixl1PWGx0tjSOoTnT356H2llqofQpAVNGigwf37Ue-Xv3kC61FKVbsDNlowUnN9DXRt_hR5MO28adFGrj_IWcmKAuNqiSDdiIHql1EYQiYS8gjnwZ94w2, CorrelationId:b70e5b9a-6cda-45d9-9496-a085041de176, Elapsed:2499.6781, MemberName:PopulateVirtualEntitiesActualSource, SourceFilePath:C:\__w\1\s\Framework\Adxstudio.Xrm\Caching\VirtualEntitiesCacheHelper.cs, SourceLineNumber:125, Category:Application, Message:The web api getDataSourceId for virtual entity returned empty DataSourceId, ErrorCategory:ApplicationError",8004bc1b-0400-7700-b63f-84710c7967bb
2024-02-19T01:09:15,Error,site-85de4385-0987-4ae5-9917-b7715602956d-AUe,7e7bb2,638439017551143939,0,35932,244,"RequestData:, RequestPath:/_services/about, RequestExtension:, SessionId:, UserId:ENfmc-oipyBo8_d6jPe840tfj_V4i7fSGeixl1PWGx0tjSOoTnT356H2llqofQpAVNGigwf37Ue-Xv3kC61FKVbsDNlowUnN9DXRt_hR5MO28adFGrj_IWcmKAuNqiSDdiIHql1EYQiYS8gjnwZ94w2, CorrelationId:b70e5b9a-6cda-45d9-9496-a085041de176, Elapsed:2554.1867, MemberName:PopulateVirtualEntitiesActualSource, SourceFilePath:C:\__w\1\s\Framework\Adxstudio.Xrm\Caching\VirtualEntitiesCacheHelper.cs, SourceLineNumber:125, Category:Application, Message:The web api getDataSourceId for virtual entity returned empty DataSourceId, ErrorCategory:ApplicationError",8004bc1b-0400-7700-b63f-84710c7967bb
2024-02-19T01:09:15,Error,site-85de4385-0987-4ae5-9917-b7715602956d-AUe,7e7bb2,638439017551612692,0,35932,244,"RequestData:, RequestPath:/_services/about, RequestExtension:, SessionId:, UserId:ENfmc-oipyBo8_d6jPe840tfj_V4i7fSGeixl1PWGx0tjSOoTnT356H2llqofQpAVNGigwf37Ue-Xv3kC61FKVbsDNlowUnN9DXRt_hR5MO28adFGrj_IWcmKAuNqiSDdiIHql1EYQiYS8gjnwZ94w2, CorrelationId:b70e5b9a-6cda-45d9-9496-a085041de176, Elapsed:2602.8834, MemberName:PopulateVirtualEntitiesActualSource, SourceFilePath:C:\__w\1\s\Framework\Adxstudio.Xrm\Caching\VirtualEntitiesCacheHelper.cs, SourceLineNumber:125, Category:Application, Message:The web api getDataSourceId for virtual entity returned empty DataSourceId, ErrorCategory:ApplicationError",8004bc1b-0400-7700-b63f-84710c7967bb
2024-02-19T01:09:15,Error,site-85de4385-0987-4ae5-9917-b7715602956d-AUe,7e7bb2,638439017552080972,0,35932,244,"RequestData:, RequestPath:/_services/about, RequestExtension:, SessionId:, UserId:ENfmc-oipyBo8_d6jPe840tfj_V4i7fSGeixl1PWGx0tjSOoTnT356H2llqofQpAVNGigwf37Ue-Xv3kC61FKVbsDNlowUnN9DXRt_hR5MO28adFGrj_IWcmKAuNqiSDdiIHql1EYQiYS8gjnwZ94w2, CorrelationId:b70e5b9a-6cda-45d9-9496-a085041de176, Elapsed:2652.5071, MemberName:PopulateVirtualEntitiesActualSource, SourceFilePath:C:\__w\1\s\Framework\Adxstudio.Xrm\Caching\VirtualEntitiesCacheHelper.cs, SourceLineNumber:125, Category:Application, Message:The web api getDataSourceId for virtual entity returned empty DataSourceId, ErrorCategory:ApplicationError",8004bc1b-0400-7700-b63f-84710c7967bb
2024-02-19T01:09:15,Error,site-85de4385-0987-4ae5-9917-b7715602956d-AUe,7e7bb2,638439017552550677,0,35932,244,"RequestData:, RequestPath:/_services/about, RequestExtension:, SessionId:, UserId:ENfmc-oipyBo8_d6jPe840tfj_V4i7fSGeixl1PWGx0tjSOoTnT356H2llqofQpAVNGigwf37Ue-Xv3kC61FKVbsDNlowUnN9DXRt_hR5MO28adFGrj_IWcmKAuNqiSDdiIHql1EYQiYS8gjnwZ94w2, CorrelationId:b70e5b9a-6cda-45d9-9496-a085041de176, Elapsed:2700.1099, MemberName:PopulateVirtualEntitiesActualSource, SourceFilePath:C:\__w\1\s\Framework\Adxstudio.Xrm\Caching\VirtualEntitiesCacheHelper.cs, SourceLineNumber:125, Category:Application, Message:The web api getDataSourceId for virtual entity returned empty DataSourceId, ErrorCategory:ApplicationError",8004bc1b-0400-7700-b63f-84710c7967bb
2024-02-19T01:09:15,Error,site-85de4385-0987-4ae5-9917-b7715602956d-AUe,7e7bb2,638439017553018479,0,35932,244,"RequestData:, RequestPath:/_services/about, RequestExtension:, SessionId:, UserId:ENfmc-oipyBo8_d6jPe840tfj_V4i7fSGeixl1PWGx0tjSOoTnT356H2llqofQpAVNGigwf37Ue-Xv3kC61FKVbsDNlowUnN9DXRt_hR5MO28adFGrj_IWcmKAuNqiSDdiIHql1EYQiYS8gjnwZ94w2, CorrelationId:b70e5b9a-6cda-45d9-9496-a085041de176, Elapsed:2749.2469, MemberName:PopulateVirtualEntitiesActualSource, SourceFilePath:C:\__w\1\s\Framework\Adxstudio.Xrm\Caching\VirtualEntitiesCacheHelper.cs, SourceLineNumber:125, Category:Application, Message:The web api getDataSourceId for virtual entity returned empty DataSourceId, ErrorCategory:ApplicationError",8004bc1b-0400-7700-b63f-84710c7967bb
2024-02-19T01:09:15,Error,site-85de4385-0987-4ae5-9917-b7715602956d-AUe,7e7bb2,638439017553487954,0,35932,244,"RequestData:, RequestPath:/_services/about, RequestExtension:, SessionId:, UserId:ENfmc-oipyBo8_d6jPe840tfj_V4i7fSGeixl1PWGx0tjSOoTnT356H2llqofQpAVNGigwf37Ue-Xv3kC61FKVbsDNlowUnN9DXRt_hR5MO28adFGrj_IWcmKAuNqiSDdiIHql1EYQiYS8gjnwZ94w2, CorrelationId:b70e5b9a-6cda-45d9-9496-a085041de176, Elapsed:2795.0441, MemberName:PopulateVirtualEntitiesActualSource, SourceFilePath:C:\__w\1\s\Framework\Adxstudio.Xrm\Caching\VirtualEntitiesCacheHelper.cs, SourceLineNumber:125, Category:Application, Message:The web api getDataSourceId for virtual entity returned empty DataSourceId, ErrorCategory:ApplicationError",8004bc1b-0400-7700-b63f-84710c7967bb
2024-02-19T01:09:15,Error,site-85de4385-0987-4ae5-9917-b7715602956d-AUe,7e7bb2,638439017553956738,0,35932,244,"RequestData:, RequestPath:/_services/about, RequestExtension:, SessionId:, UserId:ENfmc-oipyBo8_d6jPe840tfj_V4i7fSGeixl1PWGx0tjSOoTnT356H2llqofQpAVNGigwf37Ue-Xv3kC61FKVbsDNlowUnN9DXRt_hR5MO28adFGrj_IWcmKAuNqiSDdiIHql1EYQiYS8gjnwZ94w2, CorrelationId:b70e5b9a-6cda-45d9-9496-a085041de176, Elapsed:2839.0852, MemberName:PopulateVirtualEntitiesActualSource, SourceFilePath:C:\__w\1\s\Framework\Adxstudio.Xrm\Caching\VirtualEntitiesCacheHelper.cs, SourceLineNumber:125, Category:Application, Message:The web api getDataSourceId for virtual entity returned empty DataSourceId, ErrorCategory:ApplicationError",8004bc1b-0400-7700-b63f-84710c7967bb
2024-02-19T01:09:15,Error,site-85de4385-0987-4ae5-9917-b7715602956d-AUe,7e7bb2,638439017554425249,0,35932,244,"RequestData:, RequestPath:/_services/about, RequestExtension:, SessionId:, UserId:ENfmc-oipyBo8_d6jPe840tfj_V4i7fSGeixl1PWGx0tjSOoTnT356H2llqofQpAVNGigwf37Ue-Xv3kC61FKVbsDNlowUnN9DXRt_hR5MO28adFGrj_IWcmKAuNqiSDdiIHql1EYQiYS8gjnwZ94w2, CorrelationId:b70e5b9a-6cda-45d9-9496-a085041de176, Elapsed:2884.9823, MemberName:PopulateVirtualEntitiesActualSource, SourceFilePath:C:\__w\1\s\Framework\Adxstudio.Xrm\Caching\VirtualEntitiesCacheHelper.cs, SourceLineNumber:125, Category:Application, Message:The web api getDataSourceId for virtual entity returned empty DataSourceId, ErrorCategory:ApplicationError",8004bc1b-0400-7700-b63f-84710c7967bb
2024-02-19T01:09:15,Error,site-85de4385-0987-4ae5-9917-b7715602956d-AUe,7e7bb2,638439017554894298,0,35932,244,"RequestData:, RequestPath:/_services/about, RequestExtension:, SessionId:, UserId:ENfmc-oipyBo8_d6jPe840tfj_V4i7fSGeixl1PWGx0tjSOoTnT356H2llqofQpAVNGigwf37Ue-Xv3kC61FKVbsDNlowUnN9DXRt_hR5MO28adFGrj_IWcmKAuNqiSDdiIHql1EYQiYS8gjnwZ94w2, CorrelationId:b70e5b9a-6cda-45d9-9496-a085041de176, Elapsed:2931.036, MemberName:PopulateVirtualEntitiesActualSource, SourceFilePath:C:\__w\1\s\Framework\Adxstudio.Xrm\Caching\VirtualEntitiesCacheHelper.cs, SourceLineNumber:125, Category:Application, Message:The web api getDataSourceId for virtual entity returned empty DataSourceId, ErrorCategory:ApplicationError",8004bc1b-0400-7700-b63f-84710c7967bb
2024-02-19T01:09:15,Error,site-85de4385-0987-4ae5-9917-b7715602956d-AUe,7e7bb2,638439017555362822,0,35932,244,"RequestData:, RequestPath:/_services/about, RequestExtension:, SessionId:, UserId:ENfmc-oipyBo8_d6jPe840tfj_V4i7fSGeixl1PWGx0tjSOoTnT356H2llqofQpAVNGigwf37Ue-Xv3kC61FKVbsDNlowUnN9DXRt_hR5MO28adFGrj_IWcmKAuNqiSDdiIHql1EYQiYS8gjnwZ94w2, CorrelationId:b70e5b9a-6cda-45d9-9496-a085041de176, Elapsed:2977.9844, MemberName:PopulateVirtualEntitiesActualSource, SourceFilePath:C:\__w\1\s\Framework\Adxstudio.Xrm\Caching\VirtualEntitiesCacheHelper.cs, SourceLineNumber:125, Category:Application, Message:The web api getDataSourceId for virtual entity returned empty DataSourceId, ErrorCategory:ApplicationError",8004bc1b-0400-7700-b63f-84710c7967bb
2024-02-19T01:09:15,Error,site-85de4385-0987-4ae5-9917-b7715602956d-AUe,7e7bb2,638439017555831631,0,35932,244,"RequestData:, RequestPath:/_services/about, RequestExtension:, SessionId:, UserId:ENfmc-oipyBo8_d6jPe840tfj_V4i7fSGeixl1PWGx0tjSOoTnT356H2llqofQpAVNGigwf37Ue-Xv3kC61FKVbsDNlowUnN9DXRt_hR5MO28adFGrj_IWcmKAuNqiSDdiIHql1EYQiYS8gjnwZ94w2, CorrelationId:b70e5b9a-6cda-45d9-9496-a085041de176, Elapsed:3023.595, MemberName:PopulateVirtualEntitiesActualSource, SourceFilePath:C:\__w\1\s\Framework\Adxstudio.Xrm\Caching\VirtualEntitiesCacheHelper.cs, SourceLineNumber:125, Category:Application, Message:The web api getDataSourceId for virtual entity returned empty DataSourceId, ErrorCategory:ApplicationError",8004bc1b-0400-7700-b63f-84710c7967bb
2024-02-19T01:09:15,Error,site-85de4385-0987-4ae5-9917-b7715602956d-AUe,7e7bb2,638439017556300545,0,35932,244,"RequestData:, RequestPath:/_services/about, RequestExtension:, SessionId:, UserId:ENfmc-oipyBo8_d6jPe840tfj_V4i7fSGeixl1PWGx0tjSOoTnT356H2llqofQpAVNGigwf37Ue-Xv3kC61FKVbsDNlowUnN9DXRt_hR5MO28adFGrj_IWcmKAuNqiSDdiIHql1EYQiYS8gjnwZ94w2, CorrelationId:b70e5b9a-6cda-45d9-9496-a085041de176, Elapsed:3069.3093, MemberName:PopulateVirtualEntitiesActualSource, SourceFilePath:C:\__w\1\s\Framework\Adxstudio.Xrm\Caching\VirtualEntitiesCacheHelper.cs, SourceLineNumber:125, Category:Application, Message:The web api getDataSourceId for virtual entity returned empty DataSourceId, ErrorCategory:ApplicationError",8004bc1b-0400-7700-b63f-84710c7967bb
2024-02-19T01:09:15,Error,site-85de4385-0987-4ae5-9917-b7715602956d-AUe,7e7bb2,638439017556768636,0,35932,244,"RequestData:, RequestPath:/_services/about, RequestExtension:, SessionId:, UserId:ENfmc-oipyBo8_d6jPe840tfj_V4i7fSGeixl1PWGx0tjSOoTnT356H2llqofQpAVNGigwf37Ue-Xv3kC61FKVbsDNlowUnN9DXRt_hR5MO28adFGrj_IWcmKAuNqiSDdiIHql1EYQiYS8gjnwZ94w2, CorrelationId:b70e5b9a-6cda-45d9-9496-a085041de176, Elapsed:3114.5952, MemberName:PopulateVirtualEntitiesActualSource, SourceFilePath:C:\__w\1\s\Framework\Adxstudio.Xrm\Caching\VirtualEntitiesCacheHelper.cs, SourceLineNumber:125, Category:Application, Message:The web api getDataSourceId for virtual entity returned empty DataSourceId, ErrorCategory:ApplicationError",8004bc1b-0400-7700-b63f-84710c7967bb
2024-02-19T01:09:15,Error,site-85de4385-0987-4ae5-9917-b7715602956d-AUe,7e7bb2,638439017557081806,0,35932,244,"RequestData:, RequestPath:/_services/about, RequestExtension:, SessionId:, UserId:ENfmc-oipyBo8_d6jPe840tfj_V4i7fSGeixl1PWGx0tjSOoTnT356H2llqofQpAVNGigwf37Ue-Xv3kC61FKVbsDNlowUnN9DXRt_hR5MO28adFGrj_IWcmKAuNqiSDdiIHql1EYQiYS8gjnwZ94w2, CorrelationId:b70e5b9a-6cda-45d9-9496-a085041de176, Elapsed:3160.273, MemberName:PopulateVirtualEntitiesActualSource, SourceFilePath:C:\__w\1\s\Framework\Adxstudio.Xrm\Caching\VirtualEntitiesCacheHelper.cs, SourceLineNumber:125, Category:Application, Message:The web api getDataSourceId for virtual entity returned empty DataSourceId, ErrorCategory:ApplicationError",8004bc1b-0400-7700-b63f-84710c7967bb
2024-02-19T01:09:15,Error,site-85de4385-0987-4ae5-9917-b7715602956d-AUe,7e7bb2,638439017557549959,0,35932,244,"RequestData:, RequestPath:/_services/about, RequestExtension:, SessionId:, UserId:ENfmc-oipyBo8_d6jPe840tfj_V4i7fSGeixl1PWGx0tjSOoTnT356H2llqofQpAVNGigwf37Ue-Xv3kC61FKVbsDNlowUnN9DXRt_hR5MO28adFGrj_IWcmKAuNqiSDdiIHql1EYQiYS8gjnwZ94w2, CorrelationId:b70e5b9a-6cda-45d9-9496-a085041de176, Elapsed:3206.7451, MemberName:PopulateVirtualEntitiesActualSource, SourceFilePath:C:\__w\1\s\Framework\Adxstudio.Xrm\Caching\VirtualEntitiesCacheHelper.cs, SourceLineNumber:125, Category:Application, Message:The web api getDataSourceId for virtual entity returned empty DataSourceId, ErrorCategory:ApplicationError",8004bc1b-0400-7700-b63f-84710c7967bb
2024-02-19T01:09:15,Error,site-85de4385-0987-4ae5-9917-b7715602956d-AUe,7e7bb2,638439017558020124,0,35932,244,"RequestData:, RequestPath:/_services/about, RequestExtension:, SessionId:, UserId:ENfmc-oipyBo8_d6jPe840tfj_V4i7fSGeixl1PWGx0tjSOoTnT356H2llqofQpAVNGigwf37Ue-Xv3kC61FKVbsDNlowUnN9DXRt_hR5MO28adFGrj_IWcmKAuNqiSDdiIHql1EYQiYS8gjnwZ94w2, CorrelationId:b70e5b9a-6cda-45d9-9496-a085041de176, Elapsed:3252.9322, MemberName:PopulateVirtualEntitiesActualSource, SourceFilePath:C:\__w\1\s\Framework\Adxstudio.Xrm\Caching\VirtualEntitiesCacheHelper.cs, SourceLineNumber:125, Category:Application, Message:The web api getDataSourceId for virtual entity returned empty DataSourceId, ErrorCategory:ApplicationError",8004bc1b-0400-7700-b63f-84710c7967bb
2024-02-19T01:09:15,Error,site-85de4385-0987-4ae5-9917-b7715602956d-AUe,7e7bb2,638439017558487888,0,35932,244,"RequestData:, RequestPath:/_services/about, RequestExtension:, SessionId:, UserId:ENfmc-oipyBo8_d6jPe840tfj_V4i7fSGeixl1PWGx0tjSOoTnT356H2llqofQpAVNGigwf37Ue-Xv3kC61FKVbsDNlowUnN9DXRt_hR5MO28adFGrj_IWcmKAuNqiSDdiIHql1EYQiYS8gjnwZ94w2, CorrelationId:b70e5b9a-6cda-45d9-9496-a085041de176, Elapsed:3299.6129, MemberName:PopulateVirtualEntitiesActualSource, SourceFilePath:C:\__w\1\s\Framework\Adxstudio.Xrm\Caching\VirtualEntitiesCacheHelper.cs, SourceLineNumber:125, Category:Application, Message:The web api getDataSourceId for virtual entity returned empty DataSourceId, ErrorCategory:ApplicationError",8004bc1b-0400-7700-b63f-84710c7967bb
2024-02-19T01:09:15,Error,site-85de4385-0987-4ae5-9917-b7715602956d-AUe,7e7bb2,638439017558956119,0,35932,244,"RequestData:, RequestPath:/_services/about, RequestExtension:, SessionId:, UserId:ENfmc-oipyBo8_d6jPe840tfj_V4i7fSGeixl1PWGx0tjSOoTnT356H2llqofQpAVNGigwf37Ue-Xv3kC61FKVbsDNlowUnN9DXRt_hR5MO28adFGrj_IWcmKAuNqiSDdiIHql1EYQiYS8gjnwZ94w2, CorrelationId:b70e5b9a-6cda-45d9-9496-a085041de176, Elapsed:3345.4055, MemberName:PopulateVirtualEntitiesActualSource, SourceFilePath:C:\__w\1\s\Framework\Adxstudio.Xrm\Caching\VirtualEntitiesCacheHelper.cs, SourceLineNumber:125, Category:Application, Message:The web api getDataSourceId for virtual entity returned empty DataSourceId, ErrorCategory:ApplicationError",8004bc1b-0400-7700-b63f-84710c7967bb
2024-02-19T01:09:15,Error,site-85de4385-0987-4ae5-9917-b7715602956d-AUe,7e7bb2,638439017559894444,0,35932,244,"RequestData:, RequestPath:/_services/about, RequestExtension:, SessionId:, UserId:ENfmc-oipyBo8_d6jPe840tfj_V4i7fSGeixl1PWGx0tjSOoTnT356H2llqofQpAVNGigwf37Ue-Xv3kC61FKVbsDNlowUnN9DXRt_hR5MO28adFGrj_IWcmKAuNqiSDdiIHql1EYQiYS8gjnwZ94w2, CorrelationId:b70e5b9a-6cda-45d9-9496-a085041de176, Elapsed:3439.2282, MemberName:PopulateVirtualEntitiesActualSource, SourceFilePath:C:\__w\1\s\Framework\Adxstudio.Xrm\Caching\VirtualEntitiesCacheHelper.cs, SourceLineNumber:125, Category:Application, Message:The web api getDataSourceId for virtual entity returned empty DataSourceId, ErrorCategory:ApplicationError",8004bc1b-0400-7700-b63f-84710c7967bb
2024-02-19T01:09:16,Error,site-85de4385-0987-4ae5-9917-b7715602956d-AUe,7e7bb2,638439017560363323,0,35932,244,"RequestData:, RequestPath:/_services/about, RequestExtension:, SessionId:, UserId:ENfmc-oipyBo8_d6jPe840tfj_V4i7fSGeixl1PWGx0tjSOoTnT356H2llqofQpAVNGigwf37Ue-Xv3kC61FKVbsDNlowUnN9DXRt_hR5MO28adFGrj_IWcmKAuNqiSDdiIHql1EYQiYS8gjnwZ94w2, CorrelationId:b70e5b9a-6cda-45d9-9496-a085041de176, Elapsed:3487.6489, MemberName:PopulateVirtualEntitiesActualSource, SourceFilePath:C:\__w\1\s\Framework\Adxstudio.Xrm\Caching\VirtualEntitiesCacheHelper.cs, SourceLineNumber:125, Category:Application, Message:The web api getDataSourceId for virtual entity returned empty DataSourceId, ErrorCategory:ApplicationError",8004bc1b-0400-7700-b63f-84710c7967bb
2024-02-19T01:09:16,Error,site-85de4385-0987-4ae5-9917-b7715602956d-AUe,7e7bb2,638439017560988076,0,35932,244,"RequestData:, RequestPath:/_services/about, RequestExtension:, SessionId:, UserId:ENfmc-oipyBo8_d6jPe840tfj_V4i7fSGeixl1PWGx0tjSOoTnT356H2llqofQpAVNGigwf37Ue-Xv3kC61FKVbsDNlowUnN9DXRt_hR5MO28adFGrj_IWcmKAuNqiSDdiIHql1EYQiYS8gjnwZ94w2, CorrelationId:b70e5b9a-6cda-45d9-9496-a085041de176, Elapsed:3540.9286, MemberName:PopulateVirtualEntitiesActualSource, SourceFilePath:C:\__w\1\s\Framework\Adxstudio.Xrm\Caching\VirtualEntitiesCacheHelper.cs, SourceLineNumber:125, Category:Application, Message:The web api getDataSourceId for virtual entity returned empty DataSourceId, ErrorCategory:ApplicationError",8004bc1b-0400-7700-b63f-84710c7967bb
2024-02-19T01:19:18,Error,site-85de4385-0987-4ae5-9917-b7715602956d-AUe,7e7bb2,638439023581097189,0,35932,243,"RequestData:, RequestPath:, RequestExtension:, SessionId:, UserId:, CorrelationId:00000000-0000-0000-0000-000000000000, Elapsed:0, RequestMethod:, RequestContentType:, RequestAccept:, RequestCacheControl:, UserAgent:, HandlerName:, HandlerExecuted:False, VaryByCustom:, MemberName:HandleExceptionAsync, SourceFilePath:C:\__w\1\s\Framework\Adxstudio.Xrm\Identity\MSAL\MsalTokenManager.cs, SourceLineNumber:211, ExceptionMessage:AADSTS9002313: Invalid request. Request is malformed or invalid. Trace ID: b9b52e25-ae19-4a95-9585-e1bd46a24400 Correlation ID: 96bff875-1e42-4b9d-bd26-190876be011d Timestamp: 2024-02-19 01:19:18Z
Microsoft.Identity.Client.MsalUiRequiredException
   at Microsoft.Identity.Client.OAuth2.OAuth2Client.ThrowServerException(HttpResponse response, RequestContext requestContext)
   at Microsoft.Identity.Client.OAuth2.OAuth2Client.CreateResponse[T](HttpResponse response, RequestContext requestContext)
   at Microsoft.Identity.Client.OAuth2.OAuth2Client.<ExecuteRequestAsync>d__12`1.MoveNext()
--- End of stack trace from previous location where exception was thrown ---
   at System.Runtime.ExceptionServices.ExceptionDispatchInfo.Throw()
   at System.Runtime.CompilerServices.TaskAwaiter.HandleNonSuccessAndDebuggerNotification(Task task)
   at Microsoft.Identity.Client.OAuth2.OAuth2Client.<GetTokenAsync>d__11.MoveNext()
--- End of stack trace from previous location where exception was thrown ---
   at System.Runtime.ExceptionServices.ExceptionDispatchInfo.Throw()
   at System.Runtime.CompilerServices.TaskAwaiter.HandleNonSuccessAndDebuggerNotification(Task task)
   at Microsoft.Identity.Client.OAuth2.TokenClient.<SendHttpAndClearTelemetryAsync>d__11.MoveNext()
--- End of stack trace from previous location where exception was thrown ---
   at System.Runtime.ExceptionServices.ExceptionDispatchInfo.Throw()
   at Microsoft.Identity.Client.OAuth2.TokenClient.<SendHttpAndClearTelemetryAsync>d__11.MoveNext()
--- End of stack trace from previous location where exception was thrown ---
   at System.Runtime.ExceptionServices.ExceptionDispatchInfo.Throw()
   at System.Runtime.CompilerServices.TaskAwaiter.HandleNonSuccessAndDebuggerNotification(Task task)
   at Microsoft.Identity.Client.OAuth2.TokenClient.<SendTokenRequestAsync>d__5.MoveNext()
--- End of stack trace from previous location where exception was thrown ---
   at System.Runtime.ExceptionServices.ExceptionDispatchInfo.Throw()
   at System.Runtime.CompilerServices.TaskAwaiter.HandleNonSuccessAndDebuggerNotification(Task task)
   at Microsoft.Identity.Client.Internal.Requests.RequestBase.<SendTokenRequestAsync>d__25.MoveNext()
--- End of stack trace from previous location where exception was thrown ---
   at System.Runtime.ExceptionServices.ExceptionDispatchInfo.Throw()
   at System.Runtime.CompilerServices.TaskAwaiter.HandleNonSuccessAndDebuggerNotification(Task task)
   at Microsoft.Identity.Client.Internal.Requests.ConfidentialAuthCodeRequest.<ExecuteAsync>d__2.MoveNext()
--- End of stack trace from previous location where exception was thrown ---
   at System.Runtime.ExceptionServices.ExceptionDispatchInfo.Throw()
   at System.Runtime.CompilerServices.TaskAwaiter.HandleNonSuccessAndDebuggerNotification(Task task)
   at Microsoft.Identity.Client.Internal.Requests.RequestBase.<RunAsync>d__12.MoveNext()
--- End of stack trace from previous location where exception was thrown ---
   at System.Runtime.ExceptionServices.ExceptionDispatchInfo.Throw()
   at System.Runtime.CompilerServices.TaskAwaiter.HandleNonSuccessAndDebuggerNotification(Task task)
   at Microsoft.Identity.Client.ApiConfig.Executors.ConfidentialClientExecutor.<ExecuteAsync>d__2.MoveNext()
--- End of stack trace from previous location where exception was thrown ---
   at System.Runtime.ExceptionServices.ExceptionDispatchInfo.Throw()
   at System.Runtime.CompilerServices.TaskAwaiter.HandleNonSuccessAndDebuggerNotification(Task task)
   at Adxstudio.Xrm.Identity.MSAL.MsalTokenProvider.<GetTokenByAuthorizationCodeAsync>d__6.MoveNext() in C:\__w\1\s\Framework\Adxstudio.Xrm\Identity\MSAL\MsalTokenProvider.cs:line 136
--- End of stack trace from previous location where exception was thrown ---
   at System.Runtime.ExceptionServices.ExceptionDispatchInfo.Throw()
   at System.Runtime.CompilerServices.TaskAwaiter.HandleNonSuccessAndDebuggerNotification(Task task)
   at Adxstudio.Xrm.Identity.MSAL.MsalTokenManager.<>c__DisplayClass9_0.<<GetTokenByAuthorizationCodeAsync>b__0>d.MoveNext() in C:\__w\1\s\Framework\Adxstudio.Xrm\Identity\MSAL\MsalTokenManager.cs:line 137
--- End of stack trace from previous location where exception was thrown ---
   at System.Runtime.ExceptionServices.ExceptionDispatchInfo.Throw()
   at System.Runtime.CompilerServices.TaskAwaiter.HandleNonSuccessAndDebuggerNotification(Task task)
   at Adxstudio.Xrm.Identity.MSAL.MsalTokenManager.<HandleExceptionAsync>d__12`1.MoveNext() in C:\__w\1\s\Framework\Adxstudio.Xrm\Identity\MSAL\MsalTokenManager.cs:line 0

Microsoft.Identity.Client

, EventData:GetTokenByAuthorizationCodeAsync failed, ErrorCode: invalid_grant, statusCode: 400, correlationId: 96bff875-1e42-4b9d-bd26-190876be011d, Category:Application, ErrorCategory:ApplicationError",800402ff-0400-6400-b63f-84710c7967bb
2024-02-19T01:19:18,Error,site-85de4385-0987-4ae5-9917-b7715602956d-AUe,7e7bb2,638439023581722219,0,35932,243,"RequestData:, RequestPath:, RequestExtension:, SessionId:, UserId:, CorrelationId:00000000-0000-0000-0000-000000000000, Elapsed:0, RequestMethod:, RequestContentType:, RequestAccept:, RequestCacheControl:, UserAgent:, HandlerName:, HandlerExecuted:False, VaryByCustom:, MemberName:HandleExceptionAsync, SourceFilePath:C:\__w\1\s\Framework\Adxstudio.Xrm\Identity\MSAL\MsalTokenManager.cs, SourceLineNumber:211, ExceptionMessage:AADSTS9002313: Invalid request. Request is malformed or invalid. Trace ID: b5da9a81-995b-4d53-9f73-09268acb0b00 Correlation ID: 2cf03d24-f97b-4aea-86ab-c5c248cc5349 Timestamp: 2024-02-19 01:19:18Z
Microsoft.Identity.Client.MsalUiRequiredException
   at Microsoft.Identity.Client.OAuth2.OAuth2Client.ThrowServerException(HttpResponse response, RequestContext requestContext)
   at Microsoft.Identity.Client.OAuth2.OAuth2Client.CreateResponse[T](HttpResponse response, RequestContext requestContext)
   at Microsoft.Identity.Client.OAuth2.OAuth2Client.<ExecuteRequestAsync>d__12`1.MoveNext()
--- End of stack trace from previous location where exception was thrown ---
   at System.Runtime.ExceptionServices.ExceptionDispatchInfo.Throw()
   at System.Runtime.CompilerServices.TaskAwaiter.HandleNonSuccessAndDebuggerNotification(Task task)
   at Microsoft.Identity.Client.OAuth2.OAuth2Client.<GetTokenAsync>d__11.MoveNext()
--- End of stack trace from previous location where exception was thrown ---
   at System.Runtime.ExceptionServices.ExceptionDispatchInfo.Throw()
   at System.Runtime.CompilerServices.TaskAwaiter.HandleNonSuccessAndDebuggerNotification(Task task)
   at Microsoft.Identity.Client.OAuth2.TokenClient.<SendHttpAndClearTelemetryAsync>d__11.MoveNext()
--- End of stack trace from previous location where exception was thrown ---
   at System.Runtime.ExceptionServices.ExceptionDispatchInfo.Throw()
   at Microsoft.Identity.Client.OAuth2.TokenClient.<SendHttpAndClearTelemetryAsync>d__11.MoveNext()
--- End of stack trace from previous location where exception was thrown ---
   at System.Runtime.ExceptionServices.ExceptionDispatchInfo.Throw()
   at System.Runtime.CompilerServices.TaskAwaiter.HandleNonSuccessAndDebuggerNotification(Task task)
   at Microsoft.Identity.Client.OAuth2.TokenClient.<SendTokenRequestAsync>d__5.MoveNext()
--- End of stack trace from previous location where exception was thrown ---
   at System.Runtime.ExceptionServices.ExceptionDispatchInfo.Throw()
   at System.Runtime.CompilerServices.TaskAwaiter.HandleNonSuccessAndDebuggerNotification(Task task)
   at Microsoft.Identity.Client.Internal.Requests.RequestBase.<SendTokenRequestAsync>d__25.MoveNext()
--- End of stack trace from previous location where exception was thrown ---
   at System.Runtime.ExceptionServices.ExceptionDispatchInfo.Throw()
   at System.Runtime.CompilerServices.TaskAwaiter.HandleNonSuccessAndDebuggerNotification(Task task)
   at Microsoft.Identity.Client.Internal.Requests.ConfidentialAuthCodeRequest.<ExecuteAsync>d__2.MoveNext()
--- End of stack trace from previous location where exception was thrown ---
   at System.Runtime.ExceptionServices.ExceptionDispatchInfo.Throw()
   at System.Runtime.CompilerServices.TaskAwaiter.HandleNonSuccessAndDebuggerNotification(Task task)
   at Microsoft.Identity.Client.Internal.Requests.RequestBase.<RunAsync>d__12.MoveNext()
--- End of stack trace from previous location where exception was thrown ---
   at System.Runtime.ExceptionServices.ExceptionDispatchInfo.Throw()
   at System.Runtime.CompilerServices.TaskAwaiter.HandleNonSuccessAndDebuggerNotification(Task task)
   at Microsoft.Identity.Client.ApiConfig.Executors.ConfidentialClientExecutor.<ExecuteAsync>d__2.MoveNext()
--- End of stack trace from previous location where exception was thrown ---
   at System.Runtime.ExceptionServices.ExceptionDispatchInfo.Throw()
   at System.Runtime.CompilerServices.TaskAwaiter.HandleNonSuccessAndDebuggerNotification(Task task)
   at Adxstudio.Xrm.Identity.MSAL.MsalTokenProvider.<GetTokenByAuthorizationCodeAsync>d__6.MoveNext() in C:\__w\1\s\Framework\Adxstudio.Xrm\Identity\MSAL\MsalTokenProvider.cs:line 136
--- End of stack trace from previous location where exception was thrown ---
   at System.Runtime.ExceptionServices.ExceptionDispatchInfo.Throw()
   at System.Runtime.CompilerServices.TaskAwaiter.HandleNonSuccessAndDebuggerNotification(Task task)
   at Adxstudio.Xrm.Identity.MSAL.MsalTokenManager.<>c__DisplayClass9_0.<<GetTokenByAuthorizationCodeAsync>b__0>d.MoveNext() in C:\__w\1\s\Framework\Adxstudio.Xrm\Identity\MSAL\MsalTokenManager.cs:line 137
--- End of stack trace from previous location where exception was thrown ---
   at System.Runtime.ExceptionServices.ExceptionDispatchInfo.Throw()
   at System.Runtime.CompilerServices.TaskAwaiter.HandleNonSuccessAndDebuggerNotification(Task task)
   at Adxstudio.Xrm.Identity.MSAL.MsalTokenManager.<HandleExceptionAsync>d__12`1.MoveNext() in C:\__w\1\s\Framework\Adxstudio.Xrm\Identity\MSAL\MsalTokenManager.cs:line 0

Microsoft.Identity.Client

, EventData:GetTokenByAuthorizationCodeAsync failed, ErrorCode: invalid_grant, statusCode: 400, correlationId: 2cf03d24-f97b-4aea-86ab-c5c248cc5349, Category:Application, ErrorCategory:ApplicationError",800402ff-0400-6400-b63f-84710c7967bb
