date,level,applicationName,instanceId,eventTickCount,eventId,pid,tid,message,activityId
2024-03-27T09:06:51,Error,site-85de4385-0987-4ae5-9917-b7715602956d-AUe,0cce7d,638471272119613692,0,567192,88,"RequestData:, RequestPath:, RequestExtension:, SessionId:, UserId:, CorrelationId:00000000-0000-0000-0000-000000000000, Elapsed:0, RequestMethod:, RequestContentType:, RequestAccept:, RequestCacheControl:, UserAgent:, HandlerName:, HandlerExecuted:False, VaryByCustom:, MemberName:HandleExceptionAsync, SourceFilePath:C:\__w\1\s\Framework\Adxstudio.Xrm\Identity\MSAL\MsalTokenManager.cs, SourceLineNumber:211, ExceptionMessage:AADSTS9002313: Invalid request. Request is malformed or invalid. Trace ID: c282a7f1-4ae1-42d4-9225-77d6bcb01000 Correlation ID: 95a7b6b0-8de7-4910-9aeb-cb17bbb100ad Timestamp: 2024-03-27 09:06:51Z
Microsoft.Identity.Client.MsalUiRequiredException
   at Microsoft.Identity.Client.OAuth2.OAuth2Client.ThrowServerException(HttpResponse response, RequestContext requestContext)
   at Microsoft.Identity.Client.OAuth2.OAuth2Client.CreateResponse[T](HttpResponse response, RequestContext requestContext)
   at Microsoft.Identity.Client.OAuth2.OAuth2Client.<ExecuteRequestAsync>d__12`1.MoveNext()
--- End of stack trace from previous location where exception was thrown ---
   at System.Runtime.ExceptionServices.ExceptionDispatchInfo.Throw()
   at System.Runtime.CompilerServices.TaskAwaiter.HandleNonSuccessAndDebuggerNotification(Task task)
   at Microsoft.Identity.Client.OAuth2.OAuth2Client.<GetTokenAsync>d__11.MoveNext()
--- End of stack trace from previous location where exception was thrown ---
   at System.Runtime.ExceptionServices.ExceptionDispatchInfo.Throw()
   at System.Runtime.CompilerServices.TaskAwaiter.HandleNonSuccessAndDebuggerNotification(Task task)
   at Microsoft.Identity.Client.OAuth2.TokenClient.<SendHttpAndClearTelemetryAsync>d__11.MoveNext()
--- End of stack trace from previous location where exception was thrown ---
   at System.Runtime.ExceptionServices.ExceptionDispatchInfo.Throw()
   at Microsoft.Identity.Client.OAuth2.TokenClient.<SendHttpAndClearTelemetryAsync>d__11.MoveNext()
--- End of stack trace from previous location where exception was thrown ---
   at System.Runtime.ExceptionServices.ExceptionDispatchInfo.Throw()
   at System.Runtime.CompilerServices.TaskAwaiter.HandleNonSuccessAndDebuggerNotification(Task task)
   at Microsoft.Identity.Client.OAuth2.TokenClient.<SendTokenRequestAsync>d__5.MoveNext()
--- End of stack trace from previous location where exception was thrown ---
   at System.Runtime.ExceptionServices.ExceptionDispatchInfo.Throw()
   at System.Runtime.CompilerServices.TaskAwaiter.HandleNonSuccessAndDebuggerNotification(Task task)
   at Microsoft.Identity.Client.Internal.Requests.RequestBase.<SendTokenRequestAsync>d__25.MoveNext()
--- End of stack trace from previous location where exception was thrown ---
   at System.Runtime.ExceptionServices.ExceptionDispatchInfo.Throw()
   at System.Runtime.CompilerServices.TaskAwaiter.HandleNonSuccessAndDebuggerNotification(Task task)
   at Microsoft.Identity.Client.Internal.Requests.ConfidentialAuthCodeRequest.<ExecuteAsync>d__2.MoveNext()
--- End of stack trace from previous location where exception was thrown ---
   at System.Runtime.ExceptionServices.ExceptionDispatchInfo.Throw()
   at System.Runtime.CompilerServices.TaskAwaiter.HandleNonSuccessAndDebuggerNotification(Task task)
   at Microsoft.Identity.Client.Internal.Requests.RequestBase.<RunAsync>d__12.MoveNext()
--- End of stack trace from previous location where exception was thrown ---
   at System.Runtime.ExceptionServices.ExceptionDispatchInfo.Throw()
   at System.Runtime.CompilerServices.TaskAwaiter.HandleNonSuccessAndDebuggerNotification(Task task)
   at Microsoft.Identity.Client.ApiConfig.Executors.ConfidentialClientExecutor.<ExecuteAsync>d__2.MoveNext()
--- End of stack trace from previous location where exception was thrown ---
   at System.Runtime.ExceptionServices.ExceptionDispatchInfo.Throw()
   at System.Runtime.CompilerServices.TaskAwaiter.HandleNonSuccessAndDebuggerNotification(Task task)
   at Adxstudio.Xrm.Identity.MSAL.MsalTokenProvider.<GetTokenByAuthorizationCodeAsync>d__6.MoveNext() in C:\__w\1\s\Framework\Adxstudio.Xrm\Identity\MSAL\MsalTokenProvider.cs:line 136
--- End of stack trace from previous location where exception was thrown ---
   at System.Runtime.ExceptionServices.ExceptionDispatchInfo.Throw()
   at System.Runtime.CompilerServices.TaskAwaiter.HandleNonSuccessAndDebuggerNotification(Task task)
   at Adxstudio.Xrm.Identity.MSAL.MsalTokenManager.<>c__DisplayClass9_0.<<GetTokenByAuthorizationCodeAsync>b__0>d.MoveNext() in C:\__w\1\s\Framework\Adxstudio.Xrm\Identity\MSAL\MsalTokenManager.cs:line 137
--- End of stack trace from previous location where exception was thrown ---
   at System.Runtime.ExceptionServices.ExceptionDispatchInfo.Throw()
   at System.Runtime.CompilerServices.TaskAwaiter.HandleNonSuccessAndDebuggerNotification(Task task)
   at Adxstudio.Xrm.Identity.MSAL.MsalTokenManager.<HandleExceptionAsync>d__12`1.MoveNext() in C:\__w\1\s\Framework\Adxstudio.Xrm\Identity\MSAL\MsalTokenManager.cs:line 0

Microsoft.Identity.Client

, EventData:GetTokenByAuthorizationCodeAsync failed, ErrorCode: invalid_grant, statusCode: 400, correlationId: 95a7b6b0-8de7-4910-9aeb-cb17bbb100ad, Category:Application, ErrorCategory:ApplicationError",4001f3f2-0000-6900-b63f-84710c7967bb
2024-03-27T09:06:52,Error,site-85de4385-0987-4ae5-9917-b7715602956d-AUe,0cce7d,638471272120081896,0,567192,88,"RequestData:, RequestPath:, RequestExtension:, SessionId:, UserId:, CorrelationId:00000000-0000-0000-0000-000000000000, Elapsed:0, RequestMethod:, RequestContentType:, RequestAccept:, RequestCacheControl:, UserAgent:, HandlerName:, HandlerExecuted:False, VaryByCustom:, MemberName:HandleExceptionAsync, SourceFilePath:C:\__w\1\s\Framework\Adxstudio.Xrm\Identity\MSAL\MsalTokenManager.cs, SourceLineNumber:211, ExceptionMessage:AADSTS9002313: Invalid request. Request is malformed or invalid. Trace ID: d74cb59a-f44f-4877-8bd5-688677b01100 Correlation ID: 23061996-8303-4d30-a3a5-6b144aa297f6 Timestamp: 2024-03-27 09:06:52Z
Microsoft.Identity.Client.MsalUiRequiredException
   at Microsoft.Identity.Client.OAuth2.OAuth2Client.ThrowServerException(HttpResponse response, RequestContext requestContext)
   at Microsoft.Identity.Client.OAuth2.OAuth2Client.CreateResponse[T](HttpResponse response, RequestContext requestContext)
   at Microsoft.Identity.Client.OAuth2.OAuth2Client.<ExecuteRequestAsync>d__12`1.MoveNext()
--- End of stack trace from previous location where exception was thrown ---
   at System.Runtime.ExceptionServices.ExceptionDispatchInfo.Throw()
   at System.Runtime.CompilerServices.TaskAwaiter.HandleNonSuccessAndDebuggerNotification(Task task)
   at Microsoft.Identity.Client.OAuth2.OAuth2Client.<GetTokenAsync>d__11.MoveNext()
--- End of stack trace from previous location where exception was thrown ---
   at System.Runtime.ExceptionServices.ExceptionDispatchInfo.Throw()
   at System.Runtime.CompilerServices.TaskAwaiter.HandleNonSuccessAndDebuggerNotification(Task task)
   at Microsoft.Identity.Client.OAuth2.TokenClient.<SendHttpAndClearTelemetryAsync>d__11.MoveNext()
--- End of stack trace from previous location where exception was thrown ---
   at System.Runtime.ExceptionServices.ExceptionDispatchInfo.Throw()
   at Microsoft.Identity.Client.OAuth2.TokenClient.<SendHttpAndClearTelemetryAsync>d__11.MoveNext()
--- End of stack trace from previous location where exception was thrown ---
   at System.Runtime.ExceptionServices.ExceptionDispatchInfo.Throw()
   at System.Runtime.CompilerServices.TaskAwaiter.HandleNonSuccessAndDebuggerNotification(Task task)
   at Microsoft.Identity.Client.OAuth2.TokenClient.<SendTokenRequestAsync>d__5.MoveNext()
--- End of stack trace from previous location where exception was thrown ---
   at System.Runtime.ExceptionServices.ExceptionDispatchInfo.Throw()
   at System.Runtime.CompilerServices.TaskAwaiter.HandleNonSuccessAndDebuggerNotification(Task task)
   at Microsoft.Identity.Client.Internal.Requests.RequestBase.<SendTokenRequestAsync>d__25.MoveNext()
--- End of stack trace from previous location where exception was thrown ---
   at System.Runtime.ExceptionServices.ExceptionDispatchInfo.Throw()
   at System.Runtime.CompilerServices.TaskAwaiter.HandleNonSuccessAndDebuggerNotification(Task task)
   at Microsoft.Identity.Client.Internal.Requests.ConfidentialAuthCodeRequest.<ExecuteAsync>d__2.MoveNext()
--- End of stack trace from previous location where exception was thrown ---
   at System.Runtime.ExceptionServices.ExceptionDispatchInfo.Throw()
   at System.Runtime.CompilerServices.TaskAwaiter.HandleNonSuccessAndDebuggerNotification(Task task)
   at Microsoft.Identity.Client.Internal.Requests.RequestBase.<RunAsync>d__12.MoveNext()
--- End of stack trace from previous location where exception was thrown ---
   at System.Runtime.ExceptionServices.ExceptionDispatchInfo.Throw()
   at System.Runtime.CompilerServices.TaskAwaiter.HandleNonSuccessAndDebuggerNotification(Task task)
   at Microsoft.Identity.Client.ApiConfig.Executors.ConfidentialClientExecutor.<ExecuteAsync>d__2.MoveNext()
--- End of stack trace from previous location where exception was thrown ---
   at System.Runtime.ExceptionServices.ExceptionDispatchInfo.Throw()
   at System.Runtime.CompilerServices.TaskAwaiter.HandleNonSuccessAndDebuggerNotification(Task task)
   at Adxstudio.Xrm.Identity.MSAL.MsalTokenProvider.<GetTokenByAuthorizationCodeAsync>d__6.MoveNext() in C:\__w\1\s\Framework\Adxstudio.Xrm\Identity\MSAL\MsalTokenProvider.cs:line 136
--- End of stack trace from previous location where exception was thrown ---
   at System.Runtime.ExceptionServices.ExceptionDispatchInfo.Throw()
   at System.Runtime.CompilerServices.TaskAwaiter.HandleNonSuccessAndDebuggerNotification(Task task)
   at Adxstudio.Xrm.Identity.MSAL.MsalTokenManager.<>c__DisplayClass9_0.<<GetTokenByAuthorizationCodeAsync>b__0>d.MoveNext() in C:\__w\1\s\Framework\Adxstudio.Xrm\Identity\MSAL\MsalTokenManager.cs:line 137
--- End of stack trace from previous location where exception was thrown ---
   at System.Runtime.ExceptionServices.ExceptionDispatchInfo.Throw()
   at System.Runtime.CompilerServices.TaskAwaiter.HandleNonSuccessAndDebuggerNotification(Task task)
   at Adxstudio.Xrm.Identity.MSAL.MsalTokenManager.<HandleExceptionAsync>d__12`1.MoveNext() in C:\__w\1\s\Framework\Adxstudio.Xrm\Identity\MSAL\MsalTokenManager.cs:line 0

Microsoft.Identity.Client

, EventData:GetTokenByAuthorizationCodeAsync failed, ErrorCode: invalid_grant, statusCode: 400, correlationId: 23061996-8303-4d30-a3a5-6b144aa297f6, Category:Application, ErrorCategory:ApplicationError",4001f3f2-0000-6900-b63f-84710c7967bb
2024-03-27T09:07:06,Error,site-85de4385-0987-4ae5-9917-b7715602956d-AUe,0cce7d,638471272265574555,0,567192,47,"RequestData:, RequestPath:/App-Form-Page/, RequestExtension:, SessionId:sg2dxoes0jyqimb1yncgrzed, UserId:VSKf29m0cJORq6XfPuUpOcqx6xMFAKhh2EST4wNwROcp5YpvBLTkb1GU7t2-rpGaW8EQTvSznuv3wCcv_9qRxsRNtfjxugrKg6mOwpytrL9rZM2VhnMgiXMjmO3kUR5gt6Jg8v7rPg3rB26RgMrgig2, CorrelationId:4f97a188-2881-4113-9722-bd302e6911d9, Elapsed:103.0499, RequestMethod:GET, RequestContentType:, RequestAccept:text/html,application/xhtml+xml,application/xml;q=0.9,image/avif,image/webp,image/apng,*/*;q=0.8,application/signed-exchange;v=b3;q=0.7, RequestCacheControl:, UserAgent:Mozilla/5.0 (Windows NT 10.0; Win64; x64) AppleWebKit/537.36 (KHTML, like Gecko) Chrome/122.0.0.0 Safari/537.36, HandlerName:ASP.pages_webtemplate_aspx, HandlerExecuted:False, VaryByCustom:user;website;language, MemberName:InternalRenderLiquid, SourceFilePath:C:\__w\1\s\Framework\Adxstudio.Xrm\Web\Mvc\Html\LiquidExtensions.cs, SourceLineNumber:553, ExceptionMessage:Unknown tag 'when'
DotLiquid.Exceptions.SyntaxException
   at DotLiquid.Block.UnknownTag(String tag, String markup, List`1 tokens)
   at DotLiquid.Block.Parse(List`1 tokens)
   at DotLiquid.Tags.If.Initialize(String tagName, String markup, List`1 tokens)
   at DotLiquid.Block.Parse(List`1 tokens)
   at DotLiquid.Tags.Case.Initialize(String tagName, String markup, List`1 tokens)
   at DotLiquid.Block.Parse(List`1 tokens)
   at DotLiquid.Tags.Block.Initialize(String tagName, String markup, List`1 tokens)
   at DotLiquid.Block.Parse(List`1 tokens)
   at DotLiquid.Template.ParseInternal(String source)
   at Adxstudio.Xrm.Web.Mvc.Html.LiquidExtensions.InternalRenderLiquid(String source, String sourceIdentifier, TextWriter output, Context context) in C:\__w\1\s\Framework\Adxstudio.Xrm\Web\Mvc\Html\LiquidExtensions.cs:line 548

DotLiquid

, EventData:Liquid parse error (adx_webtemplate::924568cc-0e05-ee11-8f6e-000d3acc01d5), Category:File, ErrorCategory:UserError",40031503-0002-3300-b63f-84710c7967bb
2024-03-27T09:11:35,Error,site-85de4385-0987-4ae5-9917-b7715602956d-AUe,0cce7d,638471274956297953,0,567192,44,"RequestData:, RequestPath:/App-Form-Page/, RequestExtension:, SessionId:sg2dxoes0jyqimb1yncgrzed, UserId:VSKf29m0cJORq6XfPuUpOcqx6xMFAKhh2EST4wNwROcp5YpvBLTkb1GU7t2-rpGaW8EQTvSznuv3wCcv_9qRxsRNtfjxugrKg6mOwpytrL9rZM2VhnMgiXMjmO3kUR5gt6Jg8v7rPg3rB26RgMrgig2, CorrelationId:0a07a8df-8627-45a0-9f3f-470b441a2c5c, Elapsed:2050.6064, RequestMethod:GET, RequestContentType:, RequestAccept:text/html,application/xhtml+xml,application/xml;q=0.9,image/avif,image/webp,image/apng,*/*;q=0.8,application/signed-exchange;v=b3;q=0.7, RequestCacheControl:no-cache, UserAgent:Mozilla/5.0 (Windows NT 10.0; Win64; x64) AppleWebKit/537.36 (KHTML, like Gecko) Chrome/122.0.0.0 Safari/537.36, HandlerName:ASP.pages_webtemplate_aspx, HandlerExecuted:False, VaryByCustom:user;website;language, MemberName:InvokeFuntion, SourceFilePath:C:\__w\1\s\Framework\Adxstudio.Xrm\Services\Pooling\Dataverse\PoolableDataverseConnection.cs, SourceLineNumber:211, ExceptionMessage:The date-time format for Y-11-27 9:3 is invalid, or value is outside the supported range.
System.ServiceModel.FaultException`1[[Microsoft.Xrm.Sdk.OrganizationServiceFault, Microsoft.Xrm.Sdk, Version=9.0.0.0, Culture=neutral, PublicKey**redacted**]]

Server stack trace: 
   at System.ServiceModel.Channels.ServiceChannel.HandleReply(ProxyOperationRuntime operation, ProxyRpc& rpc)
   at System.ServiceModel.Channels.ServiceChannel.Call(String action, Boolean oneway, ProxyOperationRuntime operation, Object[] ins, Object[] outs, TimeSpan timeout)
   at System.ServiceModel.Channels.ServiceChannelProxy.InvokeService(IMethodCallMessage methodCall, ProxyOperationRuntime operation)
   at System.ServiceModel.Channels.ServiceChannelProxy.Invoke(IMessage message)

Exception rethrown at [0]: 
   at Microsoft.Xrm.Tooling.Connector.CrmServiceClient.Execute(OrganizationRequest request)
   at Adxstudio.Xrm.Services.Pooling.Dataverse.PoolableDataverseConnection.InvokeFuntion[TResult](Func`1 function) in C:\__w\1\s\Framework\Adxstudio.Xrm\Services\Pooling\Dataverse\PoolableDataverseConnection.cs:line 206

mscorlib

, EventData:Error occured while making Dataverse Call, Category:Application, ErrorCategory:ApplicationError",4004e394-0002-c900-b63f-84710c7967bb
2024-03-27T09:11:35,Error,site-85de4385-0987-4ae5-9917-b7715602956d-AUe,0cce7d,638471274956922968,0,567192,44,"RequestData:, RequestPath:/App-Form-Page/, RequestExtension:, SessionId:sg2dxoes0jyqimb1yncgrzed, UserId:VSKf29m0cJORq6XfPuUpOcqx6xMFAKhh2EST4wNwROcp5YpvBLTkb1GU7t2-rpGaW8EQTvSznuv3wCcv_9qRxsRNtfjxugrKg6mOwpytrL9rZM2VhnMgiXMjmO3kUR5gt6Jg8v7rPg3rB26RgMrgig2, CorrelationId:0a07a8df-8627-45a0-9f3f-470b441a2c5c, Elapsed:2116.4566, RequestMethod:GET, RequestContentType:, RequestAccept:text/html,application/xhtml+xml,application/xml;q=0.9,image/avif,image/webp,image/apng,*/*;q=0.8,application/signed-exchange;v=b3;q=0.7, RequestCacheControl:no-cache, UserAgent:Mozilla/5.0 (Windows NT 10.0; Win64; x64) AppleWebKit/537.36 (KHTML, like Gecko) Chrome/122.0.0.0 Safari/537.36, HandlerName:ASP.pages_webtemplate_aspx, HandlerExecuted:False, VaryByCustom:user;website;language, MemberName:InternalRenderLiquid, SourceFilePath:C:\__w\1\s\Framework\Adxstudio.Xrm\Web\Mvc\Html\LiquidExtensions.cs, SourceLineNumber:611, ExceptionMessage:Exception has been thrown by the target of an invocation.
System.Reflection.TargetInvocationException
   at System.RuntimeMethodHandle.InvokeMethod(Object target, Object[] arguments, Signature sig, Boolean constructor)
   at System.Reflection.RuntimeMethodInfo.UnsafeInvokeInternal(Object obj, Object[] parameters, Object[] arguments)
   at System.Reflection.RuntimeMethodInfo.Invoke(Object obj, BindingFlags invokeAttr, Binder binder, Object[] parameters, CultureInfo culture)
   at System.Reflection.RuntimePropertyInfo.GetValue(Object obj, Object[] index)
   at DotLiquid.DropBase.InvokeDrop(Object name)
   at DotLiquid.Context.LookupAndEvaluate(Object obj, Object key)
   at DotLiquid.Context.Variable(String markup)
   at DotLiquid.Context.Resolve(String key)
   at DotLiquid.Condition.InterpretCondition(String left, String right, String op, Context context)
   at DotLiquid.Condition.Evaluate(Context context)
   at DotLiquid.Tags.If.<>c__DisplayClass10_0.<Render>b__0()
   at DotLiquid.Context.Stack(Hash newScope, Action callback)
   at DotLiquid.Tags.If.Render(Context context, TextWriter result)
   at DotLiquid.Block.RenderAll(List`1 list, Context context, TextWriter result)

mscorlib

The date-time format for Y-11-27 9:3 is invalid, or value is outside the supported range.
System.ServiceModel.FaultException`1[[Microsoft.Xrm.Sdk.OrganizationServiceFault, Microsoft.Xrm.Sdk, Version=9.0.0.0, Culture=neutral, PublicKey**redacted**]]

Server stack trace: 
   at System.ServiceModel.Channels.ServiceChannel.HandleReply(ProxyOperationRuntime operation, ProxyRpc& rpc)
   at System.ServiceModel.Channels.ServiceChannel.Call(String action, Boolean oneway, ProxyOperationRuntime operation, Object[] ins, Object[] outs, TimeSpan timeout)
   at System.ServiceModel.Channels.ServiceChannelProxy.InvokeService(IMethodCallMessage methodCall, ProxyOperationRuntime operation)
   at System.ServiceModel.Channels.ServiceChannelProxy.Invoke(IMessage message)

Exception rethrown at [0]: 
   at Microsoft.Xrm.Tooling.Connector.CrmServiceClient.Execute(OrganizationRequest request)
   at Adxstudio.Xrm.Services.Pooling.Dataverse.PoolableDataverseConnection.InvokeFuntion[TResult](Func`1 function) in C:\__w\1\s\Framework\Adxstudio.Xrm\Services\Pooling\Dataverse\PoolableDataverseConnection.cs:line 212
   at Microsoft.Xrm.Client.Services.OrganizationService.InnerOrganizationService.UsingService[TResult](Func`2 action) in C:\__w\1\s\Framework\Microsoft.Xrm.Client\Services\OrganizationService.cs:line 436
   at Adxstudio.Xrm.Services.CachedOrganizationService.InnerExecute(OrganizationRequest request) in C:\__w\1\s\Framework\Adxstudio.Xrm\Services\CachedOrganizationService.cs:line 429
   at Adxstudio.Xrm.Services.OrganizationServiceCache.InnerExecute[TRequest,TResponse,TResult](TRequest query, Func`2 execute, Func`2 selector) in C:\__w\1\s\Framework\Adxstudio.Xrm\Services\OrganizationServiceCache.cs:line 653
   at Microsoft.Xrm.Client.Caching.ObjectCacheProvider.<>c__DisplayClass5_0`1.<Get>b__1(String key) in C:\__w\1\s\Framework\Microsoft.Xrm.Client\Caching\ObjectCacheProvider.cs:line 110
   at Microsoft.Xrm.Client.Threading.LockProvider.<>c__DisplayClass6_0`1.<Get>b__0() in C:\__w\1\s\Framework\Microsoft.Xrm.Client\Threading\LockProvider.cs:line 55
   at Adxstudio.Xrm.Threading.MonitorLockProvider.Lock(String key, Int32 millisecondsTimeout, Action action) in C:\__w\1\s\Framework\Adxstudio.Xrm\Threading\MonitorLockProvider.cs:line 23
   at Microsoft.Xrm.Client.Threading.LockProvider.Get[T](String key, Int32 millisecondsTimeout, Func`2 loadFromCache, Func`2 loadFromService) in C:\__w\1\s\Framework\Microsoft.Xrm.Client\Threading\LockProvider.cs:line 60
   at Adxstudio.Xrm.Services.OrganizationServiceCache.GetCachedResult[TRequest,TResponse,TResult](TRequest query, Func`2 execute, Func`2 selector, String cacheKey, Boolean isAuditableQuery, Int32& cacheMissedMetricValue, Boolean applyVirtualEntityFilter) in C:\__w\1\s\Framework\Adxstudio.Xrm\Services\OrganizationServiceCache.cs:line 0
   at Adxstudio.Xrm.Services.OrganizationServiceCache.LookupAndInsert[TRequest,TResponse,TResult](TRequest query, Func`2 execute, Func`2 selector, String selectorCacheKey, Boolean allowStaleData, Boolean isAuditableQuery) in C:\__w\1\s\Framework\Adxstudio.Xrm\Services\OrganizationServiceCache.cs:line 383
   at Adxstudio.Xrm.Services.OrganizationServiceCache.InnerExecute[TRequest,TResponse,TResult](TRequest request, Func`2 execute, Func`2 selector, String selectorCacheKey) in C:\__w\1\s\Framework\Adxstudio.Xrm\Services\OrganizationServiceCache.cs:line 323
   at Adxstudio.Xrm.Services.ContentMapOrganizationServiceCache.Execute[T](OrganizationRequest request, Func`2 execute, Func`2 selector, String selectorCacheKey) in C:\__w\1\s\Framework\Adxstudio.Xrm\Services\ContentMapOrganizationServiceCache.cs:line 36
   at Adxstudio.Xrm.Services.PortalBusOrganizationServiceCache.Execute[T](OrganizationRequest request, Func`2 execute, Func`2 selector, String selectorCacheKey) in C:\__w\1\s\Framework\Adxstudio.Xrm\Services\PortalBusOrganizationServiceCache.cs:line 44
   at Adxstudio.Xrm.Services.CachedOrganizationService.Execute[T](OrganizationRequest request, Func`2 selector, String selectorCacheKey) in C:\__w\1\s\Framework\Adxstudio.Xrm\Services\CachedOrganizationService.cs:line 367
   at Adxstudio.Xrm.Services.CachedOrganizationService.Execute[T](OrganizationRequest request) in C:\__w\1\s\Framework\Adxstudio.Xrm\Services\CachedOrganizationService.cs:line 358
   at Adxstudio.Xrm.Services.CrmOnlineOrganizationService.<>c__DisplayClass26_0.<Execute>b__0() in C:\__w\1\s\Framework\Adxstudio.Xrm\Services\CrmOnlineOrganizationService.cs:line 259
   at Microsoft.Practices.TransientFaultHandling.RetryPolicy.ExecuteAction[TResult](Func`1 func)
   at Microsoft.Xrm.Sdk.Client.OrganizationServiceContext.Execute(OrganizationRequest request)
   at Adxstudio.Xrm.Services.OrganizationServiceExtensions.FetchPage(IOrganizationService service, Fetch query, RequestFlag flag, Nullable`1 expiration, String memberName, String sourceFilePath, Int32 sourceLineNumber) in C:\__w\1\s\Framework\Adxstudio.Xrm\Services\OrganizationServiceExtensions.cs:line 543
   at Adxstudio.Xrm.Services.OrganizationServiceExtensions.<>c__DisplayClass10_0.<RetrieveMultiple>b__0(Fetch query) in C:\__w\1\s\Framework\Adxstudio.Xrm\Services\OrganizationServiceExtensions.cs:line 363
   at Adxstudio.Xrm.Services.OrganizationServiceExtensions.<FetchPages>d__14.MoveNext() in C:\__w\1\s\Framework\Adxstudio.Xrm\Services\OrganizationServiceExtensions.cs:line 501
   at System.Collections.Generic.List`1..ctor(IEnumerable`1 collection)
   at System.Linq.Enumerable.ToList[TSource](IEnumerable`1 source)
   at Adxstudio.Xrm.Services.OrganizationServiceExtensions.RetrieveMultiple(IOrganizationService service, Fetch fetch, RequestFlag flag, Nullable`1 expiration, String memberName, String sourceFilePath, Int32 sourceLineNumber) in C:\__w\1\s\Framework\Adxstudio.Xrm\Services\OrganizationServiceExtensions.cs:line 0
   at Adxstudio.Xrm.Web.Mvc.Liquid.FetchXmlQueryDrop.GetResults() in C:\__w\1\s\Framework\Adxstudio.Xrm\Web\Mvc\Liquid\FetchXmlQueryDrop.cs:line 76
   at System.Lazy`1.CreateValue()
   at System.Lazy`1.LazyInitValue()

mscorlib

, EventData:Liquid rendering error (adx_webtemplate::924568cc-0e05-ee11-8f6e-000d3acc01d5), Category:File, ErrorCategory:ApplicationError",4004e394-0002-c900-b63f-84710c7967bb
2024-03-27T09:16:09,Error,site-85de4385-0987-4ae5-9917-b7715602956d-AUe,0cce7d,638471277697192938,0,567192,65,"RequestData:, RequestPath:/App-Form-Page/, RequestExtension:, SessionId:sg2dxoes0jyqimb1yncgrzed, UserId:VSKf29m0cJORq6XfPuUpOcqx6xMFAKhh2EST4wNwROcp5YpvBLTkb1GU7t2-rpGaW8EQTvSznuv3wCcv_9qRxsRNtfjxugrKg6mOwpytrL9rZM2VhnMgiXMjmO3kUR5gt6Jg8v7rPg3rB26RgMrgig2, CorrelationId:cd874a08-aa62-4bd1-9bab-b561b6acabf4, Elapsed:1589.6056, RequestMethod:GET, RequestContentType:, RequestAccept:text/html,application/xhtml+xml,application/xml;q=0.9,image/avif,image/webp,image/apng,*/*;q=0.8,application/signed-exchange;v=b3;q=0.7, RequestCacheControl:, UserAgent:Mozilla/5.0 (Windows NT 10.0; Win64; x64) AppleWebKit/537.36 (KHTML, like Gecko) Chrome/122.0.0.0 Safari/537.36, HandlerName:ASP.pages_webtemplate_aspx, HandlerExecuted:False, VaryByCustom:user;website;language, MemberName:InternalRenderLiquid, SourceFilePath:C:\__w\1\s\Framework\Adxstudio.Xrm\Web\Mvc\Html\LiquidExtensions.cs, SourceLineNumber:611, ExceptionMessage:Value cannot be null.
Parameter name: input
System.ArgumentNullException
   at System.Text.RegularExpressions.Regex.Match(String input)
   at DotLiquid.Context.Variable(String markup)
   at DotLiquid.Context.Resolve(String key)
   at DotLiquid.Variable.RenderInternal(Context context)
   at DotLiquid.Tags.Assign.Render(Context context, TextWriter result)
   at DotLiquid.Block.RenderAll(List`1 list, Context context, TextWriter result)

System

, EventData:Liquid rendering error (adx_webtemplate::924568cc-0e05-ee11-8f6e-000d3acc01d5), Category:File, ErrorCategory:UserError",40032798-0002-8500-b63f-84710c7967bb
2024-03-27T09:17:35,Error,site-85de4385-0987-4ae5-9917-b7715602956d-AUe,0cce7d,638471278552688668,0,567192,231,"RequestData:, RequestPath:/App-Form-Page/, RequestExtension:, SessionId:sg2dxoes0jyqimb1yncgrzed, UserId:VSKf29m0cJORq6XfPuUpOcqx6xMFAKhh2EST4wNwROcp5YpvBLTkb1GU7t2-rpGaW8EQTvSznuv3wCcv_9qRxsRNtfjxugrKg6mOwpytrL9rZM2VhnMgiXMjmO3kUR5gt6Jg8v7rPg3rB26RgMrgig2, CorrelationId:96a4b25b-7e74-4eba-b619-1154f18ef45a, Elapsed:1859.1337, RequestMethod:GET, RequestContentType:, RequestAccept:text/html,application/xhtml+xml,application/xml;q=0.9,image/avif,image/webp,image/apng,*/*;q=0.8,application/signed-exchange;v=b3;q=0.7, RequestCacheControl:no-cache, UserAgent:Mozilla/5.0 (Windows NT 10.0; Win64; x64) AppleWebKit/537.36 (KHTML, like Gecko) Chrome/122.0.0.0 Safari/537.36, HandlerName:ASP.pages_webtemplate_aspx, HandlerExecuted:False, VaryByCustom:user;website;language, MemberName:InternalRenderLiquid, SourceFilePath:C:\__w\1\s\Framework\Adxstudio.Xrm\Web\Mvc\Html\LiquidExtensions.cs, SourceLineNumber:611, ExceptionMessage:Value cannot be null.
Parameter name: input
System.ArgumentNullException
   at System.Text.RegularExpressions.Regex.Match(String input)
   at DotLiquid.Context.Variable(String markup)
   at DotLiquid.Context.Resolve(String key)
   at DotLiquid.Variable.RenderInternal(Context context)
   at DotLiquid.Tags.Assign.Render(Context context, TextWriter result)
   at DotLiquid.Block.RenderAll(List`1 list, Context context, TextWriter result)

System

, EventData:Liquid rendering error (adx_webtemplate::924568cc-0e05-ee11-8f6e-000d3acc01d5), Category:File, ErrorCategory:UserError",4003e1f6-0802-e100-b63f-84710c7967bb
2024-03-27T09:20:01,Error,site-85de4385-0987-4ae5-9917-b7715602956d-AUe,0cce7d,638471280018272244,0,567192,60,"RequestData:, RequestPath:/App-Form-Page/, RequestExtension:, SessionId:sg2dxoes0jyqimb1yncgrzed, UserId:VSKf29m0cJORq6XfPuUpOcqx6xMFAKhh2EST4wNwROcp5YpvBLTkb1GU7t2-rpGaW8EQTvSznuv3wCcv_9qRxsRNtfjxugrKg6mOwpytrL9rZM2VhnMgiXMjmO3kUR5gt6Jg8v7rPg3rB26RgMrgig2, CorrelationId:e2c9c4a7-6498-4038-8442-df503589cca0, Elapsed:1405.9394, RequestMethod:GET, RequestContentType:, RequestAccept:text/html,application/xhtml+xml,application/xml;q=0.9,image/avif,image/webp,image/apng,*/*;q=0.8,application/signed-exchange;v=b3;q=0.7, RequestCacheControl:no-cache, UserAgent:Mozilla/5.0 (Windows NT 10.0; Win64; x64) AppleWebKit/537.36 (KHTML, like Gecko) Chrome/122.0.0.0 Safari/537.36, HandlerName:ASP.pages_webtemplate_aspx, HandlerExecuted:False, VaryByCustom:user;website;language, MemberName:InternalRenderLiquid, SourceFilePath:C:\__w\1\s\Framework\Adxstudio.Xrm\Web\Mvc\Html\LiquidExtensions.cs, SourceLineNumber:611, ExceptionMessage:Value cannot be null.
Parameter name: input
System.ArgumentNullException
   at System.Text.RegularExpressions.Regex.Match(String input)
   at DotLiquid.Context.Variable(String markup)
   at DotLiquid.Context.Resolve(String key)
   at DotLiquid.Variable.RenderInternal(Context context)
   at DotLiquid.Tags.Assign.Render(Context context, TextWriter result)
   at DotLiquid.Block.RenderAll(List`1 list, Context context, TextWriter result)

System

, EventData:Liquid rendering error (adx_webtemplate::924568cc-0e05-ee11-8f6e-000d3acc01d5), Category:File, ErrorCategory:UserError",40044562-0000-1b00-b63f-84710c7967bb
