date,level,applicationName,instanceId,eventTickCount,eventId,pid,tid,message,activityId
2024-01-24T03:59:59,Error,site-85de4385-0987-4ae5-9917-b7715602956d-AUe,05efbb,638416655994642494,0,328332,135,"RequestData:, RequestPath:/Account/Login/ExternalLoginCallback, RequestExtension:, SessionId:30tai3kku0gliwdyg34u1ple, UserId:jg67VrYF1uKTBbKptHP1Iy0J8OjVeeVAQvoBWnI4PinmXNjntspm5xbp-qbAr-tQEt-P99tgjYSoc4xZ2uPe1BoBhjoCMUG61bN2bHdbmDVh5KNgzm-r-hVP2v4mtEcTm56Ms0BvynuOwumLN7lXSQ2, CorrelationId:ba885e3b-3fdd-4f72-a9f8-559fa925976b, Elapsed:2721.3481, MemberName:ToGroups, SourceFilePath:C:\__w\1\s\Samples\MasterPortal\Areas\Account\Controllers\LoginController.cs, SourceLineNumber:1714, Category:Application, Message:Error while fetching groups of logged in user **redacted**
Message: An error occurred sending the request.
, ErrorCategory:ApplicationError",8000a449-0001-ca00-b63f-84710c7967bb
2024-01-24T04:19:55,Error,site-85de4385-0987-4ae5-9917-b7715602956d-AUe,05efbb,638416667952420156,0,328332,93,"RequestData:, RequestPath:/project-sites-grid-details/, RequestExtension:, SessionId:, UserId:jg67VrYF1uKTBbKptHP1Iy0J8OjVeeVAQvoBWnI4PinmXNjntspm5xbp-qbAr-tQEt-P99tgjYSoc4xZ2uPe1BoBhjoCMUG61bN2bHdbmDVh5KNgzm-r-hVP2v4mtEcTm56Ms0BvynuOwumLN7lXSQ2, CorrelationId:477fcf3a-7bf2-49b7-8848-d4077fbae99f, Elapsed:139531.3886, RequestMethod:GET, RequestContentType:, RequestAccept:text/html,application/xhtml+xml,application/xml;q=0.9,image/avif,image/webp,image/apng,*/*;q=0.8,application/signed-exchange;v=b3;q=0.7, RequestCacheControl:, UserAgent:Mozilla/5.0 (Windows NT 10.0; Win64; x64) AppleWebKit/537.36 (KHTML, like Gecko) Chrome/120.0.0.0 Safari/537.36, HandlerName:, HandlerExecuted:False, VaryByCustom:, MemberName:InvokeFuntion, SourceFilePath:C:\__w\1\s\Framework\Adxstudio.Xrm\Services\Pooling\Dataverse\PoolableDataverseConnection.cs, SourceLineNumber:211, ExceptionMessage:Thread was being aborted.
System.Threading.ThreadAbortException
   at Microsoft.Xrm.Tooling.Connector.CrmServiceClient.CrmCommand_Execute(OrganizationRequest req, String errorStringCheck)
   at Microsoft.Xrm.Tooling.Connector.CrmServiceClient.Execute(OrganizationRequest request)
   at Adxstudio.Xrm.Services.Pooling.Dataverse.PoolableDataverseConnection.InvokeFuntion[TResult](Func`1 function) in C:\__w\1\s\Framework\Adxstudio.Xrm\Services\Pooling\Dataverse\PoolableDataverseConnection.cs:line 206

Microsoft.Xrm.Tooling.Connector

, EventData:Error occured while making Dataverse Call, Category:Application, ErrorCategory:ApplicationError",800000a1-0002-0d00-b63f-84710c7967bb
2024-01-24T04:19:55,Error,site-85de4385-0987-4ae5-9917-b7715602956d-AUe,05efbb,638416667956014181,0,328332,93,"RequestData:{""IsAuthenticated"":true,""Tags"":[]}, RequestPath:/project-sites-grid-details/, RequestExtension:, SessionId:, UserId:jg67VrYF1uKTBbKptHP1Iy0J8OjVeeVAQvoBWnI4PinmXNjntspm5xbp-qbAr-tQEt-P99tgjYSoc4xZ2uPe1BoBhjoCMUG61bN2bHdbmDVh5KNgzm-r-hVP2v4mtEcTm56Ms0BvynuOwumLN7lXSQ2, CorrelationId:477fcf3a-7bf2-49b7-8848-d4077fbae99f, Elapsed:139919.1113, RequestMethod:GET, RequestContentType:, RequestAccept:text/html,application/xhtml+xml,application/xml;q=0.9,image/avif,image/webp,image/apng,*/*;q=0.8,application/signed-exchange;v=b3;q=0.7, RequestCacheControl:, UserAgent:Mozilla/5.0 (Windows NT 10.0; Win64; x64) AppleWebKit/537.36 (KHTML, like Gecko) Chrome/120.0.0.0 Safari/537.36, HandlerName:, HandlerExecuted:False, VaryByCustom:, ExceptionMessage:Request timed out.
System.Web.HttpException




, EventData:ASP.global_asax, originalResponseStatus: 500, Category:Application, ErrorCategory:ApplicationError",800000a1-0002-0d00-b63f-84710c7967bb
2024-01-24T04:19:58,Error,site-85de4385-0987-4ae5-9917-b7715602956d-AUe,05efbb,638416667981953662,0,328332,235,"RequestData:, RequestPath:/thumbnail.css, RequestExtension:.css, SessionId:, UserId:jg67VrYF1uKTBbKptHP1Iy0J8OjVeeVAQvoBWnI4PinmXNjntspm5xbp-qbAr-tQEt-P99tgjYSoc4xZ2uPe1BoBhjoCMUG61bN2bHdbmDVh5KNgzm-r-hVP2v4mtEcTm56Ms0BvynuOwumLN7lXSQ2, CorrelationId:9c9b3cc7-a561-43e2-8b0c-3021a552a91f, Elapsed:135433.384, RequestMethod:GET, RequestContentType:, RequestAccept:text/css,*/*;q=0.1, RequestCacheControl:, UserAgent:Mozilla/5.0 (Windows NT 10.0; Win64; x64) AppleWebKit/537.36 (KHTML, like Gecko) Chrome/120.0.0.0 Safari/537.36, HandlerName:, HandlerExecuted:False, VaryByCustom:, MemberName:InvokeFuntion, SourceFilePath:C:\__w\1\s\Framework\Adxstudio.Xrm\Services\Pooling\Dataverse\PoolableDataverseConnection.cs, SourceLineNumber:211, ExceptionMessage:Thread was being aborted.
System.Threading.ThreadAbortException
   at Microsoft.Xrm.Tooling.Connector.CrmServiceClient.CrmCommand_Execute(OrganizationRequest req, String errorStringCheck)
   at Microsoft.Xrm.Tooling.Connector.CrmServiceClient.Execute(OrganizationRequest request)
   at Adxstudio.Xrm.Services.Pooling.Dataverse.PoolableDataverseConnection.InvokeFuntion[TResult](Func`1 function) in C:\__w\1\s\Framework\Adxstudio.Xrm\Services\Pooling\Dataverse\PoolableDataverseConnection.cs:line 206

Microsoft.Xrm.Tooling.Connector

, EventData:Error occured while making Dataverse Call, Category:Application, ErrorCategory:ApplicationError",8002fd28-0003-ce00-b63f-84710c7967bb
2024-01-24T04:19:58,Error,site-85de4385-0987-4ae5-9917-b7715602956d-AUe,05efbb,638416667984610134,0,328332,235,"RequestData:{""IsAuthenticated"":true,""Tags"":[]}, RequestPath:/thumbnail.css, RequestExtension:.css, SessionId:, UserId:jg67VrYF1uKTBbKptHP1Iy0J8OjVeeVAQvoBWnI4PinmXNjntspm5xbp-qbAr-tQEt-P99tgjYSoc4xZ2uPe1BoBhjoCMUG61bN2bHdbmDVh5KNgzm-r-hVP2v4mtEcTm56Ms0BvynuOwumLN7lXSQ2, CorrelationId:9c9b3cc7-a561-43e2-8b0c-3021a552a91f, Elapsed:135698.6102, RequestMethod:GET, RequestContentType:, RequestAccept:text/css,*/*;q=0.1, RequestCacheControl:, UserAgent:Mozilla/5.0 (Windows NT 10.0; Win64; x64) AppleWebKit/537.36 (KHTML, like Gecko) Chrome/120.0.0.0 Safari/537.36, HandlerName:, HandlerExecuted:False, VaryByCustom:, ExceptionMessage:Request timed out.
System.Web.HttpException




, EventData:ASP.global_asax, originalResponseStatus: 500, Category:Application, ErrorCategory:ApplicationError",8002fd28-0003-ce00-b63f-84710c7967bb
2024-01-24T04:21:29,Error,site-85de4385-0987-4ae5-9917-b7715602956d-AUe,05efbb,638416668898913201,0,328332,17,"RequestData:, RequestPath:/Account/Login/ExternalLoginCallback, RequestExtension:, SessionId:25hrpps4be2lswthe2yra54n, UserId:83dUhdwjWndMLCk6SanjVPtMO_a2R4G3k2ztUa9_hY-X_Up3jex0ffIntOrXygeirmUEm_Bt5i34nh6WmjHTAcOFBPUnQSXS9sh6bF8G5hMRFKTxlddiLCzf-3ZThTM_qnx5SJG3GAAZfX1ytg8oEg2, CorrelationId:e17f0930-0fff-47f1-b685-c38c46102ada, Elapsed:11.8678, MemberName:ToGroups, SourceFilePath:C:\__w\1\s\Samples\MasterPortal\Areas\Account\Controllers\LoginController.cs, SourceLineNumber:1714, Category:Application, Message:Error while fetching groups of logged in user **redacted**
Message: An error occurred sending the request.
, ErrorCategory:ApplicationError",8000319c-0001-b000-b63f-84710c7967bb
2024-01-24T04:23:47,Error,site-85de4385-0987-4ae5-9917-b7715602956d-AUe,05efbb,638416670270670420,0,328332,77,"RequestData:, RequestPath:, RequestExtension:, SessionId:, UserId:, CorrelationId:00000000-0000-0000-0000-000000000000, Elapsed:0, RequestMethod:, RequestContentType:, RequestAccept:, RequestCacheControl:, UserAgent:, HandlerName:, HandlerExecuted:False, VaryByCustom:, MemberName:HandleExceptionAsync, SourceFilePath:C:\__w\1\s\Framework\Adxstudio.Xrm\Identity\MSAL\MsalTokenManager.cs, SourceLineNumber:211, ExceptionMessage:AADSTS9002313: Invalid request. Request is malformed or invalid. Trace ID: 3fcd13b7-5d8b-4b8a-bd5c-551228067f00 Correlation ID: 9ecaf249-3986-4322-81bf-e38ea38cf050 Timestamp: 2024-01-24 04:23:45Z
Microsoft.Identity.Client.MsalUiRequiredException
   at Microsoft.Identity.Client.OAuth2.OAuth2Client.ThrowServerException(HttpResponse response, RequestContext requestContext)
   at Microsoft.Identity.Client.OAuth2.OAuth2Client.CreateResponse[T](HttpResponse response, RequestContext requestContext)
   at Microsoft.Identity.Client.OAuth2.OAuth2Client.<ExecuteRequestAsync>d__12`1.MoveNext()
--- End of stack trace from previous location where exception was thrown ---
   at System.Runtime.ExceptionServices.ExceptionDispatchInfo.Throw()
   at System.Runtime.CompilerServices.TaskAwaiter.HandleNonSuccessAndDebuggerNotification(Task task)
   at Microsoft.Identity.Client.OAuth2.OAuth2Client.<GetTokenAsync>d__11.MoveNext()
--- End of stack trace from previous location where exception was thrown ---
   at System.Runtime.ExceptionServices.ExceptionDispatchInfo.Throw()
   at System.Runtime.CompilerServices.TaskAwaiter.HandleNonSuccessAndDebuggerNotification(Task task)
   at Microsoft.Identity.Client.OAuth2.TokenClient.<SendHttpAndClearTelemetryAsync>d__11.MoveNext()
--- End of stack trace from previous location where exception was thrown ---
   at System.Runtime.ExceptionServices.ExceptionDispatchInfo.Throw()
   at Microsoft.Identity.Client.OAuth2.TokenClient.<SendHttpAndClearTelemetryAsync>d__11.MoveNext()
--- End of stack trace from previous location where exception was thrown ---
   at System.Runtime.ExceptionServices.ExceptionDispatchInfo.Throw()
   at System.Runtime.CompilerServices.TaskAwaiter.HandleNonSuccessAndDebuggerNotification(Task task)
   at Microsoft.Identity.Client.OAuth2.TokenClient.<SendTokenRequestAsync>d__5.MoveNext()
--- End of stack trace from previous location where exception was thrown ---
   at System.Runtime.ExceptionServices.ExceptionDispatchInfo.Throw()
   at System.Runtime.CompilerServices.TaskAwaiter.HandleNonSuccessAndDebuggerNotification(Task task)
   at Microsoft.Identity.Client.Internal.Requests.RequestBase.<SendTokenRequestAsync>d__25.MoveNext()
--- End of stack trace from previous location where exception was thrown ---
   at System.Runtime.ExceptionServices.ExceptionDispatchInfo.Throw()
   at System.Runtime.CompilerServices.TaskAwaiter.HandleNonSuccessAndDebuggerNotification(Task task)
   at Microsoft.Identity.Client.Internal.Requests.ConfidentialAuthCodeRequest.<ExecuteAsync>d__2.MoveNext()
--- End of stack trace from previous location where exception was thrown ---
   at System.Runtime.ExceptionServices.ExceptionDispatchInfo.Throw()
   at System.Runtime.CompilerServices.TaskAwaiter.HandleNonSuccessAndDebuggerNotification(Task task)
   at Microsoft.Identity.Client.Internal.Requests.RequestBase.<RunAsync>d__12.MoveNext()
--- End of stack trace from previous location where exception was thrown ---
   at System.Runtime.ExceptionServices.ExceptionDispatchInfo.Throw()
   at System.Runtime.CompilerServices.TaskAwaiter.HandleNonSuccessAndDebuggerNotification(Task task)
   at Microsoft.Identity.Client.ApiConfig.Executors.ConfidentialClientExecutor.<ExecuteAsync>d__2.MoveNext()
--- End of stack trace from previous location where exception was thrown ---
   at System.Runtime.ExceptionServices.ExceptionDispatchInfo.Throw()
   at System.Runtime.CompilerServices.TaskAwaiter.HandleNonSuccessAndDebuggerNotification(Task task)
   at Adxstudio.Xrm.Identity.MSAL.MsalTokenProvider.<GetTokenByAuthorizationCodeAsync>d__6.MoveNext() in C:\__w\1\s\Framework\Adxstudio.Xrm\Identity\MSAL\MsalTokenProvider.cs:line 136
--- End of stack trace from previous location where exception was thrown ---
   at System.Runtime.ExceptionServices.ExceptionDispatchInfo.Throw()
   at System.Runtime.CompilerServices.TaskAwaiter.HandleNonSuccessAndDebuggerNotification(Task task)
   at Adxstudio.Xrm.Identity.MSAL.MsalTokenManager.<>c__DisplayClass9_0.<<GetTokenByAuthorizationCodeAsync>b__0>d.MoveNext() in C:\__w\1\s\Framework\Adxstudio.Xrm\Identity\MSAL\MsalTokenManager.cs:line 137
--- End of stack trace from previous location where exception was thrown ---
   at System.Runtime.ExceptionServices.ExceptionDispatchInfo.Throw()
   at System.Runtime.CompilerServices.TaskAwaiter.HandleNonSuccessAndDebuggerNotification(Task task)
   at Adxstudio.Xrm.Identity.MSAL.MsalTokenManager.<HandleExceptionAsync>d__12`1.MoveNext() in C:\__w\1\s\Framework\Adxstudio.Xrm\Identity\MSAL\MsalTokenManager.cs:line 0

Microsoft.Identity.Client

, EventData:GetTokenByAuthorizationCodeAsync failed, ErrorCode: invalid_grant, statusCode: 400, correlationId: 9ecaf249-3986-4322-81bf-e38ea38cf050, Category:Application, ErrorCategory:ApplicationError",80000acc-0000-5500-b63f-84710c7967bb
2024-01-24T04:23:58,Error,site-85de4385-0987-4ae5-9917-b7715602956d-AUe,05efbb,638416670383490344,0,328332,77,"RequestData:, RequestPath:, RequestExtension:, SessionId:, UserId:, CorrelationId:00000000-0000-0000-0000-000000000000, Elapsed:0, RequestMethod:, RequestContentType:, RequestAccept:, RequestCacheControl:, UserAgent:, HandlerName:, HandlerExecuted:False, VaryByCustom:, MemberName:HandleExceptionAsync, SourceFilePath:C:\__w\1\s\Framework\Adxstudio.Xrm\Identity\MSAL\MsalTokenManager.cs, SourceLineNumber:211, ExceptionMessage:AADSTS9002313: Invalid request. Request is malformed or invalid. Trace ID: 75448b5a-62e3-4acf-a5a3-9cd41f0d4300 Correlation ID: e4a0cf82-4045-4ca1-b990-380ff0ce7b83 Timestamp: 2024-01-24 04:23:58Z
Microsoft.Identity.Client.MsalUiRequiredException
   at Microsoft.Identity.Client.OAuth2.OAuth2Client.ThrowServerException(HttpResponse response, RequestContext requestContext)
   at Microsoft.Identity.Client.OAuth2.OAuth2Client.CreateResponse[T](HttpResponse response, RequestContext requestContext)
   at Microsoft.Identity.Client.OAuth2.OAuth2Client.<ExecuteRequestAsync>d__12`1.MoveNext()
--- End of stack trace from previous location where exception was thrown ---
   at System.Runtime.ExceptionServices.ExceptionDispatchInfo.Throw()
   at System.Runtime.CompilerServices.TaskAwaiter.HandleNonSuccessAndDebuggerNotification(Task task)
   at Microsoft.Identity.Client.OAuth2.OAuth2Client.<GetTokenAsync>d__11.MoveNext()
--- End of stack trace from previous location where exception was thrown ---
   at System.Runtime.ExceptionServices.ExceptionDispatchInfo.Throw()
   at System.Runtime.CompilerServices.TaskAwaiter.HandleNonSuccessAndDebuggerNotification(Task task)
   at Microsoft.Identity.Client.OAuth2.TokenClient.<SendHttpAndClearTelemetryAsync>d__11.MoveNext()
--- End of stack trace from previous location where exception was thrown ---
   at System.Runtime.ExceptionServices.ExceptionDispatchInfo.Throw()
   at Microsoft.Identity.Client.OAuth2.TokenClient.<SendHttpAndClearTelemetryAsync>d__11.MoveNext()
--- End of stack trace from previous location where exception was thrown ---
   at System.Runtime.ExceptionServices.ExceptionDispatchInfo.Throw()
   at System.Runtime.CompilerServices.TaskAwaiter.HandleNonSuccessAndDebuggerNotification(Task task)
   at Microsoft.Identity.Client.OAuth2.TokenClient.<SendTokenRequestAsync>d__5.MoveNext()
--- End of stack trace from previous location where exception was thrown ---
   at System.Runtime.ExceptionServices.ExceptionDispatchInfo.Throw()
   at System.Runtime.CompilerServices.TaskAwaiter.HandleNonSuccessAndDebuggerNotification(Task task)
   at Microsoft.Identity.Client.Internal.Requests.RequestBase.<SendTokenRequestAsync>d__25.MoveNext()
--- End of stack trace from previous location where exception was thrown ---
   at System.Runtime.ExceptionServices.ExceptionDispatchInfo.Throw()
   at System.Runtime.CompilerServices.TaskAwaiter.HandleNonSuccessAndDebuggerNotification(Task task)
   at Microsoft.Identity.Client.Internal.Requests.ConfidentialAuthCodeRequest.<ExecuteAsync>d__2.MoveNext()
--- End of stack trace from previous location where exception was thrown ---
   at System.Runtime.ExceptionServices.ExceptionDispatchInfo.Throw()
   at System.Runtime.CompilerServices.TaskAwaiter.HandleNonSuccessAndDebuggerNotification(Task task)
   at Microsoft.Identity.Client.Internal.Requests.RequestBase.<RunAsync>d__12.MoveNext()
--- End of stack trace from previous location where exception was thrown ---
   at System.Runtime.ExceptionServices.ExceptionDispatchInfo.Throw()
   at System.Runtime.CompilerServices.TaskAwaiter.HandleNonSuccessAndDebuggerNotification(Task task)
   at Microsoft.Identity.Client.ApiConfig.Executors.ConfidentialClientExecutor.<ExecuteAsync>d__2.MoveNext()
--- End of stack trace from previous location where exception was thrown ---
   at System.Runtime.ExceptionServices.ExceptionDispatchInfo.Throw()
   at System.Runtime.CompilerServices.TaskAwaiter.HandleNonSuccessAndDebuggerNotification(Task task)
   at Adxstudio.Xrm.Identity.MSAL.MsalTokenProvider.<GetTokenByAuthorizationCodeAsync>d__6.MoveNext() in C:\__w\1\s\Framework\Adxstudio.Xrm\Identity\MSAL\MsalTokenProvider.cs:line 136
--- End of stack trace from previous location where exception was thrown ---
   at System.Runtime.ExceptionServices.ExceptionDispatchInfo.Throw()
   at System.Runtime.CompilerServices.TaskAwaiter.HandleNonSuccessAndDebuggerNotification(Task task)
   at Adxstudio.Xrm.Identity.MSAL.MsalTokenManager.<>c__DisplayClass9_0.<<GetTokenByAuthorizationCodeAsync>b__0>d.MoveNext() in C:\__w\1\s\Framework\Adxstudio.Xrm\Identity\MSAL\MsalTokenManager.cs:line 137
--- End of stack trace from previous location where exception was thrown ---
   at System.Runtime.ExceptionServices.ExceptionDispatchInfo.Throw()
   at System.Runtime.CompilerServices.TaskAwaiter.HandleNonSuccessAndDebuggerNotification(Task task)
   at Adxstudio.Xrm.Identity.MSAL.MsalTokenManager.<HandleExceptionAsync>d__12`1.MoveNext() in C:\__w\1\s\Framework\Adxstudio.Xrm\Identity\MSAL\MsalTokenManager.cs:line 0

Microsoft.Identity.Client

, EventData:GetTokenByAuthorizationCodeAsync failed, ErrorCode: invalid_grant, statusCode: 400, correlationId: e4a0cf82-4045-4ca1-b990-380ff0ce7b83, Category:Application, ErrorCategory:ApplicationError",80000acc-0000-5500-b63f-84710c7967bb
2024-01-24T04:39:44,Error,site-85de4385-0987-4ae5-9917-b7715602956d-AUe,05efbb,638416679845803338,0,328332,77,"RequestData:, RequestPath:, RequestExtension:, SessionId:, UserId:, CorrelationId:00000000-0000-0000-0000-000000000000, Elapsed:0, RequestMethod:, RequestContentType:, RequestAccept:, RequestCacheControl:, UserAgent:, HandlerName:, HandlerExecuted:False, VaryByCustom:, MemberName:OnSubscriptionErrorAsync, SourceFilePath:C:\__w\1\s\Framework\Adxstudio.Xrm\AspNet\PortalBus\AppDataPortalBusProvider.cs, SourceLineNumber:186, ExceptionMessage:Access is denied
System.ComponentModel.Win32Exception




, EventData:Subscription error: SubscriptionPath: 05efbbdc7aa7cf9519a1290faefb74a566abe7fca6e6aa5120dfd0281eca458d-328332, Category:PortalBus, ErrorCategory:ApplicationError",
2024-01-24T04:39:55,Error,site-85de4385-0987-4ae5-9917-b7715602956d-AUe,05efbb,638416679955185971,0,328332,95,"RequestData:, RequestPath:, RequestExtension:, SessionId:, UserId:, CorrelationId:97b916ae-2556-4dae-adee-4b38df7f0add, Elapsed:0, RequestMethod:, RequestContentType:, RequestAccept:, RequestCacheControl:, UserAgent:, HandlerName:, HandlerExecuted:False, VaryByCustom:, MemberName:ConfigurePortal, SourceFilePath:C:\__w\1\s\Samples\MasterPortal\App_Start\Startup.cs, SourceLineNumber:96, ExceptionMessage:One or more errors occurred.
System.AggregateException
   at System.Threading.Tasks.Task.ThrowIfExceptional(Boolean includeTaskCanceledExceptions)
   at System.Threading.Tasks.Task.Wait(Int32 millisecondsTimeout, CancellationToken cancellationToken)
   at FluentScheduler.JobManager.<>c__DisplayClass42_0.<RunJob>b__0() in C:\Users\Talles\GitHub\FluentScheduler\Library\JobManager.cs:line 439
   at System.Threading.Tasks.Task.Execute()

mscorlib

Unable to find a connection string with the name 'Xrm'.
System.Configuration.ConfigurationErrorsException
   at Microsoft.Xrm.Client.CrmConnection.GetConnectionStringSettings(String connectionStringName) in C:\__w\1\s\Framework\Microsoft.Xrm.Client\CrmConnection.cs:line 247
   at Site.Areas.Account.Models.ApplicationDbContext.Create() in C:\__w\1\s\Samples\MasterPortal\Areas\Account\Models\IdentityModels.cs:line 94
   at Adxstudio.Xrm.Services.Cache.Extensions.<>c__DisplayClass1_0.<ConfigureEventHubCacheInvalidationAsync>b__0() in C:\__w\1\s\Framework\Adxstudio.Xrm\Services\Cache\Extensions.cs:line 159
   at System.Threading.Tasks.Task.Execute()

Microsoft.Xrm.Client

, EventData:Exception in scheduled job, Category:Application, ErrorCategory:ApplicationError",
2024-01-24T04:39:56,Error,site-85de4385-0987-4ae5-9917-b7715602956d-AUe,05efbb,638416679960342573,0,328332,95,"RequestData:, RequestPath:, RequestExtension:, SessionId:, UserId:, CorrelationId:97b916ae-2556-4dae-adee-4b38df7f0add, Elapsed:0, RequestMethod:, RequestContentType:, RequestAccept:, RequestCacheControl:, UserAgent:, HandlerName:, HandlerExecuted:False, VaryByCustom:, MemberName:ConfigurePortal, SourceFilePath:C:\__w\1\s\Samples\MasterPortal\App_Start\Startup.cs, SourceLineNumber:96, ExceptionMessage:One or more errors occurred.
System.AggregateException
   at System.Threading.Tasks.Task.ThrowIfExceptional(Boolean includeTaskCanceledExceptions)
   at System.Threading.Tasks.Task.Wait(Int32 millisecondsTimeout, CancellationToken cancellationToken)
   at FluentScheduler.JobManager.<>c__DisplayClass42_0.<RunJob>b__0() in C:\Users\Talles\GitHub\FluentScheduler\Library\JobManager.cs:line 439
   at System.Threading.Tasks.Task.Execute()

mscorlib

Unable to find a connection string with the name 'Xrm'.
System.Configuration.ConfigurationErrorsException
   at Microsoft.Xrm.Client.CrmConnection.GetConnectionStringSettings(String connectionStringName) in C:\__w\1\s\Framework\Microsoft.Xrm.Client\CrmConnection.cs:line 247
   at Site.Areas.Account.Models.ApplicationDbContext.Create() in C:\__w\1\s\Samples\MasterPortal\Areas\Account\Models\IdentityModels.cs:line 94
   at Adxstudio.Xrm.Services.Cache.Extensions.<>c__DisplayClass1_0.<ConfigureEventHubCacheInvalidationAsync>b__0() in C:\__w\1\s\Framework\Adxstudio.Xrm\Services\Cache\Extensions.cs:line 159
   at System.Threading.Tasks.Task.Execute()

Microsoft.Xrm.Client

, EventData:Exception in scheduled job, Category:Application, ErrorCategory:ApplicationError",
