date,level,applicationName,instanceId,eventTickCount,eventId,pid,tid,message,activityId
2024-03-12T07:19:32,Error,site-85de4385-0987-4ae5-9917-b7715602956d-AUe,0cce7d,638458247727113104,0,722452,80,"RequestData:, RequestPath:/File/download.aspx, RequestExtension:.aspx, SessionId:axku1fqp3m2rwuhnv31mznch, UserId:JWzqJ_DGa0yGsTjswksEfcd6aDByA-9GLQ68OvlUHqeT86n5VlZpC-BpbiBb5U_qhNoU_hAtHSXPTExGjk66PCENcQNAR9r0qXFhwjPsBuQUIdkcxqm_fY4ljeVzzJxYALQgnpG7rlHgWvty2yxWfA2, CorrelationId:8407605b-9622-437b-aec2-4d6c662b235d, Elapsed:231.9725, MemberName:HandleResponse, SourceFilePath:C:\__w\1\s\Framework\Adxstudio.Xrm\WebAPI\Handlers\Implementations\WebApiResponseHandler.cs, SourceLineNumber:135, Category:WebAPI, Message:Exception while inserting the cache. Message : Value cannot be null.
Parameter name: ResponseJsonObject StackTrace:    at Adxstudio.Xrm.WebAPI.WebApiCacheHandler.Insert(WebAPIRequest webApiRequest) in C:\__w\1\s\Framework\Adxstudio.Xrm\WebAPI\Handlers\Implementations\WebApiCacheHandler.cs:line 105
   at Adxstudio.Xrm.WebAPI.WebApiResponseHandler.HandleResponse(HttpResponseMessage httpResponse, WebAPIRequest webAPIRequest, WebApiRequestType webApiRequestType) in C:\__w\1\s\Framework\Adxstudio.Xrm\WebAPI\Handlers\Implementations\WebApiResponseHandler.cs:line 131, ErrorCategory:ApplicationError",40016fd3-0000-2100-b63f-84710c7967bb
2024-03-12T07:19:32,Error,site-85de4385-0987-4ae5-9917-b7715602956d-AUe,0cce7d,638458247728206871,0,722452,80,"RequestData:, RequestPath:/File/download.aspx, RequestExtension:.aspx, SessionId:axku1fqp3m2rwuhnv31mznch, UserId:JWzqJ_DGa0yGsTjswksEfcd6aDByA-9GLQ68OvlUHqeT86n5VlZpC-BpbiBb5U_qhNoU_hAtHSXPTExGjk66PCENcQNAR9r0qXFhwjPsBuQUIdkcxqm_fY4ljeVzzJxYALQgnpG7rlHgWvty2yxWfA2, CorrelationId:8407605b-9622-437b-aec2-4d6c662b235d, Elapsed:342.6874, MemberName:HandleResponse, SourceFilePath:C:\__w\1\s\Framework\Adxstudio.Xrm\WebAPI\Handlers\Implementations\WebApiResponseHandler.cs, SourceLineNumber:135, Category:WebAPI, Message:Exception while inserting the cache. Message : Object reference not set to an instance of an object. StackTrace:    at Adxstudio.Xrm.Services.CacheDependencyCalculator.<GetDependenciesForEntityJsonObject>d__35.MoveNext() in C:\__w\1\s\Framework\Adxstudio.Xrm\Services\CacheDependencyCalculator.cs:line 517
   at Adxstudio.Xrm.Services.CacheDependencyCalculator.<GetDependencies>d__34.MoveNext() in C:\__w\1\s\Framework\Adxstudio.Xrm\Services\CacheDependencyCalculator.cs:line 474
   at System.Collections.Generic.List`1..ctor(IEnumerable`1 collection)
   at System.Linq.Enumerable.ToList[TSource](IEnumerable`1 source)
   at Adxstudio.Xrm.WebAPI.WebApiCacheHandler.GetCacheDependencies(WebAPIRequest webApiRequest) in C:\__w\1\s\Framework\Adxstudio.Xrm\WebAPI\Handlers\Implementations\WebApiCacheHandler.cs:line 147
   at Adxstudio.Xrm.WebAPI.WebApiCacheHandler.Insert(WebAPIRequest webApiRequest) in C:\__w\1\s\Framework\Adxstudio.Xrm\WebAPI\Handlers\Implementations\WebApiCacheHandler.cs:line 111
   at Adxstudio.Xrm.WebAPI.WebApiResponseHandler.HandleResponse(HttpResponseMessage httpResponse, WebAPIRequest webAPIRequest, WebApiRequestType webApiRequestType) in C:\__w\1\s\Framework\Adxstudio.Xrm\WebAPI\Handlers\Implementations\WebApiResponseHandler.cs:line 131, ErrorCategory:ApplicationError",40016fd3-0000-2100-b63f-84710c7967bb
2024-03-12T07:59:19,Error,site-85de4385-0987-4ae5-9917-b7715602956d-AUe,0cce7d,638458271590869366,0,722452,107,"RequestData:, RequestPath:/Account/Login/ExternalLoginCallback, RequestExtension:, SessionId:lfyitfxp0kqqmqajvgyfid2x, UserId:imFrDo24D_LpvPPEn8r5pklk5NibPxfjIgayS7FLyoKV_awGvrlG1E-bCK9S1NOOV-_TtM9d-Eqj-H0DsRkCFZgMBEdFGkbQsiEKpO0MeoPG4PAu46wbMilozukhMogs6INNKmFQJNQL1hwc_mhs4A2, CorrelationId:727153ab-f477-4704-97b3-23d059b50ddc, Elapsed:9.7534, MemberName:ToGroups, SourceFilePath:C:\__w\1\s\Samples\MasterPortal\Areas\Account\Controllers\LoginController.cs, SourceLineNumber:1714, Category:Application, Message:Error while fetching groups of logged in user **redacted**
Message: An error occurred sending the request.
, ErrorCategory:ApplicationError",4000ae1c-0003-2b00-b63f-84710c7967bb
