date,level,applicationName,instanceId,eventTickCount,eventId,pid,tid,message,activityId
2024-02-19T10:11:51,Error,site-85de4385-0987-4ae5-9917-b7715602956d-AUe,7e7bb2,638439343116822528,0,35932,258,"RequestData:, RequestPath:, RequestExtension:, SessionId:, UserId:, CorrelationId:00000000-0000-0000-0000-000000000000, Elapsed:0, RequestMethod:, RequestContentType:, RequestAccept:, RequestCacheControl:, UserAgent:, HandlerName:, HandlerExecuted:False, VaryByCustom:, MemberName:HandleExceptionAsync, SourceFilePath:C:\__w\1\s\Framework\Adxstudio.Xrm\Identity\MSAL\MsalTokenManager.cs, SourceLineNumber:211, ExceptionMessage:AADSTS9002313: Invalid request. Request is malformed or invalid. Trace ID: 6b162b1e-bbbf-438a-bc9a-f230e9e90800 Correlation ID: b791ed5a-8863-4ef6-9ad0-1454824ffd5c Timestamp: 2024-02-19 10:11:51Z
Microsoft.Identity.Client.MsalUiRequiredException
   at Microsoft.Identity.Client.OAuth2.OAuth2Client.ThrowServerException(HttpResponse response, RequestContext requestContext)
   at Microsoft.Identity.Client.OAuth2.OAuth2Client.CreateResponse[T](HttpResponse response, RequestContext requestContext)
   at Microsoft.Identity.Client.OAuth2.OAuth2Client.<ExecuteRequestAsync>d__12`1.MoveNext()
--- End of stack trace from previous location where exception was thrown ---
   at System.Runtime.ExceptionServices.ExceptionDispatchInfo.Throw()
   at System.Runtime.CompilerServices.TaskAwaiter.HandleNonSuccessAndDebuggerNotification(Task task)
   at Microsoft.Identity.Client.OAuth2.OAuth2Client.<GetTokenAsync>d__11.MoveNext()
--- End of stack trace from previous location where exception was thrown ---
   at System.Runtime.ExceptionServices.ExceptionDispatchInfo.Throw()
   at System.Runtime.CompilerServices.TaskAwaiter.HandleNonSuccessAndDebuggerNotification(Task task)
   at Microsoft.Identity.Client.OAuth2.TokenClient.<SendHttpAndClearTelemetryAsync>d__11.MoveNext()
--- End of stack trace from previous location where exception was thrown ---
   at System.Runtime.ExceptionServices.ExceptionDispatchInfo.Throw()
   at Microsoft.Identity.Client.OAuth2.TokenClient.<SendHttpAndClearTelemetryAsync>d__11.MoveNext()
--- End of stack trace from previous location where exception was thrown ---
   at System.Runtime.ExceptionServices.ExceptionDispatchInfo.Throw()
   at System.Runtime.CompilerServices.TaskAwaiter.HandleNonSuccessAndDebuggerNotification(Task task)
   at Microsoft.Identity.Client.OAuth2.TokenClient.<SendTokenRequestAsync>d__5.MoveNext()
--- End of stack trace from previous location where exception was thrown ---
   at System.Runtime.ExceptionServices.ExceptionDispatchInfo.Throw()
   at System.Runtime.CompilerServices.TaskAwaiter.HandleNonSuccessAndDebuggerNotification(Task task)
   at Microsoft.Identity.Client.Internal.Requests.RequestBase.<SendTokenRequestAsync>d__25.MoveNext()
--- End of stack trace from previous location where exception was thrown ---
   at System.Runtime.ExceptionServices.ExceptionDispatchInfo.Throw()
   at System.Runtime.CompilerServices.TaskAwaiter.HandleNonSuccessAndDebuggerNotification(Task task)
   at Microsoft.Identity.Client.Internal.Requests.ConfidentialAuthCodeRequest.<ExecuteAsync>d__2.MoveNext()
--- End of stack trace from previous location where exception was thrown ---
   at System.Runtime.ExceptionServices.ExceptionDispatchInfo.Throw()
   at System.Runtime.CompilerServices.TaskAwaiter.HandleNonSuccessAndDebuggerNotification(Task task)
   at Microsoft.Identity.Client.Internal.Requests.RequestBase.<RunAsync>d__12.MoveNext()
--- End of stack trace from previous location where exception was thrown ---
   at System.Runtime.ExceptionServices.ExceptionDispatchInfo.Throw()
   at System.Runtime.CompilerServices.TaskAwaiter.HandleNonSuccessAndDebuggerNotification(Task task)
   at Microsoft.Identity.Client.ApiConfig.Executors.ConfidentialClientExecutor.<ExecuteAsync>d__2.MoveNext()
--- End of stack trace from previous location where exception was thrown ---
   at System.Runtime.ExceptionServices.ExceptionDispatchInfo.Throw()
   at System.Runtime.CompilerServices.TaskAwaiter.HandleNonSuccessAndDebuggerNotification(Task task)
   at Adxstudio.Xrm.Identity.MSAL.MsalTokenProvider.<GetTokenByAuthorizationCodeAsync>d__6.MoveNext() in C:\__w\1\s\Framework\Adxstudio.Xrm\Identity\MSAL\MsalTokenProvider.cs:line 136
--- End of stack trace from previous location where exception was thrown ---
   at System.Runtime.ExceptionServices.ExceptionDispatchInfo.Throw()
   at System.Runtime.CompilerServices.TaskAwaiter.HandleNonSuccessAndDebuggerNotification(Task task)
   at Adxstudio.Xrm.Identity.MSAL.MsalTokenManager.<>c__DisplayClass9_0.<<GetTokenByAuthorizationCodeAsync>b__0>d.MoveNext() in C:\__w\1\s\Framework\Adxstudio.Xrm\Identity\MSAL\MsalTokenManager.cs:line 137
--- End of stack trace from previous location where exception was thrown ---
   at System.Runtime.ExceptionServices.ExceptionDispatchInfo.Throw()
   at System.Runtime.CompilerServices.TaskAwaiter.HandleNonSuccessAndDebuggerNotification(Task task)
   at Adxstudio.Xrm.Identity.MSAL.MsalTokenManager.<HandleExceptionAsync>d__12`1.MoveNext() in C:\__w\1\s\Framework\Adxstudio.Xrm\Identity\MSAL\MsalTokenManager.cs:line 0

Microsoft.Identity.Client

, EventData:GetTokenByAuthorizationCodeAsync failed, ErrorCode: invalid_grant, statusCode: 400, correlationId: b791ed5a-8863-4ef6-9ad0-1454824ffd5c, Category:Application, ErrorCategory:ApplicationError",8000e75f-0003-f900-b63f-84710c7967bb
2024-02-19T10:11:51,Error,site-85de4385-0987-4ae5-9917-b7715602956d-AUe,7e7bb2,638439343117135019,0,35932,247,"RequestData:, RequestPath:, RequestExtension:, SessionId:, UserId:, CorrelationId:00000000-0000-0000-0000-000000000000, Elapsed:0, RequestMethod:, RequestContentType:, RequestAccept:, RequestCacheControl:, UserAgent:, HandlerName:, HandlerExecuted:False, VaryByCustom:, MemberName:HandleExceptionAsync, SourceFilePath:C:\__w\1\s\Framework\Adxstudio.Xrm\Identity\MSAL\MsalTokenManager.cs, SourceLineNumber:211, ExceptionMessage:AADSTS9002313: Invalid request. Request is malformed or invalid. Trace ID: f16f0d96-3806-44fa-87eb-c63441650200 Correlation ID: 3471a2a0-ca10-46b9-b0f3-1ca5ffcc912f Timestamp: 2024-02-19 10:11:51Z
Microsoft.Identity.Client.MsalUiRequiredException
   at Microsoft.Identity.Client.OAuth2.OAuth2Client.ThrowServerException(HttpResponse response, RequestContext requestContext)
   at Microsoft.Identity.Client.OAuth2.OAuth2Client.CreateResponse[T](HttpResponse response, RequestContext requestContext)
   at Microsoft.Identity.Client.OAuth2.OAuth2Client.<ExecuteRequestAsync>d__12`1.MoveNext()
--- End of stack trace from previous location where exception was thrown ---
   at System.Runtime.ExceptionServices.ExceptionDispatchInfo.Throw()
   at System.Runtime.CompilerServices.TaskAwaiter.HandleNonSuccessAndDebuggerNotification(Task task)
   at Microsoft.Identity.Client.OAuth2.OAuth2Client.<GetTokenAsync>d__11.MoveNext()
--- End of stack trace from previous location where exception was thrown ---
   at System.Runtime.ExceptionServices.ExceptionDispatchInfo.Throw()
   at System.Runtime.CompilerServices.TaskAwaiter.HandleNonSuccessAndDebuggerNotification(Task task)
   at Microsoft.Identity.Client.OAuth2.TokenClient.<SendHttpAndClearTelemetryAsync>d__11.MoveNext()
--- End of stack trace from previous location where exception was thrown ---
   at System.Runtime.ExceptionServices.ExceptionDispatchInfo.Throw()
   at Microsoft.Identity.Client.OAuth2.TokenClient.<SendHttpAndClearTelemetryAsync>d__11.MoveNext()
--- End of stack trace from previous location where exception was thrown ---
   at System.Runtime.ExceptionServices.ExceptionDispatchInfo.Throw()
   at System.Runtime.CompilerServices.TaskAwaiter.HandleNonSuccessAndDebuggerNotification(Task task)
   at Microsoft.Identity.Client.OAuth2.TokenClient.<SendTokenRequestAsync>d__5.MoveNext()
--- End of stack trace from previous location where exception was thrown ---
   at System.Runtime.ExceptionServices.ExceptionDispatchInfo.Throw()
   at System.Runtime.CompilerServices.TaskAwaiter.HandleNonSuccessAndDebuggerNotification(Task task)
   at Microsoft.Identity.Client.Internal.Requests.RequestBase.<SendTokenRequestAsync>d__25.MoveNext()
--- End of stack trace from previous location where exception was thrown ---
   at System.Runtime.ExceptionServices.ExceptionDispatchInfo.Throw()
   at System.Runtime.CompilerServices.TaskAwaiter.HandleNonSuccessAndDebuggerNotification(Task task)
   at Microsoft.Identity.Client.Internal.Requests.ConfidentialAuthCodeRequest.<ExecuteAsync>d__2.MoveNext()
--- End of stack trace from previous location where exception was thrown ---
   at System.Runtime.ExceptionServices.ExceptionDispatchInfo.Throw()
   at System.Runtime.CompilerServices.TaskAwaiter.HandleNonSuccessAndDebuggerNotification(Task task)
   at Microsoft.Identity.Client.Internal.Requests.RequestBase.<RunAsync>d__12.MoveNext()
--- End of stack trace from previous location where exception was thrown ---
   at System.Runtime.ExceptionServices.ExceptionDispatchInfo.Throw()
   at System.Runtime.CompilerServices.TaskAwaiter.HandleNonSuccessAndDebuggerNotification(Task task)
   at Microsoft.Identity.Client.ApiConfig.Executors.ConfidentialClientExecutor.<ExecuteAsync>d__2.MoveNext()
--- End of stack trace from previous location where exception was thrown ---
   at System.Runtime.ExceptionServices.ExceptionDispatchInfo.Throw()
   at System.Runtime.CompilerServices.TaskAwaiter.HandleNonSuccessAndDebuggerNotification(Task task)
   at Adxstudio.Xrm.Identity.MSAL.MsalTokenProvider.<GetTokenByAuthorizationCodeAsync>d__6.MoveNext() in C:\__w\1\s\Framework\Adxstudio.Xrm\Identity\MSAL\MsalTokenProvider.cs:line 136
--- End of stack trace from previous location where exception was thrown ---
   at System.Runtime.ExceptionServices.ExceptionDispatchInfo.Throw()
   at System.Runtime.CompilerServices.TaskAwaiter.HandleNonSuccessAndDebuggerNotification(Task task)
   at Adxstudio.Xrm.Identity.MSAL.MsalTokenManager.<>c__DisplayClass9_0.<<GetTokenByAuthorizationCodeAsync>b__0>d.MoveNext() in C:\__w\1\s\Framework\Adxstudio.Xrm\Identity\MSAL\MsalTokenManager.cs:line 137
--- End of stack trace from previous location where exception was thrown ---
   at System.Runtime.ExceptionServices.ExceptionDispatchInfo.Throw()
   at System.Runtime.CompilerServices.TaskAwaiter.HandleNonSuccessAndDebuggerNotification(Task task)
   at Adxstudio.Xrm.Identity.MSAL.MsalTokenManager.<HandleExceptionAsync>d__12`1.MoveNext() in C:\__w\1\s\Framework\Adxstudio.Xrm\Identity\MSAL\MsalTokenManager.cs:line 0

Microsoft.Identity.Client

, EventData:GetTokenByAuthorizationCodeAsync failed, ErrorCode: invalid_grant, statusCode: 400, correlationId: 3471a2a0-ca10-46b9-b0f3-1ca5ffcc912f, Category:Application, ErrorCategory:ApplicationError",8000e75f-0003-f900-b63f-84710c7967bb
