date,level,applicationName,instanceId,eventTickCount,eventId,pid,tid,message,activityId
2024-04-04T01:08:37,Error,site-85de4385-0987-4ae5-9917-b7715602956d-AUe,30857d,638477897177064507,0,260660,208,"RequestData:, RequestPath:, RequestExtension:, SessionId:, UserId:, CorrelationId:00000000-0000-0000-0000-000000000000, Elapsed:0, RequestMethod:, RequestContentType:, RequestAccept:, RequestCacheControl:, UserAgent:, HandlerName:, HandlerExecuted:False, VaryByCustom:, MemberName:HandleExceptionAsync, SourceFilePath:C:\__w\1\s\Framework\Adxstudio.Xrm\Identity\MSAL\MsalTokenManager.cs, SourceLineNumber:211, ExceptionMessage:AADSTS9002313: Invalid request. Request is malformed or invalid. Trace ID: 39f82c8d-2c5c-4c48-9e66-21f0eaa00100 Correlation ID: 0e3e7562-7c18-47f9-8d04-7235490664a4 Timestamp: 2024-04-04 01:08:37Z
Microsoft.Identity.Client.MsalUiRequiredException
   at Microsoft.Identity.Client.OAuth2.OAuth2Client.ThrowServerException(HttpResponse response, RequestContext requestContext)
   at Microsoft.Identity.Client.OAuth2.OAuth2Client.CreateResponse[T](HttpResponse response, RequestContext requestContext)
   at Microsoft.Identity.Client.OAuth2.OAuth2Client.<ExecuteRequestAsync>d__12`1.MoveNext()
--- End of stack trace from previous location where exception was thrown ---
   at System.Runtime.ExceptionServices.ExceptionDispatchInfo.Throw()
   at System.Runtime.CompilerServices.TaskAwaiter.HandleNonSuccessAndDebuggerNotification(Task task)
   at Microsoft.Identity.Client.OAuth2.OAuth2Client.<GetTokenAsync>d__11.MoveNext()
--- End of stack trace from previous location where exception was thrown ---
   at System.Runtime.ExceptionServices.ExceptionDispatchInfo.Throw()
   at System.Runtime.CompilerServices.TaskAwaiter.HandleNonSuccessAndDebuggerNotification(Task task)
   at Microsoft.Identity.Client.OAuth2.TokenClient.<SendHttpAndClearTelemetryAsync>d__11.MoveNext()
--- End of stack trace from previous location where exception was thrown ---
   at System.Runtime.ExceptionServices.ExceptionDispatchInfo.Throw()
   at Microsoft.Identity.Client.OAuth2.TokenClient.<SendHttpAndClearTelemetryAsync>d__11.MoveNext()
--- End of stack trace from previous location where exception was thrown ---
   at System.Runtime.ExceptionServices.ExceptionDispatchInfo.Throw()
   at System.Runtime.CompilerServices.TaskAwaiter.HandleNonSuccessAndDebuggerNotification(Task task)
   at Microsoft.Identity.Client.OAuth2.TokenClient.<SendTokenRequestAsync>d__5.MoveNext()
--- End of stack trace from previous location where exception was thrown ---
   at System.Runtime.ExceptionServices.ExceptionDispatchInfo.Throw()
   at System.Runtime.CompilerServices.TaskAwaiter.HandleNonSuccessAndDebuggerNotification(Task task)
   at Microsoft.Identity.Client.Internal.Requests.RequestBase.<SendTokenRequestAsync>d__25.MoveNext()
--- End of stack trace from previous location where exception was thrown ---
   at System.Runtime.ExceptionServices.ExceptionDispatchInfo.Throw()
   at System.Runtime.CompilerServices.TaskAwaiter.HandleNonSuccessAndDebuggerNotification(Task task)
   at Microsoft.Identity.Client.Internal.Requests.ConfidentialAuthCodeRequest.<ExecuteAsync>d__2.MoveNext()
--- End of stack trace from previous location where exception was thrown ---
   at System.Runtime.ExceptionServices.ExceptionDispatchInfo.Throw()
   at System.Runtime.CompilerServices.TaskAwaiter.HandleNonSuccessAndDebuggerNotification(Task task)
   at Microsoft.Identity.Client.Internal.Requests.RequestBase.<RunAsync>d__12.MoveNext()
--- End of stack trace from previous location where exception was thrown ---
   at System.Runtime.ExceptionServices.ExceptionDispatchInfo.Throw()
   at System.Runtime.CompilerServices.TaskAwaiter.HandleNonSuccessAndDebuggerNotification(Task task)
   at Microsoft.Identity.Client.ApiConfig.Executors.ConfidentialClientExecutor.<ExecuteAsync>d__2.MoveNext()
--- End of stack trace from previous location where exception was thrown ---
   at System.Runtime.ExceptionServices.ExceptionDispatchInfo.Throw()
   at System.Runtime.CompilerServices.TaskAwaiter.HandleNonSuccessAndDebuggerNotification(Task task)
   at Adxstudio.Xrm.Identity.MSAL.MsalTokenProvider.<GetTokenByAuthorizationCodeAsync>d__6.MoveNext() in C:\__w\1\s\Framework\Adxstudio.Xrm\Identity\MSAL\MsalTokenProvider.cs:line 136
--- End of stack trace from previous location where exception was thrown ---
   at System.Runtime.ExceptionServices.ExceptionDispatchInfo.Throw()
   at System.Runtime.CompilerServices.TaskAwaiter.HandleNonSuccessAndDebuggerNotification(Task task)
   at Adxstudio.Xrm.Identity.MSAL.MsalTokenManager.<>c__DisplayClass9_0.<<GetTokenByAuthorizationCodeAsync>b__0>d.MoveNext() in C:\__w\1\s\Framework\Adxstudio.Xrm\Identity\MSAL\MsalTokenManager.cs:line 137
--- End of stack trace from previous location where exception was thrown ---
   at System.Runtime.ExceptionServices.ExceptionDispatchInfo.Throw()
   at System.Runtime.CompilerServices.TaskAwaiter.HandleNonSuccessAndDebuggerNotification(Task task)
   at Adxstudio.Xrm.Identity.MSAL.MsalTokenManager.<HandleExceptionAsync>d__12`1.MoveNext() in C:\__w\1\s\Framework\Adxstudio.Xrm\Identity\MSAL\MsalTokenManager.cs:line 0

Microsoft.Identity.Client

, EventData:GetTokenByAuthorizationCodeAsync failed, ErrorCode: invalid_grant, statusCode: 400, correlationId: 0e3e7562-7c18-47f9-8d04-7235490664a4, Category:Application, ErrorCategory:ApplicationError",40008c7f-0002-e100-b63f-84710c7967bb
2024-04-04T01:08:37,Error,site-85de4385-0987-4ae5-9917-b7715602956d-AUe,30857d,638477897177689485,0,260660,254,"RequestData:, RequestPath:, RequestExtension:, SessionId:, UserId:, CorrelationId:00000000-0000-0000-0000-000000000000, Elapsed:0, RequestMethod:, RequestContentType:, RequestAccept:, RequestCacheControl:, UserAgent:, HandlerName:, HandlerExecuted:False, VaryByCustom:, MemberName:HandleExceptionAsync, SourceFilePath:C:\__w\1\s\Framework\Adxstudio.Xrm\Identity\MSAL\MsalTokenManager.cs, SourceLineNumber:211, ExceptionMessage:AADSTS9002313: Invalid request. Request is malformed or invalid. Trace ID: c40ade3c-a16f-441e-bf82-b2ab65c30000 Correlation ID: b9cbb3ee-c26a-44ad-9d28-8c4db9ffd8ae Timestamp: 2024-04-04 01:08:37Z
Microsoft.Identity.Client.MsalUiRequiredException
   at Microsoft.Identity.Client.OAuth2.OAuth2Client.ThrowServerException(HttpResponse response, RequestContext requestContext)
   at Microsoft.Identity.Client.OAuth2.OAuth2Client.CreateResponse[T](HttpResponse response, RequestContext requestContext)
   at Microsoft.Identity.Client.OAuth2.OAuth2Client.<ExecuteRequestAsync>d__12`1.MoveNext()
--- End of stack trace from previous location where exception was thrown ---
   at System.Runtime.ExceptionServices.ExceptionDispatchInfo.Throw()
   at System.Runtime.CompilerServices.TaskAwaiter.HandleNonSuccessAndDebuggerNotification(Task task)
   at Microsoft.Identity.Client.OAuth2.OAuth2Client.<GetTokenAsync>d__11.MoveNext()
--- End of stack trace from previous location where exception was thrown ---
   at System.Runtime.ExceptionServices.ExceptionDispatchInfo.Throw()
   at System.Runtime.CompilerServices.TaskAwaiter.HandleNonSuccessAndDebuggerNotification(Task task)
   at Microsoft.Identity.Client.OAuth2.TokenClient.<SendHttpAndClearTelemetryAsync>d__11.MoveNext()
--- End of stack trace from previous location where exception was thrown ---
   at System.Runtime.ExceptionServices.ExceptionDispatchInfo.Throw()
   at Microsoft.Identity.Client.OAuth2.TokenClient.<SendHttpAndClearTelemetryAsync>d__11.MoveNext()
--- End of stack trace from previous location where exception was thrown ---
   at System.Runtime.ExceptionServices.ExceptionDispatchInfo.Throw()
   at System.Runtime.CompilerServices.TaskAwaiter.HandleNonSuccessAndDebuggerNotification(Task task)
   at Microsoft.Identity.Client.OAuth2.TokenClient.<SendTokenRequestAsync>d__5.MoveNext()
--- End of stack trace from previous location where exception was thrown ---
   at System.Runtime.ExceptionServices.ExceptionDispatchInfo.Throw()
   at System.Runtime.CompilerServices.TaskAwaiter.HandleNonSuccessAndDebuggerNotification(Task task)
   at Microsoft.Identity.Client.Internal.Requests.RequestBase.<SendTokenRequestAsync>d__25.MoveNext()
--- End of stack trace from previous location where exception was thrown ---
   at System.Runtime.ExceptionServices.ExceptionDispatchInfo.Throw()
   at System.Runtime.CompilerServices.TaskAwaiter.HandleNonSuccessAndDebuggerNotification(Task task)
   at Microsoft.Identity.Client.Internal.Requests.ConfidentialAuthCodeRequest.<ExecuteAsync>d__2.MoveNext()
--- End of stack trace from previous location where exception was thrown ---
   at System.Runtime.ExceptionServices.ExceptionDispatchInfo.Throw()
   at System.Runtime.CompilerServices.TaskAwaiter.HandleNonSuccessAndDebuggerNotification(Task task)
   at Microsoft.Identity.Client.Internal.Requests.RequestBase.<RunAsync>d__12.MoveNext()
--- End of stack trace from previous location where exception was thrown ---
   at System.Runtime.ExceptionServices.ExceptionDispatchInfo.Throw()
   at System.Runtime.CompilerServices.TaskAwaiter.HandleNonSuccessAndDebuggerNotification(Task task)
   at Microsoft.Identity.Client.ApiConfig.Executors.ConfidentialClientExecutor.<ExecuteAsync>d__2.MoveNext()
--- End of stack trace from previous location where exception was thrown ---
   at System.Runtime.ExceptionServices.ExceptionDispatchInfo.Throw()
   at System.Runtime.CompilerServices.TaskAwaiter.HandleNonSuccessAndDebuggerNotification(Task task)
   at Adxstudio.Xrm.Identity.MSAL.MsalTokenProvider.<GetTokenByAuthorizationCodeAsync>d__6.MoveNext() in C:\__w\1\s\Framework\Adxstudio.Xrm\Identity\MSAL\MsalTokenProvider.cs:line 136
--- End of stack trace from previous location where exception was thrown ---
   at System.Runtime.ExceptionServices.ExceptionDispatchInfo.Throw()
   at System.Runtime.CompilerServices.TaskAwaiter.HandleNonSuccessAndDebuggerNotification(Task task)
   at Adxstudio.Xrm.Identity.MSAL.MsalTokenManager.<>c__DisplayClass9_0.<<GetTokenByAuthorizationCodeAsync>b__0>d.MoveNext() in C:\__w\1\s\Framework\Adxstudio.Xrm\Identity\MSAL\MsalTokenManager.cs:line 137
--- End of stack trace from previous location where exception was thrown ---
   at System.Runtime.ExceptionServices.ExceptionDispatchInfo.Throw()
   at System.Runtime.CompilerServices.TaskAwaiter.HandleNonSuccessAndDebuggerNotification(Task task)
   at Adxstudio.Xrm.Identity.MSAL.MsalTokenManager.<HandleExceptionAsync>d__12`1.MoveNext() in C:\__w\1\s\Framework\Adxstudio.Xrm\Identity\MSAL\MsalTokenManager.cs:line 0

Microsoft.Identity.Client

, EventData:GetTokenByAuthorizationCodeAsync failed, ErrorCode: invalid_grant, statusCode: 400, correlationId: b9cbb3ee-c26a-44ad-9d28-8c4db9ffd8ae, Category:Application, ErrorCategory:ApplicationError",40008c7f-0002-e100-b63f-84710c7967bb
2024-04-04T01:27:14,Error,site-85de4385-0987-4ae5-9917-b7715602956d-AUe,30857d,638477908349846065,0,260660,95,"RequestData:, RequestPath:/_services/entity-subgrid-data.json/40096e18-22f9-ed11-8f6e-00224893bfba, RequestExtension:, SessionId:, UserId:zooJAaxg_v-Yuq60rNjsueHPtc6sV-Lm98Trl51ATdLfjuI2qOid9SFGnbwFDiSseVI--9DtuFHzJWxBj8dQ-PLJMulavk_vJtUU1syJ-4CzcCuSIhKzTpDG9fJ3Q-xDmzJtxTyfB7MzAYqDyuFnOw2, CorrelationId:ad171bc4-27c8-44a3-b446-b538c4954802, Elapsed:120246.098, RequestMethod:POST, RequestContentType:application/json; charset=UTF-8, RequestAccept:application/json, text/javascript, */*; q=0.01, RequestCacheControl:, UserAgent:Mozilla/5.0 (Windows NT 10.0; Win64; x64) AppleWebKit/537.36 (KHTML, like Gecko) Chrome/123.0.0.0 Safari/537.36, HandlerName:System.Web.Mvc.MvcHandler, HandlerExecuted:False, VaryByCustom:, MemberName:InvokeFuntion, SourceFilePath:C:\__w\1\s\Framework\Adxstudio.Xrm\Services\Pooling\Dataverse\PoolableDataverseConnection.cs, SourceLineNumber:214, ExceptionMessage:The underlying connection was closed: A connection that was expected to be kept alive was closed by the server.
System.ServiceModel.CommunicationException

Server stack trace: 
   at System.ServiceModel.Channels.HttpChannelUtilities.ProcessGetResponseWebException(WebException webException, HttpWebRequest request, HttpAbortReason abortReason)
   at System.ServiceModel.Channels.HttpChannelFactory`1.HttpRequestChannel.HttpChannelRequest.WaitForReply(TimeSpan timeout)
   at System.ServiceModel.Channels.RequestChannel.Request(Message message, TimeSpan timeout)
   at System.ServiceModel.Dispatcher.RequestChannelBinder.Request(Message message, TimeSpan timeout)
   at System.ServiceModel.Channels.ServiceChannel.Call(String action, Boolean oneway, ProxyOperationRuntime operation, Object[] ins, Object[] outs, TimeSpan timeout)
   at System.ServiceModel.Channels.ServiceChannelProxy.InvokeService(IMethodCallMessage methodCall, ProxyOperationRuntime operation)
   at System.ServiceModel.Channels.ServiceChannelProxy.Invoke(IMessage message)

Exception rethrown at [0]: 
   at Microsoft.Xrm.Tooling.Connector.CrmServiceClient.Execute(OrganizationRequest request)
   at Adxstudio.Xrm.Services.Pooling.Dataverse.PoolableDataverseConnection.InvokeFuntion[TResult](Func`1 function) in C:\__w\1\s\Framework\Adxstudio.Xrm\Services\Pooling\Dataverse\PoolableDataverseConnection.cs:line 209

mscorlib

The underlying connection was closed: A connection that was expected to be kept alive was closed by the server.
System.Net.WebException
   at System.Net.HttpWebRequest.GetResponse()
   at System.ServiceModel.Channels.HttpChannelFactory`1.HttpRequestChannel.HttpChannelRequest.WaitForReply(TimeSpan timeout)

System

Unable to read data from the transport **redacted** connection attempt failed because the connected party did not properly respond after a period of time, or established connection failed because connected host has failed to respond.
System.IO.IOException
   at System.Net.Sockets.NetworkStream.Read(Byte[] buffer, Int32 offset, Int32 size)
   at System.Net.FixedSizeReader.ReadPacket(Byte[] buffer, Int32 offset, Int32 count)
   at System.Net.Security._SslStream.StartFrameHeader(Byte[] buffer, Int32 offset, Int32 count, AsyncProtocolRequest asyncRequest)
   at System.Net.Security._SslStream.StartReading(Byte[] buffer, Int32 offset, Int32 count, AsyncProtocolRequest asyncRequest)
   at System.Net.Security._SslStream.ProcessRead(Byte[] buffer, Int32 offset, Int32 count, AsyncProtocolRequest asyncRequest)
   at System.Net.TlsStream.Read(Byte[] buffer, Int32 offset, Int32 size)
   at System.Net.PooledStream.Read(Byte[] buffer, Int32 offset, Int32 size)
   at System.Net.Connection.SyncRead(HttpWebRequest request, Boolean userRetrievedStream, Boolean probeRead)

System

A connection attempt failed because the connected party did not properly respond after a period of time, or established connection failed because connected host has failed to respond
System.Net.Sockets.SocketException
   at System.Net.Sockets.NetworkStream.Read(Byte[] buffer, Int32 offset, Int32 size)

System

, EventData:Error occured while making Dataverse Call, Category:Application, ErrorCategory:ApplicationError",4000508b-0000-de00-b63f-84710c7967bb
2024-04-04T01:50:15,Error,site-85de4385-0987-4ae5-9917-b7715602956d-AUe,30857d,638477922155393758,0,260660,247,"RequestData:, RequestPath:/_api/nhfic_projectses(5fc3c6cc-21f2-ee11-a73c-00224898eb88), RequestExtension:, SessionId:, UserId:zooJAaxg_v-Yuq60rNjsueHPtc6sV-Lm98Trl51ATdLfjuI2qOid9SFGnbwFDiSseVI--9DtuFHzJWxBj8dQ-PLJMulavk_vJtUU1syJ-4CzcCuSIhKzTpDG9fJ3Q-xDmzJtxTyfB7MzAYqDyuFnOw2, CorrelationId:5310d8ea-63c6-4008-a216-8bf4eda323e4, Elapsed:120029.0378, RequestMethod:GET, RequestContentType:application/json, RequestAccept:*/*, RequestCacheControl:, UserAgent:Mozilla/5.0 (Windows NT 10.0; Win64; x64) AppleWebKit/537.36 (KHTML, like Gecko) Chrome/123.0.0.0 Safari/537.36, HandlerName:System.Web.Http.WebHost.HttpControllerHandler, HandlerExecuted:False, VaryByCustom:, MemberName:OnException, SourceFilePath:C:\__w\1\s\Framework\Adxstudio.Xrm\WebAPI\LogWebAPIExceptionFilterAttribute.cs, SourceLineNumber:38, ExceptionMessage:One or more errors occurred.
System.AggregateException
   at System.Threading.Tasks.Task`1.GetResultCore(Boolean waitCompletionNotification)
   at Adxstudio.Xrm.WebAPI.EdmModelProvider.CreateEdmModel() in C:\__w\1\s\Framework\Adxstudio.Xrm\WebAPI\Providers\Implementations\EdmModelProvider.cs:line 73
   at Adxstudio.Xrm.WebAPI.EdmModelProvider.GetEdmModel() in C:\__w\1\s\Framework\Adxstudio.Xrm\WebAPI\Providers\Implementations\EdmModelProvider.cs:line 63
   at Adxstudio.Xrm.WebAPI.WebAPIRequestProvider.GetWebAPIRequest(HttpRequestMessage httpRequest, WebApiRequestType webApiRequestType) in C:\__w\1\s\Framework\Adxstudio.Xrm\WebAPI\Providers\Implementations\WebAPIRequestProvider.cs:line 82
   at Adxstudio.Xrm.WebAPI.WebApiRequestHandler.GetValidatedWebApiRequest(HttpRequestMessage httpRequest, WebApiRequestType webApiRequestType, Boolean skipSiteSettingandTablePermissionCheck) in C:\__w\1\s\Framework\Adxstudio.Xrm\WebAPI\Handlers\Implementations\WebApiRequestHandler.cs:line 358
   at Adxstudio.Xrm.WebAPI.WebApiRequestHandler.HandleRequest(HttpRequestMessage httprequest, WebApiRequestType webApiRequestType, Boolean skipSiteSettingandTablePermissionCheck) in C:\__w\1\s\Framework\Adxstudio.Xrm\WebAPI\Handlers\Implementations\WebApiRequestHandler.cs:line 143
   at lambda_method(Closure , Object , Object[] )
   at System.Web.Http.Controllers.ReflectedHttpActionDescriptor.ActionExecutor.<>c__DisplayClass10.<GetExecutor>b__9(Object instance, Object[] methodParameters)
   at System.Web.Http.Controllers.ReflectedHttpActionDescriptor.ExecuteAsync(HttpControllerContext controllerContext, IDictionary`2 arguments, CancellationToken cancellationToken)
--- End of stack trace from previous location where exception was thrown ---
   at System.Runtime.ExceptionServices.ExceptionDispatchInfo.Throw()
   at System.Runtime.CompilerServices.TaskAwaiter.HandleNonSuccessAndDebuggerNotification(Task task)
   at System.Web.Http.Controllers.ApiControllerActionInvoker.<InvokeActionAsyncCore>d__0.MoveNext()
--- End of stack trace from previous location where exception was thrown ---
   at System.Runtime.ExceptionServices.ExceptionDispatchInfo.Throw()
   at System.Runtime.CompilerServices.TaskAwaiter.HandleNonSuccessAndDebuggerNotification(Task task)
   at System.Web.Http.Controllers.ActionFilterResult.<ExecuteAsync>d__2.MoveNext()
--- End of stack trace from previous location where exception was thrown ---
   at System.Runtime.ExceptionServices.ExceptionDispatchInfo.Throw()
   at System.Runtime.CompilerServices.TaskAwaiter.HandleNonSuccessAndDebuggerNotification(Task task)
   at System.Web.Http.Controllers.ExceptionFilterResult.<ExecuteAsync>d__0.MoveNext()

mscorlib

A task was canceled.
System.Threading.Tasks.TaskCanceledException




, EventData:Generic exception: Message : One or more errors occurred. StackTrace:    at System.Threading.Tasks.Task`1.GetResultCore(Boolean waitCompletionNotification)
   at Adxstudio.Xrm.WebAPI.EdmModelProvider.CreateEdmModel() in C:\__w\1\s\Framework\Adxstudio.Xrm\WebAPI\Providers\Implementations\EdmModelProvider.cs:line 73
   at Adxstudio.Xrm.WebAPI.EdmModelProvider.GetEdmModel() in C:\__w\1\s\Framework\Adxstudio.Xrm\WebAPI\Providers\Implementations\EdmModelProvider.cs:line 63
   at Adxstudio.Xrm.WebAPI.WebAPIRequestProvider.GetWebAPIRequest(HttpRequestMessage httpRequest, WebApiRequestType webApiRequestType) in C:\__w\1\s\Framework\Adxstudio.Xrm\WebAPI\Providers\Implementations\WebAPIRequestProvider.cs:line 82
   at Adxstudio.Xrm.WebAPI.WebApiRequestHandler.GetValidatedWebApiRequest(HttpRequestMessage httpRequest, WebApiRequestType webApiRequestType, Boolean skipSiteSettingandTablePermissionCheck) in C:\__w\1\s\Framework\Adxstudio.Xrm\WebAPI\Handlers\Implementations\WebApiRequestHandler.cs:line 358
   at Adxstudio.Xrm.WebAPI.WebApiRequestHandler.HandleRequest(HttpRequestMessage httprequest, WebApiRequestType webApiRequestType, Boolean skipSiteSettingandTablePermissionCheck) in C:\__w\1\s\Framework\Adxstudio.Xrm\WebAPI\Handlers\Implementations\WebApiRequestHandler.cs:line 143
   at lambda_method(Closure , Object , Object[] )
   at System.Web.Http.Controllers.ReflectedHttpActionDescriptor.ActionExecutor.<>c__DisplayClass10.<GetExecutor>b__9(Object instance, Object[] methodParameters)
   at System.Web.Http.Controllers.ReflectedHttpActionDescriptor.ExecuteAsync(HttpControllerContext controllerContext, IDictionary`2 arguments, CancellationToken cancellationToken)
--- End of stack trace from previous location where exception was thrown ---
   at System.Runtime.ExceptionServices.ExceptionDispatchInfo.Throw()
   at System.Runtime.CompilerServices.TaskAwaiter.HandleNonSuccessAndDebuggerNotification(Task task)
   at System.Web.Http.Controllers.ApiControllerActionInvoker.<InvokeActionAsyncCore>d__0.MoveNext()
--- End of stack trace from previous location where exception was thrown ---
   at System.Runtime.ExceptionServices.ExceptionDispatchInfo.Throw()
   at System.Runtime.CompilerServices.TaskAwaiter.HandleNonSuccessAndDebuggerNotification(Task task)
   at System.Web.Http.Controllers.ActionFilterResult.<ExecuteAsync>d__2.MoveNext()
--- End of stack trace from previous location where exception was thrown ---
   at System.Runtime.ExceptionServices.ExceptionDispatchInfo.Throw()
   at System.Runtime.CompilerServices.TaskAwaiter.HandleNonSuccessAndDebuggerNotification(Task task)
   at System.Web.Http.Controllers.ExceptionFilterResult.<ExecuteAsync>d__0.MoveNext(), Category:WebAPI, ErrorCategory:ApplicationError",40000a56-0000-1500-b63f-84710c7967bb
2024-04-04T01:50:33,Error,site-85de4385-0987-4ae5-9917-b7715602956d-AUe,30857d,638477922335084238,0,260660,206,"RequestData:, RequestPath:/App-Form-Page/, RequestExtension:, SessionId:fcxwjqwn4e4oxu01uav3lyty, UserId:zooJAaxg_v-Yuq60rNjsueHPtc6sV-Lm98Trl51ATdLfjuI2qOid9SFGnbwFDiSseVI--9DtuFHzJWxBj8dQ-PLJMulavk_vJtUU1syJ-4CzcCuSIhKzTpDG9fJ3Q-xDmzJtxTyfB7MzAYqDyuFnOw2, CorrelationId:a7ac1fb2-ccb5-4076-a9f2-3f516cd19f52, Elapsed:120046.7639, RequestMethod:GET, RequestContentType:, RequestAccept:text/html,application/xhtml+xml,application/xml;q=0.9,image/avif,image/webp,image/apng,*/*;q=0.8,application/signed-exchange;v=b3;q=0.7, RequestCacheControl:, UserAgent:Mozilla/5.0 (Windows NT 10.0; Win64; x64) AppleWebKit/537.36 (KHTML, like Gecko) Chrome/123.0.0.0 Safari/537.36, HandlerName:ASP.pages_webtemplate_aspx, HandlerExecuted:False, VaryByCustom:user;website;language, MemberName:InvokeFuntion, SourceFilePath:C:\__w\1\s\Framework\Adxstudio.Xrm\Services\Pooling\Dataverse\PoolableDataverseConnection.cs, SourceLineNumber:214, ExceptionMessage:Thread was being aborted.
System.Threading.ThreadAbortException
   at Microsoft.Xrm.Tooling.Connector.CrmServiceClient.CrmCommand_Execute(OrganizationRequest req, String errorStringCheck)
   at Microsoft.Xrm.Tooling.Connector.CrmServiceClient.Execute(OrganizationRequest request)
   at Adxstudio.Xrm.Services.Pooling.Dataverse.PoolableDataverseConnection.InvokeFuntion[TResult](Func`1 function) in C:\__w\1\s\Framework\Adxstudio.Xrm\Services\Pooling\Dataverse\PoolableDataverseConnection.cs:line 209

Microsoft.Xrm.Tooling.Connector

, EventData:Error occured while making Dataverse Call, Category:Application, ErrorCategory:ApplicationError",40009086-0002-e100-b63f-84710c7967bb
2024-04-04T01:50:33,Error,site-85de4385-0987-4ae5-9917-b7715602956d-AUe,30857d,638477922337115515,0,260660,206,"RequestData:{""IsAuthenticated"":true,""Tags"":[]}, RequestPath:/App-Form-Page/, RequestExtension:, SessionId:fcxwjqwn4e4oxu01uav3lyty, UserId:zooJAaxg_v-Yuq60rNjsueHPtc6sV-Lm98Trl51ATdLfjuI2qOid9SFGnbwFDiSseVI--9DtuFHzJWxBj8dQ-PLJMulavk_vJtUU1syJ-4CzcCuSIhKzTpDG9fJ3Q-xDmzJtxTyfB7MzAYqDyuFnOw2, CorrelationId:a7ac1fb2-ccb5-4076-a9f2-3f516cd19f52, Elapsed:120249.1211, RequestMethod:GET, RequestContentType:, RequestAccept:text/html,application/xhtml+xml,application/xml;q=0.9,image/avif,image/webp,image/apng,*/*;q=0.8,application/signed-exchange;v=b3;q=0.7, RequestCacheControl:, UserAgent:Mozilla/5.0 (Windows NT 10.0; Win64; x64) AppleWebKit/537.36 (KHTML, like Gecko) Chrome/123.0.0.0 Safari/537.36, HandlerName:ASP.pages_webtemplate_aspx, HandlerExecuted:False, VaryByCustom:user;website;language, ExceptionMessage:Request timed out.
System.Web.HttpException




, EventData:ASP.global_asax, originalResponseStatus: 500, Category:Application, ErrorCategory:ApplicationError",40009086-0002-e100-b63f-84710c7967bb
