date,level,applicationName,instanceId,eventTickCount,eventId,pid,tid,message,activityId
2024-03-30T00:55:00,Error,site-85de4385-0987-4ae5-9917-b7715602956d-AUe,62b8ba,638473569002025853,0,17500,97,"RequestData:, RequestPath:, RequestExtension:, SessionId:, UserId:, CorrelationId:00000000-0000-0000-0000-000000000000, Elapsed:0, RequestMethod:, RequestContentType:, RequestAccept:, RequestCacheControl:, UserAgent:, HandlerName:, HandlerExecuted:False, VaryByCustom:, MemberName:OnSubscriptionErrorAsync, SourceFilePath:C:\__w\1\s\Framework\Adxstudio.Xrm\AspNet\PortalBus\AppDataPortalBusProvider.cs, SourceLineNumber:186, ExceptionMessage:Access is denied
System.ComponentModel.Win32Exception




, EventData:Subscription error: SubscriptionPath: 62b8ba2bdd7a7a12f3ec23974c8b8eb5bc2782720c5a0873cef01c1179da449a-17500, Category:PortalBus, ErrorCategory:ApplicationError",
