date,level,applicationName,instanceId,eventTickCount,eventId,pid,tid,message,activityId
2024-03-18T00:03:24,Error,site-85de4385-0987-4ae5-9917-b7715602956d-AUe,0cce7d,638463170040102416,0,722452,51,"RequestData:, RequestPath:/_portal/modal-form-template-path/40096e18-22f9-ed11-8f6e-00224893bfba, RequestExtension:, SessionId:, UserId:sXv8nXuSZdGsv_EIJtCzVZVEgTShipphNYdPg9YNmRFMqDwsYwOoMVmVxr1MiooIYH5LvAwkwoYjYVV1cvxHZzOOlyVFaVnCstnBQXu4j219USeOXmQtIs5IQX9SecK0NPhR7gIKsN3BnkcvohMrkw2, CorrelationId:aa7c4f2a-98dd-49f8-bd4a-e373b6dda424, Elapsed:120386.149, RequestMethod:POST, RequestContentType:application/x-www-form-urlencoded, RequestAccept:text/html,application/xhtml+xml,application/xml;q=0.9,image/avif,image/webp,image/apng,*/*;q=0.8,application/signed-exchange;v=b3;q=0.7, RequestCacheControl:max-age=0, UserAgent:Mozilla/5.0 (Windows NT 10.0; Win64; x64) AppleWebKit/537.36 (KHTML, like Gecko) Chrome/122.0.0.0 Safari/537.36, HandlerName:ASP.areas_portal_pages_form_aspx, HandlerExecuted:False, VaryByCustom:, MemberName:InvokeFuntion, SourceFilePath:C:\__w\1\s\Framework\Adxstudio.Xrm\Services\Pooling\Dataverse\PoolableDataverseConnection.cs, SourceLineNumber:211, ExceptionMessage:Thread was being aborted.
System.Threading.ThreadAbortException
   at Microsoft.Xrm.Tooling.Connector.CrmServiceClient.CrmCommand_Execute(OrganizationRequest req, String errorStringCheck)
   at Microsoft.Xrm.Tooling.Connector.CrmServiceClient.Execute(OrganizationRequest request)
   at Adxstudio.Xrm.Services.Pooling.Dataverse.PoolableDataverseConnection.InvokeFuntion[TResult](Func`1 function) in C:\__w\1\s\Framework\Adxstudio.Xrm\Services\Pooling\Dataverse\PoolableDataverseConnection.cs:line 206

Microsoft.Xrm.Tooling.Connector

, EventData:Error occured while making Dataverse Call, Category:Application, ErrorCategory:ApplicationError",40017021-0003-d400-b63f-84710c7967bb
2024-03-18T00:03:24,Error,site-85de4385-0987-4ae5-9917-b7715602956d-AUe,0cce7d,638463170041821172,0,722452,51,"RequestData:, RequestPath:/_portal/modal-form-template-path/40096e18-22f9-ed11-8f6e-00224893bfba, RequestExtension:, SessionId:, UserId:sXv8nXuSZdGsv_EIJtCzVZVEgTShipphNYdPg9YNmRFMqDwsYwOoMVmVxr1MiooIYH5LvAwkwoYjYVV1cvxHZzOOlyVFaVnCstnBQXu4j219USeOXmQtIs5IQX9SecK0NPhR7gIKsN3BnkcvohMrkw2, CorrelationId:aa7c4f2a-98dd-49f8-bd4a-e373b6dda424, Elapsed:120550.4545, RequestMethod:POST, RequestContentType:application/x-www-form-urlencoded, RequestAccept:text/html,application/xhtml+xml,application/xml;q=0.9,image/avif,image/webp,image/apng,*/*;q=0.8,application/signed-exchange;v=b3;q=0.7, RequestCacheControl:max-age=0, UserAgent:Mozilla/5.0 (Windows NT 10.0; Win64; x64) AppleWebKit/537.36 (KHTML, like Gecko) Chrome/122.0.0.0 Safari/537.36, HandlerName:ASP.areas_portal_pages_form_aspx, HandlerExecuted:False, VaryByCustom:, MemberName:Associate, SourceFilePath:C:\__w\1\s\Framework\Adxstudio.Xrm\EntityForm\EntityFormFunctions.cs, SourceLineNumber:338, ExceptionMessage:Thread was being aborted.
System.Threading.ThreadAbortException
   at Microsoft.Xrm.Tooling.Connector.CrmServiceClient.CrmCommand_Execute(OrganizationRequest req, String errorStringCheck)
   at Microsoft.Xrm.Tooling.Connector.CrmServiceClient.Execute(OrganizationRequest request)
   at Adxstudio.Xrm.Services.Pooling.Dataverse.PoolableDataverseConnection.InvokeFuntion[TResult](Func`1 function) in C:\__w\1\s\Framework\Adxstudio.Xrm\Services\Pooling\Dataverse\PoolableDataverseConnection.cs:line 212
   at Microsoft.Xrm.Client.Services.OrganizationService.InnerOrganizationService.UsingService[TResult](Func`2 action) in C:\__w\1\s\Framework\Microsoft.Xrm.Client\Services\OrganizationService.cs:line 436
   at Adxstudio.Xrm.Services.CachedOrganizationService.InnerExecute(OrganizationRequest request) in C:\__w\1\s\Framework\Adxstudio.Xrm\Services\CachedOrganizationService.cs:line 429
   at Adxstudio.Xrm.Services.OrganizationServiceCache.InnerExecute[TRequest,TResponse,TResult](TRequest query, Func`2 execute, Func`2 selector) in C:\__w\1\s\Framework\Adxstudio.Xrm\Services\OrganizationServiceCache.cs:line 653
   at Adxstudio.Xrm.Services.OrganizationServiceCache.InnerExecute[TRequest,TResponse,TResult](TRequest request, Func`2 execute, Func`2 selector, String selectorCacheKey) in C:\__w\1\s\Framework\Adxstudio.Xrm\Services\OrganizationServiceCache.cs:line 323
   at Adxstudio.Xrm.Services.ContentMapOrganizationServiceCache.Execute[T](OrganizationRequest request, Func`2 execute, Func`2 selector, String selectorCacheKey) in C:\__w\1\s\Framework\Adxstudio.Xrm\Services\ContentMapOrganizationServiceCache.cs:line 36
   at Adxstudio.Xrm.Services.PortalBusOrganizationServiceCache.Execute[T](OrganizationRequest request, Func`2 execute, Func`2 selector, String selectorCacheKey) in C:\__w\1\s\Framework\Adxstudio.Xrm\Services\PortalBusOrganizationServiceCache.cs:line 44
   at Adxstudio.Xrm.Services.CachedOrganizationService.Execute[T](OrganizationRequest request, Func`2 selector, String selectorCacheKey) in C:\__w\1\s\Framework\Adxstudio.Xrm\Services\CachedOrganizationService.cs:line 367
   at Adxstudio.Xrm.Services.CachedOrganizationService.Execute[T](OrganizationRequest request) in C:\__w\1\s\Framework\Adxstudio.Xrm\Services\CachedOrganizationService.cs:line 358
   at Adxstudio.Xrm.Services.CrmOnlineOrganizationService.<>c__DisplayClass26_0.<Execute>b__0() in C:\__w\1\s\Framework\Adxstudio.Xrm\Services\CrmOnlineOrganizationService.cs:line 259
   at Microsoft.Practices.TransientFaultHandling.RetryPolicy.ExecuteAction[TResult](Func`1 func)
   at Microsoft.Xrm.Sdk.Client.OrganizationServiceContext.Execute(OrganizationRequest request)
   at Adxstudio.Xrm.EntityForm.EntityFormFunctions.Associate(OrganizationServiceContext serviceContext, EntityReference related) in C:\__w\1\s\Framework\Adxstudio.Xrm\EntityForm\EntityFormFunctions.cs:line 334

Microsoft.Xrm.Tooling.Connector

, EventData:, Category:EntityForm, ErrorCategory:ApplicationError",40017021-0003-d400-b63f-84710c7967bb
2024-03-18T00:03:24,Error,site-85de4385-0987-4ae5-9917-b7715602956d-AUe,0cce7d,638463170041821172,0,722452,51,"RequestData:{""IsAuthenticated"":true,""Tags"":[]}, RequestPath:/_portal/modal-form-template-path/40096e18-22f9-ed11-8f6e-00224893bfba, RequestExtension:, SessionId:, UserId:sXv8nXuSZdGsv_EIJtCzVZVEgTShipphNYdPg9YNmRFMqDwsYwOoMVmVxr1MiooIYH5LvAwkwoYjYVV1cvxHZzOOlyVFaVnCstnBQXu4j219USeOXmQtIs5IQX9SecK0NPhR7gIKsN3BnkcvohMrkw2, CorrelationId:aa7c4f2a-98dd-49f8-bd4a-e373b6dda424, Elapsed:120558.5631, RequestMethod:POST, RequestContentType:application/x-www-form-urlencoded, RequestAccept:text/html,application/xhtml+xml,application/xml;q=0.9,image/avif,image/webp,image/apng,*/*;q=0.8,application/signed-exchange;v=b3;q=0.7, RequestCacheControl:max-age=0, UserAgent:Mozilla/5.0 (Windows NT 10.0; Win64; x64) AppleWebKit/537.36 (KHTML, like Gecko) Chrome/122.0.0.0 Safari/537.36, HandlerName:ASP.areas_portal_pages_form_aspx, HandlerExecuted:False, VaryByCustom:, ExceptionMessage:Request timed out.
System.Web.HttpException




, EventData:ASP.global_asax, originalResponseStatus: 500, Category:Application, ErrorCategory:ApplicationError",40017021-0003-d400-b63f-84710c7967bb
2024-03-18T00:27:39,Error,site-85de4385-0987-4ae5-9917-b7715602956d-AUe,0cce7d,638463184597301686,0,722452,147,"RequestData:, RequestPath:, RequestExtension:, SessionId:, UserId:, CorrelationId:00000000-0000-0000-0000-000000000000, Elapsed:0, RequestMethod:, RequestContentType:, RequestAccept:, RequestCacheControl:, UserAgent:, HandlerName:, HandlerExecuted:False, VaryByCustom:, MemberName:HandleExceptionAsync, SourceFilePath:C:\__w\1\s\Framework\Adxstudio.Xrm\Identity\MSAL\MsalTokenManager.cs, SourceLineNumber:211, ExceptionMessage:AADSTS9002313: Invalid request. Request is malformed or invalid. Trace ID: c9628a10-4d06-4975-bb8e-0d04fca00700 Correlation ID: b6ac787b-8458-4be5-a2b7-1c7339685b9f Timestamp: 2024-03-18 00:27:39Z
Microsoft.Identity.Client.MsalUiRequiredException
   at Microsoft.Identity.Client.OAuth2.OAuth2Client.ThrowServerException(HttpResponse response, RequestContext requestContext)
   at Microsoft.Identity.Client.OAuth2.OAuth2Client.CreateResponse[T](HttpResponse response, RequestContext requestContext)
   at Microsoft.Identity.Client.OAuth2.OAuth2Client.<ExecuteRequestAsync>d__12`1.MoveNext()
--- End of stack trace from previous location where exception was thrown ---
   at System.Runtime.ExceptionServices.ExceptionDispatchInfo.Throw()
   at System.Runtime.CompilerServices.TaskAwaiter.HandleNonSuccessAndDebuggerNotification(Task task)
   at Microsoft.Identity.Client.OAuth2.OAuth2Client.<GetTokenAsync>d__11.MoveNext()
--- End of stack trace from previous location where exception was thrown ---
   at System.Runtime.ExceptionServices.ExceptionDispatchInfo.Throw()
   at System.Runtime.CompilerServices.TaskAwaiter.HandleNonSuccessAndDebuggerNotification(Task task)
   at Microsoft.Identity.Client.OAuth2.TokenClient.<SendHttpAndClearTelemetryAsync>d__11.MoveNext()
--- End of stack trace from previous location where exception was thrown ---
   at System.Runtime.ExceptionServices.ExceptionDispatchInfo.Throw()
   at Microsoft.Identity.Client.OAuth2.TokenClient.<SendHttpAndClearTelemetryAsync>d__11.MoveNext()
--- End of stack trace from previous location where exception was thrown ---
   at System.Runtime.ExceptionServices.ExceptionDispatchInfo.Throw()
   at System.Runtime.CompilerServices.TaskAwaiter.HandleNonSuccessAndDebuggerNotification(Task task)
   at Microsoft.Identity.Client.OAuth2.TokenClient.<SendTokenRequestAsync>d__5.MoveNext()
--- End of stack trace from previous location where exception was thrown ---
   at System.Runtime.ExceptionServices.ExceptionDispatchInfo.Throw()
   at System.Runtime.CompilerServices.TaskAwaiter.HandleNonSuccessAndDebuggerNotification(Task task)
   at Microsoft.Identity.Client.Internal.Requests.RequestBase.<SendTokenRequestAsync>d__25.MoveNext()
--- End of stack trace from previous location where exception was thrown ---
   at System.Runtime.ExceptionServices.ExceptionDispatchInfo.Throw()
   at System.Runtime.CompilerServices.TaskAwaiter.HandleNonSuccessAndDebuggerNotification(Task task)
   at Microsoft.Identity.Client.Internal.Requests.ConfidentialAuthCodeRequest.<ExecuteAsync>d__2.MoveNext()
--- End of stack trace from previous location where exception was thrown ---
   at System.Runtime.ExceptionServices.ExceptionDispatchInfo.Throw()
   at System.Runtime.CompilerServices.TaskAwaiter.HandleNonSuccessAndDebuggerNotification(Task task)
   at Microsoft.Identity.Client.Internal.Requests.RequestBase.<RunAsync>d__12.MoveNext()
--- End of stack trace from previous location where exception was thrown ---
   at System.Runtime.ExceptionServices.ExceptionDispatchInfo.Throw()
   at System.Runtime.CompilerServices.TaskAwaiter.HandleNonSuccessAndDebuggerNotification(Task task)
   at Microsoft.Identity.Client.ApiConfig.Executors.ConfidentialClientExecutor.<ExecuteAsync>d__2.MoveNext()
--- End of stack trace from previous location where exception was thrown ---
   at System.Runtime.ExceptionServices.ExceptionDispatchInfo.Throw()
   at System.Runtime.CompilerServices.TaskAwaiter.HandleNonSuccessAndDebuggerNotification(Task task)
   at Adxstudio.Xrm.Identity.MSAL.MsalTokenProvider.<GetTokenByAuthorizationCodeAsync>d__6.MoveNext() in C:\__w\1\s\Framework\Adxstudio.Xrm\Identity\MSAL\MsalTokenProvider.cs:line 136
--- End of stack trace from previous location where exception was thrown ---
   at System.Runtime.ExceptionServices.ExceptionDispatchInfo.Throw()
   at System.Runtime.CompilerServices.TaskAwaiter.HandleNonSuccessAndDebuggerNotification(Task task)
   at Adxstudio.Xrm.Identity.MSAL.MsalTokenManager.<>c__DisplayClass9_0.<<GetTokenByAuthorizationCodeAsync>b__0>d.MoveNext() in C:\__w\1\s\Framework\Adxstudio.Xrm\Identity\MSAL\MsalTokenManager.cs:line 137
--- End of stack trace from previous location where exception was thrown ---
   at System.Runtime.ExceptionServices.ExceptionDispatchInfo.Throw()
   at System.Runtime.CompilerServices.TaskAwaiter.HandleNonSuccessAndDebuggerNotification(Task task)
   at Adxstudio.Xrm.Identity.MSAL.MsalTokenManager.<HandleExceptionAsync>d__12`1.MoveNext() in C:\__w\1\s\Framework\Adxstudio.Xrm\Identity\MSAL\MsalTokenManager.cs:line 0

Microsoft.Identity.Client

, EventData:GetTokenByAuthorizationCodeAsync failed, ErrorCode: invalid_grant, statusCode: 400, correlationId: b6ac787b-8458-4be5-a2b7-1c7339685b9f, Category:Application, ErrorCategory:ApplicationError",4002314c-0802-e100-b63f-84710c7967bb
2024-03-18T00:27:39,Error,site-85de4385-0987-4ae5-9917-b7715602956d-AUe,0cce7d,638463184597926021,0,722452,94,"RequestData:, RequestPath:, RequestExtension:, SessionId:, UserId:, CorrelationId:00000000-0000-0000-0000-000000000000, Elapsed:0, RequestMethod:, RequestContentType:, RequestAccept:, RequestCacheControl:, UserAgent:, HandlerName:, HandlerExecuted:False, VaryByCustom:, MemberName:HandleExceptionAsync, SourceFilePath:C:\__w\1\s\Framework\Adxstudio.Xrm\Identity\MSAL\MsalTokenManager.cs, SourceLineNumber:211, ExceptionMessage:AADSTS9002313: Invalid request. Request is malformed or invalid. Trace ID: 52ac2d6b-645d-49e8-b030-9c3977160700 Correlation ID: fdf89f55-2e9e-443f-8d96-a11b3e28affb Timestamp: 2024-03-18 00:27:39Z
Microsoft.Identity.Client.MsalUiRequiredException
   at Microsoft.Identity.Client.OAuth2.OAuth2Client.ThrowServerException(HttpResponse response, RequestContext requestContext)
   at Microsoft.Identity.Client.OAuth2.OAuth2Client.CreateResponse[T](HttpResponse response, RequestContext requestContext)
   at Microsoft.Identity.Client.OAuth2.OAuth2Client.<ExecuteRequestAsync>d__12`1.MoveNext()
--- End of stack trace from previous location where exception was thrown ---
   at System.Runtime.ExceptionServices.ExceptionDispatchInfo.Throw()
   at System.Runtime.CompilerServices.TaskAwaiter.HandleNonSuccessAndDebuggerNotification(Task task)
   at Microsoft.Identity.Client.OAuth2.OAuth2Client.<GetTokenAsync>d__11.MoveNext()
--- End of stack trace from previous location where exception was thrown ---
   at System.Runtime.ExceptionServices.ExceptionDispatchInfo.Throw()
   at System.Runtime.CompilerServices.TaskAwaiter.HandleNonSuccessAndDebuggerNotification(Task task)
   at Microsoft.Identity.Client.OAuth2.TokenClient.<SendHttpAndClearTelemetryAsync>d__11.MoveNext()
--- End of stack trace from previous location where exception was thrown ---
   at System.Runtime.ExceptionServices.ExceptionDispatchInfo.Throw()
   at Microsoft.Identity.Client.OAuth2.TokenClient.<SendHttpAndClearTelemetryAsync>d__11.MoveNext()
--- End of stack trace from previous location where exception was thrown ---
   at System.Runtime.ExceptionServices.ExceptionDispatchInfo.Throw()
   at System.Runtime.CompilerServices.TaskAwaiter.HandleNonSuccessAndDebuggerNotification(Task task)
   at Microsoft.Identity.Client.OAuth2.TokenClient.<SendTokenRequestAsync>d__5.MoveNext()
--- End of stack trace from previous location where exception was thrown ---
   at System.Runtime.ExceptionServices.ExceptionDispatchInfo.Throw()
   at System.Runtime.CompilerServices.TaskAwaiter.HandleNonSuccessAndDebuggerNotification(Task task)
   at Microsoft.Identity.Client.Internal.Requests.RequestBase.<SendTokenRequestAsync>d__25.MoveNext()
--- End of stack trace from previous location where exception was thrown ---
   at System.Runtime.ExceptionServices.ExceptionDispatchInfo.Throw()
   at System.Runtime.CompilerServices.TaskAwaiter.HandleNonSuccessAndDebuggerNotification(Task task)
   at Microsoft.Identity.Client.Internal.Requests.ConfidentialAuthCodeRequest.<ExecuteAsync>d__2.MoveNext()
--- End of stack trace from previous location where exception was thrown ---
   at System.Runtime.ExceptionServices.ExceptionDispatchInfo.Throw()
   at System.Runtime.CompilerServices.TaskAwaiter.HandleNonSuccessAndDebuggerNotification(Task task)
   at Microsoft.Identity.Client.Internal.Requests.RequestBase.<RunAsync>d__12.MoveNext()
--- End of stack trace from previous location where exception was thrown ---
   at System.Runtime.ExceptionServices.ExceptionDispatchInfo.Throw()
   at System.Runtime.CompilerServices.TaskAwaiter.HandleNonSuccessAndDebuggerNotification(Task task)
   at Microsoft.Identity.Client.ApiConfig.Executors.ConfidentialClientExecutor.<ExecuteAsync>d__2.MoveNext()
--- End of stack trace from previous location where exception was thrown ---
   at System.Runtime.ExceptionServices.ExceptionDispatchInfo.Throw()
   at System.Runtime.CompilerServices.TaskAwaiter.HandleNonSuccessAndDebuggerNotification(Task task)
   at Adxstudio.Xrm.Identity.MSAL.MsalTokenProvider.<GetTokenByAuthorizationCodeAsync>d__6.MoveNext() in C:\__w\1\s\Framework\Adxstudio.Xrm\Identity\MSAL\MsalTokenProvider.cs:line 136
--- End of stack trace from previous location where exception was thrown ---
   at System.Runtime.ExceptionServices.ExceptionDispatchInfo.Throw()
   at System.Runtime.CompilerServices.TaskAwaiter.HandleNonSuccessAndDebuggerNotification(Task task)
   at Adxstudio.Xrm.Identity.MSAL.MsalTokenManager.<>c__DisplayClass9_0.<<GetTokenByAuthorizationCodeAsync>b__0>d.MoveNext() in C:\__w\1\s\Framework\Adxstudio.Xrm\Identity\MSAL\MsalTokenManager.cs:line 137
--- End of stack trace from previous location where exception was thrown ---
   at System.Runtime.ExceptionServices.ExceptionDispatchInfo.Throw()
   at System.Runtime.CompilerServices.TaskAwaiter.HandleNonSuccessAndDebuggerNotification(Task task)
   at Adxstudio.Xrm.Identity.MSAL.MsalTokenManager.<HandleExceptionAsync>d__12`1.MoveNext() in C:\__w\1\s\Framework\Adxstudio.Xrm\Identity\MSAL\MsalTokenManager.cs:line 0

Microsoft.Identity.Client

, EventData:GetTokenByAuthorizationCodeAsync failed, ErrorCode: invalid_grant, statusCode: 400, correlationId: fdf89f55-2e9e-443f-8d96-a11b3e28affb, Category:Application, ErrorCategory:ApplicationError",4002314c-0802-e100-b63f-84710c7967bb
2024-03-18T00:37:22,Error,site-85de4385-0987-4ae5-9917-b7715602956d-AUe,0cce7d,638463190426268652,0,722452,192,"RequestData:, RequestPath:, RequestExtension:, SessionId:, UserId:, CorrelationId:00000000-0000-0000-0000-000000000000, Elapsed:0, RequestMethod:, RequestContentType:, RequestAccept:, RequestCacheControl:, UserAgent:, HandlerName:, HandlerExecuted:False, VaryByCustom:, MemberName:HandleExceptionAsync, SourceFilePath:C:\__w\1\s\Framework\Adxstudio.Xrm\Identity\MSAL\MsalTokenManager.cs, SourceLineNumber:211, ExceptionMessage:AADSTS9002313: Invalid request. Request is malformed or invalid. Trace ID: 80bf8654-d0e9-4a9d-aad4-52fbcd4c0100 Correlation ID: bec29444-fdd9-4009-9729-19c13765ee84 Timestamp: 2024-03-18 00:37:22Z
Microsoft.Identity.Client.MsalUiRequiredException
   at Microsoft.Identity.Client.OAuth2.OAuth2Client.ThrowServerException(HttpResponse response, RequestContext requestContext)
   at Microsoft.Identity.Client.OAuth2.OAuth2Client.CreateResponse[T](HttpResponse response, RequestContext requestContext)
   at Microsoft.Identity.Client.OAuth2.OAuth2Client.<ExecuteRequestAsync>d__12`1.MoveNext()
--- End of stack trace from previous location where exception was thrown ---
   at System.Runtime.ExceptionServices.ExceptionDispatchInfo.Throw()
   at System.Runtime.CompilerServices.TaskAwaiter.HandleNonSuccessAndDebuggerNotification(Task task)
   at Microsoft.Identity.Client.OAuth2.OAuth2Client.<GetTokenAsync>d__11.MoveNext()
--- End of stack trace from previous location where exception was thrown ---
   at System.Runtime.ExceptionServices.ExceptionDispatchInfo.Throw()
   at System.Runtime.CompilerServices.TaskAwaiter.HandleNonSuccessAndDebuggerNotification(Task task)
   at Microsoft.Identity.Client.OAuth2.TokenClient.<SendHttpAndClearTelemetryAsync>d__11.MoveNext()
--- End of stack trace from previous location where exception was thrown ---
   at System.Runtime.ExceptionServices.ExceptionDispatchInfo.Throw()
   at Microsoft.Identity.Client.OAuth2.TokenClient.<SendHttpAndClearTelemetryAsync>d__11.MoveNext()
--- End of stack trace from previous location where exception was thrown ---
   at System.Runtime.ExceptionServices.ExceptionDispatchInfo.Throw()
   at System.Runtime.CompilerServices.TaskAwaiter.HandleNonSuccessAndDebuggerNotification(Task task)
   at Microsoft.Identity.Client.OAuth2.TokenClient.<SendTokenRequestAsync>d__5.MoveNext()
--- End of stack trace from previous location where exception was thrown ---
   at System.Runtime.ExceptionServices.ExceptionDispatchInfo.Throw()
   at System.Runtime.CompilerServices.TaskAwaiter.HandleNonSuccessAndDebuggerNotification(Task task)
   at Microsoft.Identity.Client.Internal.Requests.RequestBase.<SendTokenRequestAsync>d__25.MoveNext()
--- End of stack trace from previous location where exception was thrown ---
   at System.Runtime.ExceptionServices.ExceptionDispatchInfo.Throw()
   at System.Runtime.CompilerServices.TaskAwaiter.HandleNonSuccessAndDebuggerNotification(Task task)
   at Microsoft.Identity.Client.Internal.Requests.ConfidentialAuthCodeRequest.<ExecuteAsync>d__2.MoveNext()
--- End of stack trace from previous location where exception was thrown ---
   at System.Runtime.ExceptionServices.ExceptionDispatchInfo.Throw()
   at System.Runtime.CompilerServices.TaskAwaiter.HandleNonSuccessAndDebuggerNotification(Task task)
   at Microsoft.Identity.Client.Internal.Requests.RequestBase.<RunAsync>d__12.MoveNext()
--- End of stack trace from previous location where exception was thrown ---
   at System.Runtime.ExceptionServices.ExceptionDispatchInfo.Throw()
   at System.Runtime.CompilerServices.TaskAwaiter.HandleNonSuccessAndDebuggerNotification(Task task)
   at Microsoft.Identity.Client.ApiConfig.Executors.ConfidentialClientExecutor.<ExecuteAsync>d__2.MoveNext()
--- End of stack trace from previous location where exception was thrown ---
   at System.Runtime.ExceptionServices.ExceptionDispatchInfo.Throw()
   at System.Runtime.CompilerServices.TaskAwaiter.HandleNonSuccessAndDebuggerNotification(Task task)
   at Adxstudio.Xrm.Identity.MSAL.MsalTokenProvider.<GetTokenByAuthorizationCodeAsync>d__6.MoveNext() in C:\__w\1\s\Framework\Adxstudio.Xrm\Identity\MSAL\MsalTokenProvider.cs:line 136
--- End of stack trace from previous location where exception was thrown ---
   at System.Runtime.ExceptionServices.ExceptionDispatchInfo.Throw()
   at System.Runtime.CompilerServices.TaskAwaiter.HandleNonSuccessAndDebuggerNotification(Task task)
   at Adxstudio.Xrm.Identity.MSAL.MsalTokenManager.<>c__DisplayClass9_0.<<GetTokenByAuthorizationCodeAsync>b__0>d.MoveNext() in C:\__w\1\s\Framework\Adxstudio.Xrm\Identity\MSAL\MsalTokenManager.cs:line 137
--- End of stack trace from previous location where exception was thrown ---
   at System.Runtime.ExceptionServices.ExceptionDispatchInfo.Throw()
   at System.Runtime.CompilerServices.TaskAwaiter.HandleNonSuccessAndDebuggerNotification(Task task)
   at Adxstudio.Xrm.Identity.MSAL.MsalTokenManager.<HandleExceptionAsync>d__12`1.MoveNext() in C:\__w\1\s\Framework\Adxstudio.Xrm\Identity\MSAL\MsalTokenManager.cs:line 0

Microsoft.Identity.Client

, EventData:GetTokenByAuthorizationCodeAsync failed, ErrorCode: invalid_grant, statusCode: 400, correlationId: bec29444-fdd9-4009-9729-19c13765ee84, Category:Application, ErrorCategory:ApplicationError",40014c55-0002-1000-b63f-84710c7967bb
2024-03-18T00:37:22,Error,site-85de4385-0987-4ae5-9917-b7715602956d-AUe,0cce7d,638463190427987469,0,722452,74,"RequestData:, RequestPath:, RequestExtension:, SessionId:, UserId:, CorrelationId:00000000-0000-0000-0000-000000000000, Elapsed:0, RequestMethod:, RequestContentType:, RequestAccept:, RequestCacheControl:, UserAgent:, HandlerName:, HandlerExecuted:False, VaryByCustom:, MemberName:HandleExceptionAsync, SourceFilePath:C:\__w\1\s\Framework\Adxstudio.Xrm\Identity\MSAL\MsalTokenManager.cs, SourceLineNumber:211, ExceptionMessage:AADSTS9002313: Invalid request. Request is malformed or invalid. Trace ID: 1706a7e2-df7b-4783-9a27-cd1ace7b0600 Correlation ID: bec29444-fdd9-4009-9729-19c13765ee84 Timestamp: 2024-03-18 00:37:22Z
Microsoft.Identity.Client.MsalUiRequiredException
   at Microsoft.Identity.Client.OAuth2.OAuth2Client.ThrowServerException(HttpResponse response, RequestContext requestContext)
   at Microsoft.Identity.Client.OAuth2.OAuth2Client.CreateResponse[T](HttpResponse response, RequestContext requestContext)
   at Microsoft.Identity.Client.OAuth2.OAuth2Client.<ExecuteRequestAsync>d__12`1.MoveNext()
--- End of stack trace from previous location where exception was thrown ---
   at System.Runtime.ExceptionServices.ExceptionDispatchInfo.Throw()
   at System.Runtime.CompilerServices.TaskAwaiter.HandleNonSuccessAndDebuggerNotification(Task task)
   at Microsoft.Identity.Client.OAuth2.OAuth2Client.<GetTokenAsync>d__11.MoveNext()
--- End of stack trace from previous location where exception was thrown ---
   at System.Runtime.ExceptionServices.ExceptionDispatchInfo.Throw()
   at System.Runtime.CompilerServices.TaskAwaiter.HandleNonSuccessAndDebuggerNotification(Task task)
   at Microsoft.Identity.Client.OAuth2.TokenClient.<SendHttpAndClearTelemetryAsync>d__11.MoveNext()
--- End of stack trace from previous location where exception was thrown ---
   at System.Runtime.ExceptionServices.ExceptionDispatchInfo.Throw()
   at Microsoft.Identity.Client.OAuth2.TokenClient.<SendHttpAndClearTelemetryAsync>d__11.MoveNext()
--- End of stack trace from previous location where exception was thrown ---
   at System.Runtime.ExceptionServices.ExceptionDispatchInfo.Throw()
   at System.Runtime.CompilerServices.TaskAwaiter.HandleNonSuccessAndDebuggerNotification(Task task)
   at Microsoft.Identity.Client.OAuth2.TokenClient.<SendTokenRequestAsync>d__5.MoveNext()
--- End of stack trace from previous location where exception was thrown ---
   at System.Runtime.ExceptionServices.ExceptionDispatchInfo.Throw()
   at System.Runtime.CompilerServices.TaskAwaiter.HandleNonSuccessAndDebuggerNotification(Task task)
   at Microsoft.Identity.Client.Internal.Requests.RequestBase.<SendTokenRequestAsync>d__25.MoveNext()
--- End of stack trace from previous location where exception was thrown ---
   at System.Runtime.ExceptionServices.ExceptionDispatchInfo.Throw()
   at System.Runtime.CompilerServices.TaskAwaiter.HandleNonSuccessAndDebuggerNotification(Task task)
   at Microsoft.Identity.Client.Internal.Requests.ConfidentialAuthCodeRequest.<ExecuteAsync>d__2.MoveNext()
--- End of stack trace from previous location where exception was thrown ---
   at System.Runtime.ExceptionServices.ExceptionDispatchInfo.Throw()
   at System.Runtime.CompilerServices.TaskAwaiter.HandleNonSuccessAndDebuggerNotification(Task task)
   at Microsoft.Identity.Client.Internal.Requests.RequestBase.<RunAsync>d__12.MoveNext()
--- End of stack trace from previous location where exception was thrown ---
   at System.Runtime.ExceptionServices.ExceptionDispatchInfo.Throw()
   at System.Runtime.CompilerServices.TaskAwaiter.HandleNonSuccessAndDebuggerNotification(Task task)
   at Microsoft.Identity.Client.ApiConfig.Executors.ConfidentialClientExecutor.<ExecuteAsync>d__2.MoveNext()
--- End of stack trace from previous location where exception was thrown ---
   at System.Runtime.ExceptionServices.ExceptionDispatchInfo.Throw()
   at System.Runtime.CompilerServices.TaskAwaiter.HandleNonSuccessAndDebuggerNotification(Task task)
   at Adxstudio.Xrm.Identity.MSAL.MsalTokenProvider.<GetTokenByAuthorizationCodeAsync>d__6.MoveNext() in C:\__w\1\s\Framework\Adxstudio.Xrm\Identity\MSAL\MsalTokenProvider.cs:line 136
--- End of stack trace from previous location where exception was thrown ---
   at System.Runtime.ExceptionServices.ExceptionDispatchInfo.Throw()
   at System.Runtime.CompilerServices.TaskAwaiter.HandleNonSuccessAndDebuggerNotification(Task task)
   at Adxstudio.Xrm.Identity.MSAL.MsalTokenManager.<>c__DisplayClass9_0.<<GetTokenByAuthorizationCodeAsync>b__0>d.MoveNext() in C:\__w\1\s\Framework\Adxstudio.Xrm\Identity\MSAL\MsalTokenManager.cs:line 137
--- End of stack trace from previous location where exception was thrown ---
   at System.Runtime.ExceptionServices.ExceptionDispatchInfo.Throw()
   at System.Runtime.CompilerServices.TaskAwaiter.HandleNonSuccessAndDebuggerNotification(Task task)
   at Adxstudio.Xrm.Identity.MSAL.MsalTokenManager.<HandleExceptionAsync>d__12`1.MoveNext() in C:\__w\1\s\Framework\Adxstudio.Xrm\Identity\MSAL\MsalTokenManager.cs:line 0

Microsoft.Identity.Client

, EventData:GetTokenByAuthorizationCodeAsync failed, ErrorCode: invalid_grant, statusCode: 400, correlationId: bec29444-fdd9-4009-9729-19c13765ee84, Category:Application, ErrorCategory:ApplicationError",40014c55-0002-1000-b63f-84710c7967bb
2024-03-18T00:39:26,Error,site-85de4385-0987-4ae5-9917-b7715602956d-AUe,0cce7d,638463191668975727,0,722452,61,"RequestData:, RequestPath:/_portal/modal-form-template-path/40096e18-22f9-ed11-8f6e-00224893bfba, RequestExtension:, SessionId:, UserId:sXv8nXuSZdGsv_EIJtCzVZVEgTShipphNYdPg9YNmRFMqDwsYwOoMVmVxr1MiooIYH5LvAwkwoYjYVV1cvxHZzOOlyVFaVnCstnBQXu4j219USeOXmQtIs5IQX9SecK0NPhR7gIKsN3BnkcvohMrkw2, CorrelationId:19035815-b7c6-45a4-91f0-1242c9af4bf1, Elapsed:120983.903, RequestMethod:POST, RequestContentType:application/x-www-form-urlencoded, RequestAccept:text/html,application/xhtml+xml,application/xml;q=0.9,image/avif,image/webp,image/apng,*/*;q=0.8,application/signed-exchange;v=b3;q=0.7, RequestCacheControl:max-age=0, UserAgent:Mozilla/5.0 (Windows NT 10.0; Win64; x64) AppleWebKit/537.36 (KHTML, like Gecko) Chrome/122.0.0.0 Safari/537.36, HandlerName:ASP.areas_portal_pages_form_aspx, HandlerExecuted:False, VaryByCustom:, MemberName:InvokeFuntion, SourceFilePath:C:\__w\1\s\Framework\Adxstudio.Xrm\Services\Pooling\Dataverse\PoolableDataverseConnection.cs, SourceLineNumber:211, ExceptionMessage:Thread was being aborted.
System.Threading.ThreadAbortException
   at Microsoft.Xrm.Tooling.Connector.CrmServiceClient.CrmCommand_Execute(OrganizationRequest req, String errorStringCheck)
   at Microsoft.Xrm.Tooling.Connector.CrmServiceClient.Execute(OrganizationRequest request)
   at Adxstudio.Xrm.Services.Pooling.Dataverse.PoolableDataverseConnection.InvokeFuntion[TResult](Func`1 function) in C:\__w\1\s\Framework\Adxstudio.Xrm\Services\Pooling\Dataverse\PoolableDataverseConnection.cs:line 206

Microsoft.Xrm.Tooling.Connector

, EventData:Error occured while making Dataverse Call, Category:Application, ErrorCategory:ApplicationError",40018eca-0002-9c00-b63f-84710c7967bb
2024-03-18T00:39:27,Error,site-85de4385-0987-4ae5-9917-b7715602956d-AUe,0cce7d,638463191671006967,0,722452,61,"RequestData:, RequestPath:/_portal/modal-form-template-path/40096e18-22f9-ed11-8f6e-00224893bfba, RequestExtension:, SessionId:, UserId:sXv8nXuSZdGsv_EIJtCzVZVEgTShipphNYdPg9YNmRFMqDwsYwOoMVmVxr1MiooIYH5LvAwkwoYjYVV1cvxHZzOOlyVFaVnCstnBQXu4j219USeOXmQtIs5IQX9SecK0NPhR7gIKsN3BnkcvohMrkw2, CorrelationId:19035815-b7c6-45a4-91f0-1242c9af4bf1, Elapsed:121164.8893, RequestMethod:POST, RequestContentType:application/x-www-form-urlencoded, RequestAccept:text/html,application/xhtml+xml,application/xml;q=0.9,image/avif,image/webp,image/apng,*/*;q=0.8,application/signed-exchange;v=b3;q=0.7, RequestCacheControl:max-age=0, UserAgent:Mozilla/5.0 (Windows NT 10.0; Win64; x64) AppleWebKit/537.36 (KHTML, like Gecko) Chrome/122.0.0.0 Safari/537.36, HandlerName:ASP.areas_portal_pages_form_aspx, HandlerExecuted:False, VaryByCustom:, MemberName:CreateCellTemplate, SourceFilePath:C:\__w\1\s\Framework\Adxstudio.Xrm\Web\UI\CrmEntityFormView\CellTemplateFactory.cs, SourceLineNumber:234, ExceptionMessage:Thread was being aborted.
System.Threading.ThreadAbortException
   at Microsoft.Xrm.Tooling.Connector.CrmServiceClient.CrmCommand_Execute(OrganizationRequest req, String errorStringCheck)
   at Microsoft.Xrm.Tooling.Connector.CrmServiceClient.Execute(OrganizationRequest request)
   at Adxstudio.Xrm.Services.Pooling.Dataverse.PoolableDataverseConnection.InvokeFuntion[TResult](Func`1 function) in C:\__w\1\s\Framework\Adxstudio.Xrm\Services\Pooling\Dataverse\PoolableDataverseConnection.cs:line 212
   at Microsoft.Xrm.Client.Services.OrganizationService.InnerOrganizationService.UsingService[TResult](Func`2 action) in C:\__w\1\s\Framework\Microsoft.Xrm.Client\Services\OrganizationService.cs:line 436
   at Adxstudio.Xrm.Services.CachedOrganizationService.InnerExecute(OrganizationRequest request) in C:\__w\1\s\Framework\Adxstudio.Xrm\Services\CachedOrganizationService.cs:line 429
   at Adxstudio.Xrm.Services.OrganizationServiceCache.InnerExecute[TRequest,TResponse,TResult](TRequest query, Func`2 execute, Func`2 selector) in C:\__w\1\s\Framework\Adxstudio.Xrm\Services\OrganizationServiceCache.cs:line 653
   at Microsoft.Xrm.Client.Caching.ObjectCacheProvider.<>c__DisplayClass5_0`1.<Get>b__1(String key) in C:\__w\1\s\Framework\Microsoft.Xrm.Client\Caching\ObjectCacheProvider.cs:line 110
   at Microsoft.Xrm.Client.Threading.LockProvider.<>c__DisplayClass6_0`1.<Get>b__0() in C:\__w\1\s\Framework\Microsoft.Xrm.Client\Threading\LockProvider.cs:line 55
   at Adxstudio.Xrm.Threading.MonitorLockProvider.Lock(String key, Int32 millisecondsTimeout, Action action) in C:\__w\1\s\Framework\Adxstudio.Xrm\Threading\MonitorLockProvider.cs:line 23
   at Microsoft.Xrm.Client.Threading.LockProvider.Get[T](String key, Int32 millisecondsTimeout, Func`2 loadFromCache, Func`2 loadFromService) in C:\__w\1\s\Framework\Microsoft.Xrm.Client\Threading\LockProvider.cs:line 60
   at Adxstudio.Xrm.Services.OrganizationServiceCache.GetCachedResult[TRequest,TResponse,TResult](TRequest query, Func`2 execute, Func`2 selector, String cacheKey, Boolean isAuditableQuery, Int32& cacheMissedMetricValue, Boolean applyVirtualEntityFilter) in C:\__w\1\s\Framework\Adxstudio.Xrm\Services\OrganizationServiceCache.cs:line 0
   at Adxstudio.Xrm.Services.OrganizationServiceCache.LookupAndInsert[TRequest,TResponse,TResult](TRequest query, Func`2 execute, Func`2 selector, String selectorCacheKey, Boolean allowStaleData, Boolean isAuditableQuery) in C:\__w\1\s\Framework\Adxstudio.Xrm\Services\OrganizationServiceCache.cs:line 383
   at Adxstudio.Xrm.Services.OrganizationServiceCache.InnerExecute[TRequest,TResponse,TResult](TRequest request, Func`2 execute, Func`2 selector, String selectorCacheKey) in C:\__w\1\s\Framework\Adxstudio.Xrm\Services\OrganizationServiceCache.cs:line 323
   at Adxstudio.Xrm.Services.ContentMapOrganizationServiceCache.Execute[T](OrganizationRequest request, Func`2 execute, Func`2 selector, String selectorCacheKey) in C:\__w\1\s\Framework\Adxstudio.Xrm\Services\ContentMapOrganizationServiceCache.cs:line 36
   at Adxstudio.Xrm.Services.PortalBusOrganizationServiceCache.Execute[T](OrganizationRequest request, Func`2 execute, Func`2 selector, String selectorCacheKey) in C:\__w\1\s\Framework\Adxstudio.Xrm\Services\PortalBusOrganizationServiceCache.cs:line 44
   at Adxstudio.Xrm.Services.CachedOrganizationService.Execute[T](OrganizationRequest request, Func`2 selector, String selectorCacheKey) in C:\__w\1\s\Framework\Adxstudio.Xrm\Services\CachedOrganizationService.cs:line 367
   at Adxstudio.Xrm.Services.CachedOrganizationService.Execute[T](OrganizationRequest request) in C:\__w\1\s\Framework\Adxstudio.Xrm\Services\CachedOrganizationService.cs:line 358
   at Adxstudio.Xrm.Services.CrmOnlineOrganizationService.<>c__DisplayClass26_0.<Execute>b__0() in C:\__w\1\s\Framework\Adxstudio.Xrm\Services\CrmOnlineOrganizationService.cs:line 259
   at Microsoft.Practices.TransientFaultHandling.RetryPolicy.ExecuteAction[TResult](Func`1 func)
   at Microsoft.Xrm.Sdk.Client.OrganizationServiceContext.Execute(OrganizationRequest request)
   at Adxstudio.Xrm.Web.UI.PcfControl.PcfControlProvider.CreatePcfControl(String name, Int32 languageCode, Manifest controlManifest, AuthoringManifest authManifest, IEnumerable`1 controlResources, IEnumerable`1 manifestResources, IPortalContext portalContext, Boolean isCdnControl) in C:\__w\1\s\Framework\Adxstudio.Xrm\Web\UI\PcfControl\Providers\Implementations\PcfControlProvider.cs:line 125
   at Adxstudio.Xrm.Web.UI.PcfControl.PcfControlProvider.ImportPcfControl(IPcfControlData pcfControlData, Int32 languageCode, IPortalContext portalContext) in C:\__w\1\s\Framework\Adxstudio.Xrm\Web\UI\PcfControl\Providers\Implementations\PcfControlProvider.cs:line 78
   at Adxstudio.Xrm.Web.UI.PcfControl.PcfControlTemplateProvider.GetPcfControlTemplate(CrmEntityFormViewField crmEntityFormViewField) in C:\__w\1\s\Framework\Adxstudio.Xrm\Web\UI\PcfControl\Providers\Implementations\PcfControlTemplateProvider.cs:line 200
   at Adxstudio.Xrm.Web.UI.CrmEntityFormView.CellTemplateFactory.CreateCellTemplate(ICellMetadata cellMetadata, EntityMetadata entityMetadata) in C:\__w\1\s\Framework\Adxstudio.Xrm\Web\UI\CrmEntityFormView\CellTemplateFactory.cs:line 214

Microsoft.Xrm.Tooling.Connector

, EventData:Could not load the PCF control for the field with unique id {fb6e7a09-4114-4a00-81c4-4e09ecae1f26}, so loading the default control., Category:Application, ErrorCategory:ApplicationError",40018eca-0002-9c00-b63f-84710c7967bb
2024-03-18T00:39:27,Error,site-85de4385-0987-4ae5-9917-b7715602956d-AUe,0cce7d,638463191671319442,0,722452,61,"RequestData:{""IsAuthenticated"":true,""Tags"":[]}, RequestPath:/_portal/modal-form-template-path/40096e18-22f9-ed11-8f6e-00224893bfba, RequestExtension:, SessionId:, UserId:sXv8nXuSZdGsv_EIJtCzVZVEgTShipphNYdPg9YNmRFMqDwsYwOoMVmVxr1MiooIYH5LvAwkwoYjYVV1cvxHZzOOlyVFaVnCstnBQXu4j219USeOXmQtIs5IQX9SecK0NPhR7gIKsN3BnkcvohMrkw2, CorrelationId:19035815-b7c6-45a4-91f0-1242c9af4bf1, Elapsed:121212.2025, RequestMethod:POST, RequestContentType:application/x-www-form-urlencoded, RequestAccept:text/html,application/xhtml+xml,application/xml;q=0.9,image/avif,image/webp,image/apng,*/*;q=0.8,application/signed-exchange;v=b3;q=0.7, RequestCacheControl:max-age=0, UserAgent:Mozilla/5.0 (Windows NT 10.0; Win64; x64) AppleWebKit/537.36 (KHTML, like Gecko) Chrome/122.0.0.0 Safari/537.36, HandlerName:ASP.areas_portal_pages_form_aspx, HandlerExecuted:False, VaryByCustom:, ExceptionMessage:Request timed out.
System.Web.HttpException




, EventData:ASP.global_asax, originalResponseStatus: 500, Category:Application, ErrorCategory:ApplicationError",40018eca-0002-9c00-b63f-84710c7967bb
