date,level,applicationName,instanceId,eventTickCount,eventId,pid,tid,message,activityId
2024-01-31T16:12:03,Error,site-85de4385-0987-4ae5-9917-b7715602956d-AUse,0ee95c,638423143238783588,0,30924,120,"RequestData:, RequestPath:, RequestExtension:, SessionId:, UserId:, CorrelationId:00000000-0000-0000-0000-000000000000, Elapsed:0, RequestMethod:, RequestContentType:, RequestAccept:, RequestCacheControl:, UserAgent:, HandlerName:, HandlerExecuted:False, VaryByCustom:, MemberName:OnSubscriptionErrorAsync, SourceFilePath:C:\__w\1\s\Framework\Adxstudio.Xrm\AspNet\PortalBus\AppDataPortalBusProvider.cs, SourceLineNumber:186, ExceptionMessage:Too many changes at once in directory:C:\home\site\wwwroot\App_Data\Adxstudio.Xrm.AspNet.PortalBus\ApplicationRestartPortalBusMessage\0ee95c059457b7dd0d50c934378435e1385d119a3d2ba3ce1fc95f504d3abf0a-30924.
System.IO.InternalBufferOverflowException




, EventData:Subscription error: SubscriptionPath: 0ee95c059457b7dd0d50c934378435e1385d119a3d2ba3ce1fc95f504d3abf0a-30924, Category:PortalBus, ErrorCategory:ApplicationError",
2024-01-31T16:12:03,Error,site-85de4385-0987-4ae5-9917-b7715602956d-AUse,0ee95c,638423143238783588,0,30924,120,"RequestData:, RequestPath:, RequestExtension:, SessionId:, UserId:, CorrelationId:00000000-0000-0000-0000-000000000000, Elapsed:0, RequestMethod:, RequestContentType:, RequestAccept:, RequestCacheControl:, UserAgent:, HandlerName:, HandlerExecuted:False, VaryByCustom:, MemberName:OnSubscriptionErrorAsync, SourceFilePath:C:\__w\1\s\Framework\Adxstudio.Xrm\AspNet\PortalBus\AppDataPortalBusProvider.cs, SourceLineNumber:186, ExceptionMessage:An unexpected network error occurred
System.ComponentModel.Win32Exception




, EventData:Subscription error: SubscriptionPath: 0ee95c059457b7dd0d50c934378435e1385d119a3d2ba3ce1fc95f504d3abf0a-30924, Category:PortalBus, ErrorCategory:ApplicationError",
2024-01-31T16:14:37,Error,site-85de4385-0987-4ae5-9917-b7715602956d-AUse,0ee95c,638423144779277159,0,30924,151,"RequestData:, RequestPath:, RequestExtension:, SessionId:, UserId:, CorrelationId:00000000-0000-0000-0000-000000000000, Elapsed:0, RequestMethod:, RequestContentType:, RequestAccept:, RequestCacheControl:, UserAgent:, HandlerName:, HandlerExecuted:False, VaryByCustom:, MemberName:OnSubscriptionErrorAsync, SourceFilePath:C:\__w\1\s\Framework\Adxstudio.Xrm\AspNet\PortalBus\AppDataPortalBusProvider.cs, SourceLineNumber:186, ExceptionMessage:The specified network name is no longer available
System.ComponentModel.Win32Exception




, EventData:Subscription error: SubscriptionPath: 0ee95c059457b7dd0d50c934378435e1385d119a3d2ba3ce1fc95f504d3abf0a-30924, Category:PortalBus, ErrorCategory:ApplicationError",
