date,level,applicationName,instanceId,eventTickCount,eventId,pid,tid,message,activityId
2024-02-08T23:44:49,Error,site-85de4385-0987-4ae5-9917-b7715602956d-AUe,7e7bb2,638430326894280079,0,35932,67,"RequestData:, RequestPath:/signin-aad-b2c_1, RequestExtension:, SessionId:, UserId:Xko9qBMmfhZZhNfk7t1p_YaVwBQqFgFoki5xRUmOjP2cGWo-B-8aClZGyWEFBbyLZHDRARMP3IQ2YSC3zP-seJVLVPothBDAAPr42RruYea7PLAfGSn4wChaluPv2Mnxxc8K9ztwK93gqy_FevbGzg2, CorrelationId:9c38eca4-f924-40db-ac01-910163edcc62, Elapsed:252.4726, MemberName:OnAuthenticationFailed, SourceFilePath:C:\__w\1\s\Framework\Adxstudio.Xrm\AspNet\Cms\StartupSettingsManager.cs, SourceLineNumber:1659, Category:Authentication, Message:Exception during OpenIdConnect or Azure Authentication in Microsoft.IdentityModel.Protocols.OpenIdConnect: IDX21323: RequireNonce is '[PII is hidden. For more details, see https://aka.ms/IdentityModel/PII.]'. OpenIdConnectProtocolValidationContext.Nonce was null, OpenIdConnectProtocol.ValidatedIdToken.Payload.Nonce was not null. The nonce cannot be validated. If you don't need to check the nonce, set OpenIdConnectProtocolValidator.RequireNonce to 'false'. Note if a 'nonce' is found it will be evaluated.; Error Description: , ErrorCategory:ApplicationError",80025d3e-0000-8800-b63f-84710c7967bb
2024-02-08T23:44:50,Error,site-85de4385-0987-4ae5-9917-b7715602956d-AUe,7e7bb2,638430326900530851,0,35932,204,"RequestData:, RequestPath:/Account/Login/ExternalLoginCallback, RequestExtension:, SessionId:kosahvix4nalf2w23rtbpsmx, UserId:Xko9qBMmfhZZhNfk7t1p_YaVwBQqFgFoki5xRUmOjP2cGWo-B-8aClZGyWEFBbyLZHDRARMP3IQ2YSC3zP-seJVLVPothBDAAPr42RruYea7PLAfGSn4wChaluPv2Mnxxc8K9ztwK93gqy_FevbGzg2, CorrelationId:b56186d0-e860-487b-9f3c-a2a475219504, Elapsed:10.1662, MemberName:ToGroups, SourceFilePath:C:\__w\1\s\Samples\MasterPortal\Areas\Account\Controllers\LoginController.cs, SourceLineNumber:1714, Category:Application, Message:Error while fetching groups of logged in user **redacted**
Message: An error occurred sending the request.
, ErrorCategory:ApplicationError",80025d42-0000-8800-b63f-84710c7967bb
2024-02-08T23:44:59,Error,site-85de4385-0987-4ae5-9917-b7715602956d-AUe,7e7bb2,638430326994768274,0,35932,38,"RequestData:, RequestPath:, RequestExtension:, SessionId:, UserId:, CorrelationId:00000000-0000-0000-0000-000000000000, Elapsed:0, RequestMethod:, RequestContentType:, RequestAccept:, RequestCacheControl:, UserAgent:, HandlerName:, HandlerExecuted:False, VaryByCustom:, MemberName:HandleExceptionAsync, SourceFilePath:C:\__w\1\s\Framework\Adxstudio.Xrm\Identity\MSAL\MsalTokenManager.cs, SourceLineNumber:211, ExceptionMessage:AADSTS9002313: Invalid request. Request is malformed or invalid. Trace ID: 7f8c4ec9-a62d-4f83-ae9d-d93b7b283300 Correlation ID: 07d3b38d-2e90-4b91-9f2e-91996161d9a4 Timestamp: 2024-02-08 23:44:59Z
Microsoft.Identity.Client.MsalUiRequiredException
   at Microsoft.Identity.Client.OAuth2.OAuth2Client.ThrowServerException(HttpResponse response, RequestContext requestContext)
   at Microsoft.Identity.Client.OAuth2.OAuth2Client.CreateResponse[T](HttpResponse response, RequestContext requestContext)
   at Microsoft.Identity.Client.OAuth2.OAuth2Client.<ExecuteRequestAsync>d__12`1.MoveNext()
--- End of stack trace from previous location where exception was thrown ---
   at System.Runtime.ExceptionServices.ExceptionDispatchInfo.Throw()
   at System.Runtime.CompilerServices.TaskAwaiter.HandleNonSuccessAndDebuggerNotification(Task task)
   at Microsoft.Identity.Client.OAuth2.OAuth2Client.<GetTokenAsync>d__11.MoveNext()
--- End of stack trace from previous location where exception was thrown ---
   at System.Runtime.ExceptionServices.ExceptionDispatchInfo.Throw()
   at System.Runtime.CompilerServices.TaskAwaiter.HandleNonSuccessAndDebuggerNotification(Task task)
   at Microsoft.Identity.Client.OAuth2.TokenClient.<SendHttpAndClearTelemetryAsync>d__11.MoveNext()
--- End of stack trace from previous location where exception was thrown ---
   at System.Runtime.ExceptionServices.ExceptionDispatchInfo.Throw()
   at Microsoft.Identity.Client.OAuth2.TokenClient.<SendHttpAndClearTelemetryAsync>d__11.MoveNext()
--- End of stack trace from previous location where exception was thrown ---
   at System.Runtime.ExceptionServices.ExceptionDispatchInfo.Throw()
   at System.Runtime.CompilerServices.TaskAwaiter.HandleNonSuccessAndDebuggerNotification(Task task)
   at Microsoft.Identity.Client.OAuth2.TokenClient.<SendTokenRequestAsync>d__5.MoveNext()
--- End of stack trace from previous location where exception was thrown ---
   at System.Runtime.ExceptionServices.ExceptionDispatchInfo.Throw()
   at System.Runtime.CompilerServices.TaskAwaiter.HandleNonSuccessAndDebuggerNotification(Task task)
   at Microsoft.Identity.Client.Internal.Requests.RequestBase.<SendTokenRequestAsync>d__25.MoveNext()
--- End of stack trace from previous location where exception was thrown ---
   at System.Runtime.ExceptionServices.ExceptionDispatchInfo.Throw()
   at System.Runtime.CompilerServices.TaskAwaiter.HandleNonSuccessAndDebuggerNotification(Task task)
   at Microsoft.Identity.Client.Internal.Requests.ConfidentialAuthCodeRequest.<ExecuteAsync>d__2.MoveNext()
--- End of stack trace from previous location where exception was thrown ---
   at System.Runtime.ExceptionServices.ExceptionDispatchInfo.Throw()
   at System.Runtime.CompilerServices.TaskAwaiter.HandleNonSuccessAndDebuggerNotification(Task task)
   at Microsoft.Identity.Client.Internal.Requests.RequestBase.<RunAsync>d__12.MoveNext()
--- End of stack trace from previous location where exception was thrown ---
   at System.Runtime.ExceptionServices.ExceptionDispatchInfo.Throw()
   at System.Runtime.CompilerServices.TaskAwaiter.HandleNonSuccessAndDebuggerNotification(Task task)
   at Microsoft.Identity.Client.ApiConfig.Executors.ConfidentialClientExecutor.<ExecuteAsync>d__2.MoveNext()
--- End of stack trace from previous location where exception was thrown ---
   at System.Runtime.ExceptionServices.ExceptionDispatchInfo.Throw()
   at System.Runtime.CompilerServices.TaskAwaiter.HandleNonSuccessAndDebuggerNotification(Task task)
   at Adxstudio.Xrm.Identity.MSAL.MsalTokenProvider.<GetTokenByAuthorizationCodeAsync>d__6.MoveNext() in C:\__w\1\s\Framework\Adxstudio.Xrm\Identity\MSAL\MsalTokenProvider.cs:line 136
--- End of stack trace from previous location where exception was thrown ---
   at System.Runtime.ExceptionServices.ExceptionDispatchInfo.Throw()
   at System.Runtime.CompilerServices.TaskAwaiter.HandleNonSuccessAndDebuggerNotification(Task task)
   at Adxstudio.Xrm.Identity.MSAL.MsalTokenManager.<>c__DisplayClass9_0.<<GetTokenByAuthorizationCodeAsync>b__0>d.MoveNext() in C:\__w\1\s\Framework\Adxstudio.Xrm\Identity\MSAL\MsalTokenManager.cs:line 137
--- End of stack trace from previous location where exception was thrown ---
   at System.Runtime.ExceptionServices.ExceptionDispatchInfo.Throw()
   at System.Runtime.CompilerServices.TaskAwaiter.HandleNonSuccessAndDebuggerNotification(Task task)
   at Adxstudio.Xrm.Identity.MSAL.MsalTokenManager.<HandleExceptionAsync>d__12`1.MoveNext() in C:\__w\1\s\Framework\Adxstudio.Xrm\Identity\MSAL\MsalTokenManager.cs:line 0

Microsoft.Identity.Client

, EventData:GetTokenByAuthorizationCodeAsync failed, ErrorCode: invalid_grant, statusCode: 400, correlationId: 07d3b38d-2e90-4b91-9f2e-91996161d9a4, Category:Application, ErrorCategory:ApplicationError",80027c37-0002-b600-b63f-84710c7967bb
2024-02-08T23:44:59,Error,site-85de4385-0987-4ae5-9917-b7715602956d-AUe,7e7bb2,638430326995394314,0,35932,155,"RequestData:, RequestPath:, RequestExtension:, SessionId:, UserId:, CorrelationId:00000000-0000-0000-0000-000000000000, Elapsed:0, RequestMethod:, RequestContentType:, RequestAccept:, RequestCacheControl:, UserAgent:, HandlerName:, HandlerExecuted:False, VaryByCustom:, MemberName:HandleExceptionAsync, SourceFilePath:C:\__w\1\s\Framework\Adxstudio.Xrm\Identity\MSAL\MsalTokenManager.cs, SourceLineNumber:211, ExceptionMessage:AADSTS9002313: Invalid request. Request is malformed or invalid. Trace ID: 6c2c52ae-2f2e-47b7-8223-a156e8bf2f00 Correlation ID: 49e0c261-5b45-4e9c-940a-9e4c839638c6 Timestamp: 2024-02-08 23:44:59Z
Microsoft.Identity.Client.MsalUiRequiredException
   at Microsoft.Identity.Client.OAuth2.OAuth2Client.ThrowServerException(HttpResponse response, RequestContext requestContext)
   at Microsoft.Identity.Client.OAuth2.OAuth2Client.CreateResponse[T](HttpResponse response, RequestContext requestContext)
   at Microsoft.Identity.Client.OAuth2.OAuth2Client.<ExecuteRequestAsync>d__12`1.MoveNext()
--- End of stack trace from previous location where exception was thrown ---
   at System.Runtime.ExceptionServices.ExceptionDispatchInfo.Throw()
   at System.Runtime.CompilerServices.TaskAwaiter.HandleNonSuccessAndDebuggerNotification(Task task)
   at Microsoft.Identity.Client.OAuth2.OAuth2Client.<GetTokenAsync>d__11.MoveNext()
--- End of stack trace from previous location where exception was thrown ---
   at System.Runtime.ExceptionServices.ExceptionDispatchInfo.Throw()
   at System.Runtime.CompilerServices.TaskAwaiter.HandleNonSuccessAndDebuggerNotification(Task task)
   at Microsoft.Identity.Client.OAuth2.TokenClient.<SendHttpAndClearTelemetryAsync>d__11.MoveNext()
--- End of stack trace from previous location where exception was thrown ---
   at System.Runtime.ExceptionServices.ExceptionDispatchInfo.Throw()
   at Microsoft.Identity.Client.OAuth2.TokenClient.<SendHttpAndClearTelemetryAsync>d__11.MoveNext()
--- End of stack trace from previous location where exception was thrown ---
   at System.Runtime.ExceptionServices.ExceptionDispatchInfo.Throw()
   at System.Runtime.CompilerServices.TaskAwaiter.HandleNonSuccessAndDebuggerNotification(Task task)
   at Microsoft.Identity.Client.OAuth2.TokenClient.<SendTokenRequestAsync>d__5.MoveNext()
--- End of stack trace from previous location where exception was thrown ---
   at System.Runtime.ExceptionServices.ExceptionDispatchInfo.Throw()
   at System.Runtime.CompilerServices.TaskAwaiter.HandleNonSuccessAndDebuggerNotification(Task task)
   at Microsoft.Identity.Client.Internal.Requests.RequestBase.<SendTokenRequestAsync>d__25.MoveNext()
--- End of stack trace from previous location where exception was thrown ---
   at System.Runtime.ExceptionServices.ExceptionDispatchInfo.Throw()
   at System.Runtime.CompilerServices.TaskAwaiter.HandleNonSuccessAndDebuggerNotification(Task task)
   at Microsoft.Identity.Client.Internal.Requests.ConfidentialAuthCodeRequest.<ExecuteAsync>d__2.MoveNext()
--- End of stack trace from previous location where exception was thrown ---
   at System.Runtime.ExceptionServices.ExceptionDispatchInfo.Throw()
   at System.Runtime.CompilerServices.TaskAwaiter.HandleNonSuccessAndDebuggerNotification(Task task)
   at Microsoft.Identity.Client.Internal.Requests.RequestBase.<RunAsync>d__12.MoveNext()
--- End of stack trace from previous location where exception was thrown ---
   at System.Runtime.ExceptionServices.ExceptionDispatchInfo.Throw()
   at System.Runtime.CompilerServices.TaskAwaiter.HandleNonSuccessAndDebuggerNotification(Task task)
   at Microsoft.Identity.Client.ApiConfig.Executors.ConfidentialClientExecutor.<ExecuteAsync>d__2.MoveNext()
--- End of stack trace from previous location where exception was thrown ---
   at System.Runtime.ExceptionServices.ExceptionDispatchInfo.Throw()
   at System.Runtime.CompilerServices.TaskAwaiter.HandleNonSuccessAndDebuggerNotification(Task task)
   at Adxstudio.Xrm.Identity.MSAL.MsalTokenProvider.<GetTokenByAuthorizationCodeAsync>d__6.MoveNext() in C:\__w\1\s\Framework\Adxstudio.Xrm\Identity\MSAL\MsalTokenProvider.cs:line 136
--- End of stack trace from previous location where exception was thrown ---
   at System.Runtime.ExceptionServices.ExceptionDispatchInfo.Throw()
   at System.Runtime.CompilerServices.TaskAwaiter.HandleNonSuccessAndDebuggerNotification(Task task)
   at Adxstudio.Xrm.Identity.MSAL.MsalTokenManager.<>c__DisplayClass9_0.<<GetTokenByAuthorizationCodeAsync>b__0>d.MoveNext() in C:\__w\1\s\Framework\Adxstudio.Xrm\Identity\MSAL\MsalTokenManager.cs:line 137
--- End of stack trace from previous location where exception was thrown ---
   at System.Runtime.ExceptionServices.ExceptionDispatchInfo.Throw()
   at System.Runtime.CompilerServices.TaskAwaiter.HandleNonSuccessAndDebuggerNotification(Task task)
   at Adxstudio.Xrm.Identity.MSAL.MsalTokenManager.<HandleExceptionAsync>d__12`1.MoveNext() in C:\__w\1\s\Framework\Adxstudio.Xrm\Identity\MSAL\MsalTokenManager.cs:line 0

Microsoft.Identity.Client

, EventData:GetTokenByAuthorizationCodeAsync failed, ErrorCode: invalid_grant, statusCode: 400, correlationId: 49e0c261-5b45-4e9c-940a-9e4c839638c6, Category:Application, ErrorCategory:ApplicationError",80027c37-0002-b600-b63f-84710c7967bb
