date,level,applicationName,instanceId,eventTickCount,eventId,pid,tid,message,activityId
2024-01-29T11:12:22,Error,site-85de4385-0987-4ae5-9917-b7715602956d-AUse,47ed44,638421235424053452,0,7608,8,"RequestData:, RequestPath:, RequestExtension:, SessionId:, UserId:, CorrelationId:00000000-0000-0000-0000-000000000000, Elapsed:0, MemberName:PopulateVirtualEntitiesActualSource, SourceFilePath:C:\__w\1\s\Framework\Adxstudio.Xrm\Caching\VirtualEntitiesCacheHelper.cs, SourceLineNumber:125, Category:Application, Message:The web api getDataSourceId for virtual entity returned empty DataSourceId, ErrorCategory:ApplicationError",
2024-01-29T11:12:22,Error,site-85de4385-0987-4ae5-9917-b7715602956d-AUse,47ed44,638421235425615958,0,7608,8,"RequestData:, RequestPath:, RequestExtension:, SessionId:, UserId:, CorrelationId:00000000-0000-0000-0000-000000000000, Elapsed:0, MemberName:PopulateVirtualEntitiesActualSource, SourceFilePath:C:\__w\1\s\Framework\Adxstudio.Xrm\Caching\VirtualEntitiesCacheHelper.cs, SourceLineNumber:125, Category:Application, Message:The web api getDataSourceId for virtual entity returned empty DataSourceId, ErrorCategory:ApplicationError",
2024-01-29T11:12:22,Error,site-85de4385-0987-4ae5-9917-b7715602956d-AUse,47ed44,638421235426865973,0,7608,8,"RequestData:, RequestPath:, RequestExtension:, SessionId:, UserId:, CorrelationId:00000000-0000-0000-0000-000000000000, Elapsed:0, MemberName:PopulateVirtualEntitiesActualSource, SourceFilePath:C:\__w\1\s\Framework\Adxstudio.Xrm\Caching\VirtualEntitiesCacheHelper.cs, SourceLineNumber:125, Category:Application, Message:The web api getDataSourceId for virtual entity returned empty DataSourceId, ErrorCategory:ApplicationError",
2024-01-29T11:12:23,Error,site-85de4385-0987-4ae5-9917-b7715602956d-AUse,47ed44,638421235432022335,0,7608,8,"RequestData:, RequestPath:, RequestExtension:, SessionId:, UserId:, CorrelationId:00000000-0000-0000-0000-000000000000, Elapsed:0, MemberName:PopulateVirtualEntitiesActualSource, SourceFilePath:C:\__w\1\s\Framework\Adxstudio.Xrm\Caching\VirtualEntitiesCacheHelper.cs, SourceLineNumber:125, Category:Application, Message:The web api getDataSourceId for virtual entity returned empty DataSourceId, ErrorCategory:ApplicationError",
2024-01-29T11:12:23,Error,site-85de4385-0987-4ae5-9917-b7715602956d-AUse,47ed44,638421235434209839,0,7608,8,"RequestData:, RequestPath:, RequestExtension:, SessionId:, UserId:, CorrelationId:00000000-0000-0000-0000-000000000000, Elapsed:0, MemberName:PopulateVirtualEntitiesActualSource, SourceFilePath:C:\__w\1\s\Framework\Adxstudio.Xrm\Caching\VirtualEntitiesCacheHelper.cs, SourceLineNumber:125, Category:Application, Message:The web api getDataSourceId for virtual entity returned empty DataSourceId, ErrorCategory:ApplicationError",
2024-01-29T11:12:23,Error,site-85de4385-0987-4ae5-9917-b7715602956d-AUse,47ed44,638421235438584910,0,7608,8,"RequestData:, RequestPath:, RequestExtension:, SessionId:, UserId:, CorrelationId:00000000-0000-0000-0000-000000000000, Elapsed:0, MemberName:PopulateVirtualEntitiesActualSource, SourceFilePath:C:\__w\1\s\Framework\Adxstudio.Xrm\Caching\VirtualEntitiesCacheHelper.cs, SourceLineNumber:125, Category:Application, Message:The web api getDataSourceId for virtual entity returned empty DataSourceId, ErrorCategory:ApplicationError",
2024-01-29T11:12:24,Error,site-85de4385-0987-4ae5-9917-b7715602956d-AUse,47ed44,638421235440459957,0,7608,8,"RequestData:, RequestPath:, RequestExtension:, SessionId:, UserId:, CorrelationId:00000000-0000-0000-0000-000000000000, Elapsed:0, MemberName:PopulateVirtualEntitiesActualSource, SourceFilePath:C:\__w\1\s\Framework\Adxstudio.Xrm\Caching\VirtualEntitiesCacheHelper.cs, SourceLineNumber:125, Category:Application, Message:The web api getDataSourceId for virtual entity returned empty DataSourceId, ErrorCategory:ApplicationError",
2024-01-29T11:12:24,Error,site-85de4385-0987-4ae5-9917-b7715602956d-AUse,47ed44,638421235441241217,0,7608,8,"RequestData:, RequestPath:, RequestExtension:, SessionId:, UserId:, CorrelationId:00000000-0000-0000-0000-000000000000, Elapsed:0, MemberName:PopulateVirtualEntitiesActualSource, SourceFilePath:C:\__w\1\s\Framework\Adxstudio.Xrm\Caching\VirtualEntitiesCacheHelper.cs, SourceLineNumber:125, Category:Application, Message:The web api getDataSourceId for virtual entity returned empty DataSourceId, ErrorCategory:ApplicationError",
2024-01-29T11:12:24,Error,site-85de4385-0987-4ae5-9917-b7715602956d-AUse,47ed44,638421235442803749,0,7608,8,"RequestData:, RequestPath:, RequestExtension:, SessionId:, UserId:, CorrelationId:00000000-0000-0000-0000-000000000000, Elapsed:0, MemberName:PopulateVirtualEntitiesActualSource, SourceFilePath:C:\__w\1\s\Framework\Adxstudio.Xrm\Caching\VirtualEntitiesCacheHelper.cs, SourceLineNumber:125, Category:Application, Message:The web api getDataSourceId for virtual entity returned empty DataSourceId, ErrorCategory:ApplicationError",
2024-01-29T11:12:24,Error,site-85de4385-0987-4ae5-9917-b7715602956d-AUse,47ed44,638421235443584972,0,7608,8,"RequestData:, RequestPath:, RequestExtension:, SessionId:, UserId:, CorrelationId:00000000-0000-0000-0000-000000000000, Elapsed:0, MemberName:PopulateVirtualEntitiesActualSource, SourceFilePath:C:\__w\1\s\Framework\Adxstudio.Xrm\Caching\VirtualEntitiesCacheHelper.cs, SourceLineNumber:125, Category:Application, Message:The web api getDataSourceId for virtual entity returned empty DataSourceId, ErrorCategory:ApplicationError",
2024-01-29T11:12:24,Error,site-85de4385-0987-4ae5-9917-b7715602956d-AUse,47ed44,638421235445147494,0,7608,8,"RequestData:, RequestPath:, RequestExtension:, SessionId:, UserId:, CorrelationId:00000000-0000-0000-0000-000000000000, Elapsed:0, MemberName:PopulateVirtualEntitiesActualSource, SourceFilePath:C:\__w\1\s\Framework\Adxstudio.Xrm\Caching\VirtualEntitiesCacheHelper.cs, SourceLineNumber:125, Category:Application, Message:The web api getDataSourceId for virtual entity returned empty DataSourceId, ErrorCategory:ApplicationError",
2024-01-29T11:12:24,Error,site-85de4385-0987-4ae5-9917-b7715602956d-AUse,47ed44,638421235445928743,0,7608,8,"RequestData:, RequestPath:, RequestExtension:, SessionId:, UserId:, CorrelationId:00000000-0000-0000-0000-000000000000, Elapsed:0, MemberName:PopulateVirtualEntitiesActualSource, SourceFilePath:C:\__w\1\s\Framework\Adxstudio.Xrm\Caching\VirtualEntitiesCacheHelper.cs, SourceLineNumber:125, Category:Application, Message:The web api getDataSourceId for virtual entity returned empty DataSourceId, ErrorCategory:ApplicationError",
2024-01-29T11:12:24,Error,site-85de4385-0987-4ae5-9917-b7715602956d-AUse,47ed44,638421235446866240,0,7608,8,"RequestData:, RequestPath:, RequestExtension:, SessionId:, UserId:, CorrelationId:00000000-0000-0000-0000-000000000000, Elapsed:0, MemberName:PopulateVirtualEntitiesActualSource, SourceFilePath:C:\__w\1\s\Framework\Adxstudio.Xrm\Caching\VirtualEntitiesCacheHelper.cs, SourceLineNumber:125, Category:Application, Message:The web api getDataSourceId for virtual entity returned empty DataSourceId, ErrorCategory:ApplicationError",
2024-01-29T11:12:24,Error,site-85de4385-0987-4ae5-9917-b7715602956d-AUse,47ed44,638421235447803885,0,7608,8,"RequestData:, RequestPath:, RequestExtension:, SessionId:, UserId:, CorrelationId:00000000-0000-0000-0000-000000000000, Elapsed:0, MemberName:PopulateVirtualEntitiesActualSource, SourceFilePath:C:\__w\1\s\Framework\Adxstudio.Xrm\Caching\VirtualEntitiesCacheHelper.cs, SourceLineNumber:125, Category:Application, Message:The web api getDataSourceId for virtual entity returned empty DataSourceId, ErrorCategory:ApplicationError",
2024-01-29T11:12:24,Error,site-85de4385-0987-4ae5-9917-b7715602956d-AUse,47ed44,638421235448585061,0,7608,8,"RequestData:, RequestPath:, RequestExtension:, SessionId:, UserId:, CorrelationId:00000000-0000-0000-0000-000000000000, Elapsed:0, MemberName:PopulateVirtualEntitiesActualSource, SourceFilePath:C:\__w\1\s\Framework\Adxstudio.Xrm\Caching\VirtualEntitiesCacheHelper.cs, SourceLineNumber:125, Category:Application, Message:The web api getDataSourceId for virtual entity returned empty DataSourceId, ErrorCategory:ApplicationError",
2024-01-29T11:12:25,Error,site-85de4385-0987-4ae5-9917-b7715602956d-AUse,47ed44,638421235451085730,0,7608,8,"RequestData:, RequestPath:, RequestExtension:, SessionId:, UserId:, CorrelationId:00000000-0000-0000-0000-000000000000, Elapsed:0, MemberName:PopulateVirtualEntitiesActualSource, SourceFilePath:C:\__w\1\s\Framework\Adxstudio.Xrm\Caching\VirtualEntitiesCacheHelper.cs, SourceLineNumber:125, Category:Application, Message:The web api getDataSourceId for virtual entity returned empty DataSourceId, ErrorCategory:ApplicationError",
2024-01-29T11:12:25,Error,site-85de4385-0987-4ae5-9917-b7715602956d-AUse,47ed44,638421235451866351,0,7608,8,"RequestData:, RequestPath:, RequestExtension:, SessionId:, UserId:, CorrelationId:00000000-0000-0000-0000-000000000000, Elapsed:0, MemberName:PopulateVirtualEntitiesActualSource, SourceFilePath:C:\__w\1\s\Framework\Adxstudio.Xrm\Caching\VirtualEntitiesCacheHelper.cs, SourceLineNumber:125, Category:Application, Message:The web api getDataSourceId for virtual entity returned empty DataSourceId, ErrorCategory:ApplicationError",
2024-01-29T11:12:25,Error,site-85de4385-0987-4ae5-9917-b7715602956d-AUse,47ed44,638421235452647591,0,7608,8,"RequestData:, RequestPath:, RequestExtension:, SessionId:, UserId:, CorrelationId:00000000-0000-0000-0000-000000000000, Elapsed:0, MemberName:PopulateVirtualEntitiesActualSource, SourceFilePath:C:\__w\1\s\Framework\Adxstudio.Xrm\Caching\VirtualEntitiesCacheHelper.cs, SourceLineNumber:125, Category:Application, Message:The web api getDataSourceId for virtual entity returned empty DataSourceId, ErrorCategory:ApplicationError",
2024-01-29T11:12:25,Error,site-85de4385-0987-4ae5-9917-b7715602956d-AUse,47ed44,638421235453585099,0,7608,8,"RequestData:, RequestPath:, RequestExtension:, SessionId:, UserId:, CorrelationId:00000000-0000-0000-0000-000000000000, Elapsed:0, MemberName:PopulateVirtualEntitiesActualSource, SourceFilePath:C:\__w\1\s\Framework\Adxstudio.Xrm\Caching\VirtualEntitiesCacheHelper.cs, SourceLineNumber:125, Category:Application, Message:The web api getDataSourceId for virtual entity returned empty DataSourceId, ErrorCategory:ApplicationError",
2024-01-29T11:12:25,Error,site-85de4385-0987-4ae5-9917-b7715602956d-AUse,47ed44,638421235454366360,0,7608,8,"RequestData:, RequestPath:, RequestExtension:, SessionId:, UserId:, CorrelationId:00000000-0000-0000-0000-000000000000, Elapsed:0, MemberName:PopulateVirtualEntitiesActualSource, SourceFilePath:C:\__w\1\s\Framework\Adxstudio.Xrm\Caching\VirtualEntitiesCacheHelper.cs, SourceLineNumber:125, Category:Application, Message:The web api getDataSourceId for virtual entity returned empty DataSourceId, ErrorCategory:ApplicationError",
2024-01-29T11:12:25,Error,site-85de4385-0987-4ae5-9917-b7715602956d-AUse,47ed44,638421235455928918,0,7608,8,"RequestData:, RequestPath:, RequestExtension:, SessionId:, UserId:, CorrelationId:00000000-0000-0000-0000-000000000000, Elapsed:0, MemberName:PopulateVirtualEntitiesActualSource, SourceFilePath:C:\__w\1\s\Framework\Adxstudio.Xrm\Caching\VirtualEntitiesCacheHelper.cs, SourceLineNumber:125, Category:Application, Message:The web api getDataSourceId for virtual entity returned empty DataSourceId, ErrorCategory:ApplicationError",
2024-01-29T11:12:25,Error,site-85de4385-0987-4ae5-9917-b7715602956d-AUse,47ed44,638421235456866427,0,7608,8,"RequestData:, RequestPath:, RequestExtension:, SessionId:, UserId:, CorrelationId:00000000-0000-0000-0000-000000000000, Elapsed:0, MemberName:PopulateVirtualEntitiesActualSource, SourceFilePath:C:\__w\1\s\Framework\Adxstudio.Xrm\Caching\VirtualEntitiesCacheHelper.cs, SourceLineNumber:125, Category:Application, Message:The web api getDataSourceId for virtual entity returned empty DataSourceId, ErrorCategory:ApplicationError",
2024-01-29T11:12:25,Error,site-85de4385-0987-4ae5-9917-b7715602956d-AUse,47ed44,638421235458428948,0,7608,8,"RequestData:, RequestPath:, RequestExtension:, SessionId:, UserId:, CorrelationId:00000000-0000-0000-0000-000000000000, Elapsed:0, MemberName:PopulateVirtualEntitiesActualSource, SourceFilePath:C:\__w\1\s\Framework\Adxstudio.Xrm\Caching\VirtualEntitiesCacheHelper.cs, SourceLineNumber:125, Category:Application, Message:The web api getDataSourceId for virtual entity returned empty DataSourceId, ErrorCategory:ApplicationError",
2024-01-29T11:12:25,Error,site-85de4385-0987-4ae5-9917-b7715602956d-AUse,47ed44,638421235459991460,0,7608,8,"RequestData:, RequestPath:, RequestExtension:, SessionId:, UserId:, CorrelationId:00000000-0000-0000-0000-000000000000, Elapsed:0, MemberName:PopulateVirtualEntitiesActualSource, SourceFilePath:C:\__w\1\s\Framework\Adxstudio.Xrm\Caching\VirtualEntitiesCacheHelper.cs, SourceLineNumber:125, Category:Application, Message:The web api getDataSourceId for virtual entity returned empty DataSourceId, ErrorCategory:ApplicationError",
2024-01-29T11:12:26,Error,site-85de4385-0987-4ae5-9917-b7715602956d-AUse,47ed44,638421235462022776,0,7608,8,"RequestData:, RequestPath:, RequestExtension:, SessionId:, UserId:, CorrelationId:00000000-0000-0000-0000-000000000000, Elapsed:0, MemberName:PopulateVirtualEntitiesActualSource, SourceFilePath:C:\__w\1\s\Framework\Adxstudio.Xrm\Caching\VirtualEntitiesCacheHelper.cs, SourceLineNumber:125, Category:Application, Message:The web api getDataSourceId for virtual entity returned empty DataSourceId, ErrorCategory:ApplicationError",
2024-01-29T11:12:26,Error,site-85de4385-0987-4ae5-9917-b7715602956d-AUse,47ed44,638421235463897767,0,7608,8,"RequestData:, RequestPath:, RequestExtension:, SessionId:, UserId:, CorrelationId:00000000-0000-0000-0000-000000000000, Elapsed:0, MemberName:PopulateVirtualEntitiesActualSource, SourceFilePath:C:\__w\1\s\Framework\Adxstudio.Xrm\Caching\VirtualEntitiesCacheHelper.cs, SourceLineNumber:125, Category:Application, Message:The web api getDataSourceId for virtual entity returned empty DataSourceId, ErrorCategory:ApplicationError",
2024-01-29T11:12:26,Error,site-85de4385-0987-4ae5-9917-b7715602956d-AUse,47ed44,638421235464679044,0,7608,8,"RequestData:, RequestPath:, RequestExtension:, SessionId:, UserId:, CorrelationId:00000000-0000-0000-0000-000000000000, Elapsed:0, MemberName:PopulateVirtualEntitiesActualSource, SourceFilePath:C:\__w\1\s\Framework\Adxstudio.Xrm\Caching\VirtualEntitiesCacheHelper.cs, SourceLineNumber:125, Category:Application, Message:The web api getDataSourceId for virtual entity returned empty DataSourceId, ErrorCategory:ApplicationError",
2024-01-29T11:12:26,Error,site-85de4385-0987-4ae5-9917-b7715602956d-AUse,47ed44,638421235466085302,0,7608,8,"RequestData:, RequestPath:, RequestExtension:, SessionId:, UserId:, CorrelationId:00000000-0000-0000-0000-000000000000, Elapsed:0, MemberName:PopulateVirtualEntitiesActualSource, SourceFilePath:C:\__w\1\s\Framework\Adxstudio.Xrm\Caching\VirtualEntitiesCacheHelper.cs, SourceLineNumber:125, Category:Application, Message:The web api getDataSourceId for virtual entity returned empty DataSourceId, ErrorCategory:ApplicationError",
2024-01-29T11:12:26,Error,site-85de4385-0987-4ae5-9917-b7715602956d-AUse,47ed44,638421235467804127,0,7608,8,"RequestData:, RequestPath:, RequestExtension:, SessionId:, UserId:, CorrelationId:00000000-0000-0000-0000-000000000000, Elapsed:0, MemberName:PopulateVirtualEntitiesActualSource, SourceFilePath:C:\__w\1\s\Framework\Adxstudio.Xrm\Caching\VirtualEntitiesCacheHelper.cs, SourceLineNumber:125, Category:Application, Message:The web api getDataSourceId for virtual entity returned empty DataSourceId, ErrorCategory:ApplicationError",
2024-01-29T11:12:26,Error,site-85de4385-0987-4ae5-9917-b7715602956d-AUse,47ed44,638421235469054078,0,7608,8,"RequestData:, RequestPath:, RequestExtension:, SessionId:, UserId:, CorrelationId:00000000-0000-0000-0000-000000000000, Elapsed:0, MemberName:PopulateVirtualEntitiesActualSource, SourceFilePath:C:\__w\1\s\Framework\Adxstudio.Xrm\Caching\VirtualEntitiesCacheHelper.cs, SourceLineNumber:125, Category:Application, Message:The web api getDataSourceId for virtual entity returned empty DataSourceId, ErrorCategory:ApplicationError",
2024-01-29T11:12:27,Error,site-85de4385-0987-4ae5-9917-b7715602956d-AUse,47ed44,638421235471085330,0,7608,8,"RequestData:, RequestPath:, RequestExtension:, SessionId:, UserId:, CorrelationId:00000000-0000-0000-0000-000000000000, Elapsed:0, MemberName:PopulateVirtualEntitiesActualSource, SourceFilePath:C:\__w\1\s\Framework\Adxstudio.Xrm\Caching\VirtualEntitiesCacheHelper.cs, SourceLineNumber:125, Category:Application, Message:The web api getDataSourceId for virtual entity returned empty DataSourceId, ErrorCategory:ApplicationError",
2024-01-29T11:12:27,Error,site-85de4385-0987-4ae5-9917-b7715602956d-AUse,47ed44,638421235472335373,0,7608,8,"RequestData:, RequestPath:, RequestExtension:, SessionId:, UserId:, CorrelationId:00000000-0000-0000-0000-000000000000, Elapsed:0, MemberName:PopulateVirtualEntitiesActualSource, SourceFilePath:C:\__w\1\s\Framework\Adxstudio.Xrm\Caching\VirtualEntitiesCacheHelper.cs, SourceLineNumber:125, Category:Application, Message:The web api getDataSourceId for virtual entity returned empty DataSourceId, ErrorCategory:ApplicationError",
2024-01-29T11:12:27,Error,site-85de4385-0987-4ae5-9917-b7715602956d-AUse,47ed44,638421235473116657,0,7608,8,"RequestData:, RequestPath:, RequestExtension:, SessionId:, UserId:, CorrelationId:00000000-0000-0000-0000-000000000000, Elapsed:0, MemberName:PopulateVirtualEntitiesActualSource, SourceFilePath:C:\__w\1\s\Framework\Adxstudio.Xrm\Caching\VirtualEntitiesCacheHelper.cs, SourceLineNumber:125, Category:Application, Message:The web api getDataSourceId for virtual entity returned empty DataSourceId, ErrorCategory:ApplicationError",
2024-01-29T11:12:27,Error,site-85de4385-0987-4ae5-9917-b7715602956d-AUse,47ed44,638421235474522876,0,7608,8,"RequestData:, RequestPath:, RequestExtension:, SessionId:, UserId:, CorrelationId:00000000-0000-0000-0000-000000000000, Elapsed:0, MemberName:PopulateVirtualEntitiesActualSource, SourceFilePath:C:\__w\1\s\Framework\Adxstudio.Xrm\Caching\VirtualEntitiesCacheHelper.cs, SourceLineNumber:125, Category:Application, Message:The web api getDataSourceId for virtual entity returned empty DataSourceId, ErrorCategory:ApplicationError",
2024-01-29T11:12:27,Error,site-85de4385-0987-4ae5-9917-b7715602956d-AUse,47ed44,638421235475304163,0,7608,8,"RequestData:, RequestPath:, RequestExtension:, SessionId:, UserId:, CorrelationId:00000000-0000-0000-0000-000000000000, Elapsed:0, MemberName:PopulateVirtualEntitiesActualSource, SourceFilePath:C:\__w\1\s\Framework\Adxstudio.Xrm\Caching\VirtualEntitiesCacheHelper.cs, SourceLineNumber:125, Category:Application, Message:The web api getDataSourceId for virtual entity returned empty DataSourceId, ErrorCategory:ApplicationError",
2024-01-29T11:12:27,Error,site-85de4385-0987-4ae5-9917-b7715602956d-AUse,47ed44,638421235476085401,0,7608,8,"RequestData:, RequestPath:, RequestExtension:, SessionId:, UserId:, CorrelationId:00000000-0000-0000-0000-000000000000, Elapsed:0, MemberName:PopulateVirtualEntitiesActualSource, SourceFilePath:C:\__w\1\s\Framework\Adxstudio.Xrm\Caching\VirtualEntitiesCacheHelper.cs, SourceLineNumber:125, Category:Application, Message:The web api getDataSourceId for virtual entity returned empty DataSourceId, ErrorCategory:ApplicationError",
2024-01-29T11:12:27,Error,site-85de4385-0987-4ae5-9917-b7715602956d-AUse,47ed44,638421235476866662,0,7608,8,"RequestData:, RequestPath:, RequestExtension:, SessionId:, UserId:, CorrelationId:00000000-0000-0000-0000-000000000000, Elapsed:0, MemberName:PopulateVirtualEntitiesActualSource, SourceFilePath:C:\__w\1\s\Framework\Adxstudio.Xrm\Caching\VirtualEntitiesCacheHelper.cs, SourceLineNumber:125, Category:Application, Message:The web api getDataSourceId for virtual entity returned empty DataSourceId, ErrorCategory:ApplicationError",
2024-01-29T11:12:27,Error,site-85de4385-0987-4ae5-9917-b7715602956d-AUse,47ed44,638421235478116673,0,7608,8,"RequestData:, RequestPath:, RequestExtension:, SessionId:, UserId:, CorrelationId:00000000-0000-0000-0000-000000000000, Elapsed:0, MemberName:PopulateVirtualEntitiesActualSource, SourceFilePath:C:\__w\1\s\Framework\Adxstudio.Xrm\Caching\VirtualEntitiesCacheHelper.cs, SourceLineNumber:125, Category:Application, Message:The web api getDataSourceId for virtual entity returned empty DataSourceId, ErrorCategory:ApplicationError",
2024-01-29T11:12:27,Error,site-85de4385-0987-4ae5-9917-b7715602956d-AUse,47ed44,638421235478897923,0,7608,8,"RequestData:, RequestPath:, RequestExtension:, SessionId:, UserId:, CorrelationId:00000000-0000-0000-0000-000000000000, Elapsed:0, MemberName:PopulateVirtualEntitiesActualSource, SourceFilePath:C:\__w\1\s\Framework\Adxstudio.Xrm\Caching\VirtualEntitiesCacheHelper.cs, SourceLineNumber:125, Category:Application, Message:The web api getDataSourceId for virtual entity returned empty DataSourceId, ErrorCategory:ApplicationError",
2024-01-29T11:12:27,Error,site-85de4385-0987-4ae5-9917-b7715602956d-AUse,47ed44,638421235479522937,0,7608,8,"RequestData:, RequestPath:, RequestExtension:, SessionId:, UserId:, CorrelationId:00000000-0000-0000-0000-000000000000, Elapsed:0, MemberName:PopulateVirtualEntitiesActualSource, SourceFilePath:C:\__w\1\s\Framework\Adxstudio.Xrm\Caching\VirtualEntitiesCacheHelper.cs, SourceLineNumber:125, Category:Application, Message:The web api getDataSourceId for virtual entity returned empty DataSourceId, ErrorCategory:ApplicationError",
2024-01-29T11:12:28,Error,site-85de4385-0987-4ae5-9917-b7715602956d-AUse,47ed44,638421235480304207,0,7608,8,"RequestData:, RequestPath:, RequestExtension:, SessionId:, UserId:, CorrelationId:00000000-0000-0000-0000-000000000000, Elapsed:0, MemberName:PopulateVirtualEntitiesActualSource, SourceFilePath:C:\__w\1\s\Framework\Adxstudio.Xrm\Caching\VirtualEntitiesCacheHelper.cs, SourceLineNumber:125, Category:Application, Message:The web api getDataSourceId for virtual entity returned empty DataSourceId, ErrorCategory:ApplicationError",
2024-01-29T11:12:28,Error,site-85de4385-0987-4ae5-9917-b7715602956d-AUse,47ed44,638421235481398414,0,7608,8,"RequestData:, RequestPath:, RequestExtension:, SessionId:, UserId:, CorrelationId:00000000-0000-0000-0000-000000000000, Elapsed:0, MemberName:PopulateVirtualEntitiesActualSource, SourceFilePath:C:\__w\1\s\Framework\Adxstudio.Xrm\Caching\VirtualEntitiesCacheHelper.cs, SourceLineNumber:125, Category:Application, Message:The web api getDataSourceId for virtual entity returned empty DataSourceId, ErrorCategory:ApplicationError",
2024-01-29T11:12:28,Error,site-85de4385-0987-4ae5-9917-b7715602956d-AUse,47ed44,638421235482179218,0,7608,8,"RequestData:, RequestPath:, RequestExtension:, SessionId:, UserId:, CorrelationId:00000000-0000-0000-0000-000000000000, Elapsed:0, MemberName:PopulateVirtualEntitiesActualSource, SourceFilePath:C:\__w\1\s\Framework\Adxstudio.Xrm\Caching\VirtualEntitiesCacheHelper.cs, SourceLineNumber:125, Category:Application, Message:The web api getDataSourceId for virtual entity returned empty DataSourceId, ErrorCategory:ApplicationError",
2024-01-29T11:12:28,Error,site-85de4385-0987-4ae5-9917-b7715602956d-AUse,47ed44,638421235482960466,0,7608,8,"RequestData:, RequestPath:, RequestExtension:, SessionId:, UserId:, CorrelationId:00000000-0000-0000-0000-000000000000, Elapsed:0, MemberName:PopulateVirtualEntitiesActualSource, SourceFilePath:C:\__w\1\s\Framework\Adxstudio.Xrm\Caching\VirtualEntitiesCacheHelper.cs, SourceLineNumber:125, Category:Application, Message:The web api getDataSourceId for virtual entity returned empty DataSourceId, ErrorCategory:ApplicationError",
2024-01-29T11:12:28,Error,site-85de4385-0987-4ae5-9917-b7715602956d-AUse,47ed44,638421235484835514,0,7608,8,"RequestData:, RequestPath:, RequestExtension:, SessionId:, UserId:, CorrelationId:00000000-0000-0000-0000-000000000000, Elapsed:0, MemberName:PopulateVirtualEntitiesActualSource, SourceFilePath:C:\__w\1\s\Framework\Adxstudio.Xrm\Caching\VirtualEntitiesCacheHelper.cs, SourceLineNumber:125, Category:Application, Message:The web api getDataSourceId for virtual entity returned empty DataSourceId, ErrorCategory:ApplicationError",
2024-01-29T11:12:28,Error,site-85de4385-0987-4ae5-9917-b7715602956d-AUse,47ed44,638421235485929310,0,7608,8,"RequestData:, RequestPath:, RequestExtension:, SessionId:, UserId:, CorrelationId:00000000-0000-0000-0000-000000000000, Elapsed:0, MemberName:PopulateVirtualEntitiesActualSource, SourceFilePath:C:\__w\1\s\Framework\Adxstudio.Xrm\Caching\VirtualEntitiesCacheHelper.cs, SourceLineNumber:125, Category:Application, Message:The web api getDataSourceId for virtual entity returned empty DataSourceId, ErrorCategory:ApplicationError",
2024-01-29T11:12:28,Error,site-85de4385-0987-4ae5-9917-b7715602956d-AUse,47ed44,638421235486866788,0,7608,8,"RequestData:, RequestPath:, RequestExtension:, SessionId:, UserId:, CorrelationId:00000000-0000-0000-0000-000000000000, Elapsed:0, MemberName:PopulateVirtualEntitiesActualSource, SourceFilePath:C:\__w\1\s\Framework\Adxstudio.Xrm\Caching\VirtualEntitiesCacheHelper.cs, SourceLineNumber:125, Category:Application, Message:The web api getDataSourceId for virtual entity returned empty DataSourceId, ErrorCategory:ApplicationError",
2024-01-29T11:12:28,Error,site-85de4385-0987-4ae5-9917-b7715602956d-AUse,47ed44,638421235487804266,0,7608,8,"RequestData:, RequestPath:, RequestExtension:, SessionId:, UserId:, CorrelationId:00000000-0000-0000-0000-000000000000, Elapsed:0, MemberName:PopulateVirtualEntitiesActualSource, SourceFilePath:C:\__w\1\s\Framework\Adxstudio.Xrm\Caching\VirtualEntitiesCacheHelper.cs, SourceLineNumber:125, Category:Application, Message:The web api getDataSourceId for virtual entity returned empty DataSourceId, ErrorCategory:ApplicationError",
2024-01-29T11:12:28,Error,site-85de4385-0987-4ae5-9917-b7715602956d-AUse,47ed44,638421235489210550,0,7608,8,"RequestData:, RequestPath:, RequestExtension:, SessionId:, UserId:, CorrelationId:00000000-0000-0000-0000-000000000000, Elapsed:0, MemberName:PopulateVirtualEntitiesActualSource, SourceFilePath:C:\__w\1\s\Framework\Adxstudio.Xrm\Caching\VirtualEntitiesCacheHelper.cs, SourceLineNumber:125, Category:Application, Message:The web api getDataSourceId for virtual entity returned empty DataSourceId, ErrorCategory:ApplicationError",
2024-01-29T11:12:29,Error,site-85de4385-0987-4ae5-9917-b7715602956d-AUse,47ed44,638421235491866863,0,7608,8,"RequestData:, RequestPath:, RequestExtension:, SessionId:, UserId:, CorrelationId:00000000-0000-0000-0000-000000000000, Elapsed:0, MemberName:PopulateVirtualEntitiesActualSource, SourceFilePath:C:\__w\1\s\Framework\Adxstudio.Xrm\Caching\VirtualEntitiesCacheHelper.cs, SourceLineNumber:125, Category:Application, Message:The web api getDataSourceId for virtual entity returned empty DataSourceId, ErrorCategory:ApplicationError",
2024-01-29T11:12:29,Error,site-85de4385-0987-4ae5-9917-b7715602956d-AUse,47ed44,638421235493429370,0,7608,8,"RequestData:, RequestPath:, RequestExtension:, SessionId:, UserId:, CorrelationId:00000000-0000-0000-0000-000000000000, Elapsed:0, MemberName:PopulateVirtualEntitiesActualSource, SourceFilePath:C:\__w\1\s\Framework\Adxstudio.Xrm\Caching\VirtualEntitiesCacheHelper.cs, SourceLineNumber:125, Category:Application, Message:The web api getDataSourceId for virtual entity returned empty DataSourceId, ErrorCategory:ApplicationError",
2024-01-29T11:12:29,Error,site-85de4385-0987-4ae5-9917-b7715602956d-AUse,47ed44,638421235494835620,0,7608,8,"RequestData:, RequestPath:, RequestExtension:, SessionId:, UserId:, CorrelationId:00000000-0000-0000-0000-000000000000, Elapsed:0, MemberName:PopulateVirtualEntitiesActualSource, SourceFilePath:C:\__w\1\s\Framework\Adxstudio.Xrm\Caching\VirtualEntitiesCacheHelper.cs, SourceLineNumber:125, Category:Application, Message:The web api getDataSourceId for virtual entity returned empty DataSourceId, ErrorCategory:ApplicationError",
2024-01-29T11:12:29,Error,site-85de4385-0987-4ae5-9917-b7715602956d-AUse,47ed44,638421235496710656,0,7608,8,"RequestData:, RequestPath:, RequestExtension:, SessionId:, UserId:, CorrelationId:00000000-0000-0000-0000-000000000000, Elapsed:0, MemberName:PopulateVirtualEntitiesActualSource, SourceFilePath:C:\__w\1\s\Framework\Adxstudio.Xrm\Caching\VirtualEntitiesCacheHelper.cs, SourceLineNumber:125, Category:Application, Message:The web api getDataSourceId for virtual entity returned empty DataSourceId, ErrorCategory:ApplicationError",
2024-01-29T11:12:31,Error,site-85de4385-0987-4ae5-9917-b7715602956d-AUse,47ed44,638421235512960811,0,7608,8,"RequestData:, RequestPath:, RequestExtension:, SessionId:, UserId:, CorrelationId:00000000-0000-0000-0000-000000000000, Elapsed:0, MemberName:PopulateVirtualEntitiesActualSource, SourceFilePath:C:\__w\1\s\Framework\Adxstudio.Xrm\Caching\VirtualEntitiesCacheHelper.cs, SourceLineNumber:125, Category:Application, Message:The web api getDataSourceId for virtual entity returned empty DataSourceId, ErrorCategory:ApplicationError",
2024-01-29T11:12:31,Error,site-85de4385-0987-4ae5-9917-b7715602956d-AUse,47ed44,638421235515460832,0,7608,8,"RequestData:, RequestPath:, RequestExtension:, SessionId:, UserId:, CorrelationId:00000000-0000-0000-0000-000000000000, Elapsed:0, MemberName:PopulateVirtualEntitiesActualSource, SourceFilePath:C:\__w\1\s\Framework\Adxstudio.Xrm\Caching\VirtualEntitiesCacheHelper.cs, SourceLineNumber:125, Category:Application, Message:The web api getDataSourceId for virtual entity returned empty DataSourceId, ErrorCategory:ApplicationError",
2024-01-29T11:12:32,Error,site-85de4385-0987-4ae5-9917-b7715602956d-AUse,47ed44,638421235522648486,0,7608,8,"RequestData:, RequestPath:, RequestExtension:, SessionId:, UserId:, CorrelationId:00000000-0000-0000-0000-000000000000, Elapsed:0, MemberName:PopulateVirtualEntitiesActualSource, SourceFilePath:C:\__w\1\s\Framework\Adxstudio.Xrm\Caching\VirtualEntitiesCacheHelper.cs, SourceLineNumber:125, Category:Application, Message:The web api getDataSourceId for virtual entity returned empty DataSourceId, ErrorCategory:ApplicationError",
2024-01-29T11:12:41,Error,site-85de4385-0987-4ae5-9917-b7715602956d-AUse,47ed44,638421235614367866,0,7608,13,"RequestData:, RequestPath:, RequestExtension:, SessionId:, UserId:, CorrelationId:00000000-0000-0000-0000-000000000000, Elapsed:0, RequestMethod:, RequestContentType:, RequestAccept:, RequestCacheControl:, UserAgent:, HandlerName:, HandlerExecuted:False, VaryByCustom:, MemberName:OnSubscriptionErrorAsync, SourceFilePath:C:\__w\1\s\Framework\Adxstudio.Xrm\AspNet\PortalBus\AppDataPortalBusProvider.cs, SourceLineNumber:186, ExceptionMessage:Access is denied
System.ComponentModel.Win32Exception




, EventData:Subscription error: SubscriptionPath: 47ed4454503496bc155d9516df80033e0e5b75aa1e700298afc6a2941eb48a75-7608, Category:PortalBus, ErrorCategory:ApplicationError",
