date,level,applicationName,instanceId,eventTickCount,eventId,pid,tid,message,activityId
2024-03-07T14:37:33,Error,site-85de4385-0987-4ae5-9917-b7715602956d-AUse,bbca91,638454190532509029,0,331032,127,"RequestData:, RequestPath:, RequestExtension:, SessionId:, UserId:, CorrelationId:44a53f1b-a9f6-4478-9ce7-8056f26e9989, Elapsed:0, RequestMethod:, RequestContentType:, RequestAccept:, RequestCacheControl:, UserAgent:, HandlerName:, HandlerExecuted:False, VaryByCustom:, MemberName:InvokeFuntion, SourceFilePath:C:\__w\1\s\Framework\Adxstudio.Xrm\Services\Pooling\Dataverse\PoolableDataverseConnection.cs, SourceLineNumber:211, ExceptionMessage:The underlying connection was closed: A connection that was expected to be kept alive was closed by the server.
System.ServiceModel.CommunicationException

Server stack trace: 
   at System.ServiceModel.Channels.HttpChannelUtilities.ProcessGetResponseWebException(WebException webException, HttpWebRequest request, HttpAbortReason abortReason)
   at System.ServiceModel.Channels.HttpChannelFactory`1.HttpRequestChannel.HttpChannelRequest.WaitForReply(TimeSpan timeout)
   at System.ServiceModel.Channels.RequestChannel.Request(Message message, TimeSpan timeout)
   at System.ServiceModel.Dispatcher.RequestChannelBinder.Request(Message message, TimeSpan timeout)
   at System.ServiceModel.Channels.ServiceChannel.Call(String action, Boolean oneway, ProxyOperationRuntime operation, Object[] ins, Object[] outs, TimeSpan timeout)
   at System.ServiceModel.Channels.ServiceChannelProxy.InvokeService(IMethodCallMessage methodCall, ProxyOperationRuntime operation)
   at System.ServiceModel.Channels.ServiceChannelProxy.Invoke(IMessage message)

Exception rethrown at [0]: 
   at Microsoft.Xrm.Tooling.Connector.CrmServiceClient.Execute(OrganizationRequest request)
   at Adxstudio.Xrm.Services.Pooling.Dataverse.PoolableDataverseConnection.InvokeFuntion[TResult](Func`1 function) in C:\__w\1\s\Framework\Adxstudio.Xrm\Services\Pooling\Dataverse\PoolableDataverseConnection.cs:line 206

mscorlib

The underlying connection was closed: A connection that was expected to be kept alive was closed by the server.
System.Net.WebException
   at System.Net.HttpWebRequest.GetResponse()
   at System.ServiceModel.Channels.HttpChannelFactory`1.HttpRequestChannel.HttpChannelRequest.WaitForReply(TimeSpan timeout)

System

Unable to read data from the transport **redacted** connection attempt failed because the connected party did not properly respond after a period of time, or established connection failed because connected host has failed to respond.
System.IO.IOException
   at System.Net.Sockets.NetworkStream.Read(Byte[] buffer, Int32 offset, Int32 size)
   at System.Net.FixedSizeReader.ReadPacket(Byte[] buffer, Int32 offset, Int32 count)
   at System.Net.Security._SslStream.StartFrameHeader(Byte[] buffer, Int32 offset, Int32 count, AsyncProtocolRequest asyncRequest)
   at System.Net.Security._SslStream.StartReading(Byte[] buffer, Int32 offset, Int32 count, AsyncProtocolRequest asyncRequest)
   at System.Net.Security._SslStream.ProcessRead(Byte[] buffer, Int32 offset, Int32 count, AsyncProtocolRequest asyncRequest)
   at System.Net.TlsStream.Read(Byte[] buffer, Int32 offset, Int32 size)
   at System.Net.PooledStream.Read(Byte[] buffer, Int32 offset, Int32 size)
   at System.Net.Connection.SyncRead(HttpWebRequest request, Boolean userRetrievedStream, Boolean probeRead)

System

A connection attempt failed because the connected party did not properly respond after a period of time, or established connection failed because connected host has failed to respond
System.Net.Sockets.SocketException
   at System.Net.Sockets.NetworkStream.Read(Byte[] buffer, Int32 offset, Int32 size)

System

, EventData:Error occured while making Dataverse Call, Category:Application, ErrorCategory:ApplicationError",
2024-03-07T14:39:21,Error,site-85de4385-0987-4ae5-9917-b7715602956d-AUse,bbca91,638454191616350368,0,331032,29,"RequestData:, RequestPath:, RequestExtension:, SessionId:, UserId:, CorrelationId:a1107348-acd3-4bc9-8b09-95f964babf89, Elapsed:0, RequestMethod:, RequestContentType:, RequestAccept:, RequestCacheControl:, UserAgent:, HandlerName:, HandlerExecuted:False, VaryByCustom:, MemberName:InvokeFuntion, SourceFilePath:C:\__w\1\s\Framework\Adxstudio.Xrm\Services\Pooling\Dataverse\PoolableDataverseConnection.cs, SourceLineNumber:211, ExceptionMessage:The underlying connection was closed: A connection that was expected to be kept alive was closed by the server.
System.ServiceModel.CommunicationException

Server stack trace: 
   at System.ServiceModel.Channels.HttpChannelUtilities.ProcessGetResponseWebException(WebException webException, HttpWebRequest request, HttpAbortReason abortReason)
   at System.ServiceModel.Channels.HttpChannelFactory`1.HttpRequestChannel.HttpChannelRequest.WaitForReply(TimeSpan timeout)
   at System.ServiceModel.Channels.RequestChannel.Request(Message message, TimeSpan timeout)
   at System.ServiceModel.Dispatcher.RequestChannelBinder.Request(Message message, TimeSpan timeout)
   at System.ServiceModel.Channels.ServiceChannel.Call(String action, Boolean oneway, ProxyOperationRuntime operation, Object[] ins, Object[] outs, TimeSpan timeout)
   at System.ServiceModel.Channels.ServiceChannelProxy.InvokeService(IMethodCallMessage methodCall, ProxyOperationRuntime operation)
   at System.ServiceModel.Channels.ServiceChannelProxy.Invoke(IMessage message)

Exception rethrown at [0]: 
   at Microsoft.Xrm.Tooling.Connector.CrmServiceClient.Execute(OrganizationRequest request)
   at Adxstudio.Xrm.Services.Pooling.Dataverse.PoolableDataverseConnection.InvokeFuntion[TResult](Func`1 function) in C:\__w\1\s\Framework\Adxstudio.Xrm\Services\Pooling\Dataverse\PoolableDataverseConnection.cs:line 206

mscorlib

The underlying connection was closed: A connection that was expected to be kept alive was closed by the server.
System.Net.WebException
   at System.Net.HttpWebRequest.GetResponse()
   at System.ServiceModel.Channels.HttpChannelFactory`1.HttpRequestChannel.HttpChannelRequest.WaitForReply(TimeSpan timeout)

System

Unable to read data from the transport **redacted** connection attempt failed because the connected party did not properly respond after a period of time, or established connection failed because connected host has failed to respond.
System.IO.IOException
   at System.Net.Sockets.NetworkStream.Read(Byte[] buffer, Int32 offset, Int32 size)
   at System.Net.FixedSizeReader.ReadPacket(Byte[] buffer, Int32 offset, Int32 count)
   at System.Net.Security._SslStream.StartFrameHeader(Byte[] buffer, Int32 offset, Int32 count, AsyncProtocolRequest asyncRequest)
   at System.Net.Security._SslStream.StartReading(Byte[] buffer, Int32 offset, Int32 count, AsyncProtocolRequest asyncRequest)
   at System.Net.Security._SslStream.ProcessRead(Byte[] buffer, Int32 offset, Int32 count, AsyncProtocolRequest asyncRequest)
   at System.Net.TlsStream.Read(Byte[] buffer, Int32 offset, Int32 size)
   at System.Net.PooledStream.Read(Byte[] buffer, Int32 offset, Int32 size)
   at System.Net.Connection.SyncRead(HttpWebRequest request, Boolean userRetrievedStream, Boolean probeRead)

System

A connection attempt failed because the connected party did not properly respond after a period of time, or established connection failed because connected host has failed to respond
System.Net.Sockets.SocketException
   at System.Net.Sockets.NetworkStream.Read(Byte[] buffer, Int32 offset, Int32 size)

System

, EventData:Error occured while making Dataverse Call, Category:Application, ErrorCategory:ApplicationError",
