date,level,applicationName,instanceId,eventTickCount,eventId,pid,tid,message,activityId
2024-03-06T17:04:58,Error,site-85de4385-0987-4ae5-9917-b7715602956d-AUe,0cce7d,638453414985682430,0,242828,186,"RequestData:, RequestPath:/_portal/modal-form-template-path/40096e18-22f9-ed11-8f6e-00224893bfba, RequestExtension:, SessionId:, UserId:VcWE8oQ1w3K22dzvcouc-0SwoJnLwykiQGHIqTdRAnfpawpulW_-nSfKDxNUrz428bAQNcMW-KaTn9vYouhd86ZTERwX4-YbR09LDyLdJ3dzy03MZirxdu4dG5MmFFv0TKd7P5E2g4DiJ8H8v1AF_Q2, CorrelationId:32ad62d8-7e87-45dc-ad73-830f073f3c46, Elapsed:428.8776, MemberName:PopulateReferenceEntityField, SourceFilePath:C:\__w\1\s\Framework\Adxstudio.Xrm\Web\UI\WebControls\EntityForm.cs, SourceLineNumber:2506, Category:EntityForm, Message:id provided in the query string is not a valid guid., ErrorCategory:UserError",400002cd-0800-de00-b63f-84710c7967bb
2024-03-06T17:06:39,Error,site-85de4385-0987-4ae5-9917-b7715602956d-AUe,0cce7d,638453415994323642,0,242828,26,"RequestData:, RequestPath:/_portal/modal-form-template-path/40096e18-22f9-ed11-8f6e-00224893bfba, RequestExtension:, SessionId:, UserId:VcWE8oQ1w3K22dzvcouc-0SwoJnLwykiQGHIqTdRAnfpawpulW_-nSfKDxNUrz428bAQNcMW-KaTn9vYouhd86ZTERwX4-YbR09LDyLdJ3dzy03MZirxdu4dG5MmFFv0TKd7P5E2g4DiJ8H8v1AF_Q2, CorrelationId:a2ede2e3-72f0-441a-bae4-e167ad7adb30, Elapsed:209.036, MemberName:PopulateReferenceEntityField, SourceFilePath:C:\__w\1\s\Framework\Adxstudio.Xrm\Web\UI\WebControls\EntityForm.cs, SourceLineNumber:2506, Category:EntityForm, Message:id provided in the query string is not a valid guid., ErrorCategory:UserError",400063dc-0001-9000-b63f-84710c7967bb
2024-03-06T17:22:23,Error,site-85de4385-0987-4ae5-9917-b7715602956d-AUe,0cce7d,638453425437275383,0,242828,41,"RequestData:, RequestPath:/_portal/modal-form-template-path/40096e18-22f9-ed11-8f6e-00224893bfba, RequestExtension:, SessionId:, UserId:VcWE8oQ1w3K22dzvcouc-0SwoJnLwykiQGHIqTdRAnfpawpulW_-nSfKDxNUrz428bAQNcMW-KaTn9vYouhd86ZTERwX4-YbR09LDyLdJ3dzy03MZirxdu4dG5MmFFv0TKd7P5E2g4DiJ8H8v1AF_Q2, CorrelationId:efdcfdd7-ab4b-4abc-8818-0649231b2f43, Elapsed:1027.5489, MemberName:PopulateReferenceEntityField, SourceFilePath:C:\__w\1\s\Framework\Adxstudio.Xrm\Web\UI\WebControls\EntityForm.cs, SourceLineNumber:2506, Category:EntityForm, Message:id provided in the query string is not a valid guid., ErrorCategory:UserError",40000243-0000-0500-b63f-84710c7967bb
2024-03-06T17:26:09,Error,site-85de4385-0987-4ae5-9917-b7715602956d-AUe,0cce7d,638453427698471060,0,242828,85,"RequestData:, RequestPath:/_portal/modal-form-template-path/40096e18-22f9-ed11-8f6e-00224893bfba, RequestExtension:, SessionId:, UserId:11KWF1WrQ_tOMl5DlpeZnSoPNKbiZYXYy0Achvoju_qSiCPHVw0m4TqnEYVqJGa3sdJ7NpPSSZCWa2pD3fj3S8JpGxJev7y9HjAPKUeGJ_zzhmTaX0VdNvTf9r324dYTB7jRLYOcv5eAaWvdLL-hLA2, CorrelationId:0d6a8bcd-c0d9-4a7d-aa6d-6698a5ef106f, Elapsed:498.2784, MemberName:PopulateReferenceEntityField, SourceFilePath:C:\__w\1\s\Framework\Adxstudio.Xrm\Web\UI\WebControls\EntityForm.cs, SourceLineNumber:2506, Category:EntityForm, Message:id provided in the query string is not a valid guid., ErrorCategory:UserError",40007e9e-0000-2e00-b63f-84710c7967bb
