date,level,applicationName,instanceId,eventTickCount,eventId,pid,tid,message,activityId
2024-01-29T10:46:28,Error,site-85de4385-0987-4ae5-9917-b7715602956d-AUe,05efbb,638421219880658409,0,434848,130,"RequestData:, RequestPath:/_services/about, RequestExtension:, SessionId:, UserId:VcWE8oQ1w3K22dzvcouc-0SwoJnLwykiQGHIqTdRAnfpawpulW_-nSfKDxNUrz428bAQNcMW-KaTn9vYouhd86ZTERwX4-YbR09LDyLdJ3dzy03MZirxdu4dG5MmFFv0TKd7P5E2g4DiJ8H8v1AF_Q2, CorrelationId:13994b71-c711-4047-a8a1-544c4948d6ce, Elapsed:355.4429, MemberName:PopulateVirtualEntitiesActualSource, SourceFilePath:C:\__w\1\s\Framework\Adxstudio.Xrm\Caching\VirtualEntitiesCacheHelper.cs, SourceLineNumber:125, Category:Application, Message:The web api getDataSourceId for virtual entity returned empty DataSourceId, ErrorCategory:ApplicationError",800061cb-0001-9600-b63f-84710c7967bb
2024-01-29T10:46:28,Error,site-85de4385-0987-4ae5-9917-b7715602956d-AUe,05efbb,638421219881128178,0,434848,130,"RequestData:, RequestPath:/_services/about, RequestExtension:, SessionId:, UserId:VcWE8oQ1w3K22dzvcouc-0SwoJnLwykiQGHIqTdRAnfpawpulW_-nSfKDxNUrz428bAQNcMW-KaTn9vYouhd86ZTERwX4-YbR09LDyLdJ3dzy03MZirxdu4dG5MmFFv0TKd7P5E2g4DiJ8H8v1AF_Q2, CorrelationId:13994b71-c711-4047-a8a1-544c4948d6ce, Elapsed:407.6075, MemberName:PopulateVirtualEntitiesActualSource, SourceFilePath:C:\__w\1\s\Framework\Adxstudio.Xrm\Caching\VirtualEntitiesCacheHelper.cs, SourceLineNumber:125, Category:Application, Message:The web api getDataSourceId for virtual entity returned empty DataSourceId, ErrorCategory:ApplicationError",800061cb-0001-9600-b63f-84710c7967bb
2024-01-29T10:46:28,Error,site-85de4385-0987-4ae5-9917-b7715602956d-AUe,05efbb,638421219881752786,0,434848,130,"RequestData:, RequestPath:/_services/about, RequestExtension:, SessionId:, UserId:VcWE8oQ1w3K22dzvcouc-0SwoJnLwykiQGHIqTdRAnfpawpulW_-nSfKDxNUrz428bAQNcMW-KaTn9vYouhd86ZTERwX4-YbR09LDyLdJ3dzy03MZirxdu4dG5MmFFv0TKd7P5E2g4DiJ8H8v1AF_Q2, CorrelationId:13994b71-c711-4047-a8a1-544c4948d6ce, Elapsed:464.6894, MemberName:PopulateVirtualEntitiesActualSource, SourceFilePath:C:\__w\1\s\Framework\Adxstudio.Xrm\Caching\VirtualEntitiesCacheHelper.cs, SourceLineNumber:125, Category:Application, Message:The web api getDataSourceId for virtual entity returned empty DataSourceId, ErrorCategory:ApplicationError",800061cb-0001-9600-b63f-84710c7967bb
2024-01-29T10:46:28,Error,site-85de4385-0987-4ae5-9917-b7715602956d-AUe,05efbb,638421219882221544,0,434848,130,"RequestData:, RequestPath:/_services/about, RequestExtension:, SessionId:, UserId:VcWE8oQ1w3K22dzvcouc-0SwoJnLwykiQGHIqTdRAnfpawpulW_-nSfKDxNUrz428bAQNcMW-KaTn9vYouhd86ZTERwX4-YbR09LDyLdJ3dzy03MZirxdu4dG5MmFFv0TKd7P5E2g4DiJ8H8v1AF_Q2, CorrelationId:13994b71-c711-4047-a8a1-544c4948d6ce, Elapsed:516.4957, MemberName:PopulateVirtualEntitiesActualSource, SourceFilePath:C:\__w\1\s\Framework\Adxstudio.Xrm\Caching\VirtualEntitiesCacheHelper.cs, SourceLineNumber:125, Category:Application, Message:The web api getDataSourceId for virtual entity returned empty DataSourceId, ErrorCategory:ApplicationError",800061cb-0001-9600-b63f-84710c7967bb
2024-01-29T10:46:28,Error,site-85de4385-0987-4ae5-9917-b7715602956d-AUe,05efbb,638421219882846909,0,434848,130,"RequestData:, RequestPath:/_services/about, RequestExtension:, SessionId:, UserId:VcWE8oQ1w3K22dzvcouc-0SwoJnLwykiQGHIqTdRAnfpawpulW_-nSfKDxNUrz428bAQNcMW-KaTn9vYouhd86ZTERwX4-YbR09LDyLdJ3dzy03MZirxdu4dG5MmFFv0TKd7P5E2g4DiJ8H8v1AF_Q2, CorrelationId:13994b71-c711-4047-a8a1-544c4948d6ce, Elapsed:568.5057, MemberName:PopulateVirtualEntitiesActualSource, SourceFilePath:C:\__w\1\s\Framework\Adxstudio.Xrm\Caching\VirtualEntitiesCacheHelper.cs, SourceLineNumber:125, Category:Application, Message:The web api getDataSourceId for virtual entity returned empty DataSourceId, ErrorCategory:ApplicationError",800061cb-0001-9600-b63f-84710c7967bb
2024-01-29T10:46:28,Error,site-85de4385-0987-4ae5-9917-b7715602956d-AUe,05efbb,638421219883315742,0,434848,130,"RequestData:, RequestPath:/_services/about, RequestExtension:, SessionId:, UserId:VcWE8oQ1w3K22dzvcouc-0SwoJnLwykiQGHIqTdRAnfpawpulW_-nSfKDxNUrz428bAQNcMW-KaTn9vYouhd86ZTERwX4-YbR09LDyLdJ3dzy03MZirxdu4dG5MmFFv0TKd7P5E2g4DiJ8H8v1AF_Q2, CorrelationId:13994b71-c711-4047-a8a1-544c4948d6ce, Elapsed:621.5039, MemberName:PopulateVirtualEntitiesActualSource, SourceFilePath:C:\__w\1\s\Framework\Adxstudio.Xrm\Caching\VirtualEntitiesCacheHelper.cs, SourceLineNumber:125, Category:Application, Message:The web api getDataSourceId for virtual entity returned empty DataSourceId, ErrorCategory:ApplicationError",800061cb-0001-9600-b63f-84710c7967bb
2024-01-29T10:46:28,Error,site-85de4385-0987-4ae5-9917-b7715602956d-AUe,05efbb,638421219883784152,0,434848,130,"RequestData:, RequestPath:/_services/about, RequestExtension:, SessionId:, UserId:VcWE8oQ1w3K22dzvcouc-0SwoJnLwykiQGHIqTdRAnfpawpulW_-nSfKDxNUrz428bAQNcMW-KaTn9vYouhd86ZTERwX4-YbR09LDyLdJ3dzy03MZirxdu4dG5MmFFv0TKd7P5E2g4DiJ8H8v1AF_Q2, CorrelationId:13994b71-c711-4047-a8a1-544c4948d6ce, Elapsed:670.742, MemberName:PopulateVirtualEntitiesActualSource, SourceFilePath:C:\__w\1\s\Framework\Adxstudio.Xrm\Caching\VirtualEntitiesCacheHelper.cs, SourceLineNumber:125, Category:Application, Message:The web api getDataSourceId for virtual entity returned empty DataSourceId, ErrorCategory:ApplicationError",800061cb-0001-9600-b63f-84710c7967bb
2024-01-29T10:46:28,Error,site-85de4385-0987-4ae5-9917-b7715602956d-AUe,05efbb,638421219884253296,0,434848,130,"RequestData:, RequestPath:/_services/about, RequestExtension:, SessionId:, UserId:VcWE8oQ1w3K22dzvcouc-0SwoJnLwykiQGHIqTdRAnfpawpulW_-nSfKDxNUrz428bAQNcMW-KaTn9vYouhd86ZTERwX4-YbR09LDyLdJ3dzy03MZirxdu4dG5MmFFv0TKd7P5E2g4DiJ8H8v1AF_Q2, CorrelationId:13994b71-c711-4047-a8a1-544c4948d6ce, Elapsed:720.0229, MemberName:PopulateVirtualEntitiesActualSource, SourceFilePath:C:\__w\1\s\Framework\Adxstudio.Xrm\Caching\VirtualEntitiesCacheHelper.cs, SourceLineNumber:125, Category:Application, Message:The web api getDataSourceId for virtual entity returned empty DataSourceId, ErrorCategory:ApplicationError",800061cb-0001-9600-b63f-84710c7967bb
2024-01-29T10:46:28,Error,site-85de4385-0987-4ae5-9917-b7715602956d-AUe,05efbb,638421219884877437,0,434848,130,"RequestData:, RequestPath:/_services/about, RequestExtension:, SessionId:, UserId:VcWE8oQ1w3K22dzvcouc-0SwoJnLwykiQGHIqTdRAnfpawpulW_-nSfKDxNUrz428bAQNcMW-KaTn9vYouhd86ZTERwX4-YbR09LDyLdJ3dzy03MZirxdu4dG5MmFFv0TKd7P5E2g4DiJ8H8v1AF_Q2, CorrelationId:13994b71-c711-4047-a8a1-544c4948d6ce, Elapsed:777.172, MemberName:PopulateVirtualEntitiesActualSource, SourceFilePath:C:\__w\1\s\Framework\Adxstudio.Xrm\Caching\VirtualEntitiesCacheHelper.cs, SourceLineNumber:125, Category:Application, Message:The web api getDataSourceId for virtual entity returned empty DataSourceId, ErrorCategory:ApplicationError",800061cb-0001-9600-b63f-84710c7967bb
2024-01-29T10:46:28,Error,site-85de4385-0987-4ae5-9917-b7715602956d-AUe,05efbb,638421219885502475,0,434848,130,"RequestData:, RequestPath:/_services/about, RequestExtension:, SessionId:, UserId:VcWE8oQ1w3K22dzvcouc-0SwoJnLwykiQGHIqTdRAnfpawpulW_-nSfKDxNUrz428bAQNcMW-KaTn9vYouhd86ZTERwX4-YbR09LDyLdJ3dzy03MZirxdu4dG5MmFFv0TKd7P5E2g4DiJ8H8v1AF_Q2, CorrelationId:13994b71-c711-4047-a8a1-544c4948d6ce, Elapsed:831.9008, MemberName:PopulateVirtualEntitiesActualSource, SourceFilePath:C:\__w\1\s\Framework\Adxstudio.Xrm\Caching\VirtualEntitiesCacheHelper.cs, SourceLineNumber:125, Category:Application, Message:The web api getDataSourceId for virtual entity returned empty DataSourceId, ErrorCategory:ApplicationError",800061cb-0001-9600-b63f-84710c7967bb
2024-01-29T10:46:28,Error,site-85de4385-0987-4ae5-9917-b7715602956d-AUe,05efbb,638421219885971294,0,434848,130,"RequestData:, RequestPath:/_services/about, RequestExtension:, SessionId:, UserId:VcWE8oQ1w3K22dzvcouc-0SwoJnLwykiQGHIqTdRAnfpawpulW_-nSfKDxNUrz428bAQNcMW-KaTn9vYouhd86ZTERwX4-YbR09LDyLdJ3dzy03MZirxdu4dG5MmFFv0TKd7P5E2g4DiJ8H8v1AF_Q2, CorrelationId:13994b71-c711-4047-a8a1-544c4948d6ce, Elapsed:885.1071, MemberName:PopulateVirtualEntitiesActualSource, SourceFilePath:C:\__w\1\s\Framework\Adxstudio.Xrm\Caching\VirtualEntitiesCacheHelper.cs, SourceLineNumber:125, Category:Application, Message:The web api getDataSourceId for virtual entity returned empty DataSourceId, ErrorCategory:ApplicationError",800061cb-0001-9600-b63f-84710c7967bb
2024-01-29T10:46:28,Error,site-85de4385-0987-4ae5-9917-b7715602956d-AUe,05efbb,638421219886440054,0,434848,130,"RequestData:, RequestPath:/_services/about, RequestExtension:, SessionId:, UserId:VcWE8oQ1w3K22dzvcouc-0SwoJnLwykiQGHIqTdRAnfpawpulW_-nSfKDxNUrz428bAQNcMW-KaTn9vYouhd86ZTERwX4-YbR09LDyLdJ3dzy03MZirxdu4dG5MmFFv0TKd7P5E2g4DiJ8H8v1AF_Q2, CorrelationId:13994b71-c711-4047-a8a1-544c4948d6ce, Elapsed:938.5203, MemberName:PopulateVirtualEntitiesActualSource, SourceFilePath:C:\__w\1\s\Framework\Adxstudio.Xrm\Caching\VirtualEntitiesCacheHelper.cs, SourceLineNumber:125, Category:Application, Message:The web api getDataSourceId for virtual entity returned empty DataSourceId, ErrorCategory:ApplicationError",800061cb-0001-9600-b63f-84710c7967bb
2024-01-29T10:46:28,Error,site-85de4385-0987-4ae5-9917-b7715602956d-AUe,05efbb,638421219887065096,0,434848,130,"RequestData:, RequestPath:/_services/about, RequestExtension:, SessionId:, UserId:VcWE8oQ1w3K22dzvcouc-0SwoJnLwykiQGHIqTdRAnfpawpulW_-nSfKDxNUrz428bAQNcMW-KaTn9vYouhd86ZTERwX4-YbR09LDyLdJ3dzy03MZirxdu4dG5MmFFv0TKd7P5E2g4DiJ8H8v1AF_Q2, CorrelationId:13994b71-c711-4047-a8a1-544c4948d6ce, Elapsed:996.275, MemberName:PopulateVirtualEntitiesActualSource, SourceFilePath:C:\__w\1\s\Framework\Adxstudio.Xrm\Caching\VirtualEntitiesCacheHelper.cs, SourceLineNumber:125, Category:Application, Message:The web api getDataSourceId for virtual entity returned empty DataSourceId, ErrorCategory:ApplicationError",800061cb-0001-9600-b63f-84710c7967bb
2024-01-29T10:46:28,Error,site-85de4385-0987-4ae5-9917-b7715602956d-AUe,05efbb,638421219887533896,0,434848,130,"RequestData:, RequestPath:/_services/about, RequestExtension:, SessionId:, UserId:VcWE8oQ1w3K22dzvcouc-0SwoJnLwykiQGHIqTdRAnfpawpulW_-nSfKDxNUrz428bAQNcMW-KaTn9vYouhd86ZTERwX4-YbR09LDyLdJ3dzy03MZirxdu4dG5MmFFv0TKd7P5E2g4DiJ8H8v1AF_Q2, CorrelationId:13994b71-c711-4047-a8a1-544c4948d6ce, Elapsed:1046.5136, MemberName:PopulateVirtualEntitiesActualSource, SourceFilePath:C:\__w\1\s\Framework\Adxstudio.Xrm\Caching\VirtualEntitiesCacheHelper.cs, SourceLineNumber:125, Category:Application, Message:The web api getDataSourceId for virtual entity returned empty DataSourceId, ErrorCategory:ApplicationError",800061cb-0001-9600-b63f-84710c7967bb
2024-01-29T10:46:28,Error,site-85de4385-0987-4ae5-9917-b7715602956d-AUe,05efbb,638421219888003360,0,434848,130,"RequestData:, RequestPath:/_services/about, RequestExtension:, SessionId:, UserId:VcWE8oQ1w3K22dzvcouc-0SwoJnLwykiQGHIqTdRAnfpawpulW_-nSfKDxNUrz428bAQNcMW-KaTn9vYouhd86ZTERwX4-YbR09LDyLdJ3dzy03MZirxdu4dG5MmFFv0TKd7P5E2g4DiJ8H8v1AF_Q2, CorrelationId:13994b71-c711-4047-a8a1-544c4948d6ce, Elapsed:1094.408, MemberName:PopulateVirtualEntitiesActualSource, SourceFilePath:C:\__w\1\s\Framework\Adxstudio.Xrm\Caching\VirtualEntitiesCacheHelper.cs, SourceLineNumber:125, Category:Application, Message:The web api getDataSourceId for virtual entity returned empty DataSourceId, ErrorCategory:ApplicationError",800061cb-0001-9600-b63f-84710c7967bb
2024-01-29T10:46:28,Error,site-85de4385-0987-4ae5-9917-b7715602956d-AUe,05efbb,638421219888628352,0,434848,130,"RequestData:, RequestPath:/_services/about, RequestExtension:, SessionId:, UserId:VcWE8oQ1w3K22dzvcouc-0SwoJnLwykiQGHIqTdRAnfpawpulW_-nSfKDxNUrz428bAQNcMW-KaTn9vYouhd86ZTERwX4-YbR09LDyLdJ3dzy03MZirxdu4dG5MmFFv0TKd7P5E2g4DiJ8H8v1AF_Q2, CorrelationId:13994b71-c711-4047-a8a1-544c4948d6ce, Elapsed:1143.7485, MemberName:PopulateVirtualEntitiesActualSource, SourceFilePath:C:\__w\1\s\Framework\Adxstudio.Xrm\Caching\VirtualEntitiesCacheHelper.cs, SourceLineNumber:125, Category:Application, Message:The web api getDataSourceId for virtual entity returned empty DataSourceId, ErrorCategory:ApplicationError",800061cb-0001-9600-b63f-84710c7967bb
2024-01-29T10:46:28,Error,site-85de4385-0987-4ae5-9917-b7715602956d-AUe,05efbb,638421219889097080,0,434848,130,"RequestData:, RequestPath:/_services/about, RequestExtension:, SessionId:, UserId:VcWE8oQ1w3K22dzvcouc-0SwoJnLwykiQGHIqTdRAnfpawpulW_-nSfKDxNUrz428bAQNcMW-KaTn9vYouhd86ZTERwX4-YbR09LDyLdJ3dzy03MZirxdu4dG5MmFFv0TKd7P5E2g4DiJ8H8v1AF_Q2, CorrelationId:13994b71-c711-4047-a8a1-544c4948d6ce, Elapsed:1193.7818, MemberName:PopulateVirtualEntitiesActualSource, SourceFilePath:C:\__w\1\s\Framework\Adxstudio.Xrm\Caching\VirtualEntitiesCacheHelper.cs, SourceLineNumber:125, Category:Application, Message:The web api getDataSourceId for virtual entity returned empty DataSourceId, ErrorCategory:ApplicationError",800061cb-0001-9600-b63f-84710c7967bb
2024-01-29T10:46:28,Error,site-85de4385-0987-4ae5-9917-b7715602956d-AUe,05efbb,638421219889565375,0,434848,130,"RequestData:, RequestPath:/_services/about, RequestExtension:, SessionId:, UserId:VcWE8oQ1w3K22dzvcouc-0SwoJnLwykiQGHIqTdRAnfpawpulW_-nSfKDxNUrz428bAQNcMW-KaTn9vYouhd86ZTERwX4-YbR09LDyLdJ3dzy03MZirxdu4dG5MmFFv0TKd7P5E2g4DiJ8H8v1AF_Q2, CorrelationId:13994b71-c711-4047-a8a1-544c4948d6ce, Elapsed:1243.6697, MemberName:PopulateVirtualEntitiesActualSource, SourceFilePath:C:\__w\1\s\Framework\Adxstudio.Xrm\Caching\VirtualEntitiesCacheHelper.cs, SourceLineNumber:125, Category:Application, Message:The web api getDataSourceId for virtual entity returned empty DataSourceId, ErrorCategory:ApplicationError",800061cb-0001-9600-b63f-84710c7967bb
2024-01-29T10:46:29,Error,site-85de4385-0987-4ae5-9917-b7715602956d-AUe,05efbb,638421219890190337,0,434848,130,"RequestData:, RequestPath:/_services/about, RequestExtension:, SessionId:, UserId:VcWE8oQ1w3K22dzvcouc-0SwoJnLwykiQGHIqTdRAnfpawpulW_-nSfKDxNUrz428bAQNcMW-KaTn9vYouhd86ZTERwX4-YbR09LDyLdJ3dzy03MZirxdu4dG5MmFFv0TKd7P5E2g4DiJ8H8v1AF_Q2, CorrelationId:13994b71-c711-4047-a8a1-544c4948d6ce, Elapsed:1302.7561, MemberName:PopulateVirtualEntitiesActualSource, SourceFilePath:C:\__w\1\s\Framework\Adxstudio.Xrm\Caching\VirtualEntitiesCacheHelper.cs, SourceLineNumber:125, Category:Application, Message:The web api getDataSourceId for virtual entity returned empty DataSourceId, ErrorCategory:ApplicationError",800061cb-0001-9600-b63f-84710c7967bb
2024-01-29T10:46:29,Error,site-85de4385-0987-4ae5-9917-b7715602956d-AUe,05efbb,638421219890659271,0,434848,130,"RequestData:, RequestPath:/_services/about, RequestExtension:, SessionId:, UserId:VcWE8oQ1w3K22dzvcouc-0SwoJnLwykiQGHIqTdRAnfpawpulW_-nSfKDxNUrz428bAQNcMW-KaTn9vYouhd86ZTERwX4-YbR09LDyLdJ3dzy03MZirxdu4dG5MmFFv0TKd7P5E2g4DiJ8H8v1AF_Q2, CorrelationId:13994b71-c711-4047-a8a1-544c4948d6ce, Elapsed:1356.1096, MemberName:PopulateVirtualEntitiesActualSource, SourceFilePath:C:\__w\1\s\Framework\Adxstudio.Xrm\Caching\VirtualEntitiesCacheHelper.cs, SourceLineNumber:125, Category:Application, Message:The web api getDataSourceId for virtual entity returned empty DataSourceId, ErrorCategory:ApplicationError",800061cb-0001-9600-b63f-84710c7967bb
2024-01-29T10:46:29,Error,site-85de4385-0987-4ae5-9917-b7715602956d-AUe,05efbb,638421219891284176,0,434848,130,"RequestData:, RequestPath:/_services/about, RequestExtension:, SessionId:, UserId:VcWE8oQ1w3K22dzvcouc-0SwoJnLwykiQGHIqTdRAnfpawpulW_-nSfKDxNUrz428bAQNcMW-KaTn9vYouhd86ZTERwX4-YbR09LDyLdJ3dzy03MZirxdu4dG5MmFFv0TKd7P5E2g4DiJ8H8v1AF_Q2, CorrelationId:13994b71-c711-4047-a8a1-544c4948d6ce, Elapsed:1411.1746, MemberName:PopulateVirtualEntitiesActualSource, SourceFilePath:C:\__w\1\s\Framework\Adxstudio.Xrm\Caching\VirtualEntitiesCacheHelper.cs, SourceLineNumber:125, Category:Application, Message:The web api getDataSourceId for virtual entity returned empty DataSourceId, ErrorCategory:ApplicationError",800061cb-0001-9600-b63f-84710c7967bb
2024-01-29T10:46:29,Error,site-85de4385-0987-4ae5-9917-b7715602956d-AUe,05efbb,638421219891752970,0,434848,130,"RequestData:, RequestPath:/_services/about, RequestExtension:, SessionId:, UserId:VcWE8oQ1w3K22dzvcouc-0SwoJnLwykiQGHIqTdRAnfpawpulW_-nSfKDxNUrz428bAQNcMW-KaTn9vYouhd86ZTERwX4-YbR09LDyLdJ3dzy03MZirxdu4dG5MmFFv0TKd7P5E2g4DiJ8H8v1AF_Q2, CorrelationId:13994b71-c711-4047-a8a1-544c4948d6ce, Elapsed:1462.7388, MemberName:PopulateVirtualEntitiesActualSource, SourceFilePath:C:\__w\1\s\Framework\Adxstudio.Xrm\Caching\VirtualEntitiesCacheHelper.cs, SourceLineNumber:125, Category:Application, Message:The web api getDataSourceId for virtual entity returned empty DataSourceId, ErrorCategory:ApplicationError",800061cb-0001-9600-b63f-84710c7967bb
2024-01-29T10:46:29,Error,site-85de4385-0987-4ae5-9917-b7715602956d-AUe,05efbb,638421219892221728,0,434848,130,"RequestData:, RequestPath:/_services/about, RequestExtension:, SessionId:, UserId:VcWE8oQ1w3K22dzvcouc-0SwoJnLwykiQGHIqTdRAnfpawpulW_-nSfKDxNUrz428bAQNcMW-KaTn9vYouhd86ZTERwX4-YbR09LDyLdJ3dzy03MZirxdu4dG5MmFFv0TKd7P5E2g4DiJ8H8v1AF_Q2, CorrelationId:13994b71-c711-4047-a8a1-544c4948d6ce, Elapsed:1514.5026, MemberName:PopulateVirtualEntitiesActualSource, SourceFilePath:C:\__w\1\s\Framework\Adxstudio.Xrm\Caching\VirtualEntitiesCacheHelper.cs, SourceLineNumber:125, Category:Application, Message:The web api getDataSourceId for virtual entity returned empty DataSourceId, ErrorCategory:ApplicationError",800061cb-0001-9600-b63f-84710c7967bb
2024-01-29T10:46:29,Error,site-85de4385-0987-4ae5-9917-b7715602956d-AUe,05efbb,638421219892846758,0,434848,130,"RequestData:, RequestPath:/_services/about, RequestExtension:, SessionId:, UserId:VcWE8oQ1w3K22dzvcouc-0SwoJnLwykiQGHIqTdRAnfpawpulW_-nSfKDxNUrz428bAQNcMW-KaTn9vYouhd86ZTERwX4-YbR09LDyLdJ3dzy03MZirxdu4dG5MmFFv0TKd7P5E2g4DiJ8H8v1AF_Q2, CorrelationId:13994b71-c711-4047-a8a1-544c4948d6ce, Elapsed:1565.9575, MemberName:PopulateVirtualEntitiesActualSource, SourceFilePath:C:\__w\1\s\Framework\Adxstudio.Xrm\Caching\VirtualEntitiesCacheHelper.cs, SourceLineNumber:125, Category:Application, Message:The web api getDataSourceId for virtual entity returned empty DataSourceId, ErrorCategory:ApplicationError",800061cb-0001-9600-b63f-84710c7967bb
2024-01-29T10:46:29,Error,site-85de4385-0987-4ae5-9917-b7715602956d-AUe,05efbb,638421219893315569,0,434848,130,"RequestData:, RequestPath:/_services/about, RequestExtension:, SessionId:, UserId:VcWE8oQ1w3K22dzvcouc-0SwoJnLwykiQGHIqTdRAnfpawpulW_-nSfKDxNUrz428bAQNcMW-KaTn9vYouhd86ZTERwX4-YbR09LDyLdJ3dzy03MZirxdu4dG5MmFFv0TKd7P5E2g4DiJ8H8v1AF_Q2, CorrelationId:13994b71-c711-4047-a8a1-544c4948d6ce, Elapsed:1616.3493, MemberName:PopulateVirtualEntitiesActualSource, SourceFilePath:C:\__w\1\s\Framework\Adxstudio.Xrm\Caching\VirtualEntitiesCacheHelper.cs, SourceLineNumber:125, Category:Application, Message:The web api getDataSourceId for virtual entity returned empty DataSourceId, ErrorCategory:ApplicationError",800061cb-0001-9600-b63f-84710c7967bb
2024-01-29T10:46:29,Error,site-85de4385-0987-4ae5-9917-b7715602956d-AUe,05efbb,638421219893784365,0,434848,130,"RequestData:, RequestPath:/_services/about, RequestExtension:, SessionId:, UserId:VcWE8oQ1w3K22dzvcouc-0SwoJnLwykiQGHIqTdRAnfpawpulW_-nSfKDxNUrz428bAQNcMW-KaTn9vYouhd86ZTERwX4-YbR09LDyLdJ3dzy03MZirxdu4dG5MmFFv0TKd7P5E2g4DiJ8H8v1AF_Q2, CorrelationId:13994b71-c711-4047-a8a1-544c4948d6ce, Elapsed:1666.0625, MemberName:PopulateVirtualEntitiesActualSource, SourceFilePath:C:\__w\1\s\Framework\Adxstudio.Xrm\Caching\VirtualEntitiesCacheHelper.cs, SourceLineNumber:125, Category:Application, Message:The web api getDataSourceId for virtual entity returned empty DataSourceId, ErrorCategory:ApplicationError",800061cb-0001-9600-b63f-84710c7967bb
2024-01-29T10:46:29,Error,site-85de4385-0987-4ae5-9917-b7715602956d-AUe,05efbb,638421219894409472,0,434848,130,"RequestData:, RequestPath:/_services/about, RequestExtension:, SessionId:, UserId:VcWE8oQ1w3K22dzvcouc-0SwoJnLwykiQGHIqTdRAnfpawpulW_-nSfKDxNUrz428bAQNcMW-KaTn9vYouhd86ZTERwX4-YbR09LDyLdJ3dzy03MZirxdu4dG5MmFFv0TKd7P5E2g4DiJ8H8v1AF_Q2, CorrelationId:13994b71-c711-4047-a8a1-544c4948d6ce, Elapsed:1735.7765, MemberName:PopulateVirtualEntitiesActualSource, SourceFilePath:C:\__w\1\s\Framework\Adxstudio.Xrm\Caching\VirtualEntitiesCacheHelper.cs, SourceLineNumber:125, Category:Application, Message:The web api getDataSourceId for virtual entity returned empty DataSourceId, ErrorCategory:ApplicationError",800061cb-0001-9600-b63f-84710c7967bb
2024-01-29T10:46:29,Error,site-85de4385-0987-4ae5-9917-b7715602956d-AUe,05efbb,638421219895035251,0,434848,130,"RequestData:, RequestPath:/_services/about, RequestExtension:, SessionId:, UserId:VcWE8oQ1w3K22dzvcouc-0SwoJnLwykiQGHIqTdRAnfpawpulW_-nSfKDxNUrz428bAQNcMW-KaTn9vYouhd86ZTERwX4-YbR09LDyLdJ3dzy03MZirxdu4dG5MmFFv0TKd7P5E2g4DiJ8H8v1AF_Q2, CorrelationId:13994b71-c711-4047-a8a1-544c4948d6ce, Elapsed:1787.869, MemberName:PopulateVirtualEntitiesActualSource, SourceFilePath:C:\__w\1\s\Framework\Adxstudio.Xrm\Caching\VirtualEntitiesCacheHelper.cs, SourceLineNumber:125, Category:Application, Message:The web api getDataSourceId for virtual entity returned empty DataSourceId, ErrorCategory:ApplicationError",800061cb-0001-9600-b63f-84710c7967bb
2024-01-29T10:46:29,Error,site-85de4385-0987-4ae5-9917-b7715602956d-AUe,05efbb,638421219895503736,0,434848,130,"RequestData:, RequestPath:/_services/about, RequestExtension:, SessionId:, UserId:VcWE8oQ1w3K22dzvcouc-0SwoJnLwykiQGHIqTdRAnfpawpulW_-nSfKDxNUrz428bAQNcMW-KaTn9vYouhd86ZTERwX4-YbR09LDyLdJ3dzy03MZirxdu4dG5MmFFv0TKd7P5E2g4DiJ8H8v1AF_Q2, CorrelationId:13994b71-c711-4047-a8a1-544c4948d6ce, Elapsed:1839.5443, MemberName:PopulateVirtualEntitiesActualSource, SourceFilePath:C:\__w\1\s\Framework\Adxstudio.Xrm\Caching\VirtualEntitiesCacheHelper.cs, SourceLineNumber:125, Category:Application, Message:The web api getDataSourceId for virtual entity returned empty DataSourceId, ErrorCategory:ApplicationError",800061cb-0001-9600-b63f-84710c7967bb
2024-01-29T10:46:29,Error,site-85de4385-0987-4ae5-9917-b7715602956d-AUe,05efbb,638421219895972960,0,434848,130,"RequestData:, RequestPath:/_services/about, RequestExtension:, SessionId:, UserId:VcWE8oQ1w3K22dzvcouc-0SwoJnLwykiQGHIqTdRAnfpawpulW_-nSfKDxNUrz428bAQNcMW-KaTn9vYouhd86ZTERwX4-YbR09LDyLdJ3dzy03MZirxdu4dG5MmFFv0TKd7P5E2g4DiJ8H8v1AF_Q2, CorrelationId:13994b71-c711-4047-a8a1-544c4948d6ce, Elapsed:1891.3376, MemberName:PopulateVirtualEntitiesActualSource, SourceFilePath:C:\__w\1\s\Framework\Adxstudio.Xrm\Caching\VirtualEntitiesCacheHelper.cs, SourceLineNumber:125, Category:Application, Message:The web api getDataSourceId for virtual entity returned empty DataSourceId, ErrorCategory:ApplicationError",800061cb-0001-9600-b63f-84710c7967bb
2024-01-29T10:46:29,Error,site-85de4385-0987-4ae5-9917-b7715602956d-AUe,05efbb,638421219896597153,0,434848,130,"RequestData:, RequestPath:/_services/about, RequestExtension:, SessionId:, UserId:VcWE8oQ1w3K22dzvcouc-0SwoJnLwykiQGHIqTdRAnfpawpulW_-nSfKDxNUrz428bAQNcMW-KaTn9vYouhd86ZTERwX4-YbR09LDyLdJ3dzy03MZirxdu4dG5MmFFv0TKd7P5E2g4DiJ8H8v1AF_Q2, CorrelationId:13994b71-c711-4047-a8a1-544c4948d6ce, Elapsed:1941.2791, MemberName:PopulateVirtualEntitiesActualSource, SourceFilePath:C:\__w\1\s\Framework\Adxstudio.Xrm\Caching\VirtualEntitiesCacheHelper.cs, SourceLineNumber:125, Category:Application, Message:The web api getDataSourceId for virtual entity returned empty DataSourceId, ErrorCategory:ApplicationError",800061cb-0001-9600-b63f-84710c7967bb
2024-01-29T10:46:29,Error,site-85de4385-0987-4ae5-9917-b7715602956d-AUe,05efbb,638421219897066522,0,434848,130,"RequestData:, RequestPath:/_services/about, RequestExtension:, SessionId:, UserId:VcWE8oQ1w3K22dzvcouc-0SwoJnLwykiQGHIqTdRAnfpawpulW_-nSfKDxNUrz428bAQNcMW-KaTn9vYouhd86ZTERwX4-YbR09LDyLdJ3dzy03MZirxdu4dG5MmFFv0TKd7P5E2g4DiJ8H8v1AF_Q2, CorrelationId:13994b71-c711-4047-a8a1-544c4948d6ce, Elapsed:1991.8624, MemberName:PopulateVirtualEntitiesActualSource, SourceFilePath:C:\__w\1\s\Framework\Adxstudio.Xrm\Caching\VirtualEntitiesCacheHelper.cs, SourceLineNumber:125, Category:Application, Message:The web api getDataSourceId for virtual entity returned empty DataSourceId, ErrorCategory:ApplicationError",800061cb-0001-9600-b63f-84710c7967bb
2024-01-29T10:46:29,Error,site-85de4385-0987-4ae5-9917-b7715602956d-AUe,05efbb,638421219897535168,0,434848,130,"RequestData:, RequestPath:/_services/about, RequestExtension:, SessionId:, UserId:VcWE8oQ1w3K22dzvcouc-0SwoJnLwykiQGHIqTdRAnfpawpulW_-nSfKDxNUrz428bAQNcMW-KaTn9vYouhd86ZTERwX4-YbR09LDyLdJ3dzy03MZirxdu4dG5MmFFv0TKd7P5E2g4DiJ8H8v1AF_Q2, CorrelationId:13994b71-c711-4047-a8a1-544c4948d6ce, Elapsed:2040.9781, MemberName:PopulateVirtualEntitiesActualSource, SourceFilePath:C:\__w\1\s\Framework\Adxstudio.Xrm\Caching\VirtualEntitiesCacheHelper.cs, SourceLineNumber:125, Category:Application, Message:The web api getDataSourceId for virtual entity returned empty DataSourceId, ErrorCategory:ApplicationError",800061cb-0001-9600-b63f-84710c7967bb
2024-01-29T10:46:29,Error,site-85de4385-0987-4ae5-9917-b7715602956d-AUe,05efbb,638421219898004011,0,434848,130,"RequestData:, RequestPath:/_services/about, RequestExtension:, SessionId:, UserId:VcWE8oQ1w3K22dzvcouc-0SwoJnLwykiQGHIqTdRAnfpawpulW_-nSfKDxNUrz428bAQNcMW-KaTn9vYouhd86ZTERwX4-YbR09LDyLdJ3dzy03MZirxdu4dG5MmFFv0TKd7P5E2g4DiJ8H8v1AF_Q2, CorrelationId:13994b71-c711-4047-a8a1-544c4948d6ce, Elapsed:2092.925, MemberName:PopulateVirtualEntitiesActualSource, SourceFilePath:C:\__w\1\s\Framework\Adxstudio.Xrm\Caching\VirtualEntitiesCacheHelper.cs, SourceLineNumber:125, Category:Application, Message:The web api getDataSourceId for virtual entity returned empty DataSourceId, ErrorCategory:ApplicationError",800061cb-0001-9600-b63f-84710c7967bb
2024-01-29T10:46:29,Error,site-85de4385-0987-4ae5-9917-b7715602956d-AUe,05efbb,638421219898472679,0,434848,130,"RequestData:, RequestPath:/_services/about, RequestExtension:, SessionId:, UserId:VcWE8oQ1w3K22dzvcouc-0SwoJnLwykiQGHIqTdRAnfpawpulW_-nSfKDxNUrz428bAQNcMW-KaTn9vYouhd86ZTERwX4-YbR09LDyLdJ3dzy03MZirxdu4dG5MmFFv0TKd7P5E2g4DiJ8H8v1AF_Q2, CorrelationId:13994b71-c711-4047-a8a1-544c4948d6ce, Elapsed:2142.0818, MemberName:PopulateVirtualEntitiesActualSource, SourceFilePath:C:\__w\1\s\Framework\Adxstudio.Xrm\Caching\VirtualEntitiesCacheHelper.cs, SourceLineNumber:125, Category:Application, Message:The web api getDataSourceId for virtual entity returned empty DataSourceId, ErrorCategory:ApplicationError",800061cb-0001-9600-b63f-84710c7967bb
2024-01-29T10:46:29,Error,site-85de4385-0987-4ae5-9917-b7715602956d-AUe,05efbb,638421219899097800,0,434848,130,"RequestData:, RequestPath:/_services/about, RequestExtension:, SessionId:, UserId:VcWE8oQ1w3K22dzvcouc-0SwoJnLwykiQGHIqTdRAnfpawpulW_-nSfKDxNUrz428bAQNcMW-KaTn9vYouhd86ZTERwX4-YbR09LDyLdJ3dzy03MZirxdu4dG5MmFFv0TKd7P5E2g4DiJ8H8v1AF_Q2, CorrelationId:13994b71-c711-4047-a8a1-544c4948d6ce, Elapsed:2193.6594, MemberName:PopulateVirtualEntitiesActualSource, SourceFilePath:C:\__w\1\s\Framework\Adxstudio.Xrm\Caching\VirtualEntitiesCacheHelper.cs, SourceLineNumber:125, Category:Application, Message:The web api getDataSourceId for virtual entity returned empty DataSourceId, ErrorCategory:ApplicationError",800061cb-0001-9600-b63f-84710c7967bb
2024-01-29T10:46:29,Error,site-85de4385-0987-4ae5-9917-b7715602956d-AUe,05efbb,638421219899566027,0,434848,130,"RequestData:, RequestPath:/_services/about, RequestExtension:, SessionId:, UserId:VcWE8oQ1w3K22dzvcouc-0SwoJnLwykiQGHIqTdRAnfpawpulW_-nSfKDxNUrz428bAQNcMW-KaTn9vYouhd86ZTERwX4-YbR09LDyLdJ3dzy03MZirxdu4dG5MmFFv0TKd7P5E2g4DiJ8H8v1AF_Q2, CorrelationId:13994b71-c711-4047-a8a1-544c4948d6ce, Elapsed:2242.2357, MemberName:PopulateVirtualEntitiesActualSource, SourceFilePath:C:\__w\1\s\Framework\Adxstudio.Xrm\Caching\VirtualEntitiesCacheHelper.cs, SourceLineNumber:125, Category:Application, Message:The web api getDataSourceId for virtual entity returned empty DataSourceId, ErrorCategory:ApplicationError",800061cb-0001-9600-b63f-84710c7967bb
2024-01-29T10:46:30,Error,site-85de4385-0987-4ae5-9917-b7715602956d-AUe,05efbb,638421219900034845,0,434848,130,"RequestData:, RequestPath:/_services/about, RequestExtension:, SessionId:, UserId:VcWE8oQ1w3K22dzvcouc-0SwoJnLwykiQGHIqTdRAnfpawpulW_-nSfKDxNUrz428bAQNcMW-KaTn9vYouhd86ZTERwX4-YbR09LDyLdJ3dzy03MZirxdu4dG5MmFFv0TKd7P5E2g4DiJ8H8v1AF_Q2, CorrelationId:13994b71-c711-4047-a8a1-544c4948d6ce, Elapsed:2295.9647, MemberName:PopulateVirtualEntitiesActualSource, SourceFilePath:C:\__w\1\s\Framework\Adxstudio.Xrm\Caching\VirtualEntitiesCacheHelper.cs, SourceLineNumber:125, Category:Application, Message:The web api getDataSourceId for virtual entity returned empty DataSourceId, ErrorCategory:ApplicationError",800061cb-0001-9600-b63f-84710c7967bb
2024-01-29T10:46:30,Error,site-85de4385-0987-4ae5-9917-b7715602956d-AUe,05efbb,638421219900660513,0,434848,130,"RequestData:, RequestPath:/_services/about, RequestExtension:, SessionId:, UserId:VcWE8oQ1w3K22dzvcouc-0SwoJnLwykiQGHIqTdRAnfpawpulW_-nSfKDxNUrz428bAQNcMW-KaTn9vYouhd86ZTERwX4-YbR09LDyLdJ3dzy03MZirxdu4dG5MmFFv0TKd7P5E2g4DiJ8H8v1AF_Q2, CorrelationId:13994b71-c711-4047-a8a1-544c4948d6ce, Elapsed:2349.5629, MemberName:PopulateVirtualEntitiesActualSource, SourceFilePath:C:\__w\1\s\Framework\Adxstudio.Xrm\Caching\VirtualEntitiesCacheHelper.cs, SourceLineNumber:125, Category:Application, Message:The web api getDataSourceId for virtual entity returned empty DataSourceId, ErrorCategory:ApplicationError",800061cb-0001-9600-b63f-84710c7967bb
2024-01-29T10:46:30,Error,site-85de4385-0987-4ae5-9917-b7715602956d-AUe,05efbb,638421219901128657,0,434848,130,"RequestData:, RequestPath:/_services/about, RequestExtension:, SessionId:, UserId:VcWE8oQ1w3K22dzvcouc-0SwoJnLwykiQGHIqTdRAnfpawpulW_-nSfKDxNUrz428bAQNcMW-KaTn9vYouhd86ZTERwX4-YbR09LDyLdJ3dzy03MZirxdu4dG5MmFFv0TKd7P5E2g4DiJ8H8v1AF_Q2, CorrelationId:13994b71-c711-4047-a8a1-544c4948d6ce, Elapsed:2403.73, MemberName:PopulateVirtualEntitiesActualSource, SourceFilePath:C:\__w\1\s\Framework\Adxstudio.Xrm\Caching\VirtualEntitiesCacheHelper.cs, SourceLineNumber:125, Category:Application, Message:The web api getDataSourceId for virtual entity returned empty DataSourceId, ErrorCategory:ApplicationError",800061cb-0001-9600-b63f-84710c7967bb
2024-01-29T10:46:30,Error,site-85de4385-0987-4ae5-9917-b7715602956d-AUe,05efbb,638421219901753642,0,434848,130,"RequestData:, RequestPath:/_services/about, RequestExtension:, SessionId:, UserId:VcWE8oQ1w3K22dzvcouc-0SwoJnLwykiQGHIqTdRAnfpawpulW_-nSfKDxNUrz428bAQNcMW-KaTn9vYouhd86ZTERwX4-YbR09LDyLdJ3dzy03MZirxdu4dG5MmFFv0TKd7P5E2g4DiJ8H8v1AF_Q2, CorrelationId:13994b71-c711-4047-a8a1-544c4948d6ce, Elapsed:2458.7735, MemberName:PopulateVirtualEntitiesActualSource, SourceFilePath:C:\__w\1\s\Framework\Adxstudio.Xrm\Caching\VirtualEntitiesCacheHelper.cs, SourceLineNumber:125, Category:Application, Message:The web api getDataSourceId for virtual entity returned empty DataSourceId, ErrorCategory:ApplicationError",800061cb-0001-9600-b63f-84710c7967bb
2024-01-29T10:46:30,Error,site-85de4385-0987-4ae5-9917-b7715602956d-AUe,05efbb,638421219902222405,0,434848,130,"RequestData:, RequestPath:/_services/about, RequestExtension:, SessionId:, UserId:VcWE8oQ1w3K22dzvcouc-0SwoJnLwykiQGHIqTdRAnfpawpulW_-nSfKDxNUrz428bAQNcMW-KaTn9vYouhd86ZTERwX4-YbR09LDyLdJ3dzy03MZirxdu4dG5MmFFv0TKd7P5E2g4DiJ8H8v1AF_Q2, CorrelationId:13994b71-c711-4047-a8a1-544c4948d6ce, Elapsed:2510.0236, MemberName:PopulateVirtualEntitiesActualSource, SourceFilePath:C:\__w\1\s\Framework\Adxstudio.Xrm\Caching\VirtualEntitiesCacheHelper.cs, SourceLineNumber:125, Category:Application, Message:The web api getDataSourceId for virtual entity returned empty DataSourceId, ErrorCategory:ApplicationError",800061cb-0001-9600-b63f-84710c7967bb
2024-01-29T10:46:30,Error,site-85de4385-0987-4ae5-9917-b7715602956d-AUe,05efbb,638421219902691228,0,434848,130,"RequestData:, RequestPath:/_services/about, RequestExtension:, SessionId:, UserId:VcWE8oQ1w3K22dzvcouc-0SwoJnLwykiQGHIqTdRAnfpawpulW_-nSfKDxNUrz428bAQNcMW-KaTn9vYouhd86ZTERwX4-YbR09LDyLdJ3dzy03MZirxdu4dG5MmFFv0TKd7P5E2g4DiJ8H8v1AF_Q2, CorrelationId:13994b71-c711-4047-a8a1-544c4948d6ce, Elapsed:2561.4491, MemberName:PopulateVirtualEntitiesActualSource, SourceFilePath:C:\__w\1\s\Framework\Adxstudio.Xrm\Caching\VirtualEntitiesCacheHelper.cs, SourceLineNumber:125, Category:Application, Message:The web api getDataSourceId for virtual entity returned empty DataSourceId, ErrorCategory:ApplicationError",800061cb-0001-9600-b63f-84710c7967bb
2024-01-29T10:46:30,Error,site-85de4385-0987-4ae5-9917-b7715602956d-AUe,05efbb,638421219903316483,0,434848,130,"RequestData:, RequestPath:/_services/about, RequestExtension:, SessionId:, UserId:VcWE8oQ1w3K22dzvcouc-0SwoJnLwykiQGHIqTdRAnfpawpulW_-nSfKDxNUrz428bAQNcMW-KaTn9vYouhd86ZTERwX4-YbR09LDyLdJ3dzy03MZirxdu4dG5MmFFv0TKd7P5E2g4DiJ8H8v1AF_Q2, CorrelationId:13994b71-c711-4047-a8a1-544c4948d6ce, Elapsed:2612.8498, MemberName:PopulateVirtualEntitiesActualSource, SourceFilePath:C:\__w\1\s\Framework\Adxstudio.Xrm\Caching\VirtualEntitiesCacheHelper.cs, SourceLineNumber:125, Category:Application, Message:The web api getDataSourceId for virtual entity returned empty DataSourceId, ErrorCategory:ApplicationError",800061cb-0001-9600-b63f-84710c7967bb
2024-01-29T10:46:30,Error,site-85de4385-0987-4ae5-9917-b7715602956d-AUe,05efbb,638421219903785016,0,434848,130,"RequestData:, RequestPath:/_services/about, RequestExtension:, SessionId:, UserId:VcWE8oQ1w3K22dzvcouc-0SwoJnLwykiQGHIqTdRAnfpawpulW_-nSfKDxNUrz428bAQNcMW-KaTn9vYouhd86ZTERwX4-YbR09LDyLdJ3dzy03MZirxdu4dG5MmFFv0TKd7P5E2g4DiJ8H8v1AF_Q2, CorrelationId:13994b71-c711-4047-a8a1-544c4948d6ce, Elapsed:2667.1589, MemberName:PopulateVirtualEntitiesActualSource, SourceFilePath:C:\__w\1\s\Framework\Adxstudio.Xrm\Caching\VirtualEntitiesCacheHelper.cs, SourceLineNumber:125, Category:Application, Message:The web api getDataSourceId for virtual entity returned empty DataSourceId, ErrorCategory:ApplicationError",800061cb-0001-9600-b63f-84710c7967bb
2024-01-29T10:46:30,Error,site-85de4385-0987-4ae5-9917-b7715602956d-AUe,05efbb,638421219904253810,0,434848,130,"RequestData:, RequestPath:/_services/about, RequestExtension:, SessionId:, UserId:VcWE8oQ1w3K22dzvcouc-0SwoJnLwykiQGHIqTdRAnfpawpulW_-nSfKDxNUrz428bAQNcMW-KaTn9vYouhd86ZTERwX4-YbR09LDyLdJ3dzy03MZirxdu4dG5MmFFv0TKd7P5E2g4DiJ8H8v1AF_Q2, CorrelationId:13994b71-c711-4047-a8a1-544c4948d6ce, Elapsed:2720.4743, MemberName:PopulateVirtualEntitiesActualSource, SourceFilePath:C:\__w\1\s\Framework\Adxstudio.Xrm\Caching\VirtualEntitiesCacheHelper.cs, SourceLineNumber:125, Category:Application, Message:The web api getDataSourceId for virtual entity returned empty DataSourceId, ErrorCategory:ApplicationError",800061cb-0001-9600-b63f-84710c7967bb
2024-01-29T10:46:30,Error,site-85de4385-0987-4ae5-9917-b7715602956d-AUe,05efbb,638421219904878848,0,434848,130,"RequestData:, RequestPath:/_services/about, RequestExtension:, SessionId:, UserId:VcWE8oQ1w3K22dzvcouc-0SwoJnLwykiQGHIqTdRAnfpawpulW_-nSfKDxNUrz428bAQNcMW-KaTn9vYouhd86ZTERwX4-YbR09LDyLdJ3dzy03MZirxdu4dG5MmFFv0TKd7P5E2g4DiJ8H8v1AF_Q2, CorrelationId:13994b71-c711-4047-a8a1-544c4948d6ce, Elapsed:2773.6409, MemberName:PopulateVirtualEntitiesActualSource, SourceFilePath:C:\__w\1\s\Framework\Adxstudio.Xrm\Caching\VirtualEntitiesCacheHelper.cs, SourceLineNumber:125, Category:Application, Message:The web api getDataSourceId for virtual entity returned empty DataSourceId, ErrorCategory:ApplicationError",800061cb-0001-9600-b63f-84710c7967bb
2024-01-29T10:46:30,Error,site-85de4385-0987-4ae5-9917-b7715602956d-AUe,05efbb,638421219905347626,0,434848,130,"RequestData:, RequestPath:/_services/about, RequestExtension:, SessionId:, UserId:VcWE8oQ1w3K22dzvcouc-0SwoJnLwykiQGHIqTdRAnfpawpulW_-nSfKDxNUrz428bAQNcMW-KaTn9vYouhd86ZTERwX4-YbR09LDyLdJ3dzy03MZirxdu4dG5MmFFv0TKd7P5E2g4DiJ8H8v1AF_Q2, CorrelationId:13994b71-c711-4047-a8a1-544c4948d6ce, Elapsed:2830.0512, MemberName:PopulateVirtualEntitiesActualSource, SourceFilePath:C:\__w\1\s\Framework\Adxstudio.Xrm\Caching\VirtualEntitiesCacheHelper.cs, SourceLineNumber:125, Category:Application, Message:The web api getDataSourceId for virtual entity returned empty DataSourceId, ErrorCategory:ApplicationError",800061cb-0001-9600-b63f-84710c7967bb
2024-01-29T10:46:30,Error,site-85de4385-0987-4ae5-9917-b7715602956d-AUe,05efbb,638421219905972683,0,434848,130,"RequestData:, RequestPath:/_services/about, RequestExtension:, SessionId:, UserId:VcWE8oQ1w3K22dzvcouc-0SwoJnLwykiQGHIqTdRAnfpawpulW_-nSfKDxNUrz428bAQNcMW-KaTn9vYouhd86ZTERwX4-YbR09LDyLdJ3dzy03MZirxdu4dG5MmFFv0TKd7P5E2g4DiJ8H8v1AF_Q2, CorrelationId:13994b71-c711-4047-a8a1-544c4948d6ce, Elapsed:2879.867, MemberName:PopulateVirtualEntitiesActualSource, SourceFilePath:C:\__w\1\s\Framework\Adxstudio.Xrm\Caching\VirtualEntitiesCacheHelper.cs, SourceLineNumber:125, Category:Application, Message:The web api getDataSourceId for virtual entity returned empty DataSourceId, ErrorCategory:ApplicationError",800061cb-0001-9600-b63f-84710c7967bb
2024-01-29T10:46:30,Error,site-85de4385-0987-4ae5-9917-b7715602956d-AUe,05efbb,638421219906910229,0,434848,130,"RequestData:, RequestPath:/_services/about, RequestExtension:, SessionId:, UserId:VcWE8oQ1w3K22dzvcouc-0SwoJnLwykiQGHIqTdRAnfpawpulW_-nSfKDxNUrz428bAQNcMW-KaTn9vYouhd86ZTERwX4-YbR09LDyLdJ3dzy03MZirxdu4dG5MmFFv0TKd7P5E2g4DiJ8H8v1AF_Q2, CorrelationId:13994b71-c711-4047-a8a1-544c4948d6ce, Elapsed:2977.0019, MemberName:PopulateVirtualEntitiesActualSource, SourceFilePath:C:\__w\1\s\Framework\Adxstudio.Xrm\Caching\VirtualEntitiesCacheHelper.cs, SourceLineNumber:125, Category:Application, Message:The web api getDataSourceId for virtual entity returned empty DataSourceId, ErrorCategory:ApplicationError",800061cb-0001-9600-b63f-84710c7967bb
2024-01-29T10:46:30,Error,site-85de4385-0987-4ae5-9917-b7715602956d-AUe,05efbb,638421219907379011,0,434848,130,"RequestData:, RequestPath:/_services/about, RequestExtension:, SessionId:, UserId:VcWE8oQ1w3K22dzvcouc-0SwoJnLwykiQGHIqTdRAnfpawpulW_-nSfKDxNUrz428bAQNcMW-KaTn9vYouhd86ZTERwX4-YbR09LDyLdJ3dzy03MZirxdu4dG5MmFFv0TKd7P5E2g4DiJ8H8v1AF_Q2, CorrelationId:13994b71-c711-4047-a8a1-544c4948d6ce, Elapsed:3032.5871, MemberName:PopulateVirtualEntitiesActualSource, SourceFilePath:C:\__w\1\s\Framework\Adxstudio.Xrm\Caching\VirtualEntitiesCacheHelper.cs, SourceLineNumber:125, Category:Application, Message:The web api getDataSourceId for virtual entity returned empty DataSourceId, ErrorCategory:ApplicationError",800061cb-0001-9600-b63f-84710c7967bb
2024-01-29T10:46:30,Error,site-85de4385-0987-4ae5-9917-b7715602956d-AUe,05efbb,638421219908004084,0,434848,130,"RequestData:, RequestPath:/_services/about, RequestExtension:, SessionId:, UserId:VcWE8oQ1w3K22dzvcouc-0SwoJnLwykiQGHIqTdRAnfpawpulW_-nSfKDxNUrz428bAQNcMW-KaTn9vYouhd86ZTERwX4-YbR09LDyLdJ3dzy03MZirxdu4dG5MmFFv0TKd7P5E2g4DiJ8H8v1AF_Q2, CorrelationId:13994b71-c711-4047-a8a1-544c4948d6ce, Elapsed:3083.9582, MemberName:PopulateVirtualEntitiesActualSource, SourceFilePath:C:\__w\1\s\Framework\Adxstudio.Xrm\Caching\VirtualEntitiesCacheHelper.cs, SourceLineNumber:125, Category:Application, Message:The web api getDataSourceId for virtual entity returned empty DataSourceId, ErrorCategory:ApplicationError",800061cb-0001-9600-b63f-84710c7967bb
2024-01-29T10:46:30,Error,site-85de4385-0987-4ae5-9917-b7715602956d-AUe,05efbb,638421219908629115,0,434848,130,"RequestData:, RequestPath:/_services/about, RequestExtension:, SessionId:, UserId:VcWE8oQ1w3K22dzvcouc-0SwoJnLwykiQGHIqTdRAnfpawpulW_-nSfKDxNUrz428bAQNcMW-KaTn9vYouhd86ZTERwX4-YbR09LDyLdJ3dzy03MZirxdu4dG5MmFFv0TKd7P5E2g4DiJ8H8v1AF_Q2, CorrelationId:13994b71-c711-4047-a8a1-544c4948d6ce, Elapsed:3143.8183, MemberName:PopulateVirtualEntitiesActualSource, SourceFilePath:C:\__w\1\s\Framework\Adxstudio.Xrm\Caching\VirtualEntitiesCacheHelper.cs, SourceLineNumber:125, Category:Application, Message:The web api getDataSourceId for virtual entity returned empty DataSourceId, ErrorCategory:ApplicationError",800061cb-0001-9600-b63f-84710c7967bb
2024-01-29T10:46:30,Error,site-85de4385-0987-4ae5-9917-b7715602956d-AUe,05efbb,638421219909097917,0,434848,130,"RequestData:, RequestPath:/_services/about, RequestExtension:, SessionId:, UserId:VcWE8oQ1w3K22dzvcouc-0SwoJnLwykiQGHIqTdRAnfpawpulW_-nSfKDxNUrz428bAQNcMW-KaTn9vYouhd86ZTERwX4-YbR09LDyLdJ3dzy03MZirxdu4dG5MmFFv0TKd7P5E2g4DiJ8H8v1AF_Q2, CorrelationId:13994b71-c711-4047-a8a1-544c4948d6ce, Elapsed:3199.4955, MemberName:PopulateVirtualEntitiesActualSource, SourceFilePath:C:\__w\1\s\Framework\Adxstudio.Xrm\Caching\VirtualEntitiesCacheHelper.cs, SourceLineNumber:125, Category:Application, Message:The web api getDataSourceId for virtual entity returned empty DataSourceId, ErrorCategory:ApplicationError",800061cb-0001-9600-b63f-84710c7967bb
2024-01-29T10:46:30,Error,site-85de4385-0987-4ae5-9917-b7715602956d-AUe,05efbb,638421219909722962,0,434848,130,"RequestData:, RequestPath:/_services/about, RequestExtension:, SessionId:, UserId:VcWE8oQ1w3K22dzvcouc-0SwoJnLwykiQGHIqTdRAnfpawpulW_-nSfKDxNUrz428bAQNcMW-KaTn9vYouhd86ZTERwX4-YbR09LDyLdJ3dzy03MZirxdu4dG5MmFFv0TKd7P5E2g4DiJ8H8v1AF_Q2, CorrelationId:13994b71-c711-4047-a8a1-544c4948d6ce, Elapsed:3254.1026, MemberName:PopulateVirtualEntitiesActualSource, SourceFilePath:C:\__w\1\s\Framework\Adxstudio.Xrm\Caching\VirtualEntitiesCacheHelper.cs, SourceLineNumber:125, Category:Application, Message:The web api getDataSourceId for virtual entity returned empty DataSourceId, ErrorCategory:ApplicationError",800061cb-0001-9600-b63f-84710c7967bb
2024-01-29T10:46:31,Error,site-85de4385-0987-4ae5-9917-b7715602956d-AUe,05efbb,638421219910191744,0,434848,130,"RequestData:, RequestPath:/_services/about, RequestExtension:, SessionId:, UserId:VcWE8oQ1w3K22dzvcouc-0SwoJnLwykiQGHIqTdRAnfpawpulW_-nSfKDxNUrz428bAQNcMW-KaTn9vYouhd86ZTERwX4-YbR09LDyLdJ3dzy03MZirxdu4dG5MmFFv0TKd7P5E2g4DiJ8H8v1AF_Q2, CorrelationId:13994b71-c711-4047-a8a1-544c4948d6ce, Elapsed:3308.6572, MemberName:PopulateVirtualEntitiesActualSource, SourceFilePath:C:\__w\1\s\Framework\Adxstudio.Xrm\Caching\VirtualEntitiesCacheHelper.cs, SourceLineNumber:125, Category:Application, Message:The web api getDataSourceId for virtual entity returned empty DataSourceId, ErrorCategory:ApplicationError",800061cb-0001-9600-b63f-84710c7967bb
2024-01-29T10:47:10,Error,site-85de4385-0987-4ae5-9917-b7715602956d-AUe,05efbb,638421220306312736,0,434848,113,"RequestData:, RequestPath:/Account/Login/ExternalLoginCallback, RequestExtension:, SessionId:apjpdt3uyhouoshc2giewiqi, UserId:VcWE8oQ1w3K22dzvcouc-0SwoJnLwykiQGHIqTdRAnfpawpulW_-nSfKDxNUrz428bAQNcMW-KaTn9vYouhd86ZTERwX4-YbR09LDyLdJ3dzy03MZirxdu4dG5MmFFv0TKd7P5E2g4DiJ8H8v1AF_Q2, CorrelationId:c02080ac-d730-49d8-bc24-e81ee5724f9f, Elapsed:17.039, MemberName:ToGroups, SourceFilePath:C:\__w\1\s\Samples\MasterPortal\Areas\Account\Controllers\LoginController.cs, SourceLineNumber:1714, Category:Application, Message:Error while fetching groups of logged in user **redacted**
Message: An error occurred sending the request.
, ErrorCategory:ApplicationError",80002855-0003-9400-b63f-84710c7967bb
