date,level,applicationName,instanceId,eventTickCount,eventId,pid,tid,message,activityId
2024-02-17T10:01:34,Error,site-85de4385-0987-4ae5-9917-b7715602956d-AUe,7e7bb2,638437608949104432,0,35932,11,"RequestData:, RequestPath:/_services/about, RequestExtension:, SessionId:, UserId:yiAt_X34lPuiye9Vct99hspT_tzV8hFXlcUQp-xT6PdyBNanASgM1EUA-COfYCLDDgoVLy3qVQ1yajyDi6QW_eShkj3JCDmjgfeMm4DD_Pe3sbo0OwgwTY-aK6ABgW_wldUyo0pvtUTjwQTqelUOaA2, CorrelationId:89d45b67-7836-48c3-90fe-20af0d584193, Elapsed:279.3232, MemberName:PopulateVirtualEntitiesActualSource, SourceFilePath:C:\__w\1\s\Framework\Adxstudio.Xrm\Caching\VirtualEntitiesCacheHelper.cs, SourceLineNumber:125, Category:Application, Message:The web api getDataSourceId for virtual entity returned empty DataSourceId, ErrorCategory:ApplicationError",8000eebc-0001-a100-b63f-84710c7967bb
2024-02-17T10:01:34,Error,site-85de4385-0987-4ae5-9917-b7715602956d-AUe,7e7bb2,638437608949572705,0,35932,11,"RequestData:, RequestPath:/_services/about, RequestExtension:, SessionId:, UserId:yiAt_X34lPuiye9Vct99hspT_tzV8hFXlcUQp-xT6PdyBNanASgM1EUA-COfYCLDDgoVLy3qVQ1yajyDi6QW_eShkj3JCDmjgfeMm4DD_Pe3sbo0OwgwTY-aK6ABgW_wldUyo0pvtUTjwQTqelUOaA2, CorrelationId:89d45b67-7836-48c3-90fe-20af0d584193, Elapsed:330.6156, MemberName:PopulateVirtualEntitiesActualSource, SourceFilePath:C:\__w\1\s\Framework\Adxstudio.Xrm\Caching\VirtualEntitiesCacheHelper.cs, SourceLineNumber:125, Category:Application, Message:The web api getDataSourceId for virtual entity returned empty DataSourceId, ErrorCategory:ApplicationError",8000eebc-0001-a100-b63f-84710c7967bb
2024-02-17T10:01:35,Error,site-85de4385-0987-4ae5-9917-b7715602956d-AUe,7e7bb2,638437608950042099,0,35932,11,"RequestData:, RequestPath:/_services/about, RequestExtension:, SessionId:, UserId:yiAt_X34lPuiye9Vct99hspT_tzV8hFXlcUQp-xT6PdyBNanASgM1EUA-COfYCLDDgoVLy3qVQ1yajyDi6QW_eShkj3JCDmjgfeMm4DD_Pe3sbo0OwgwTY-aK6ABgW_wldUyo0pvtUTjwQTqelUOaA2, CorrelationId:89d45b67-7836-48c3-90fe-20af0d584193, Elapsed:380.3386, MemberName:PopulateVirtualEntitiesActualSource, SourceFilePath:C:\__w\1\s\Framework\Adxstudio.Xrm\Caching\VirtualEntitiesCacheHelper.cs, SourceLineNumber:125, Category:Application, Message:The web api getDataSourceId for virtual entity returned empty DataSourceId, ErrorCategory:ApplicationError",8000eebc-0001-a100-b63f-84710c7967bb
2024-02-17T10:01:35,Error,site-85de4385-0987-4ae5-9917-b7715602956d-AUe,7e7bb2,638437608950510776,0,35932,11,"RequestData:, RequestPath:/_services/about, RequestExtension:, SessionId:, UserId:yiAt_X34lPuiye9Vct99hspT_tzV8hFXlcUQp-xT6PdyBNanASgM1EUA-COfYCLDDgoVLy3qVQ1yajyDi6QW_eShkj3JCDmjgfeMm4DD_Pe3sbo0OwgwTY-aK6ABgW_wldUyo0pvtUTjwQTqelUOaA2, CorrelationId:89d45b67-7836-48c3-90fe-20af0d584193, Elapsed:431.1384, MemberName:PopulateVirtualEntitiesActualSource, SourceFilePath:C:\__w\1\s\Framework\Adxstudio.Xrm\Caching\VirtualEntitiesCacheHelper.cs, SourceLineNumber:125, Category:Application, Message:The web api getDataSourceId for virtual entity returned empty DataSourceId, ErrorCategory:ApplicationError",8000eebc-0001-a100-b63f-84710c7967bb
2024-02-17T10:01:35,Error,site-85de4385-0987-4ae5-9917-b7715602956d-AUe,7e7bb2,638437608951135761,0,35932,11,"RequestData:, RequestPath:/_services/about, RequestExtension:, SessionId:, UserId:yiAt_X34lPuiye9Vct99hspT_tzV8hFXlcUQp-xT6PdyBNanASgM1EUA-COfYCLDDgoVLy3qVQ1yajyDi6QW_eShkj3JCDmjgfeMm4DD_Pe3sbo0OwgwTY-aK6ABgW_wldUyo0pvtUTjwQTqelUOaA2, CorrelationId:89d45b67-7836-48c3-90fe-20af0d584193, Elapsed:482.7349, MemberName:PopulateVirtualEntitiesActualSource, SourceFilePath:C:\__w\1\s\Framework\Adxstudio.Xrm\Caching\VirtualEntitiesCacheHelper.cs, SourceLineNumber:125, Category:Application, Message:The web api getDataSourceId for virtual entity returned empty DataSourceId, ErrorCategory:ApplicationError",8000eebc-0001-a100-b63f-84710c7967bb
2024-02-17T10:01:35,Error,site-85de4385-0987-4ae5-9917-b7715602956d-AUe,7e7bb2,638437608951604529,0,35932,11,"RequestData:, RequestPath:/_services/about, RequestExtension:, SessionId:, UserId:yiAt_X34lPuiye9Vct99hspT_tzV8hFXlcUQp-xT6PdyBNanASgM1EUA-COfYCLDDgoVLy3qVQ1yajyDi6QW_eShkj3JCDmjgfeMm4DD_Pe3sbo0OwgwTY-aK6ABgW_wldUyo0pvtUTjwQTqelUOaA2, CorrelationId:89d45b67-7836-48c3-90fe-20af0d584193, Elapsed:532.9799, MemberName:PopulateVirtualEntitiesActualSource, SourceFilePath:C:\__w\1\s\Framework\Adxstudio.Xrm\Caching\VirtualEntitiesCacheHelper.cs, SourceLineNumber:125, Category:Application, Message:The web api getDataSourceId for virtual entity returned empty DataSourceId, ErrorCategory:ApplicationError",8000eebc-0001-a100-b63f-84710c7967bb
2024-02-17T10:01:35,Error,site-85de4385-0987-4ae5-9917-b7715602956d-AUe,7e7bb2,638437608952072744,0,35932,11,"RequestData:, RequestPath:/_services/about, RequestExtension:, SessionId:, UserId:yiAt_X34lPuiye9Vct99hspT_tzV8hFXlcUQp-xT6PdyBNanASgM1EUA-COfYCLDDgoVLy3qVQ1yajyDi6QW_eShkj3JCDmjgfeMm4DD_Pe3sbo0OwgwTY-aK6ABgW_wldUyo0pvtUTjwQTqelUOaA2, CorrelationId:89d45b67-7836-48c3-90fe-20af0d584193, Elapsed:583.9615, MemberName:PopulateVirtualEntitiesActualSource, SourceFilePath:C:\__w\1\s\Framework\Adxstudio.Xrm\Caching\VirtualEntitiesCacheHelper.cs, SourceLineNumber:125, Category:Application, Message:The web api getDataSourceId for virtual entity returned empty DataSourceId, ErrorCategory:ApplicationError",8000eebc-0001-a100-b63f-84710c7967bb
2024-02-17T10:01:35,Error,site-85de4385-0987-4ae5-9917-b7715602956d-AUe,7e7bb2,638437608952542209,0,35932,11,"RequestData:, RequestPath:/_services/about, RequestExtension:, SessionId:, UserId:yiAt_X34lPuiye9Vct99hspT_tzV8hFXlcUQp-xT6PdyBNanASgM1EUA-COfYCLDDgoVLy3qVQ1yajyDi6QW_eShkj3JCDmjgfeMm4DD_Pe3sbo0OwgwTY-aK6ABgW_wldUyo0pvtUTjwQTqelUOaA2, CorrelationId:89d45b67-7836-48c3-90fe-20af0d584193, Elapsed:635.2095, MemberName:PopulateVirtualEntitiesActualSource, SourceFilePath:C:\__w\1\s\Framework\Adxstudio.Xrm\Caching\VirtualEntitiesCacheHelper.cs, SourceLineNumber:125, Category:Application, Message:The web api getDataSourceId for virtual entity returned empty DataSourceId, ErrorCategory:ApplicationError",8000eebc-0001-a100-b63f-84710c7967bb
2024-02-17T10:01:35,Error,site-85de4385-0987-4ae5-9917-b7715602956d-AUe,7e7bb2,638437608953167049,0,35932,11,"RequestData:, RequestPath:/_services/about, RequestExtension:, SessionId:, UserId:yiAt_X34lPuiye9Vct99hspT_tzV8hFXlcUQp-xT6PdyBNanASgM1EUA-COfYCLDDgoVLy3qVQ1yajyDi6QW_eShkj3JCDmjgfeMm4DD_Pe3sbo0OwgwTY-aK6ABgW_wldUyo0pvtUTjwQTqelUOaA2, CorrelationId:89d45b67-7836-48c3-90fe-20af0d584193, Elapsed:687.4118, MemberName:PopulateVirtualEntitiesActualSource, SourceFilePath:C:\__w\1\s\Framework\Adxstudio.Xrm\Caching\VirtualEntitiesCacheHelper.cs, SourceLineNumber:125, Category:Application, Message:The web api getDataSourceId for virtual entity returned empty DataSourceId, ErrorCategory:ApplicationError",8000eebc-0001-a100-b63f-84710c7967bb
2024-02-17T10:01:35,Error,site-85de4385-0987-4ae5-9917-b7715602956d-AUe,7e7bb2,638437608953636020,0,35932,11,"RequestData:, RequestPath:/_services/about, RequestExtension:, SessionId:, UserId:yiAt_X34lPuiye9Vct99hspT_tzV8hFXlcUQp-xT6PdyBNanASgM1EUA-COfYCLDDgoVLy3qVQ1yajyDi6QW_eShkj3JCDmjgfeMm4DD_Pe3sbo0OwgwTY-aK6ABgW_wldUyo0pvtUTjwQTqelUOaA2, CorrelationId:89d45b67-7836-48c3-90fe-20af0d584193, Elapsed:738.4534, MemberName:PopulateVirtualEntitiesActualSource, SourceFilePath:C:\__w\1\s\Framework\Adxstudio.Xrm\Caching\VirtualEntitiesCacheHelper.cs, SourceLineNumber:125, Category:Application, Message:The web api getDataSourceId for virtual entity returned empty DataSourceId, ErrorCategory:ApplicationError",8000eebc-0001-a100-b63f-84710c7967bb
2024-02-17T10:01:35,Error,site-85de4385-0987-4ae5-9917-b7715602956d-AUe,7e7bb2,638437608954104561,0,35932,11,"RequestData:, RequestPath:/_services/about, RequestExtension:, SessionId:, UserId:yiAt_X34lPuiye9Vct99hspT_tzV8hFXlcUQp-xT6PdyBNanASgM1EUA-COfYCLDDgoVLy3qVQ1yajyDi6QW_eShkj3JCDmjgfeMm4DD_Pe3sbo0OwgwTY-aK6ABgW_wldUyo0pvtUTjwQTqelUOaA2, CorrelationId:89d45b67-7836-48c3-90fe-20af0d584193, Elapsed:788.842, MemberName:PopulateVirtualEntitiesActualSource, SourceFilePath:C:\__w\1\s\Framework\Adxstudio.Xrm\Caching\VirtualEntitiesCacheHelper.cs, SourceLineNumber:125, Category:Application, Message:The web api getDataSourceId for virtual entity returned empty DataSourceId, ErrorCategory:ApplicationError",8000eebc-0001-a100-b63f-84710c7967bb
2024-02-17T10:01:35,Error,site-85de4385-0987-4ae5-9917-b7715602956d-AUe,7e7bb2,638437608954729721,0,35932,11,"RequestData:, RequestPath:/_services/about, RequestExtension:, SessionId:, UserId:yiAt_X34lPuiye9Vct99hspT_tzV8hFXlcUQp-xT6PdyBNanASgM1EUA-COfYCLDDgoVLy3qVQ1yajyDi6QW_eShkj3JCDmjgfeMm4DD_Pe3sbo0OwgwTY-aK6ABgW_wldUyo0pvtUTjwQTqelUOaA2, CorrelationId:89d45b67-7836-48c3-90fe-20af0d584193, Elapsed:850.9592, MemberName:PopulateVirtualEntitiesActualSource, SourceFilePath:C:\__w\1\s\Framework\Adxstudio.Xrm\Caching\VirtualEntitiesCacheHelper.cs, SourceLineNumber:125, Category:Application, Message:The web api getDataSourceId for virtual entity returned empty DataSourceId, ErrorCategory:ApplicationError",8000eebc-0001-a100-b63f-84710c7967bb
2024-02-17T10:01:35,Error,site-85de4385-0987-4ae5-9917-b7715602956d-AUe,7e7bb2,638437608955197920,0,35932,11,"RequestData:, RequestPath:/_services/about, RequestExtension:, SessionId:, UserId:yiAt_X34lPuiye9Vct99hspT_tzV8hFXlcUQp-xT6PdyBNanASgM1EUA-COfYCLDDgoVLy3qVQ1yajyDi6QW_eShkj3JCDmjgfeMm4DD_Pe3sbo0OwgwTY-aK6ABgW_wldUyo0pvtUTjwQTqelUOaA2, CorrelationId:89d45b67-7836-48c3-90fe-20af0d584193, Elapsed:901.8491, MemberName:PopulateVirtualEntitiesActualSource, SourceFilePath:C:\__w\1\s\Framework\Adxstudio.Xrm\Caching\VirtualEntitiesCacheHelper.cs, SourceLineNumber:125, Category:Application, Message:The web api getDataSourceId for virtual entity returned empty DataSourceId, ErrorCategory:ApplicationError",8000eebc-0001-a100-b63f-84710c7967bb
2024-02-17T10:01:35,Error,site-85de4385-0987-4ae5-9917-b7715602956d-AUe,7e7bb2,638437608955823410,0,35932,11,"RequestData:, RequestPath:/_services/about, RequestExtension:, SessionId:, UserId:yiAt_X34lPuiye9Vct99hspT_tzV8hFXlcUQp-xT6PdyBNanASgM1EUA-COfYCLDDgoVLy3qVQ1yajyDi6QW_eShkj3JCDmjgfeMm4DD_Pe3sbo0OwgwTY-aK6ABgW_wldUyo0pvtUTjwQTqelUOaA2, CorrelationId:89d45b67-7836-48c3-90fe-20af0d584193, Elapsed:950.8884, MemberName:PopulateVirtualEntitiesActualSource, SourceFilePath:C:\__w\1\s\Framework\Adxstudio.Xrm\Caching\VirtualEntitiesCacheHelper.cs, SourceLineNumber:125, Category:Application, Message:The web api getDataSourceId for virtual entity returned empty DataSourceId, ErrorCategory:ApplicationError",8000eebc-0001-a100-b63f-84710c7967bb
2024-02-17T10:01:35,Error,site-85de4385-0987-4ae5-9917-b7715602956d-AUe,7e7bb2,638437608956292081,0,35932,11,"RequestData:, RequestPath:/_services/about, RequestExtension:, SessionId:, UserId:yiAt_X34lPuiye9Vct99hspT_tzV8hFXlcUQp-xT6PdyBNanASgM1EUA-COfYCLDDgoVLy3qVQ1yajyDi6QW_eShkj3JCDmjgfeMm4DD_Pe3sbo0OwgwTY-aK6ABgW_wldUyo0pvtUTjwQTqelUOaA2, CorrelationId:89d45b67-7836-48c3-90fe-20af0d584193, Elapsed:1002.0786, MemberName:PopulateVirtualEntitiesActualSource, SourceFilePath:C:\__w\1\s\Framework\Adxstudio.Xrm\Caching\VirtualEntitiesCacheHelper.cs, SourceLineNumber:125, Category:Application, Message:The web api getDataSourceId for virtual entity returned empty DataSourceId, ErrorCategory:ApplicationError",8000eebc-0001-a100-b63f-84710c7967bb
2024-02-17T10:01:35,Error,site-85de4385-0987-4ae5-9917-b7715602956d-AUe,7e7bb2,638437608956760869,0,35932,11,"RequestData:, RequestPath:/_services/about, RequestExtension:, SessionId:, UserId:yiAt_X34lPuiye9Vct99hspT_tzV8hFXlcUQp-xT6PdyBNanASgM1EUA-COfYCLDDgoVLy3qVQ1yajyDi6QW_eShkj3JCDmjgfeMm4DD_Pe3sbo0OwgwTY-aK6ABgW_wldUyo0pvtUTjwQTqelUOaA2, CorrelationId:89d45b67-7836-48c3-90fe-20af0d584193, Elapsed:1052.9463, MemberName:PopulateVirtualEntitiesActualSource, SourceFilePath:C:\__w\1\s\Framework\Adxstudio.Xrm\Caching\VirtualEntitiesCacheHelper.cs, SourceLineNumber:125, Category:Application, Message:The web api getDataSourceId for virtual entity returned empty DataSourceId, ErrorCategory:ApplicationError",8000eebc-0001-a100-b63f-84710c7967bb
2024-02-17T10:01:35,Error,site-85de4385-0987-4ae5-9917-b7715602956d-AUe,7e7bb2,638437608957229874,0,35932,11,"RequestData:, RequestPath:/_services/about, RequestExtension:, SessionId:, UserId:yiAt_X34lPuiye9Vct99hspT_tzV8hFXlcUQp-xT6PdyBNanASgM1EUA-COfYCLDDgoVLy3qVQ1yajyDi6QW_eShkj3JCDmjgfeMm4DD_Pe3sbo0OwgwTY-aK6ABgW_wldUyo0pvtUTjwQTqelUOaA2, CorrelationId:89d45b67-7836-48c3-90fe-20af0d584193, Elapsed:1103.8313, MemberName:PopulateVirtualEntitiesActualSource, SourceFilePath:C:\__w\1\s\Framework\Adxstudio.Xrm\Caching\VirtualEntitiesCacheHelper.cs, SourceLineNumber:125, Category:Application, Message:The web api getDataSourceId for virtual entity returned empty DataSourceId, ErrorCategory:ApplicationError",8000eebc-0001-a100-b63f-84710c7967bb
2024-02-17T10:01:35,Error,site-85de4385-0987-4ae5-9917-b7715602956d-AUe,7e7bb2,638437608957854676,0,35932,11,"RequestData:, RequestPath:/_services/about, RequestExtension:, SessionId:, UserId:yiAt_X34lPuiye9Vct99hspT_tzV8hFXlcUQp-xT6PdyBNanASgM1EUA-COfYCLDDgoVLy3qVQ1yajyDi6QW_eShkj3JCDmjgfeMm4DD_Pe3sbo0OwgwTY-aK6ABgW_wldUyo0pvtUTjwQTqelUOaA2, CorrelationId:89d45b67-7836-48c3-90fe-20af0d584193, Elapsed:1153.3335, MemberName:PopulateVirtualEntitiesActualSource, SourceFilePath:C:\__w\1\s\Framework\Adxstudio.Xrm\Caching\VirtualEntitiesCacheHelper.cs, SourceLineNumber:125, Category:Application, Message:The web api getDataSourceId for virtual entity returned empty DataSourceId, ErrorCategory:ApplicationError",8000eebc-0001-a100-b63f-84710c7967bb
2024-02-17T10:01:35,Error,site-85de4385-0987-4ae5-9917-b7715602956d-AUe,7e7bb2,638437608959573657,0,35932,11,"RequestData:, RequestPath:/_services/about, RequestExtension:, SessionId:, UserId:yiAt_X34lPuiye9Vct99hspT_tzV8hFXlcUQp-xT6PdyBNanASgM1EUA-COfYCLDDgoVLy3qVQ1yajyDi6QW_eShkj3JCDmjgfeMm4DD_Pe3sbo0OwgwTY-aK6ABgW_wldUyo0pvtUTjwQTqelUOaA2, CorrelationId:89d45b67-7836-48c3-90fe-20af0d584193, Elapsed:1332.0715, MemberName:PopulateVirtualEntitiesActualSource, SourceFilePath:C:\__w\1\s\Framework\Adxstudio.Xrm\Caching\VirtualEntitiesCacheHelper.cs, SourceLineNumber:125, Category:Application, Message:The web api getDataSourceId for virtual entity returned empty DataSourceId, ErrorCategory:ApplicationError",8000eebc-0001-a100-b63f-84710c7967bb
2024-02-17T10:01:36,Error,site-85de4385-0987-4ae5-9917-b7715602956d-AUe,7e7bb2,638437608960041688,0,35932,11,"RequestData:, RequestPath:/_services/about, RequestExtension:, SessionId:, UserId:yiAt_X34lPuiye9Vct99hspT_tzV8hFXlcUQp-xT6PdyBNanASgM1EUA-COfYCLDDgoVLy3qVQ1yajyDi6QW_eShkj3JCDmjgfeMm4DD_Pe3sbo0OwgwTY-aK6ABgW_wldUyo0pvtUTjwQTqelUOaA2, CorrelationId:89d45b67-7836-48c3-90fe-20af0d584193, Elapsed:1383.4093, MemberName:PopulateVirtualEntitiesActualSource, SourceFilePath:C:\__w\1\s\Framework\Adxstudio.Xrm\Caching\VirtualEntitiesCacheHelper.cs, SourceLineNumber:125, Category:Application, Message:The web api getDataSourceId for virtual entity returned empty DataSourceId, ErrorCategory:ApplicationError",8000eebc-0001-a100-b63f-84710c7967bb
2024-02-17T10:01:36,Error,site-85de4385-0987-4ae5-9917-b7715602956d-AUe,7e7bb2,638437608960667463,0,35932,11,"RequestData:, RequestPath:/_services/about, RequestExtension:, SessionId:, UserId:yiAt_X34lPuiye9Vct99hspT_tzV8hFXlcUQp-xT6PdyBNanASgM1EUA-COfYCLDDgoVLy3qVQ1yajyDi6QW_eShkj3JCDmjgfeMm4DD_Pe3sbo0OwgwTY-aK6ABgW_wldUyo0pvtUTjwQTqelUOaA2, CorrelationId:89d45b67-7836-48c3-90fe-20af0d584193, Elapsed:1442.0392, MemberName:PopulateVirtualEntitiesActualSource, SourceFilePath:C:\__w\1\s\Framework\Adxstudio.Xrm\Caching\VirtualEntitiesCacheHelper.cs, SourceLineNumber:125, Category:Application, Message:The web api getDataSourceId for virtual entity returned empty DataSourceId, ErrorCategory:ApplicationError",8000eebc-0001-a100-b63f-84710c7967bb
2024-02-17T10:01:36,Error,site-85de4385-0987-4ae5-9917-b7715602956d-AUe,7e7bb2,638437608961135977,0,35932,11,"RequestData:, RequestPath:/_services/about, RequestExtension:, SessionId:, UserId:yiAt_X34lPuiye9Vct99hspT_tzV8hFXlcUQp-xT6PdyBNanASgM1EUA-COfYCLDDgoVLy3qVQ1yajyDi6QW_eShkj3JCDmjgfeMm4DD_Pe3sbo0OwgwTY-aK6ABgW_wldUyo0pvtUTjwQTqelUOaA2, CorrelationId:89d45b67-7836-48c3-90fe-20af0d584193, Elapsed:1495.5006, MemberName:PopulateVirtualEntitiesActualSource, SourceFilePath:C:\__w\1\s\Framework\Adxstudio.Xrm\Caching\VirtualEntitiesCacheHelper.cs, SourceLineNumber:125, Category:Application, Message:The web api getDataSourceId for virtual entity returned empty DataSourceId, ErrorCategory:ApplicationError",8000eebc-0001-a100-b63f-84710c7967bb
2024-02-17T10:01:36,Error,site-85de4385-0987-4ae5-9917-b7715602956d-AUe,7e7bb2,638437608961760492,0,35932,11,"RequestData:, RequestPath:/_services/about, RequestExtension:, SessionId:, UserId:yiAt_X34lPuiye9Vct99hspT_tzV8hFXlcUQp-xT6PdyBNanASgM1EUA-COfYCLDDgoVLy3qVQ1yajyDi6QW_eShkj3JCDmjgfeMm4DD_Pe3sbo0OwgwTY-aK6ABgW_wldUyo0pvtUTjwQTqelUOaA2, CorrelationId:89d45b67-7836-48c3-90fe-20af0d584193, Elapsed:1546.6217, MemberName:PopulateVirtualEntitiesActualSource, SourceFilePath:C:\__w\1\s\Framework\Adxstudio.Xrm\Caching\VirtualEntitiesCacheHelper.cs, SourceLineNumber:125, Category:Application, Message:The web api getDataSourceId for virtual entity returned empty DataSourceId, ErrorCategory:ApplicationError",8000eebc-0001-a100-b63f-84710c7967bb
2024-02-17T10:01:36,Error,site-85de4385-0987-4ae5-9917-b7715602956d-AUe,7e7bb2,638437608962229755,0,35932,11,"RequestData:, RequestPath:/_services/about, RequestExtension:, SessionId:, UserId:yiAt_X34lPuiye9Vct99hspT_tzV8hFXlcUQp-xT6PdyBNanASgM1EUA-COfYCLDDgoVLy3qVQ1yajyDi6QW_eShkj3JCDmjgfeMm4DD_Pe3sbo0OwgwTY-aK6ABgW_wldUyo0pvtUTjwQTqelUOaA2, CorrelationId:89d45b67-7836-48c3-90fe-20af0d584193, Elapsed:1601.0731, MemberName:PopulateVirtualEntitiesActualSource, SourceFilePath:C:\__w\1\s\Framework\Adxstudio.Xrm\Caching\VirtualEntitiesCacheHelper.cs, SourceLineNumber:125, Category:Application, Message:The web api getDataSourceId for virtual entity returned empty DataSourceId, ErrorCategory:ApplicationError",8000eebc-0001-a100-b63f-84710c7967bb
2024-02-17T10:01:36,Error,site-85de4385-0987-4ae5-9917-b7715602956d-AUe,7e7bb2,638437608962698539,0,35932,11,"RequestData:, RequestPath:/_services/about, RequestExtension:, SessionId:, UserId:yiAt_X34lPuiye9Vct99hspT_tzV8hFXlcUQp-xT6PdyBNanASgM1EUA-COfYCLDDgoVLy3qVQ1yajyDi6QW_eShkj3JCDmjgfeMm4DD_Pe3sbo0OwgwTY-aK6ABgW_wldUyo0pvtUTjwQTqelUOaA2, CorrelationId:89d45b67-7836-48c3-90fe-20af0d584193, Elapsed:1651.9432, MemberName:PopulateVirtualEntitiesActualSource, SourceFilePath:C:\__w\1\s\Framework\Adxstudio.Xrm\Caching\VirtualEntitiesCacheHelper.cs, SourceLineNumber:125, Category:Application, Message:The web api getDataSourceId for virtual entity returned empty DataSourceId, ErrorCategory:ApplicationError",8000eebc-0001-a100-b63f-84710c7967bb
2024-02-17T10:01:36,Error,site-85de4385-0987-4ae5-9917-b7715602956d-AUe,7e7bb2,638437608963323603,0,35932,11,"RequestData:, RequestPath:/_services/about, RequestExtension:, SessionId:, UserId:yiAt_X34lPuiye9Vct99hspT_tzV8hFXlcUQp-xT6PdyBNanASgM1EUA-COfYCLDDgoVLy3qVQ1yajyDi6QW_eShkj3JCDmjgfeMm4DD_Pe3sbo0OwgwTY-aK6ABgW_wldUyo0pvtUTjwQTqelUOaA2, CorrelationId:89d45b67-7836-48c3-90fe-20af0d584193, Elapsed:1704.1035, MemberName:PopulateVirtualEntitiesActualSource, SourceFilePath:C:\__w\1\s\Framework\Adxstudio.Xrm\Caching\VirtualEntitiesCacheHelper.cs, SourceLineNumber:125, Category:Application, Message:The web api getDataSourceId for virtual entity returned empty DataSourceId, ErrorCategory:ApplicationError",8000eebc-0001-a100-b63f-84710c7967bb
2024-02-17T10:01:36,Error,site-85de4385-0987-4ae5-9917-b7715602956d-AUe,7e7bb2,638437608963792360,0,35932,11,"RequestData:, RequestPath:/_services/about, RequestExtension:, SessionId:, UserId:yiAt_X34lPuiye9Vct99hspT_tzV8hFXlcUQp-xT6PdyBNanASgM1EUA-COfYCLDDgoVLy3qVQ1yajyDi6QW_eShkj3JCDmjgfeMm4DD_Pe3sbo0OwgwTY-aK6ABgW_wldUyo0pvtUTjwQTqelUOaA2, CorrelationId:89d45b67-7836-48c3-90fe-20af0d584193, Elapsed:1755.9539, MemberName:PopulateVirtualEntitiesActualSource, SourceFilePath:C:\__w\1\s\Framework\Adxstudio.Xrm\Caching\VirtualEntitiesCacheHelper.cs, SourceLineNumber:125, Category:Application, Message:The web api getDataSourceId for virtual entity returned empty DataSourceId, ErrorCategory:ApplicationError",8000eebc-0001-a100-b63f-84710c7967bb
2024-02-17T10:01:36,Error,site-85de4385-0987-4ae5-9917-b7715602956d-AUe,7e7bb2,638437608964261329,0,35932,11,"RequestData:, RequestPath:/_services/about, RequestExtension:, SessionId:, UserId:yiAt_X34lPuiye9Vct99hspT_tzV8hFXlcUQp-xT6PdyBNanASgM1EUA-COfYCLDDgoVLy3qVQ1yajyDi6QW_eShkj3JCDmjgfeMm4DD_Pe3sbo0OwgwTY-aK6ABgW_wldUyo0pvtUTjwQTqelUOaA2, CorrelationId:89d45b67-7836-48c3-90fe-20af0d584193, Elapsed:1806.0838, MemberName:PopulateVirtualEntitiesActualSource, SourceFilePath:C:\__w\1\s\Framework\Adxstudio.Xrm\Caching\VirtualEntitiesCacheHelper.cs, SourceLineNumber:125, Category:Application, Message:The web api getDataSourceId for virtual entity returned empty DataSourceId, ErrorCategory:ApplicationError",8000eebc-0001-a100-b63f-84710c7967bb
2024-02-17T10:01:36,Error,site-85de4385-0987-4ae5-9917-b7715602956d-AUe,7e7bb2,638437608964886049,0,35932,11,"RequestData:, RequestPath:/_services/about, RequestExtension:, SessionId:, UserId:yiAt_X34lPuiye9Vct99hspT_tzV8hFXlcUQp-xT6PdyBNanASgM1EUA-COfYCLDDgoVLy3qVQ1yajyDi6QW_eShkj3JCDmjgfeMm4DD_Pe3sbo0OwgwTY-aK6ABgW_wldUyo0pvtUTjwQTqelUOaA2, CorrelationId:89d45b67-7836-48c3-90fe-20af0d584193, Elapsed:1856.9622, MemberName:PopulateVirtualEntitiesActualSource, SourceFilePath:C:\__w\1\s\Framework\Adxstudio.Xrm\Caching\VirtualEntitiesCacheHelper.cs, SourceLineNumber:125, Category:Application, Message:The web api getDataSourceId for virtual entity returned empty DataSourceId, ErrorCategory:ApplicationError",8000eebc-0001-a100-b63f-84710c7967bb
2024-02-17T10:01:36,Error,site-85de4385-0987-4ae5-9917-b7715602956d-AUe,7e7bb2,638437608965355133,0,35932,11,"RequestData:, RequestPath:/_services/about, RequestExtension:, SessionId:, UserId:yiAt_X34lPuiye9Vct99hspT_tzV8hFXlcUQp-xT6PdyBNanASgM1EUA-COfYCLDDgoVLy3qVQ1yajyDi6QW_eShkj3JCDmjgfeMm4DD_Pe3sbo0OwgwTY-aK6ABgW_wldUyo0pvtUTjwQTqelUOaA2, CorrelationId:89d45b67-7836-48c3-90fe-20af0d584193, Elapsed:1909.2388, MemberName:PopulateVirtualEntitiesActualSource, SourceFilePath:C:\__w\1\s\Framework\Adxstudio.Xrm\Caching\VirtualEntitiesCacheHelper.cs, SourceLineNumber:125, Category:Application, Message:The web api getDataSourceId for virtual entity returned empty DataSourceId, ErrorCategory:ApplicationError",8000eebc-0001-a100-b63f-84710c7967bb
2024-02-17T10:01:36,Error,site-85de4385-0987-4ae5-9917-b7715602956d-AUe,7e7bb2,638437608965824044,0,35932,11,"RequestData:, RequestPath:/_services/about, RequestExtension:, SessionId:, UserId:yiAt_X34lPuiye9Vct99hspT_tzV8hFXlcUQp-xT6PdyBNanASgM1EUA-COfYCLDDgoVLy3qVQ1yajyDi6QW_eShkj3JCDmjgfeMm4DD_Pe3sbo0OwgwTY-aK6ABgW_wldUyo0pvtUTjwQTqelUOaA2, CorrelationId:89d45b67-7836-48c3-90fe-20af0d584193, Elapsed:1960.4389, MemberName:PopulateVirtualEntitiesActualSource, SourceFilePath:C:\__w\1\s\Framework\Adxstudio.Xrm\Caching\VirtualEntitiesCacheHelper.cs, SourceLineNumber:125, Category:Application, Message:The web api getDataSourceId for virtual entity returned empty DataSourceId, ErrorCategory:ApplicationError",8000eebc-0001-a100-b63f-84710c7967bb
2024-02-17T10:01:36,Error,site-85de4385-0987-4ae5-9917-b7715602956d-AUe,7e7bb2,638437608966448753,0,35932,11,"RequestData:, RequestPath:/_services/about, RequestExtension:, SessionId:, UserId:yiAt_X34lPuiye9Vct99hspT_tzV8hFXlcUQp-xT6PdyBNanASgM1EUA-COfYCLDDgoVLy3qVQ1yajyDi6QW_eShkj3JCDmjgfeMm4DD_Pe3sbo0OwgwTY-aK6ABgW_wldUyo0pvtUTjwQTqelUOaA2, CorrelationId:89d45b67-7836-48c3-90fe-20af0d584193, Elapsed:2013.3987, MemberName:PopulateVirtualEntitiesActualSource, SourceFilePath:C:\__w\1\s\Framework\Adxstudio.Xrm\Caching\VirtualEntitiesCacheHelper.cs, SourceLineNumber:125, Category:Application, Message:The web api getDataSourceId for virtual entity returned empty DataSourceId, ErrorCategory:ApplicationError",8000eebc-0001-a100-b63f-84710c7967bb
2024-02-17T10:01:36,Error,site-85de4385-0987-4ae5-9917-b7715602956d-AUe,7e7bb2,638437608966917602,0,35932,11,"RequestData:, RequestPath:/_services/about, RequestExtension:, SessionId:, UserId:yiAt_X34lPuiye9Vct99hspT_tzV8hFXlcUQp-xT6PdyBNanASgM1EUA-COfYCLDDgoVLy3qVQ1yajyDi6QW_eShkj3JCDmjgfeMm4DD_Pe3sbo0OwgwTY-aK6ABgW_wldUyo0pvtUTjwQTqelUOaA2, CorrelationId:89d45b67-7836-48c3-90fe-20af0d584193, Elapsed:2066.1098, MemberName:PopulateVirtualEntitiesActualSource, SourceFilePath:C:\__w\1\s\Framework\Adxstudio.Xrm\Caching\VirtualEntitiesCacheHelper.cs, SourceLineNumber:125, Category:Application, Message:The web api getDataSourceId for virtual entity returned empty DataSourceId, ErrorCategory:ApplicationError",8000eebc-0001-a100-b63f-84710c7967bb
2024-02-17T10:01:36,Error,site-85de4385-0987-4ae5-9917-b7715602956d-AUe,7e7bb2,638437608967386125,0,35932,11,"RequestData:, RequestPath:/_services/about, RequestExtension:, SessionId:, UserId:yiAt_X34lPuiye9Vct99hspT_tzV8hFXlcUQp-xT6PdyBNanASgM1EUA-COfYCLDDgoVLy3qVQ1yajyDi6QW_eShkj3JCDmjgfeMm4DD_Pe3sbo0OwgwTY-aK6ABgW_wldUyo0pvtUTjwQTqelUOaA2, CorrelationId:89d45b67-7836-48c3-90fe-20af0d584193, Elapsed:2120.0987, MemberName:PopulateVirtualEntitiesActualSource, SourceFilePath:C:\__w\1\s\Framework\Adxstudio.Xrm\Caching\VirtualEntitiesCacheHelper.cs, SourceLineNumber:125, Category:Application, Message:The web api getDataSourceId for virtual entity returned empty DataSourceId, ErrorCategory:ApplicationError",8000eebc-0001-a100-b63f-84710c7967bb
2024-02-17T10:01:36,Error,site-85de4385-0987-4ae5-9917-b7715602956d-AUe,7e7bb2,638437608968011558,0,35932,11,"RequestData:, RequestPath:/_services/about, RequestExtension:, SessionId:, UserId:yiAt_X34lPuiye9Vct99hspT_tzV8hFXlcUQp-xT6PdyBNanASgM1EUA-COfYCLDDgoVLy3qVQ1yajyDi6QW_eShkj3JCDmjgfeMm4DD_Pe3sbo0OwgwTY-aK6ABgW_wldUyo0pvtUTjwQTqelUOaA2, CorrelationId:89d45b67-7836-48c3-90fe-20af0d584193, Elapsed:2172.1313, MemberName:PopulateVirtualEntitiesActualSource, SourceFilePath:C:\__w\1\s\Framework\Adxstudio.Xrm\Caching\VirtualEntitiesCacheHelper.cs, SourceLineNumber:125, Category:Application, Message:The web api getDataSourceId for virtual entity returned empty DataSourceId, ErrorCategory:ApplicationError",8000eebc-0001-a100-b63f-84710c7967bb
2024-02-17T10:01:36,Error,site-85de4385-0987-4ae5-9917-b7715602956d-AUe,7e7bb2,638437608968479889,0,35932,11,"RequestData:, RequestPath:/_services/about, RequestExtension:, SessionId:, UserId:yiAt_X34lPuiye9Vct99hspT_tzV8hFXlcUQp-xT6PdyBNanASgM1EUA-COfYCLDDgoVLy3qVQ1yajyDi6QW_eShkj3JCDmjgfeMm4DD_Pe3sbo0OwgwTY-aK6ABgW_wldUyo0pvtUTjwQTqelUOaA2, CorrelationId:89d45b67-7836-48c3-90fe-20af0d584193, Elapsed:2222.2879, MemberName:PopulateVirtualEntitiesActualSource, SourceFilePath:C:\__w\1\s\Framework\Adxstudio.Xrm\Caching\VirtualEntitiesCacheHelper.cs, SourceLineNumber:125, Category:Application, Message:The web api getDataSourceId for virtual entity returned empty DataSourceId, ErrorCategory:ApplicationError",8000eebc-0001-a100-b63f-84710c7967bb
2024-02-17T10:01:36,Error,site-85de4385-0987-4ae5-9917-b7715602956d-AUe,7e7bb2,638437608968948802,0,35932,11,"RequestData:, RequestPath:/_services/about, RequestExtension:, SessionId:, UserId:yiAt_X34lPuiye9Vct99hspT_tzV8hFXlcUQp-xT6PdyBNanASgM1EUA-COfYCLDDgoVLy3qVQ1yajyDi6QW_eShkj3JCDmjgfeMm4DD_Pe3sbo0OwgwTY-aK6ABgW_wldUyo0pvtUTjwQTqelUOaA2, CorrelationId:89d45b67-7836-48c3-90fe-20af0d584193, Elapsed:2273.3287, MemberName:PopulateVirtualEntitiesActualSource, SourceFilePath:C:\__w\1\s\Framework\Adxstudio.Xrm\Caching\VirtualEntitiesCacheHelper.cs, SourceLineNumber:125, Category:Application, Message:The web api getDataSourceId for virtual entity returned empty DataSourceId, ErrorCategory:ApplicationError",8000eebc-0001-a100-b63f-84710c7967bb
2024-02-17T10:01:36,Error,site-85de4385-0987-4ae5-9917-b7715602956d-AUe,7e7bb2,638437608969573914,0,35932,11,"RequestData:, RequestPath:/_services/about, RequestExtension:, SessionId:, UserId:yiAt_X34lPuiye9Vct99hspT_tzV8hFXlcUQp-xT6PdyBNanASgM1EUA-COfYCLDDgoVLy3qVQ1yajyDi6QW_eShkj3JCDmjgfeMm4DD_Pe3sbo0OwgwTY-aK6ABgW_wldUyo0pvtUTjwQTqelUOaA2, CorrelationId:89d45b67-7836-48c3-90fe-20af0d584193, Elapsed:2325.1362, MemberName:PopulateVirtualEntitiesActualSource, SourceFilePath:C:\__w\1\s\Framework\Adxstudio.Xrm\Caching\VirtualEntitiesCacheHelper.cs, SourceLineNumber:125, Category:Application, Message:The web api getDataSourceId for virtual entity returned empty DataSourceId, ErrorCategory:ApplicationError",8000eebc-0001-a100-b63f-84710c7967bb
2024-02-17T10:01:37,Error,site-85de4385-0987-4ae5-9917-b7715602956d-AUe,7e7bb2,638437608970042654,0,35932,11,"RequestData:, RequestPath:/_services/about, RequestExtension:, SessionId:, UserId:yiAt_X34lPuiye9Vct99hspT_tzV8hFXlcUQp-xT6PdyBNanASgM1EUA-COfYCLDDgoVLy3qVQ1yajyDi6QW_eShkj3JCDmjgfeMm4DD_Pe3sbo0OwgwTY-aK6ABgW_wldUyo0pvtUTjwQTqelUOaA2, CorrelationId:89d45b67-7836-48c3-90fe-20af0d584193, Elapsed:2377.3705, MemberName:PopulateVirtualEntitiesActualSource, SourceFilePath:C:\__w\1\s\Framework\Adxstudio.Xrm\Caching\VirtualEntitiesCacheHelper.cs, SourceLineNumber:125, Category:Application, Message:The web api getDataSourceId for virtual entity returned empty DataSourceId, ErrorCategory:ApplicationError",8000eebc-0001-a100-b63f-84710c7967bb
2024-02-17T10:01:37,Error,site-85de4385-0987-4ae5-9917-b7715602956d-AUe,7e7bb2,638437608970511207,0,35932,11,"RequestData:, RequestPath:/_services/about, RequestExtension:, SessionId:, UserId:yiAt_X34lPuiye9Vct99hspT_tzV8hFXlcUQp-xT6PdyBNanASgM1EUA-COfYCLDDgoVLy3qVQ1yajyDi6QW_eShkj3JCDmjgfeMm4DD_Pe3sbo0OwgwTY-aK6ABgW_wldUyo0pvtUTjwQTqelUOaA2, CorrelationId:89d45b67-7836-48c3-90fe-20af0d584193, Elapsed:2427.8078, MemberName:PopulateVirtualEntitiesActualSource, SourceFilePath:C:\__w\1\s\Framework\Adxstudio.Xrm\Caching\VirtualEntitiesCacheHelper.cs, SourceLineNumber:125, Category:Application, Message:The web api getDataSourceId for virtual entity returned empty DataSourceId, ErrorCategory:ApplicationError",8000eebc-0001-a100-b63f-84710c7967bb
2024-02-17T10:01:37,Error,site-85de4385-0987-4ae5-9917-b7715602956d-AUe,7e7bb2,638437608970979455,0,35932,11,"RequestData:, RequestPath:/_services/about, RequestExtension:, SessionId:, UserId:yiAt_X34lPuiye9Vct99hspT_tzV8hFXlcUQp-xT6PdyBNanASgM1EUA-COfYCLDDgoVLy3qVQ1yajyDi6QW_eShkj3JCDmjgfeMm4DD_Pe3sbo0OwgwTY-aK6ABgW_wldUyo0pvtUTjwQTqelUOaA2, CorrelationId:89d45b67-7836-48c3-90fe-20af0d584193, Elapsed:2479.4645, MemberName:PopulateVirtualEntitiesActualSource, SourceFilePath:C:\__w\1\s\Framework\Adxstudio.Xrm\Caching\VirtualEntitiesCacheHelper.cs, SourceLineNumber:125, Category:Application, Message:The web api getDataSourceId for virtual entity returned empty DataSourceId, ErrorCategory:ApplicationError",8000eebc-0001-a100-b63f-84710c7967bb
2024-02-17T10:01:37,Error,site-85de4385-0987-4ae5-9917-b7715602956d-AUe,7e7bb2,638437608971604434,0,35932,11,"RequestData:, RequestPath:/_services/about, RequestExtension:, SessionId:, UserId:yiAt_X34lPuiye9Vct99hspT_tzV8hFXlcUQp-xT6PdyBNanASgM1EUA-COfYCLDDgoVLy3qVQ1yajyDi6QW_eShkj3JCDmjgfeMm4DD_Pe3sbo0OwgwTY-aK6ABgW_wldUyo0pvtUTjwQTqelUOaA2, CorrelationId:89d45b67-7836-48c3-90fe-20af0d584193, Elapsed:2531.1051, MemberName:PopulateVirtualEntitiesActualSource, SourceFilePath:C:\__w\1\s\Framework\Adxstudio.Xrm\Caching\VirtualEntitiesCacheHelper.cs, SourceLineNumber:125, Category:Application, Message:The web api getDataSourceId for virtual entity returned empty DataSourceId, ErrorCategory:ApplicationError",8000eebc-0001-a100-b63f-84710c7967bb
2024-02-17T10:01:37,Error,site-85de4385-0987-4ae5-9917-b7715602956d-AUe,7e7bb2,638437608972073312,0,35932,11,"RequestData:, RequestPath:/_services/about, RequestExtension:, SessionId:, UserId:yiAt_X34lPuiye9Vct99hspT_tzV8hFXlcUQp-xT6PdyBNanASgM1EUA-COfYCLDDgoVLy3qVQ1yajyDi6QW_eShkj3JCDmjgfeMm4DD_Pe3sbo0OwgwTY-aK6ABgW_wldUyo0pvtUTjwQTqelUOaA2, CorrelationId:89d45b67-7836-48c3-90fe-20af0d584193, Elapsed:2581.1459, MemberName:PopulateVirtualEntitiesActualSource, SourceFilePath:C:\__w\1\s\Framework\Adxstudio.Xrm\Caching\VirtualEntitiesCacheHelper.cs, SourceLineNumber:125, Category:Application, Message:The web api getDataSourceId for virtual entity returned empty DataSourceId, ErrorCategory:ApplicationError",8000eebc-0001-a100-b63f-84710c7967bb
2024-02-17T10:01:37,Error,site-85de4385-0987-4ae5-9917-b7715602956d-AUe,7e7bb2,638437608972542146,0,35932,11,"RequestData:, RequestPath:/_services/about, RequestExtension:, SessionId:, UserId:yiAt_X34lPuiye9Vct99hspT_tzV8hFXlcUQp-xT6PdyBNanASgM1EUA-COfYCLDDgoVLy3qVQ1yajyDi6QW_eShkj3JCDmjgfeMm4DD_Pe3sbo0OwgwTY-aK6ABgW_wldUyo0pvtUTjwQTqelUOaA2, CorrelationId:89d45b67-7836-48c3-90fe-20af0d584193, Elapsed:2632.0552, MemberName:PopulateVirtualEntitiesActualSource, SourceFilePath:C:\__w\1\s\Framework\Adxstudio.Xrm\Caching\VirtualEntitiesCacheHelper.cs, SourceLineNumber:125, Category:Application, Message:The web api getDataSourceId for virtual entity returned empty DataSourceId, ErrorCategory:ApplicationError",8000eebc-0001-a100-b63f-84710c7967bb
2024-02-17T10:01:37,Error,site-85de4385-0987-4ae5-9917-b7715602956d-AUe,7e7bb2,638437608973010710,0,35932,11,"RequestData:, RequestPath:/_services/about, RequestExtension:, SessionId:, UserId:yiAt_X34lPuiye9Vct99hspT_tzV8hFXlcUQp-xT6PdyBNanASgM1EUA-COfYCLDDgoVLy3qVQ1yajyDi6QW_eShkj3JCDmjgfeMm4DD_Pe3sbo0OwgwTY-aK6ABgW_wldUyo0pvtUTjwQTqelUOaA2, CorrelationId:89d45b67-7836-48c3-90fe-20af0d584193, Elapsed:2682.9235, MemberName:PopulateVirtualEntitiesActualSource, SourceFilePath:C:\__w\1\s\Framework\Adxstudio.Xrm\Caching\VirtualEntitiesCacheHelper.cs, SourceLineNumber:125, Category:Application, Message:The web api getDataSourceId for virtual entity returned empty DataSourceId, ErrorCategory:ApplicationError",8000eebc-0001-a100-b63f-84710c7967bb
2024-02-17T10:01:37,Error,site-85de4385-0987-4ae5-9917-b7715602956d-AUe,7e7bb2,638437608973636264,0,35932,11,"RequestData:, RequestPath:/_services/about, RequestExtension:, SessionId:, UserId:yiAt_X34lPuiye9Vct99hspT_tzV8hFXlcUQp-xT6PdyBNanASgM1EUA-COfYCLDDgoVLy3qVQ1yajyDi6QW_eShkj3JCDmjgfeMm4DD_Pe3sbo0OwgwTY-aK6ABgW_wldUyo0pvtUTjwQTqelUOaA2, CorrelationId:89d45b67-7836-48c3-90fe-20af0d584193, Elapsed:2734.9703, MemberName:PopulateVirtualEntitiesActualSource, SourceFilePath:C:\__w\1\s\Framework\Adxstudio.Xrm\Caching\VirtualEntitiesCacheHelper.cs, SourceLineNumber:125, Category:Application, Message:The web api getDataSourceId for virtual entity returned empty DataSourceId, ErrorCategory:ApplicationError",8000eebc-0001-a100-b63f-84710c7967bb
2024-02-17T10:01:37,Error,site-85de4385-0987-4ae5-9917-b7715602956d-AUe,7e7bb2,638437608974105020,0,35932,11,"RequestData:, RequestPath:/_services/about, RequestExtension:, SessionId:, UserId:yiAt_X34lPuiye9Vct99hspT_tzV8hFXlcUQp-xT6PdyBNanASgM1EUA-COfYCLDDgoVLy3qVQ1yajyDi6QW_eShkj3JCDmjgfeMm4DD_Pe3sbo0OwgwTY-aK6ABgW_wldUyo0pvtUTjwQTqelUOaA2, CorrelationId:89d45b67-7836-48c3-90fe-20af0d584193, Elapsed:2789.3868, MemberName:PopulateVirtualEntitiesActualSource, SourceFilePath:C:\__w\1\s\Framework\Adxstudio.Xrm\Caching\VirtualEntitiesCacheHelper.cs, SourceLineNumber:125, Category:Application, Message:The web api getDataSourceId for virtual entity returned empty DataSourceId, ErrorCategory:ApplicationError",8000eebc-0001-a100-b63f-84710c7967bb
2024-02-17T10:01:37,Error,site-85de4385-0987-4ae5-9917-b7715602956d-AUe,7e7bb2,638437608974573747,0,35932,11,"RequestData:, RequestPath:/_services/about, RequestExtension:, SessionId:, UserId:yiAt_X34lPuiye9Vct99hspT_tzV8hFXlcUQp-xT6PdyBNanASgM1EUA-COfYCLDDgoVLy3qVQ1yajyDi6QW_eShkj3JCDmjgfeMm4DD_Pe3sbo0OwgwTY-aK6ABgW_wldUyo0pvtUTjwQTqelUOaA2, CorrelationId:89d45b67-7836-48c3-90fe-20af0d584193, Elapsed:2839.1001, MemberName:PopulateVirtualEntitiesActualSource, SourceFilePath:C:\__w\1\s\Framework\Adxstudio.Xrm\Caching\VirtualEntitiesCacheHelper.cs, SourceLineNumber:125, Category:Application, Message:The web api getDataSourceId for virtual entity returned empty DataSourceId, ErrorCategory:ApplicationError",8000eebc-0001-a100-b63f-84710c7967bb
2024-02-17T10:01:37,Error,site-85de4385-0987-4ae5-9917-b7715602956d-AUe,7e7bb2,638437608975198787,0,35932,11,"RequestData:, RequestPath:/_services/about, RequestExtension:, SessionId:, UserId:yiAt_X34lPuiye9Vct99hspT_tzV8hFXlcUQp-xT6PdyBNanASgM1EUA-COfYCLDDgoVLy3qVQ1yajyDi6QW_eShkj3JCDmjgfeMm4DD_Pe3sbo0OwgwTY-aK6ABgW_wldUyo0pvtUTjwQTqelUOaA2, CorrelationId:89d45b67-7836-48c3-90fe-20af0d584193, Elapsed:2887.5491, MemberName:PopulateVirtualEntitiesActualSource, SourceFilePath:C:\__w\1\s\Framework\Adxstudio.Xrm\Caching\VirtualEntitiesCacheHelper.cs, SourceLineNumber:125, Category:Application, Message:The web api getDataSourceId for virtual entity returned empty DataSourceId, ErrorCategory:ApplicationError",8000eebc-0001-a100-b63f-84710c7967bb
2024-02-17T10:01:37,Error,site-85de4385-0987-4ae5-9917-b7715602956d-AUe,7e7bb2,638437608975667783,0,35932,11,"RequestData:, RequestPath:/_services/about, RequestExtension:, SessionId:, UserId:yiAt_X34lPuiye9Vct99hspT_tzV8hFXlcUQp-xT6PdyBNanASgM1EUA-COfYCLDDgoVLy3qVQ1yajyDi6QW_eShkj3JCDmjgfeMm4DD_Pe3sbo0OwgwTY-aK6ABgW_wldUyo0pvtUTjwQTqelUOaA2, CorrelationId:89d45b67-7836-48c3-90fe-20af0d584193, Elapsed:2937.565, MemberName:PopulateVirtualEntitiesActualSource, SourceFilePath:C:\__w\1\s\Framework\Adxstudio.Xrm\Caching\VirtualEntitiesCacheHelper.cs, SourceLineNumber:125, Category:Application, Message:The web api getDataSourceId for virtual entity returned empty DataSourceId, ErrorCategory:ApplicationError",8000eebc-0001-a100-b63f-84710c7967bb
2024-02-17T10:01:37,Error,site-85de4385-0987-4ae5-9917-b7715602956d-AUe,7e7bb2,638437608976136896,0,35932,11,"RequestData:, RequestPath:/_services/about, RequestExtension:, SessionId:, UserId:yiAt_X34lPuiye9Vct99hspT_tzV8hFXlcUQp-xT6PdyBNanASgM1EUA-COfYCLDDgoVLy3qVQ1yajyDi6QW_eShkj3JCDmjgfeMm4DD_Pe3sbo0OwgwTY-aK6ABgW_wldUyo0pvtUTjwQTqelUOaA2, CorrelationId:89d45b67-7836-48c3-90fe-20af0d584193, Elapsed:2987.6721, MemberName:PopulateVirtualEntitiesActualSource, SourceFilePath:C:\__w\1\s\Framework\Adxstudio.Xrm\Caching\VirtualEntitiesCacheHelper.cs, SourceLineNumber:125, Category:Application, Message:The web api getDataSourceId for virtual entity returned empty DataSourceId, ErrorCategory:ApplicationError",8000eebc-0001-a100-b63f-84710c7967bb
2024-02-17T10:01:37,Error,site-85de4385-0987-4ae5-9917-b7715602956d-AUe,7e7bb2,638437608976605066,0,35932,11,"RequestData:, RequestPath:/_services/about, RequestExtension:, SessionId:, UserId:yiAt_X34lPuiye9Vct99hspT_tzV8hFXlcUQp-xT6PdyBNanASgM1EUA-COfYCLDDgoVLy3qVQ1yajyDi6QW_eShkj3JCDmjgfeMm4DD_Pe3sbo0OwgwTY-aK6ABgW_wldUyo0pvtUTjwQTqelUOaA2, CorrelationId:89d45b67-7836-48c3-90fe-20af0d584193, Elapsed:3039.0297, MemberName:PopulateVirtualEntitiesActualSource, SourceFilePath:C:\__w\1\s\Framework\Adxstudio.Xrm\Caching\VirtualEntitiesCacheHelper.cs, SourceLineNumber:125, Category:Application, Message:The web api getDataSourceId for virtual entity returned empty DataSourceId, ErrorCategory:ApplicationError",8000eebc-0001-a100-b63f-84710c7967bb
2024-02-17T10:01:37,Error,site-85de4385-0987-4ae5-9917-b7715602956d-AUe,7e7bb2,638437608977229577,0,35932,11,"RequestData:, RequestPath:/_services/about, RequestExtension:, SessionId:, UserId:yiAt_X34lPuiye9Vct99hspT_tzV8hFXlcUQp-xT6PdyBNanASgM1EUA-COfYCLDDgoVLy3qVQ1yajyDi6QW_eShkj3JCDmjgfeMm4DD_Pe3sbo0OwgwTY-aK6ABgW_wldUyo0pvtUTjwQTqelUOaA2, CorrelationId:89d45b67-7836-48c3-90fe-20af0d584193, Elapsed:3090.5546, MemberName:PopulateVirtualEntitiesActualSource, SourceFilePath:C:\__w\1\s\Framework\Adxstudio.Xrm\Caching\VirtualEntitiesCacheHelper.cs, SourceLineNumber:125, Category:Application, Message:The web api getDataSourceId for virtual entity returned empty DataSourceId, ErrorCategory:ApplicationError",8000eebc-0001-a100-b63f-84710c7967bb
2024-02-17T10:01:37,Error,site-85de4385-0987-4ae5-9917-b7715602956d-AUe,7e7bb2,638437608977698382,0,35932,11,"RequestData:, RequestPath:/_services/about, RequestExtension:, SessionId:, UserId:yiAt_X34lPuiye9Vct99hspT_tzV8hFXlcUQp-xT6PdyBNanASgM1EUA-COfYCLDDgoVLy3qVQ1yajyDi6QW_eShkj3JCDmjgfeMm4DD_Pe3sbo0OwgwTY-aK6ABgW_wldUyo0pvtUTjwQTqelUOaA2, CorrelationId:89d45b67-7836-48c3-90fe-20af0d584193, Elapsed:3142.1749, MemberName:PopulateVirtualEntitiesActualSource, SourceFilePath:C:\__w\1\s\Framework\Adxstudio.Xrm\Caching\VirtualEntitiesCacheHelper.cs, SourceLineNumber:125, Category:Application, Message:The web api getDataSourceId for virtual entity returned empty DataSourceId, ErrorCategory:ApplicationError",8000eebc-0001-a100-b63f-84710c7967bb
2024-02-17T10:01:37,Error,site-85de4385-0987-4ae5-9917-b7715602956d-AUe,7e7bb2,638437608978167580,0,35932,11,"RequestData:, RequestPath:/_services/about, RequestExtension:, SessionId:, UserId:yiAt_X34lPuiye9Vct99hspT_tzV8hFXlcUQp-xT6PdyBNanASgM1EUA-COfYCLDDgoVLy3qVQ1yajyDi6QW_eShkj3JCDmjgfeMm4DD_Pe3sbo0OwgwTY-aK6ABgW_wldUyo0pvtUTjwQTqelUOaA2, CorrelationId:89d45b67-7836-48c3-90fe-20af0d584193, Elapsed:3192.2172, MemberName:PopulateVirtualEntitiesActualSource, SourceFilePath:C:\__w\1\s\Framework\Adxstudio.Xrm\Caching\VirtualEntitiesCacheHelper.cs, SourceLineNumber:125, Category:Application, Message:The web api getDataSourceId for virtual entity returned empty DataSourceId, ErrorCategory:ApplicationError",8000eebc-0001-a100-b63f-84710c7967bb
2024-02-17T10:01:37,Error,site-85de4385-0987-4ae5-9917-b7715602956d-AUe,7e7bb2,638437608978636358,0,35932,11,"RequestData:, RequestPath:/_services/about, RequestExtension:, SessionId:, UserId:yiAt_X34lPuiye9Vct99hspT_tzV8hFXlcUQp-xT6PdyBNanASgM1EUA-COfYCLDDgoVLy3qVQ1yajyDi6QW_eShkj3JCDmjgfeMm4DD_Pe3sbo0OwgwTY-aK6ABgW_wldUyo0pvtUTjwQTqelUOaA2, CorrelationId:89d45b67-7836-48c3-90fe-20af0d584193, Elapsed:3243.6723, MemberName:PopulateVirtualEntitiesActualSource, SourceFilePath:C:\__w\1\s\Framework\Adxstudio.Xrm\Caching\VirtualEntitiesCacheHelper.cs, SourceLineNumber:125, Category:Application, Message:The web api getDataSourceId for virtual entity returned empty DataSourceId, ErrorCategory:ApplicationError",8000eebc-0001-a100-b63f-84710c7967bb
2024-02-17T10:03:55,Error,site-85de4385-0987-4ae5-9917-b7715602956d-AUe,7e7bb2,638437610355108697,0,35932,170,"RequestData:, RequestPath:/_services/about, RequestExtension:, SessionId:, UserId:yiAt_X34lPuiye9Vct99hspT_tzV8hFXlcUQp-xT6PdyBNanASgM1EUA-COfYCLDDgoVLy3qVQ1yajyDi6QW_eShkj3JCDmjgfeMm4DD_Pe3sbo0OwgwTY-aK6ABgW_wldUyo0pvtUTjwQTqelUOaA2, CorrelationId:ef1768f9-3405-4bc6-9dcf-85110447b0df, Elapsed:260.8316, MemberName:PopulateVirtualEntitiesActualSource, SourceFilePath:C:\__w\1\s\Framework\Adxstudio.Xrm\Caching\VirtualEntitiesCacheHelper.cs, SourceLineNumber:125, Category:Application, Message:The web api getDataSourceId for virtual entity returned empty DataSourceId, ErrorCategory:ApplicationError",8004137c-0000-fd00-b63f-84710c7967bb
2024-02-17T10:03:55,Error,site-85de4385-0987-4ae5-9917-b7715602956d-AUe,7e7bb2,638437610355577553,0,35932,170,"RequestData:, RequestPath:/_services/about, RequestExtension:, SessionId:, UserId:yiAt_X34lPuiye9Vct99hspT_tzV8hFXlcUQp-xT6PdyBNanASgM1EUA-COfYCLDDgoVLy3qVQ1yajyDi6QW_eShkj3JCDmjgfeMm4DD_Pe3sbo0OwgwTY-aK6ABgW_wldUyo0pvtUTjwQTqelUOaA2, CorrelationId:ef1768f9-3405-4bc6-9dcf-85110447b0df, Elapsed:312.1897, MemberName:PopulateVirtualEntitiesActualSource, SourceFilePath:C:\__w\1\s\Framework\Adxstudio.Xrm\Caching\VirtualEntitiesCacheHelper.cs, SourceLineNumber:125, Category:Application, Message:The web api getDataSourceId for virtual entity returned empty DataSourceId, ErrorCategory:ApplicationError",8004137c-0000-fd00-b63f-84710c7967bb
2024-02-17T10:03:55,Error,site-85de4385-0987-4ae5-9917-b7715602956d-AUe,7e7bb2,638437610356203250,0,35932,170,"RequestData:, RequestPath:/_services/about, RequestExtension:, SessionId:, UserId:yiAt_X34lPuiye9Vct99hspT_tzV8hFXlcUQp-xT6PdyBNanASgM1EUA-COfYCLDDgoVLy3qVQ1yajyDi6QW_eShkj3JCDmjgfeMm4DD_Pe3sbo0OwgwTY-aK6ABgW_wldUyo0pvtUTjwQTqelUOaA2, CorrelationId:ef1768f9-3405-4bc6-9dcf-85110447b0df, Elapsed:371.5842, MemberName:PopulateVirtualEntitiesActualSource, SourceFilePath:C:\__w\1\s\Framework\Adxstudio.Xrm\Caching\VirtualEntitiesCacheHelper.cs, SourceLineNumber:125, Category:Application, Message:The web api getDataSourceId for virtual entity returned empty DataSourceId, ErrorCategory:ApplicationError",8004137c-0000-fd00-b63f-84710c7967bb
2024-02-17T10:03:55,Error,site-85de4385-0987-4ae5-9917-b7715602956d-AUe,7e7bb2,638437610356671221,0,35932,170,"RequestData:, RequestPath:/_services/about, RequestExtension:, SessionId:, UserId:yiAt_X34lPuiye9Vct99hspT_tzV8hFXlcUQp-xT6PdyBNanASgM1EUA-COfYCLDDgoVLy3qVQ1yajyDi6QW_eShkj3JCDmjgfeMm4DD_Pe3sbo0OwgwTY-aK6ABgW_wldUyo0pvtUTjwQTqelUOaA2, CorrelationId:ef1768f9-3405-4bc6-9dcf-85110447b0df, Elapsed:421.3075, MemberName:PopulateVirtualEntitiesActualSource, SourceFilePath:C:\__w\1\s\Framework\Adxstudio.Xrm\Caching\VirtualEntitiesCacheHelper.cs, SourceLineNumber:125, Category:Application, Message:The web api getDataSourceId for virtual entity returned empty DataSourceId, ErrorCategory:ApplicationError",8004137c-0000-fd00-b63f-84710c7967bb
2024-02-17T10:03:55,Error,site-85de4385-0987-4ae5-9917-b7715602956d-AUe,7e7bb2,638437610357297039,0,35932,170,"RequestData:, RequestPath:/_services/about, RequestExtension:, SessionId:, UserId:yiAt_X34lPuiye9Vct99hspT_tzV8hFXlcUQp-xT6PdyBNanASgM1EUA-COfYCLDDgoVLy3qVQ1yajyDi6QW_eShkj3JCDmjgfeMm4DD_Pe3sbo0OwgwTY-aK6ABgW_wldUyo0pvtUTjwQTqelUOaA2, CorrelationId:ef1768f9-3405-4bc6-9dcf-85110447b0df, Elapsed:482.5868, MemberName:PopulateVirtualEntitiesActualSource, SourceFilePath:C:\__w\1\s\Framework\Adxstudio.Xrm\Caching\VirtualEntitiesCacheHelper.cs, SourceLineNumber:125, Category:Application, Message:The web api getDataSourceId for virtual entity returned empty DataSourceId, ErrorCategory:ApplicationError",8004137c-0000-fd00-b63f-84710c7967bb
2024-02-17T10:03:55,Error,site-85de4385-0987-4ae5-9917-b7715602956d-AUe,7e7bb2,638437610357765068,0,35932,170,"RequestData:, RequestPath:/_services/about, RequestExtension:, SessionId:, UserId:yiAt_X34lPuiye9Vct99hspT_tzV8hFXlcUQp-xT6PdyBNanASgM1EUA-COfYCLDDgoVLy3qVQ1yajyDi6QW_eShkj3JCDmjgfeMm4DD_Pe3sbo0OwgwTY-aK6ABgW_wldUyo0pvtUTjwQTqelUOaA2, CorrelationId:ef1768f9-3405-4bc6-9dcf-85110447b0df, Elapsed:532.1876, MemberName:PopulateVirtualEntitiesActualSource, SourceFilePath:C:\__w\1\s\Framework\Adxstudio.Xrm\Caching\VirtualEntitiesCacheHelper.cs, SourceLineNumber:125, Category:Application, Message:The web api getDataSourceId for virtual entity returned empty DataSourceId, ErrorCategory:ApplicationError",8004137c-0000-fd00-b63f-84710c7967bb
2024-02-17T10:03:55,Error,site-85de4385-0987-4ae5-9917-b7715602956d-AUe,7e7bb2,638437610358390809,0,35932,170,"RequestData:, RequestPath:/_services/about, RequestExtension:, SessionId:, UserId:yiAt_X34lPuiye9Vct99hspT_tzV8hFXlcUQp-xT6PdyBNanASgM1EUA-COfYCLDDgoVLy3qVQ1yajyDi6QW_eShkj3JCDmjgfeMm4DD_Pe3sbo0OwgwTY-aK6ABgW_wldUyo0pvtUTjwQTqelUOaA2, CorrelationId:ef1768f9-3405-4bc6-9dcf-85110447b0df, Elapsed:591.4599, MemberName:PopulateVirtualEntitiesActualSource, SourceFilePath:C:\__w\1\s\Framework\Adxstudio.Xrm\Caching\VirtualEntitiesCacheHelper.cs, SourceLineNumber:125, Category:Application, Message:The web api getDataSourceId for virtual entity returned empty DataSourceId, ErrorCategory:ApplicationError",8004137c-0000-fd00-b63f-84710c7967bb
2024-02-17T10:03:55,Error,site-85de4385-0987-4ae5-9917-b7715602956d-AUe,7e7bb2,638437610358859794,0,35932,170,"RequestData:, RequestPath:/_services/about, RequestExtension:, SessionId:, UserId:yiAt_X34lPuiye9Vct99hspT_tzV8hFXlcUQp-xT6PdyBNanASgM1EUA-COfYCLDDgoVLy3qVQ1yajyDi6QW_eShkj3JCDmjgfeMm4DD_Pe3sbo0OwgwTY-aK6ABgW_wldUyo0pvtUTjwQTqelUOaA2, CorrelationId:ef1768f9-3405-4bc6-9dcf-85110447b0df, Elapsed:642.3319, MemberName:PopulateVirtualEntitiesActualSource, SourceFilePath:C:\__w\1\s\Framework\Adxstudio.Xrm\Caching\VirtualEntitiesCacheHelper.cs, SourceLineNumber:125, Category:Application, Message:The web api getDataSourceId for virtual entity returned empty DataSourceId, ErrorCategory:ApplicationError",8004137c-0000-fd00-b63f-84710c7967bb
2024-02-17T10:03:55,Error,site-85de4385-0987-4ae5-9917-b7715602956d-AUe,7e7bb2,638437610359484413,0,35932,170,"RequestData:, RequestPath:/_services/about, RequestExtension:, SessionId:, UserId:yiAt_X34lPuiye9Vct99hspT_tzV8hFXlcUQp-xT6PdyBNanASgM1EUA-COfYCLDDgoVLy3qVQ1yajyDi6QW_eShkj3JCDmjgfeMm4DD_Pe3sbo0OwgwTY-aK6ABgW_wldUyo0pvtUTjwQTqelUOaA2, CorrelationId:ef1768f9-3405-4bc6-9dcf-85110447b0df, Elapsed:693.7939, MemberName:PopulateVirtualEntitiesActualSource, SourceFilePath:C:\__w\1\s\Framework\Adxstudio.Xrm\Caching\VirtualEntitiesCacheHelper.cs, SourceLineNumber:125, Category:Application, Message:The web api getDataSourceId for virtual entity returned empty DataSourceId, ErrorCategory:ApplicationError",8004137c-0000-fd00-b63f-84710c7967bb
2024-02-17T10:03:55,Error,site-85de4385-0987-4ae5-9917-b7715602956d-AUe,7e7bb2,638437610359953092,0,35932,170,"RequestData:, RequestPath:/_services/about, RequestExtension:, SessionId:, UserId:yiAt_X34lPuiye9Vct99hspT_tzV8hFXlcUQp-xT6PdyBNanASgM1EUA-COfYCLDDgoVLy3qVQ1yajyDi6QW_eShkj3JCDmjgfeMm4DD_Pe3sbo0OwgwTY-aK6ABgW_wldUyo0pvtUTjwQTqelUOaA2, CorrelationId:ef1768f9-3405-4bc6-9dcf-85110447b0df, Elapsed:745.9261, MemberName:PopulateVirtualEntitiesActualSource, SourceFilePath:C:\__w\1\s\Framework\Adxstudio.Xrm\Caching\VirtualEntitiesCacheHelper.cs, SourceLineNumber:125, Category:Application, Message:The web api getDataSourceId for virtual entity returned empty DataSourceId, ErrorCategory:ApplicationError",8004137c-0000-fd00-b63f-84710c7967bb
2024-02-17T10:03:56,Error,site-85de4385-0987-4ae5-9917-b7715602956d-AUe,7e7bb2,638437610360421317,0,35932,170,"RequestData:, RequestPath:/_services/about, RequestExtension:, SessionId:, UserId:yiAt_X34lPuiye9Vct99hspT_tzV8hFXlcUQp-xT6PdyBNanASgM1EUA-COfYCLDDgoVLy3qVQ1yajyDi6QW_eShkj3JCDmjgfeMm4DD_Pe3sbo0OwgwTY-aK6ABgW_wldUyo0pvtUTjwQTqelUOaA2, CorrelationId:ef1768f9-3405-4bc6-9dcf-85110447b0df, Elapsed:796.7704, MemberName:PopulateVirtualEntitiesActualSource, SourceFilePath:C:\__w\1\s\Framework\Adxstudio.Xrm\Caching\VirtualEntitiesCacheHelper.cs, SourceLineNumber:125, Category:Application, Message:The web api getDataSourceId for virtual entity returned empty DataSourceId, ErrorCategory:ApplicationError",8004137c-0000-fd00-b63f-84710c7967bb
2024-02-17T10:03:56,Error,site-85de4385-0987-4ae5-9917-b7715602956d-AUe,7e7bb2,638437610360890092,0,35932,170,"RequestData:, RequestPath:/_services/about, RequestExtension:, SessionId:, UserId:yiAt_X34lPuiye9Vct99hspT_tzV8hFXlcUQp-xT6PdyBNanASgM1EUA-COfYCLDDgoVLy3qVQ1yajyDi6QW_eShkj3JCDmjgfeMm4DD_Pe3sbo0OwgwTY-aK6ABgW_wldUyo0pvtUTjwQTqelUOaA2, CorrelationId:ef1768f9-3405-4bc6-9dcf-85110447b0df, Elapsed:846.8911, MemberName:PopulateVirtualEntitiesActualSource, SourceFilePath:C:\__w\1\s\Framework\Adxstudio.Xrm\Caching\VirtualEntitiesCacheHelper.cs, SourceLineNumber:125, Category:Application, Message:The web api getDataSourceId for virtual entity returned empty DataSourceId, ErrorCategory:ApplicationError",8004137c-0000-fd00-b63f-84710c7967bb
2024-02-17T10:03:56,Error,site-85de4385-0987-4ae5-9917-b7715602956d-AUe,7e7bb2,638437610361515591,0,35932,170,"RequestData:, RequestPath:/_services/about, RequestExtension:, SessionId:, UserId:yiAt_X34lPuiye9Vct99hspT_tzV8hFXlcUQp-xT6PdyBNanASgM1EUA-COfYCLDDgoVLy3qVQ1yajyDi6QW_eShkj3JCDmjgfeMm4DD_Pe3sbo0OwgwTY-aK6ABgW_wldUyo0pvtUTjwQTqelUOaA2, CorrelationId:ef1768f9-3405-4bc6-9dcf-85110447b0df, Elapsed:906.8188, MemberName:PopulateVirtualEntitiesActualSource, SourceFilePath:C:\__w\1\s\Framework\Adxstudio.Xrm\Caching\VirtualEntitiesCacheHelper.cs, SourceLineNumber:125, Category:Application, Message:The web api getDataSourceId for virtual entity returned empty DataSourceId, ErrorCategory:ApplicationError",8004137c-0000-fd00-b63f-84710c7967bb
2024-02-17T10:03:56,Error,site-85de4385-0987-4ae5-9917-b7715602956d-AUe,7e7bb2,638437610361984627,0,35932,170,"RequestData:, RequestPath:/_services/about, RequestExtension:, SessionId:, UserId:yiAt_X34lPuiye9Vct99hspT_tzV8hFXlcUQp-xT6PdyBNanASgM1EUA-COfYCLDDgoVLy3qVQ1yajyDi6QW_eShkj3JCDmjgfeMm4DD_Pe3sbo0OwgwTY-aK6ABgW_wldUyo0pvtUTjwQTqelUOaA2, CorrelationId:ef1768f9-3405-4bc6-9dcf-85110447b0df, Elapsed:955.3035, MemberName:PopulateVirtualEntitiesActualSource, SourceFilePath:C:\__w\1\s\Framework\Adxstudio.Xrm\Caching\VirtualEntitiesCacheHelper.cs, SourceLineNumber:125, Category:Application, Message:The web api getDataSourceId for virtual entity returned empty DataSourceId, ErrorCategory:ApplicationError",8004137c-0000-fd00-b63f-84710c7967bb
2024-02-17T10:03:56,Error,site-85de4385-0987-4ae5-9917-b7715602956d-AUe,7e7bb2,638437610362608914,0,35932,170,"RequestData:, RequestPath:/_services/about, RequestExtension:, SessionId:, UserId:yiAt_X34lPuiye9Vct99hspT_tzV8hFXlcUQp-xT6PdyBNanASgM1EUA-COfYCLDDgoVLy3qVQ1yajyDi6QW_eShkj3JCDmjgfeMm4DD_Pe3sbo0OwgwTY-aK6ABgW_wldUyo0pvtUTjwQTqelUOaA2, CorrelationId:ef1768f9-3405-4bc6-9dcf-85110447b0df, Elapsed:1006.4487, MemberName:PopulateVirtualEntitiesActualSource, SourceFilePath:C:\__w\1\s\Framework\Adxstudio.Xrm\Caching\VirtualEntitiesCacheHelper.cs, SourceLineNumber:125, Category:Application, Message:The web api getDataSourceId for virtual entity returned empty DataSourceId, ErrorCategory:ApplicationError",8004137c-0000-fd00-b63f-84710c7967bb
2024-02-17T10:03:56,Error,site-85de4385-0987-4ae5-9917-b7715602956d-AUe,7e7bb2,638437610363078394,0,35932,170,"RequestData:, RequestPath:/_services/about, RequestExtension:, SessionId:, UserId:yiAt_X34lPuiye9Vct99hspT_tzV8hFXlcUQp-xT6PdyBNanASgM1EUA-COfYCLDDgoVLy3qVQ1yajyDi6QW_eShkj3JCDmjgfeMm4DD_Pe3sbo0OwgwTY-aK6ABgW_wldUyo0pvtUTjwQTqelUOaA2, CorrelationId:ef1768f9-3405-4bc6-9dcf-85110447b0df, Elapsed:1059.7078, MemberName:PopulateVirtualEntitiesActualSource, SourceFilePath:C:\__w\1\s\Framework\Adxstudio.Xrm\Caching\VirtualEntitiesCacheHelper.cs, SourceLineNumber:125, Category:Application, Message:The web api getDataSourceId for virtual entity returned empty DataSourceId, ErrorCategory:ApplicationError",8004137c-0000-fd00-b63f-84710c7967bb
2024-02-17T10:03:56,Error,site-85de4385-0987-4ae5-9917-b7715602956d-AUe,7e7bb2,638437610363546919,0,35932,170,"RequestData:, RequestPath:/_services/about, RequestExtension:, SessionId:, UserId:yiAt_X34lPuiye9Vct99hspT_tzV8hFXlcUQp-xT6PdyBNanASgM1EUA-COfYCLDDgoVLy3qVQ1yajyDi6QW_eShkj3JCDmjgfeMm4DD_Pe3sbo0OwgwTY-aK6ABgW_wldUyo0pvtUTjwQTqelUOaA2, CorrelationId:ef1768f9-3405-4bc6-9dcf-85110447b0df, Elapsed:1110.4593, MemberName:PopulateVirtualEntitiesActualSource, SourceFilePath:C:\__w\1\s\Framework\Adxstudio.Xrm\Caching\VirtualEntitiesCacheHelper.cs, SourceLineNumber:125, Category:Application, Message:The web api getDataSourceId for virtual entity returned empty DataSourceId, ErrorCategory:ApplicationError",8004137c-0000-fd00-b63f-84710c7967bb
2024-02-17T10:03:56,Error,site-85de4385-0987-4ae5-9917-b7715602956d-AUe,7e7bb2,638437610364171417,0,35932,170,"RequestData:, RequestPath:/_services/about, RequestExtension:, SessionId:, UserId:yiAt_X34lPuiye9Vct99hspT_tzV8hFXlcUQp-xT6PdyBNanASgM1EUA-COfYCLDDgoVLy3qVQ1yajyDi6QW_eShkj3JCDmjgfeMm4DD_Pe3sbo0OwgwTY-aK6ABgW_wldUyo0pvtUTjwQTqelUOaA2, CorrelationId:ef1768f9-3405-4bc6-9dcf-85110447b0df, Elapsed:1159.8127, MemberName:PopulateVirtualEntitiesActualSource, SourceFilePath:C:\__w\1\s\Framework\Adxstudio.Xrm\Caching\VirtualEntitiesCacheHelper.cs, SourceLineNumber:125, Category:Application, Message:The web api getDataSourceId for virtual entity returned empty DataSourceId, ErrorCategory:ApplicationError",8004137c-0000-fd00-b63f-84710c7967bb
2024-02-17T10:03:56,Error,site-85de4385-0987-4ae5-9917-b7715602956d-AUe,7e7bb2,638437610364640942,0,35932,170,"RequestData:, RequestPath:/_services/about, RequestExtension:, SessionId:, UserId:yiAt_X34lPuiye9Vct99hspT_tzV8hFXlcUQp-xT6PdyBNanASgM1EUA-COfYCLDDgoVLy3qVQ1yajyDi6QW_eShkj3JCDmjgfeMm4DD_Pe3sbo0OwgwTY-aK6ABgW_wldUyo0pvtUTjwQTqelUOaA2, CorrelationId:ef1768f9-3405-4bc6-9dcf-85110447b0df, Elapsed:1208.8385, MemberName:PopulateVirtualEntitiesActualSource, SourceFilePath:C:\__w\1\s\Framework\Adxstudio.Xrm\Caching\VirtualEntitiesCacheHelper.cs, SourceLineNumber:125, Category:Application, Message:The web api getDataSourceId for virtual entity returned empty DataSourceId, ErrorCategory:ApplicationError",8004137c-0000-fd00-b63f-84710c7967bb
2024-02-17T10:03:56,Error,site-85de4385-0987-4ae5-9917-b7715602956d-AUe,7e7bb2,638437610365265944,0,35932,170,"RequestData:, RequestPath:/_services/about, RequestExtension:, SessionId:, UserId:yiAt_X34lPuiye9Vct99hspT_tzV8hFXlcUQp-xT6PdyBNanASgM1EUA-COfYCLDDgoVLy3qVQ1yajyDi6QW_eShkj3JCDmjgfeMm4DD_Pe3sbo0OwgwTY-aK6ABgW_wldUyo0pvtUTjwQTqelUOaA2, CorrelationId:ef1768f9-3405-4bc6-9dcf-85110447b0df, Elapsed:1273.8141, MemberName:PopulateVirtualEntitiesActualSource, SourceFilePath:C:\__w\1\s\Framework\Adxstudio.Xrm\Caching\VirtualEntitiesCacheHelper.cs, SourceLineNumber:125, Category:Application, Message:The web api getDataSourceId for virtual entity returned empty DataSourceId, ErrorCategory:ApplicationError",8004137c-0000-fd00-b63f-84710c7967bb
2024-02-17T10:03:56,Error,site-85de4385-0987-4ae5-9917-b7715602956d-AUe,7e7bb2,638437610365735096,0,35932,170,"RequestData:, RequestPath:/_services/about, RequestExtension:, SessionId:, UserId:yiAt_X34lPuiye9Vct99hspT_tzV8hFXlcUQp-xT6PdyBNanASgM1EUA-COfYCLDDgoVLy3qVQ1yajyDi6QW_eShkj3JCDmjgfeMm4DD_Pe3sbo0OwgwTY-aK6ABgW_wldUyo0pvtUTjwQTqelUOaA2, CorrelationId:ef1768f9-3405-4bc6-9dcf-85110447b0df, Elapsed:1325.8716, MemberName:PopulateVirtualEntitiesActualSource, SourceFilePath:C:\__w\1\s\Framework\Adxstudio.Xrm\Caching\VirtualEntitiesCacheHelper.cs, SourceLineNumber:125, Category:Application, Message:The web api getDataSourceId for virtual entity returned empty DataSourceId, ErrorCategory:ApplicationError",8004137c-0000-fd00-b63f-84710c7967bb
2024-02-17T10:03:56,Error,site-85de4385-0987-4ae5-9917-b7715602956d-AUe,7e7bb2,638437610366202699,0,35932,170,"RequestData:, RequestPath:/_services/about, RequestExtension:, SessionId:, UserId:yiAt_X34lPuiye9Vct99hspT_tzV8hFXlcUQp-xT6PdyBNanASgM1EUA-COfYCLDDgoVLy3qVQ1yajyDi6QW_eShkj3JCDmjgfeMm4DD_Pe3sbo0OwgwTY-aK6ABgW_wldUyo0pvtUTjwQTqelUOaA2, CorrelationId:ef1768f9-3405-4bc6-9dcf-85110447b0df, Elapsed:1374.735, MemberName:PopulateVirtualEntitiesActualSource, SourceFilePath:C:\__w\1\s\Framework\Adxstudio.Xrm\Caching\VirtualEntitiesCacheHelper.cs, SourceLineNumber:125, Category:Application, Message:The web api getDataSourceId for virtual entity returned empty DataSourceId, ErrorCategory:ApplicationError",8004137c-0000-fd00-b63f-84710c7967bb
2024-02-17T10:03:56,Error,site-85de4385-0987-4ae5-9917-b7715602956d-AUe,7e7bb2,638437610366827792,0,35932,170,"RequestData:, RequestPath:/_services/about, RequestExtension:, SessionId:, UserId:yiAt_X34lPuiye9Vct99hspT_tzV8hFXlcUQp-xT6PdyBNanASgM1EUA-COfYCLDDgoVLy3qVQ1yajyDi6QW_eShkj3JCDmjgfeMm4DD_Pe3sbo0OwgwTY-aK6ABgW_wldUyo0pvtUTjwQTqelUOaA2, CorrelationId:ef1768f9-3405-4bc6-9dcf-85110447b0df, Elapsed:1426.0452, MemberName:PopulateVirtualEntitiesActualSource, SourceFilePath:C:\__w\1\s\Framework\Adxstudio.Xrm\Caching\VirtualEntitiesCacheHelper.cs, SourceLineNumber:125, Category:Application, Message:The web api getDataSourceId for virtual entity returned empty DataSourceId, ErrorCategory:ApplicationError",8004137c-0000-fd00-b63f-84710c7967bb
2024-02-17T10:03:56,Error,site-85de4385-0987-4ae5-9917-b7715602956d-AUe,7e7bb2,638437610367297558,0,35932,170,"RequestData:, RequestPath:/_services/about, RequestExtension:, SessionId:, UserId:yiAt_X34lPuiye9Vct99hspT_tzV8hFXlcUQp-xT6PdyBNanASgM1EUA-COfYCLDDgoVLy3qVQ1yajyDi6QW_eShkj3JCDmjgfeMm4DD_Pe3sbo0OwgwTY-aK6ABgW_wldUyo0pvtUTjwQTqelUOaA2, CorrelationId:ef1768f9-3405-4bc6-9dcf-85110447b0df, Elapsed:1476.0751, MemberName:PopulateVirtualEntitiesActualSource, SourceFilePath:C:\__w\1\s\Framework\Adxstudio.Xrm\Caching\VirtualEntitiesCacheHelper.cs, SourceLineNumber:125, Category:Application, Message:The web api getDataSourceId for virtual entity returned empty DataSourceId, ErrorCategory:ApplicationError",8004137c-0000-fd00-b63f-84710c7967bb
2024-02-17T10:03:56,Error,site-85de4385-0987-4ae5-9917-b7715602956d-AUe,7e7bb2,638437610367765889,0,35932,170,"RequestData:, RequestPath:/_services/about, RequestExtension:, SessionId:, UserId:yiAt_X34lPuiye9Vct99hspT_tzV8hFXlcUQp-xT6PdyBNanASgM1EUA-COfYCLDDgoVLy3qVQ1yajyDi6QW_eShkj3JCDmjgfeMm4DD_Pe3sbo0OwgwTY-aK6ABgW_wldUyo0pvtUTjwQTqelUOaA2, CorrelationId:ef1768f9-3405-4bc6-9dcf-85110447b0df, Elapsed:1525.3293, MemberName:PopulateVirtualEntitiesActualSource, SourceFilePath:C:\__w\1\s\Framework\Adxstudio.Xrm\Caching\VirtualEntitiesCacheHelper.cs, SourceLineNumber:125, Category:Application, Message:The web api getDataSourceId for virtual entity returned empty DataSourceId, ErrorCategory:ApplicationError",8004137c-0000-fd00-b63f-84710c7967bb
2024-02-17T10:03:56,Error,site-85de4385-0987-4ae5-9917-b7715602956d-AUe,7e7bb2,638437610368234808,0,35932,170,"RequestData:, RequestPath:/_services/about, RequestExtension:, SessionId:, UserId:yiAt_X34lPuiye9Vct99hspT_tzV8hFXlcUQp-xT6PdyBNanASgM1EUA-COfYCLDDgoVLy3qVQ1yajyDi6QW_eShkj3JCDmjgfeMm4DD_Pe3sbo0OwgwTY-aK6ABgW_wldUyo0pvtUTjwQTqelUOaA2, CorrelationId:ef1768f9-3405-4bc6-9dcf-85110447b0df, Elapsed:1575.1965, MemberName:PopulateVirtualEntitiesActualSource, SourceFilePath:C:\__w\1\s\Framework\Adxstudio.Xrm\Caching\VirtualEntitiesCacheHelper.cs, SourceLineNumber:125, Category:Application, Message:The web api getDataSourceId for virtual entity returned empty DataSourceId, ErrorCategory:ApplicationError",8004137c-0000-fd00-b63f-84710c7967bb
2024-02-17T10:03:56,Error,site-85de4385-0987-4ae5-9917-b7715602956d-AUe,7e7bb2,638437610368703787,0,35932,170,"RequestData:, RequestPath:/_services/about, RequestExtension:, SessionId:, UserId:yiAt_X34lPuiye9Vct99hspT_tzV8hFXlcUQp-xT6PdyBNanASgM1EUA-COfYCLDDgoVLy3qVQ1yajyDi6QW_eShkj3JCDmjgfeMm4DD_Pe3sbo0OwgwTY-aK6ABgW_wldUyo0pvtUTjwQTqelUOaA2, CorrelationId:ef1768f9-3405-4bc6-9dcf-85110447b0df, Elapsed:1625.2951, MemberName:PopulateVirtualEntitiesActualSource, SourceFilePath:C:\__w\1\s\Framework\Adxstudio.Xrm\Caching\VirtualEntitiesCacheHelper.cs, SourceLineNumber:125, Category:Application, Message:The web api getDataSourceId for virtual entity returned empty DataSourceId, ErrorCategory:ApplicationError",8004137c-0000-fd00-b63f-84710c7967bb
2024-02-17T10:03:56,Error,site-85de4385-0987-4ae5-9917-b7715602956d-AUe,7e7bb2,638437610369328277,0,35932,170,"RequestData:, RequestPath:/_services/about, RequestExtension:, SessionId:, UserId:yiAt_X34lPuiye9Vct99hspT_tzV8hFXlcUQp-xT6PdyBNanASgM1EUA-COfYCLDDgoVLy3qVQ1yajyDi6QW_eShkj3JCDmjgfeMm4DD_Pe3sbo0OwgwTY-aK6ABgW_wldUyo0pvtUTjwQTqelUOaA2, CorrelationId:ef1768f9-3405-4bc6-9dcf-85110447b0df, Elapsed:1676.7766, MemberName:PopulateVirtualEntitiesActualSource, SourceFilePath:C:\__w\1\s\Framework\Adxstudio.Xrm\Caching\VirtualEntitiesCacheHelper.cs, SourceLineNumber:125, Category:Application, Message:The web api getDataSourceId for virtual entity returned empty DataSourceId, ErrorCategory:ApplicationError",8004137c-0000-fd00-b63f-84710c7967bb
2024-02-17T10:03:56,Error,site-85de4385-0987-4ae5-9917-b7715602956d-AUe,7e7bb2,638437610369797070,0,35932,170,"RequestData:, RequestPath:/_services/about, RequestExtension:, SessionId:, UserId:yiAt_X34lPuiye9Vct99hspT_tzV8hFXlcUQp-xT6PdyBNanASgM1EUA-COfYCLDDgoVLy3qVQ1yajyDi6QW_eShkj3JCDmjgfeMm4DD_Pe3sbo0OwgwTY-aK6ABgW_wldUyo0pvtUTjwQTqelUOaA2, CorrelationId:ef1768f9-3405-4bc6-9dcf-85110447b0df, Elapsed:1727.8973, MemberName:PopulateVirtualEntitiesActualSource, SourceFilePath:C:\__w\1\s\Framework\Adxstudio.Xrm\Caching\VirtualEntitiesCacheHelper.cs, SourceLineNumber:125, Category:Application, Message:The web api getDataSourceId for virtual entity returned empty DataSourceId, ErrorCategory:ApplicationError",8004137c-0000-fd00-b63f-84710c7967bb
2024-02-17T10:03:57,Error,site-85de4385-0987-4ae5-9917-b7715602956d-AUe,7e7bb2,638437610370266039,0,35932,170,"RequestData:, RequestPath:/_services/about, RequestExtension:, SessionId:, UserId:yiAt_X34lPuiye9Vct99hspT_tzV8hFXlcUQp-xT6PdyBNanASgM1EUA-COfYCLDDgoVLy3qVQ1yajyDi6QW_eShkj3JCDmjgfeMm4DD_Pe3sbo0OwgwTY-aK6ABgW_wldUyo0pvtUTjwQTqelUOaA2, CorrelationId:ef1768f9-3405-4bc6-9dcf-85110447b0df, Elapsed:1781.9905, MemberName:PopulateVirtualEntitiesActualSource, SourceFilePath:C:\__w\1\s\Framework\Adxstudio.Xrm\Caching\VirtualEntitiesCacheHelper.cs, SourceLineNumber:125, Category:Application, Message:The web api getDataSourceId for virtual entity returned empty DataSourceId, ErrorCategory:ApplicationError",8004137c-0000-fd00-b63f-84710c7967bb
2024-02-17T10:03:57,Error,site-85de4385-0987-4ae5-9917-b7715602956d-AUe,7e7bb2,638437610371047221,0,35932,170,"RequestData:, RequestPath:/_services/about, RequestExtension:, SessionId:, UserId:yiAt_X34lPuiye9Vct99hspT_tzV8hFXlcUQp-xT6PdyBNanASgM1EUA-COfYCLDDgoVLy3qVQ1yajyDi6QW_eShkj3JCDmjgfeMm4DD_Pe3sbo0OwgwTY-aK6ABgW_wldUyo0pvtUTjwQTqelUOaA2, CorrelationId:ef1768f9-3405-4bc6-9dcf-85110447b0df, Elapsed:1852.6964, MemberName:PopulateVirtualEntitiesActualSource, SourceFilePath:C:\__w\1\s\Framework\Adxstudio.Xrm\Caching\VirtualEntitiesCacheHelper.cs, SourceLineNumber:125, Category:Application, Message:The web api getDataSourceId for virtual entity returned empty DataSourceId, ErrorCategory:ApplicationError",8004137c-0000-fd00-b63f-84710c7967bb
2024-02-17T10:03:57,Error,site-85de4385-0987-4ae5-9917-b7715602956d-AUe,7e7bb2,638437610371984729,0,35932,170,"RequestData:, RequestPath:/_services/about, RequestExtension:, SessionId:, UserId:yiAt_X34lPuiye9Vct99hspT_tzV8hFXlcUQp-xT6PdyBNanASgM1EUA-COfYCLDDgoVLy3qVQ1yajyDi6QW_eShkj3JCDmjgfeMm4DD_Pe3sbo0OwgwTY-aK6ABgW_wldUyo0pvtUTjwQTqelUOaA2, CorrelationId:ef1768f9-3405-4bc6-9dcf-85110447b0df, Elapsed:1945.5418, MemberName:PopulateVirtualEntitiesActualSource, SourceFilePath:C:\__w\1\s\Framework\Adxstudio.Xrm\Caching\VirtualEntitiesCacheHelper.cs, SourceLineNumber:125, Category:Application, Message:The web api getDataSourceId for virtual entity returned empty DataSourceId, ErrorCategory:ApplicationError",8004137c-0000-fd00-b63f-84710c7967bb
2024-02-17T10:03:57,Error,site-85de4385-0987-4ae5-9917-b7715602956d-AUe,7e7bb2,638437610372453596,0,35932,170,"RequestData:, RequestPath:/_services/about, RequestExtension:, SessionId:, UserId:yiAt_X34lPuiye9Vct99hspT_tzV8hFXlcUQp-xT6PdyBNanASgM1EUA-COfYCLDDgoVLy3qVQ1yajyDi6QW_eShkj3JCDmjgfeMm4DD_Pe3sbo0OwgwTY-aK6ABgW_wldUyo0pvtUTjwQTqelUOaA2, CorrelationId:ef1768f9-3405-4bc6-9dcf-85110447b0df, Elapsed:2000.0055, MemberName:PopulateVirtualEntitiesActualSource, SourceFilePath:C:\__w\1\s\Framework\Adxstudio.Xrm\Caching\VirtualEntitiesCacheHelper.cs, SourceLineNumber:125, Category:Application, Message:The web api getDataSourceId for virtual entity returned empty DataSourceId, ErrorCategory:ApplicationError",8004137c-0000-fd00-b63f-84710c7967bb
2024-02-17T10:03:57,Error,site-85de4385-0987-4ae5-9917-b7715602956d-AUe,7e7bb2,638437610372922089,0,35932,170,"RequestData:, RequestPath:/_services/about, RequestExtension:, SessionId:, UserId:yiAt_X34lPuiye9Vct99hspT_tzV8hFXlcUQp-xT6PdyBNanASgM1EUA-COfYCLDDgoVLy3qVQ1yajyDi6QW_eShkj3JCDmjgfeMm4DD_Pe3sbo0OwgwTY-aK6ABgW_wldUyo0pvtUTjwQTqelUOaA2, CorrelationId:ef1768f9-3405-4bc6-9dcf-85110447b0df, Elapsed:2049.2829, MemberName:PopulateVirtualEntitiesActualSource, SourceFilePath:C:\__w\1\s\Framework\Adxstudio.Xrm\Caching\VirtualEntitiesCacheHelper.cs, SourceLineNumber:125, Category:Application, Message:The web api getDataSourceId for virtual entity returned empty DataSourceId, ErrorCategory:ApplicationError",8004137c-0000-fd00-b63f-84710c7967bb
2024-02-17T10:03:57,Error,site-85de4385-0987-4ae5-9917-b7715602956d-AUe,7e7bb2,638437610373547133,0,35932,170,"RequestData:, RequestPath:/_services/about, RequestExtension:, SessionId:, UserId:yiAt_X34lPuiye9Vct99hspT_tzV8hFXlcUQp-xT6PdyBNanASgM1EUA-COfYCLDDgoVLy3qVQ1yajyDi6QW_eShkj3JCDmjgfeMm4DD_Pe3sbo0OwgwTY-aK6ABgW_wldUyo0pvtUTjwQTqelUOaA2, CorrelationId:ef1768f9-3405-4bc6-9dcf-85110447b0df, Elapsed:2098.632, MemberName:PopulateVirtualEntitiesActualSource, SourceFilePath:C:\__w\1\s\Framework\Adxstudio.Xrm\Caching\VirtualEntitiesCacheHelper.cs, SourceLineNumber:125, Category:Application, Message:The web api getDataSourceId for virtual entity returned empty DataSourceId, ErrorCategory:ApplicationError",8004137c-0000-fd00-b63f-84710c7967bb
2024-02-17T10:03:57,Error,site-85de4385-0987-4ae5-9917-b7715602956d-AUe,7e7bb2,638437610374015879,0,35932,170,"RequestData:, RequestPath:/_services/about, RequestExtension:, SessionId:, UserId:yiAt_X34lPuiye9Vct99hspT_tzV8hFXlcUQp-xT6PdyBNanASgM1EUA-COfYCLDDgoVLy3qVQ1yajyDi6QW_eShkj3JCDmjgfeMm4DD_Pe3sbo0OwgwTY-aK6ABgW_wldUyo0pvtUTjwQTqelUOaA2, CorrelationId:ef1768f9-3405-4bc6-9dcf-85110447b0df, Elapsed:2149.6114, MemberName:PopulateVirtualEntitiesActualSource, SourceFilePath:C:\__w\1\s\Framework\Adxstudio.Xrm\Caching\VirtualEntitiesCacheHelper.cs, SourceLineNumber:125, Category:Application, Message:The web api getDataSourceId for virtual entity returned empty DataSourceId, ErrorCategory:ApplicationError",8004137c-0000-fd00-b63f-84710c7967bb
2024-02-17T10:03:57,Error,site-85de4385-0987-4ae5-9917-b7715602956d-AUe,7e7bb2,638437610374484820,0,35932,170,"RequestData:, RequestPath:/_services/about, RequestExtension:, SessionId:, UserId:yiAt_X34lPuiye9Vct99hspT_tzV8hFXlcUQp-xT6PdyBNanASgM1EUA-COfYCLDDgoVLy3qVQ1yajyDi6QW_eShkj3JCDmjgfeMm4DD_Pe3sbo0OwgwTY-aK6ABgW_wldUyo0pvtUTjwQTqelUOaA2, CorrelationId:ef1768f9-3405-4bc6-9dcf-85110447b0df, Elapsed:2199.1942, MemberName:PopulateVirtualEntitiesActualSource, SourceFilePath:C:\__w\1\s\Framework\Adxstudio.Xrm\Caching\VirtualEntitiesCacheHelper.cs, SourceLineNumber:125, Category:Application, Message:The web api getDataSourceId for virtual entity returned empty DataSourceId, ErrorCategory:ApplicationError",8004137c-0000-fd00-b63f-84710c7967bb
2024-02-17T10:03:57,Error,site-85de4385-0987-4ae5-9917-b7715602956d-AUe,7e7bb2,638437610374953928,0,35932,170,"RequestData:, RequestPath:/_services/about, RequestExtension:, SessionId:, UserId:yiAt_X34lPuiye9Vct99hspT_tzV8hFXlcUQp-xT6PdyBNanASgM1EUA-COfYCLDDgoVLy3qVQ1yajyDi6QW_eShkj3JCDmjgfeMm4DD_Pe3sbo0OwgwTY-aK6ABgW_wldUyo0pvtUTjwQTqelUOaA2, CorrelationId:ef1768f9-3405-4bc6-9dcf-85110447b0df, Elapsed:2251.0978, MemberName:PopulateVirtualEntitiesActualSource, SourceFilePath:C:\__w\1\s\Framework\Adxstudio.Xrm\Caching\VirtualEntitiesCacheHelper.cs, SourceLineNumber:125, Category:Application, Message:The web api getDataSourceId for virtual entity returned empty DataSourceId, ErrorCategory:ApplicationError",8004137c-0000-fd00-b63f-84710c7967bb
2024-02-17T10:03:57,Error,site-85de4385-0987-4ae5-9917-b7715602956d-AUe,7e7bb2,638437610375421778,0,35932,170,"RequestData:, RequestPath:/_services/about, RequestExtension:, SessionId:, UserId:yiAt_X34lPuiye9Vct99hspT_tzV8hFXlcUQp-xT6PdyBNanASgM1EUA-COfYCLDDgoVLy3qVQ1yajyDi6QW_eShkj3JCDmjgfeMm4DD_Pe3sbo0OwgwTY-aK6ABgW_wldUyo0pvtUTjwQTqelUOaA2, CorrelationId:ef1768f9-3405-4bc6-9dcf-85110447b0df, Elapsed:2300.3517, MemberName:PopulateVirtualEntitiesActualSource, SourceFilePath:C:\__w\1\s\Framework\Adxstudio.Xrm\Caching\VirtualEntitiesCacheHelper.cs, SourceLineNumber:125, Category:Application, Message:The web api getDataSourceId for virtual entity returned empty DataSourceId, ErrorCategory:ApplicationError",8004137c-0000-fd00-b63f-84710c7967bb
2024-02-17T10:03:57,Error,site-85de4385-0987-4ae5-9917-b7715602956d-AUe,7e7bb2,638437610376047188,0,35932,170,"RequestData:, RequestPath:/_services/about, RequestExtension:, SessionId:, UserId:yiAt_X34lPuiye9Vct99hspT_tzV8hFXlcUQp-xT6PdyBNanASgM1EUA-COfYCLDDgoVLy3qVQ1yajyDi6QW_eShkj3JCDmjgfeMm4DD_Pe3sbo0OwgwTY-aK6ABgW_wldUyo0pvtUTjwQTqelUOaA2, CorrelationId:ef1768f9-3405-4bc6-9dcf-85110447b0df, Elapsed:2352.4029, MemberName:PopulateVirtualEntitiesActualSource, SourceFilePath:C:\__w\1\s\Framework\Adxstudio.Xrm\Caching\VirtualEntitiesCacheHelper.cs, SourceLineNumber:125, Category:Application, Message:The web api getDataSourceId for virtual entity returned empty DataSourceId, ErrorCategory:ApplicationError",8004137c-0000-fd00-b63f-84710c7967bb
2024-02-17T10:03:57,Error,site-85de4385-0987-4ae5-9917-b7715602956d-AUe,7e7bb2,638437610377140961,0,35932,170,"RequestData:, RequestPath:/_services/about, RequestExtension:, SessionId:, UserId:yiAt_X34lPuiye9Vct99hspT_tzV8hFXlcUQp-xT6PdyBNanASgM1EUA-COfYCLDDgoVLy3qVQ1yajyDi6QW_eShkj3JCDmjgfeMm4DD_Pe3sbo0OwgwTY-aK6ABgW_wldUyo0pvtUTjwQTqelUOaA2, CorrelationId:ef1768f9-3405-4bc6-9dcf-85110447b0df, Elapsed:2464.6575, MemberName:PopulateVirtualEntitiesActualSource, SourceFilePath:C:\__w\1\s\Framework\Adxstudio.Xrm\Caching\VirtualEntitiesCacheHelper.cs, SourceLineNumber:125, Category:Application, Message:The web api getDataSourceId for virtual entity returned empty DataSourceId, ErrorCategory:ApplicationError",8004137c-0000-fd00-b63f-84710c7967bb
2024-02-17T10:03:57,Error,site-85de4385-0987-4ae5-9917-b7715602956d-AUe,7e7bb2,638437610377765996,0,35932,170,"RequestData:, RequestPath:/_services/about, RequestExtension:, SessionId:, UserId:yiAt_X34lPuiye9Vct99hspT_tzV8hFXlcUQp-xT6PdyBNanASgM1EUA-COfYCLDDgoVLy3qVQ1yajyDi6QW_eShkj3JCDmjgfeMm4DD_Pe3sbo0OwgwTY-aK6ABgW_wldUyo0pvtUTjwQTqelUOaA2, CorrelationId:ef1768f9-3405-4bc6-9dcf-85110447b0df, Elapsed:2526.2502, MemberName:PopulateVirtualEntitiesActualSource, SourceFilePath:C:\__w\1\s\Framework\Adxstudio.Xrm\Caching\VirtualEntitiesCacheHelper.cs, SourceLineNumber:125, Category:Application, Message:The web api getDataSourceId for virtual entity returned empty DataSourceId, ErrorCategory:ApplicationError",8004137c-0000-fd00-b63f-84710c7967bb
2024-02-17T10:03:57,Error,site-85de4385-0987-4ae5-9917-b7715602956d-AUe,7e7bb2,638437610378234726,0,35932,170,"RequestData:, RequestPath:/_services/about, RequestExtension:, SessionId:, UserId:yiAt_X34lPuiye9Vct99hspT_tzV8hFXlcUQp-xT6PdyBNanASgM1EUA-COfYCLDDgoVLy3qVQ1yajyDi6QW_eShkj3JCDmjgfeMm4DD_Pe3sbo0OwgwTY-aK6ABgW_wldUyo0pvtUTjwQTqelUOaA2, CorrelationId:ef1768f9-3405-4bc6-9dcf-85110447b0df, Elapsed:2576.2634, MemberName:PopulateVirtualEntitiesActualSource, SourceFilePath:C:\__w\1\s\Framework\Adxstudio.Xrm\Caching\VirtualEntitiesCacheHelper.cs, SourceLineNumber:125, Category:Application, Message:The web api getDataSourceId for virtual entity returned empty DataSourceId, ErrorCategory:ApplicationError",8004137c-0000-fd00-b63f-84710c7967bb
2024-02-17T10:03:57,Error,site-85de4385-0987-4ae5-9917-b7715602956d-AUe,7e7bb2,638437610378860082,0,35932,170,"RequestData:, RequestPath:/_services/about, RequestExtension:, SessionId:, UserId:yiAt_X34lPuiye9Vct99hspT_tzV8hFXlcUQp-xT6PdyBNanASgM1EUA-COfYCLDDgoVLy3qVQ1yajyDi6QW_eShkj3JCDmjgfeMm4DD_Pe3sbo0OwgwTY-aK6ABgW_wldUyo0pvtUTjwQTqelUOaA2, CorrelationId:ef1768f9-3405-4bc6-9dcf-85110447b0df, Elapsed:2631.2458, MemberName:PopulateVirtualEntitiesActualSource, SourceFilePath:C:\__w\1\s\Framework\Adxstudio.Xrm\Caching\VirtualEntitiesCacheHelper.cs, SourceLineNumber:125, Category:Application, Message:The web api getDataSourceId for virtual entity returned empty DataSourceId, ErrorCategory:ApplicationError",8004137c-0000-fd00-b63f-84710c7967bb
2024-02-17T10:03:57,Error,site-85de4385-0987-4ae5-9917-b7715602956d-AUe,7e7bb2,638437610379328523,0,35932,170,"RequestData:, RequestPath:/_services/about, RequestExtension:, SessionId:, UserId:yiAt_X34lPuiye9Vct99hspT_tzV8hFXlcUQp-xT6PdyBNanASgM1EUA-COfYCLDDgoVLy3qVQ1yajyDi6QW_eShkj3JCDmjgfeMm4DD_Pe3sbo0OwgwTY-aK6ABgW_wldUyo0pvtUTjwQTqelUOaA2, CorrelationId:ef1768f9-3405-4bc6-9dcf-85110447b0df, Elapsed:2681.9051, MemberName:PopulateVirtualEntitiesActualSource, SourceFilePath:C:\__w\1\s\Framework\Adxstudio.Xrm\Caching\VirtualEntitiesCacheHelper.cs, SourceLineNumber:125, Category:Application, Message:The web api getDataSourceId for virtual entity returned empty DataSourceId, ErrorCategory:ApplicationError",8004137c-0000-fd00-b63f-84710c7967bb
2024-02-17T10:03:57,Error,site-85de4385-0987-4ae5-9917-b7715602956d-AUe,7e7bb2,638437610379797281,0,35932,170,"RequestData:, RequestPath:/_services/about, RequestExtension:, SessionId:, UserId:yiAt_X34lPuiye9Vct99hspT_tzV8hFXlcUQp-xT6PdyBNanASgM1EUA-COfYCLDDgoVLy3qVQ1yajyDi6QW_eShkj3JCDmjgfeMm4DD_Pe3sbo0OwgwTY-aK6ABgW_wldUyo0pvtUTjwQTqelUOaA2, CorrelationId:ef1768f9-3405-4bc6-9dcf-85110447b0df, Elapsed:2737.7736, MemberName:PopulateVirtualEntitiesActualSource, SourceFilePath:C:\__w\1\s\Framework\Adxstudio.Xrm\Caching\VirtualEntitiesCacheHelper.cs, SourceLineNumber:125, Category:Application, Message:The web api getDataSourceId for virtual entity returned empty DataSourceId, ErrorCategory:ApplicationError",8004137c-0000-fd00-b63f-84710c7967bb
2024-02-17T10:03:58,Error,site-85de4385-0987-4ae5-9917-b7715602956d-AUe,7e7bb2,638437610380421845,0,35932,170,"RequestData:, RequestPath:/_services/about, RequestExtension:, SessionId:, UserId:yiAt_X34lPuiye9Vct99hspT_tzV8hFXlcUQp-xT6PdyBNanASgM1EUA-COfYCLDDgoVLy3qVQ1yajyDi6QW_eShkj3JCDmjgfeMm4DD_Pe3sbo0OwgwTY-aK6ABgW_wldUyo0pvtUTjwQTqelUOaA2, CorrelationId:ef1768f9-3405-4bc6-9dcf-85110447b0df, Elapsed:2790.0621, MemberName:PopulateVirtualEntitiesActualSource, SourceFilePath:C:\__w\1\s\Framework\Adxstudio.Xrm\Caching\VirtualEntitiesCacheHelper.cs, SourceLineNumber:125, Category:Application, Message:The web api getDataSourceId for virtual entity returned empty DataSourceId, ErrorCategory:ApplicationError",8004137c-0000-fd00-b63f-84710c7967bb
2024-02-17T10:03:58,Error,site-85de4385-0987-4ae5-9917-b7715602956d-AUe,7e7bb2,638437610380890556,0,35932,170,"RequestData:, RequestPath:/_services/about, RequestExtension:, SessionId:, UserId:yiAt_X34lPuiye9Vct99hspT_tzV8hFXlcUQp-xT6PdyBNanASgM1EUA-COfYCLDDgoVLy3qVQ1yajyDi6QW_eShkj3JCDmjgfeMm4DD_Pe3sbo0OwgwTY-aK6ABgW_wldUyo0pvtUTjwQTqelUOaA2, CorrelationId:ef1768f9-3405-4bc6-9dcf-85110447b0df, Elapsed:2841.281, MemberName:PopulateVirtualEntitiesActualSource, SourceFilePath:C:\__w\1\s\Framework\Adxstudio.Xrm\Caching\VirtualEntitiesCacheHelper.cs, SourceLineNumber:125, Category:Application, Message:The web api getDataSourceId for virtual entity returned empty DataSourceId, ErrorCategory:ApplicationError",8004137c-0000-fd00-b63f-84710c7967bb
2024-02-17T10:03:58,Error,site-85de4385-0987-4ae5-9917-b7715602956d-AUe,7e7bb2,638437610381516103,0,35932,170,"RequestData:, RequestPath:/_services/about, RequestExtension:, SessionId:, UserId:yiAt_X34lPuiye9Vct99hspT_tzV8hFXlcUQp-xT6PdyBNanASgM1EUA-COfYCLDDgoVLy3qVQ1yajyDi6QW_eShkj3JCDmjgfeMm4DD_Pe3sbo0OwgwTY-aK6ABgW_wldUyo0pvtUTjwQTqelUOaA2, CorrelationId:ef1768f9-3405-4bc6-9dcf-85110447b0df, Elapsed:2894.8871, MemberName:PopulateVirtualEntitiesActualSource, SourceFilePath:C:\__w\1\s\Framework\Adxstudio.Xrm\Caching\VirtualEntitiesCacheHelper.cs, SourceLineNumber:125, Category:Application, Message:The web api getDataSourceId for virtual entity returned empty DataSourceId, ErrorCategory:ApplicationError",8004137c-0000-fd00-b63f-84710c7967bb
2024-02-17T10:03:58,Error,site-85de4385-0987-4ae5-9917-b7715602956d-AUe,7e7bb2,638437610381985071,0,35932,170,"RequestData:, RequestPath:/_services/about, RequestExtension:, SessionId:, UserId:yiAt_X34lPuiye9Vct99hspT_tzV8hFXlcUQp-xT6PdyBNanASgM1EUA-COfYCLDDgoVLy3qVQ1yajyDi6QW_eShkj3JCDmjgfeMm4DD_Pe3sbo0OwgwTY-aK6ABgW_wldUyo0pvtUTjwQTqelUOaA2, CorrelationId:ef1768f9-3405-4bc6-9dcf-85110447b0df, Elapsed:2946.8152, MemberName:PopulateVirtualEntitiesActualSource, SourceFilePath:C:\__w\1\s\Framework\Adxstudio.Xrm\Caching\VirtualEntitiesCacheHelper.cs, SourceLineNumber:125, Category:Application, Message:The web api getDataSourceId for virtual entity returned empty DataSourceId, ErrorCategory:ApplicationError",8004137c-0000-fd00-b63f-84710c7967bb
2024-02-17T10:03:58,Error,site-85de4385-0987-4ae5-9917-b7715602956d-AUe,7e7bb2,638437610382453074,0,35932,170,"RequestData:, RequestPath:/_services/about, RequestExtension:, SessionId:, UserId:yiAt_X34lPuiye9Vct99hspT_tzV8hFXlcUQp-xT6PdyBNanASgM1EUA-COfYCLDDgoVLy3qVQ1yajyDi6QW_eShkj3JCDmjgfeMm4DD_Pe3sbo0OwgwTY-aK6ABgW_wldUyo0pvtUTjwQTqelUOaA2, CorrelationId:ef1768f9-3405-4bc6-9dcf-85110447b0df, Elapsed:2997.3814, MemberName:PopulateVirtualEntitiesActualSource, SourceFilePath:C:\__w\1\s\Framework\Adxstudio.Xrm\Caching\VirtualEntitiesCacheHelper.cs, SourceLineNumber:125, Category:Application, Message:The web api getDataSourceId for virtual entity returned empty DataSourceId, ErrorCategory:ApplicationError",8004137c-0000-fd00-b63f-84710c7967bb
2024-02-17T10:03:58,Error,site-85de4385-0987-4ae5-9917-b7715602956d-AUe,7e7bb2,638437610382922490,0,35932,170,"RequestData:, RequestPath:/_services/about, RequestExtension:, SessionId:, UserId:yiAt_X34lPuiye9Vct99hspT_tzV8hFXlcUQp-xT6PdyBNanASgM1EUA-COfYCLDDgoVLy3qVQ1yajyDi6QW_eShkj3JCDmjgfeMm4DD_Pe3sbo0OwgwTY-aK6ABgW_wldUyo0pvtUTjwQTqelUOaA2, CorrelationId:ef1768f9-3405-4bc6-9dcf-85110447b0df, Elapsed:3046.8487, MemberName:PopulateVirtualEntitiesActualSource, SourceFilePath:C:\__w\1\s\Framework\Adxstudio.Xrm\Caching\VirtualEntitiesCacheHelper.cs, SourceLineNumber:125, Category:Application, Message:The web api getDataSourceId for virtual entity returned empty DataSourceId, ErrorCategory:ApplicationError",8004137c-0000-fd00-b63f-84710c7967bb
2024-02-17T10:03:58,Error,site-85de4385-0987-4ae5-9917-b7715602956d-AUe,7e7bb2,638437610383547506,0,35932,170,"RequestData:, RequestPath:/_services/about, RequestExtension:, SessionId:, UserId:yiAt_X34lPuiye9Vct99hspT_tzV8hFXlcUQp-xT6PdyBNanASgM1EUA-COfYCLDDgoVLy3qVQ1yajyDi6QW_eShkj3JCDmjgfeMm4DD_Pe3sbo0OwgwTY-aK6ABgW_wldUyo0pvtUTjwQTqelUOaA2, CorrelationId:ef1768f9-3405-4bc6-9dcf-85110447b0df, Elapsed:3098.1503, MemberName:PopulateVirtualEntitiesActualSource, SourceFilePath:C:\__w\1\s\Framework\Adxstudio.Xrm\Caching\VirtualEntitiesCacheHelper.cs, SourceLineNumber:125, Category:Application, Message:The web api getDataSourceId for virtual entity returned empty DataSourceId, ErrorCategory:ApplicationError",8004137c-0000-fd00-b63f-84710c7967bb
2024-02-17T10:03:58,Error,site-85de4385-0987-4ae5-9917-b7715602956d-AUe,7e7bb2,638437610384016153,0,35932,170,"RequestData:, RequestPath:/_services/about, RequestExtension:, SessionId:, UserId:yiAt_X34lPuiye9Vct99hspT_tzV8hFXlcUQp-xT6PdyBNanASgM1EUA-COfYCLDDgoVLy3qVQ1yajyDi6QW_eShkj3JCDmjgfeMm4DD_Pe3sbo0OwgwTY-aK6ABgW_wldUyo0pvtUTjwQTqelUOaA2, CorrelationId:ef1768f9-3405-4bc6-9dcf-85110447b0df, Elapsed:3152.0759, MemberName:PopulateVirtualEntitiesActualSource, SourceFilePath:C:\__w\1\s\Framework\Adxstudio.Xrm\Caching\VirtualEntitiesCacheHelper.cs, SourceLineNumber:125, Category:Application, Message:The web api getDataSourceId for virtual entity returned empty DataSourceId, ErrorCategory:ApplicationError",8004137c-0000-fd00-b63f-84710c7967bb
2024-02-17T10:03:58,Error,site-85de4385-0987-4ae5-9917-b7715602956d-AUe,7e7bb2,638437610384484853,0,35932,170,"RequestData:, RequestPath:/_services/about, RequestExtension:, SessionId:, UserId:yiAt_X34lPuiye9Vct99hspT_tzV8hFXlcUQp-xT6PdyBNanASgM1EUA-COfYCLDDgoVLy3qVQ1yajyDi6QW_eShkj3JCDmjgfeMm4DD_Pe3sbo0OwgwTY-aK6ABgW_wldUyo0pvtUTjwQTqelUOaA2, CorrelationId:ef1768f9-3405-4bc6-9dcf-85110447b0df, Elapsed:3202.419, MemberName:PopulateVirtualEntitiesActualSource, SourceFilePath:C:\__w\1\s\Framework\Adxstudio.Xrm\Caching\VirtualEntitiesCacheHelper.cs, SourceLineNumber:125, Category:Application, Message:The web api getDataSourceId for virtual entity returned empty DataSourceId, ErrorCategory:ApplicationError",8004137c-0000-fd00-b63f-84710c7967bb
2024-02-17T10:03:58,Error,site-85de4385-0987-4ae5-9917-b7715602956d-AUe,7e7bb2,638437610385109889,0,35932,170,"RequestData:, RequestPath:/_services/about, RequestExtension:, SessionId:, UserId:yiAt_X34lPuiye9Vct99hspT_tzV8hFXlcUQp-xT6PdyBNanASgM1EUA-COfYCLDDgoVLy3qVQ1yajyDi6QW_eShkj3JCDmjgfeMm4DD_Pe3sbo0OwgwTY-aK6ABgW_wldUyo0pvtUTjwQTqelUOaA2, CorrelationId:ef1768f9-3405-4bc6-9dcf-85110447b0df, Elapsed:3255.8992, MemberName:PopulateVirtualEntitiesActualSource, SourceFilePath:C:\__w\1\s\Framework\Adxstudio.Xrm\Caching\VirtualEntitiesCacheHelper.cs, SourceLineNumber:125, Category:Application, Message:The web api getDataSourceId for virtual entity returned empty DataSourceId, ErrorCategory:ApplicationError",8004137c-0000-fd00-b63f-84710c7967bb
